rank,topic_id,topic,score,status,stated_parent,stated_share,plurality_parent,plurality_share,neighbour_count,input_sha256
1,T11198,Japanese History and Culture,0.16190476190476194,review,Cultural Studies,0.08504672897196261,Literature and Literary Theory,0.49813084112149536,10,c40c446d67677ec9cd52894674fdbe8fd0fcc99a53d29111368043c09db08409
2,T12164,Education Practices and Challenges,0.14199346405228758,review,Philosophy,0.0,Education,0.831578947368421,10,c40c446d67677ec9cd52894674fdbe8fd0fcc99a53d29111368043c09db08409
3,T13823,Religious and Theological Studies,0.13823529411764707,review,Sociology and Political Science,0.0,Philosophy,0.6962962962962963,10,c40c446d67677ec9cd52894674fdbe8fd0fcc99a53d29111368043c09db08409
4,T13575,Travel Writing and Literature,0.13333333333333333,review,History,0.0,Literature and Literary Theory,0.4848484848484848,10,c40c446d67677ec9cd52894674fdbe8fd0fcc99a53d29111368043c09db08409
5,T12470,Caribbean and African Literature and Culture,0.128921568627451,review,Religious studies,0.0,Literature and Literary Theory,0.581858407079646,10,c40c446d67677ec9cd52894674fdbe8fd0fcc99a53d29111368043c09db08409
6,T13863,Cultural History and Identity Formation,0.1261904761904762,review,History,0.0,Literature and Literary Theory,0.43089430894308944,10,c40c446d67677ec9cd52894674fdbe8fd0fcc99a53d29111368043c09db08409
7,T11974,Lepidoptera: Biology and Taxonomy,0.12434640522875817,review,Genetics,0.0,"Ecology, Evolution, Behavior and Systematics",0.7886010362694301,10,c40c446d67677ec9cd52894674fdbe8fd0fcc99a53d29111368043c09db08409
8,T13977,Geography and Environmental Studies in Latin America,0.12042483660130718,review,"Geography, Planning and Development",0.0,Education,0.6598030438675022,10,c40c446d67677ec9cd52894674fdbe8fd0fcc99a53d29111368043c09db08409
9,T12455,Mediterranean and Iberian flora and fauna,0.11699346405228758,review,Plant Science,0.0,"Ecology, Evolution, Behavior and Systematics",0.7458333333333333,10,c40c446d67677ec9cd52894674fdbe8fd0fcc99a53d29111368043c09db08409
10,T13023,Synthesis of Organic Compounds,0.11127450980392158,review,Pharmacology,0.0,Organic Chemistry,0.7694915254237289,10,c40c446d67677ec9cd52894674fdbe8fd0fcc99a53d29111368043c09db08409
11,T14469,Renaissance Literature and Culture,0.11098901098901097,review,Classics,0.10893854748603352,Literature and Literary Theory,0.39106145251396646,10,c40c446d67677ec9cd52894674fdbe8fd0fcc99a53d29111368043c09db08409
12,T14088,Generational Differences and Trends,0.11045751633986929,review,Life-span and Life-course Studies,0.0,Education,0.7347826086956523,10,c40c446d67677ec9cd52894674fdbe8fd0fcc99a53d29111368043c09db08409
13,T12864,Psychoanalysis and Social Critique,0.11029411764705882,review,Cultural Studies,0.0,Philosophy,0.5172413793103449,10,c40c446d67677ec9cd52894674fdbe8fd0fcc99a53d29111368043c09db08409
14,T10343,"Hydrogels: synthesis, properties, applications",0.10669934640522875,review,Molecular Medicine,0.0,Biomaterials,0.6219047619047618,10,c40c446d67677ec9cd52894674fdbe8fd0fcc99a53d29111368043c09db08409
15,T13211,"Memory, Trauma, and Testimony",0.09999999999999999,review,Experimental and Cognitive Psychology,0.10303030303030304,Literature and Literary Theory,0.5151515151515151,10,c40c446d67677ec9cd52894674fdbe8fd0fcc99a53d29111368043c09db08409
16,T12807,Consumer Behavior and Market Dynamics,0.09558823529411765,review,Sociology and Political Science,0.09230769230769231,Education,0.5923076923076923,10,c40c446d67677ec9cd52894674fdbe8fd0fcc99a53d29111368043c09db08409
17,T14403,Educational Challenges and Innovations,0.09281045751633989,review,Information Systems,0.0,Education,0.6761904761904762,10,c40c446d67677ec9cd52894674fdbe8fd0fcc99a53d29111368043c09db08409
18,T11495,Animal Virus Infections Studies,0.09281045751633987,review,Animal Science and Zoology,0.0,Infectious Diseases,0.5916666666666667,10,c40c446d67677ec9cd52894674fdbe8fd0fcc99a53d29111368043c09db08409
19,T14176,Interdisciplinary Cultural and Social Studies,0.09264705882352942,review,Sociology and Political Science,0.0,Literature and Literary Theory,0.3662790697674419,10,c40c446d67677ec9cd52894674fdbe8fd0fcc99a53d29111368043c09db08409
20,T13666,Postmodernism in Literature and Education,0.09166666666666667,review,Literature and Literary Theory,0.0,General Arts and Humanities,0.3283993978926242,10,c40c446d67677ec9cd52894674fdbe8fd0fcc99a53d29111368043c09db08409
21,T12668,Yeasts and Rust Fungi Studies,0.09084967320261438,review,Molecular Biology,0.07589285714285714,"Ecology, Evolution, Behavior and Systematics",0.6964285714285714,10,c40c446d67677ec9cd52894674fdbe8fd0fcc99a53d29111368043c09db08409
22,T12437,"Balkans: History, Politics, Society",0.08986928104575163,review,Cultural Studies,0.0,Sociology and Political Science,0.4824561403508772,10,c40c446d67677ec9cd52894674fdbe8fd0fcc99a53d29111368043c09db08409
23,T14241,Evasion and Academic Success Factors,0.08899208806329549,review,Demography,0.0,Education,0.9441605839416058,10,c40c446d67677ec9cd52894674fdbe8fd0fcc99a53d29111368043c09db08409
24,T12993,Psychology of Development and Education,0.08888888888888889,review,Developmental and Educational Psychology,0.0,Education,0.7999999999999999,10,c40c446d67677ec9cd52894674fdbe8fd0fcc99a53d29111368043c09db08409
25,T10660,Conducting polymers and applications,0.08777949776401789,review,Polymers and Plastics,0.0,Biomaterials,0.7282911166607208,10,c40c446d67677ec9cd52894674fdbe8fd0fcc99a53d29111368043c09db08409
26,T10005,Ecology and Vegetation Dynamics Studies,0.08709150326797385,review,Nature and Landscape Conservation,0.06148282097649186,Ecology,0.5433996383363472,10,c40c446d67677ec9cd52894674fdbe8fd0fcc99a53d29111368043c09db08409
27,T13985,Enterprise Management and Information Systems,0.08627450980392158,review,Management of Technology and Innovation,0.0,Economics and Econometrics,0.43243243243243246,10,c40c446d67677ec9cd52894674fdbe8fd0fcc99a53d29111368043c09db08409
28,T13066,Information Society and Technology Trends,0.08550420168067227,review,General Social Sciences,0.0,Education,0.34786324786324785,10,c40c446d67677ec9cd52894674fdbe8fd0fcc99a53d29111368043c09db08409
29,T13663,"Sustainability, Environment, and Optimization Algorithms",0.08529411764705883,review,Water Science and Technology,0.0,Global and Planetary Change,0.41428571428571426,10,c40c446d67677ec9cd52894674fdbe8fd0fcc99a53d29111368043c09db08409
30,T13384,Regional Economic Development and Innovation,0.08447712418300654,review,Strategy and Management,0.16221198156682026,Economics and Econometrics,0.6387096774193548,10,c40c446d67677ec9cd52894674fdbe8fd0fcc99a53d29111368043c09db08409
31,T13529,Education Systems and Policies,0.08431372549019608,review,Management of Technology and Innovation,0.0,Education,0.7166666666666667,10,c40c446d67677ec9cd52894674fdbe8fd0fcc99a53d29111368043c09db08409
32,T13070,Cultural Identity and Heritage,0.08333333333333333,review,Archeology,0.0,Sociology and Political Science,0.303030303030303,10,c40c446d67677ec9cd52894674fdbe8fd0fcc99a53d29111368043c09db08409
33,T12242,Latin American and Latino Studies,0.08333333333333331,review,Cultural Studies,0.19999999999999998,Literature and Literary Theory,0.4857142857142857,10,c40c446d67677ec9cd52894674fdbe8fd0fcc99a53d29111368043c09db08409
34,T14426,"Religion, Gender, and Enlightenment",0.08251633986928104,review,Religious studies,0.0,Sociology and Political Science,0.5976331360946745,10,c40c446d67677ec9cd52894674fdbe8fd0fcc99a53d29111368043c09db08409
35,T14380,Libraries and Information Services,0.08169934640522876,review,Museology,0.0,Literature and Literary Theory,0.4807692307692307,10,c40c446d67677ec9cd52894674fdbe8fd0fcc99a53d29111368043c09db08409
36,T13351,Critical Theory and Political Philosophy,0.08169934640522875,review,Education,0.0,Philosophy,0.5681818181818181,10,c40c446d67677ec9cd52894674fdbe8fd0fcc99a53d29111368043c09db08409
37,T13573,"Government, Law, and Information Management",0.07973856209150326,review,Law,0.1789473684210526,Political Science and International Relations,0.8210526315789473,10,c40c446d67677ec9cd52894674fdbe8fd0fcc99a53d29111368043c09db08409
38,T12671,Management and Marketing Education,0.07846577227382182,review,Management of Technology and Innovation,0.0,Education,0.7018461538461539,10,c40c446d67677ec9cd52894674fdbe8fd0fcc99a53d29111368043c09db08409
39,T13229,Gothic Literature and Media Analysis,0.07794117647058824,review,Cultural Studies,0.192,Literature and Literary Theory,0.616,10,c40c446d67677ec9cd52894674fdbe8fd0fcc99a53d29111368043c09db08409
40,T13245,Samuel Beckett and Modernism,0.07794117647058824,review,Literature and Literary Theory,0.07351351351351351,Philosophy,0.5891891891891893,10,c40c446d67677ec9cd52894674fdbe8fd0fcc99a53d29111368043c09db08409
41,T13368,University Challenges and Reforms,0.07794117647058824,review,Education,0.11191709844559587,Sociology and Political Science,0.6062176165803109,10,c40c446d67677ec9cd52894674fdbe8fd0fcc99a53d29111368043c09db08409
42,T12454,European Political History Analysis,0.07777777777777777,review,History,0.0,Sociology and Political Science,0.6999999999999998,10,c40c446d67677ec9cd52894674fdbe8fd0fcc99a53d29111368043c09db08409
43,T14308,Psychological and Educational Research Studies,0.07777777777777777,review,Experimental and Cognitive Psychology,0.0,Education,0.6999999999999998,10,c40c446d67677ec9cd52894674fdbe8fd0fcc99a53d29111368043c09db08409
44,T14131,Giambattista Vico and Joyce,0.07619047619047618,review,History and Philosophy of Science,0.0,Classics,0.19439252336448598,10,c40c446d67677ec9cd52894674fdbe8fd0fcc99a53d29111368043c09db08409
45,T12662,Digitalization and Economic Development in Agriculture,0.07598039215686274,review,Strategy and Management,0.0,Economics and Econometrics,0.42043399638336343,10,c40c446d67677ec9cd52894674fdbe8fd0fcc99a53d29111368043c09db08409
46,T12375,Cuban History and Society,0.07598039215686272,review,Sociology and Political Science,0.13991769547325103,Cultural Studies,0.45884773662551437,10,c40c446d67677ec9cd52894674fdbe8fd0fcc99a53d29111368043c09db08409
47,T13611,"Education, Management, Technology, Human Resources",0.07516339869281045,review,Information Systems and Management,0.0,Organizational Behavior and Human Resource Management,0.5476190476190476,10,c40c446d67677ec9cd52894674fdbe8fd0fcc99a53d29111368043c09db08409
48,T14301,Educational methodologies and cognitive development,0.07516339869281045,review,Developmental and Educational Psychology,0.0,Education,0.4791666666666667,10,c40c446d67677ec9cd52894674fdbe8fd0fcc99a53d29111368043c09db08409
49,T13749,"Hungarian Social, Economic and Educational Studies",0.075,review,"Geography, Planning and Development",0.0,Economics and Econometrics,0.3384955752212389,10,c40c446d67677ec9cd52894674fdbe8fd0fcc99a53d29111368043c09db08409
50,T13818,Cultural Studies and Colonialism,0.075,review,Religious studies,0.0,Cultural Studies,0.31875,10,c40c446d67677ec9cd52894674fdbe8fd0fcc99a53d29111368043c09db08409
51,T12889,"Psychoanalysis, Philosophy, and Politics",0.07470760233918128,review,Clinical Psychology,0.0,Sociology and Political Science,0.5873563218390804,10,c40c446d67677ec9cd52894674fdbe8fd0fcc99a53d29111368043c09db08409
52,T12573,Education and Digital Technologies,0.07320261437908497,review,Sociology and Political Science,0.0,Education,0.5301775147928994,10,c40c446d67677ec9cd52894674fdbe8fd0fcc99a53d29111368043c09db08409
53,T14216,Multimedia Learning Systems,0.07320261437908497,review,Information Systems,0.09444444444444444,Education,0.7166666666666667,10,c40c446d67677ec9cd52894674fdbe8fd0fcc99a53d29111368043c09db08409
54,T13565,Education and Learning Interventions,0.07320261437908496,review,Information Systems,0.21999999999999997,Education,0.7799999999999999,10,c40c446d67677ec9cd52894674fdbe8fd0fcc99a53d29111368043c09db08409
55,T14168,Occupational Health and Global Justice,0.07320261437908496,review,Health,0.0,Political Science and International Relations,0.6222222222222221,10,c40c446d67677ec9cd52894674fdbe8fd0fcc99a53d29111368043c09db08409
56,T14355,Historical Studies of British Isles,0.07320261437908496,review,History,0.0,Sociology and Political Science,0.6222222222222221,10,c40c446d67677ec9cd52894674fdbe8fd0fcc99a53d29111368043c09db08409
57,T12968,Research on scale insects,0.07140522875816993,review,Insect Science,0.11191709844559587,"Ecology, Evolution, Behavior and Systematics",0.5647668393782384,10,c40c446d67677ec9cd52894674fdbe8fd0fcc99a53d29111368043c09db08409
58,T13694,Immigration Law and Human Rights,0.07140522875816993,review,Urban Studies,0.0,Political Science and International Relations,0.4528497409326425,10,c40c446d67677ec9cd52894674fdbe8fd0fcc99a53d29111368043c09db08409
59,T11155,Toxoplasma gondii Research Studies,0.07140522875816992,review,Parasitology,0.07351351351351351,Infectious Diseases,0.5459459459459459,10,c40c446d67677ec9cd52894674fdbe8fd0fcc99a53d29111368043c09db08409
60,T12862,Catholicism and Religious Studies,0.07058823529411766,review,History,0.0,Philosophy,0.3673469387755102,10,c40c446d67677ec9cd52894674fdbe8fd0fcc99a53d29111368043c09db08409
61,T13317,"Media, Communication, and Education",0.07058823529411766,review,Communication,0.0,Education,0.35380835380835385,10,c40c446d67677ec9cd52894674fdbe8fd0fcc99a53d29111368043c09db08409
62,T12346,Phytochemistry and biological activity of medicinal plants,0.07058823529411765,review,Plant Science,0.0,Complementary and alternative medicine,0.41538461538461535,10,c40c446d67677ec9cd52894674fdbe8fd0fcc99a53d29111368043c09db08409
63,T12623,"Cultural, Media, and Literary Studies",0.07058823529411765,review,Philosophy,0.0,Sociology and Political Science,0.45,10,c40c446d67677ec9cd52894674fdbe8fd0fcc99a53d29111368043c09db08409
64,T14246,E-Learning and Knowledge Management,0.07058823529411765,review,Computer Science Applications,0.0,Education,0.46956521739130436,10,c40c446d67677ec9cd52894674fdbe8fd0fcc99a53d29111368043c09db08409
65,T14346,Scientific Innovation and Industrial Efficiency,0.07058823529411765,review,General Decision Sciences,0.0,Education,0.33768844221105526,10,c40c446d67677ec9cd52894674fdbe8fd0fcc99a53d29111368043c09db08409
66,T12497,Traditional and Medicinal Uses of Annonaceae,0.06944444444444445,review,Biochemistry,0.0,Molecular Biology,0.5828220858895706,10,c40c446d67677ec9cd52894674fdbe8fd0fcc99a53d29111368043c09db08409
67,T13743,Italian Literature and Culture,0.06862745098039216,review,General Arts and Humanities,0.0,Cultural Studies,0.525,10,c40c446d67677ec9cd52894674fdbe8fd0fcc99a53d29111368043c09db08409
68,T14485,Language Acquisition and Education,0.06862745098039216,review,Developmental and Educational Psychology,0.0,Education,0.525,10,c40c446d67677ec9cd52894674fdbe8fd0fcc99a53d29111368043c09db08409
69,T14496,Educational Technology and E-Learning,0.06862745098039216,review,Information Systems,0.0894736842105263,Education,0.6421052631578947,10,c40c446d67677ec9cd52894674fdbe8fd0fcc99a53d29111368043c09db08409
70,T10220,Machine Fault Diagnosis Techniques,0.06862745098039215,review,Control and Systems Engineering,0.0,Artificial Intelligence,0.5526315789473684,10,c40c446d67677ec9cd52894674fdbe8fd0fcc99a53d29111368043c09db08409
71,T12751,Leadership and Management in Organizations,0.06862745098039215,review,Strategy and Management,0.1789473684210526,Organizational Behavior and Human Resource Management,0.731578947368421,10,c40c446d67677ec9cd52894674fdbe8fd0fcc99a53d29111368043c09db08409
72,T14418,"Development, Ethics, and Society",0.06862745098039215,review,Development,0.0,Sociology and Political Science,0.5526315789473684,10,c40c446d67677ec9cd52894674fdbe8fd0fcc99a53d29111368043c09db08409
73,T13802,Vietnamese History and Culture Studies,0.06785714285714287,review,Sociology and Political Science,0.09581468807580941,Literature and Literary Theory,0.2908660173729929,10,c40c446d67677ec9cd52894674fdbe8fd0fcc99a53d29111368043c09db08409
74,T12803,Cinema History and Criticism,0.06785714285714285,review,Visual Arts and Performing Arts,0.0,Literature and Literary Theory,0.21923076923076926,10,c40c446d67677ec9cd52894674fdbe8fd0fcc99a53d29111368043c09db08409
75,T12667,Economic and Technological Developments in Russia,0.06764705882352942,review,Development,0.09191489361702128,Economics and Econometrics,0.4442553191489362,10,c40c446d67677ec9cd52894674fdbe8fd0fcc99a53d29111368043c09db08409
76,T12337,Italian Fascism and Post-war Society,0.06764705882352941,review,Sociology and Political Science,0.10580912863070539,Literature and Literary Theory,0.3921161825726141,10,c40c446d67677ec9cd52894674fdbe8fd0fcc99a53d29111368043c09db08409
77,T13586,"HIV, TB, and STIs Epidemiology",0.06764705882352941,review,General Social Sciences,0.0,Demography,0.2955032119914347,10,c40c446d67677ec9cd52894674fdbe8fd0fcc99a53d29111368043c09db08409
78,T10484,Wood Treatment and Properties,0.06666666666666667,review,Building and Construction,0.0,Mechanical Engineering,0.6333333333333333,10,c40c446d67677ec9cd52894674fdbe8fd0fcc99a53d29111368043c09db08409
79,T12102,Fire effects on concrete materials,0.06666666666666667,review,Civil and Structural Engineering,0.0,Mechanical Engineering,0.6,10,c40c446d67677ec9cd52894674fdbe8fd0fcc99a53d29111368043c09db08409
80,T12427,Metal Alloys Wear and Properties,0.06666666666666667,review,Materials Chemistry,0.0,Mechanical Engineering,0.6333333333333333,10,c40c446d67677ec9cd52894674fdbe8fd0fcc99a53d29111368043c09db08409
81,T13408,Corporate Law and Human Rights,0.06666666666666667,review,Organizational Behavior and Human Resource Management,0.0,Political Science and International Relations,0.6,10,c40c446d67677ec9cd52894674fdbe8fd0fcc99a53d29111368043c09db08409
82,T13659,Ombudsman and Human Rights,0.06666666666666667,review,Sociology and Political Science,0.0,Political Science and International Relations,0.6,10,c40c446d67677ec9cd52894674fdbe8fd0fcc99a53d29111368043c09db08409
83,T13671,Philosophy and Phenomenology Studies,0.06666666666666667,review,General Social Sciences,0.12903225806451613,Philosophy,0.3870967741935484,10,c40c446d67677ec9cd52894674fdbe8fd0fcc99a53d29111368043c09db08409
84,T13839,"Tourism, Volunteerism, and Development",0.06666666666666667,review,Demography,0.0,Sociology and Political Science,0.5666666666666667,10,c40c446d67677ec9cd52894674fdbe8fd0fcc99a53d29111368043c09db08409
85,T13961,Socioeconomics of Resources and Conservation,0.06666666666666667,review,Economics and Econometrics,0.0,General Agricultural and Biological Sciences,0.6,10,c40c446d67677ec9cd52894674fdbe8fd0fcc99a53d29111368043c09db08409
86,T14128,Metallurgical and Alloy Processes,0.06666666666666667,review,General Materials Science,0.0,Mechanical Engineering,0.6,10,c40c446d67677ec9cd52894674fdbe8fd0fcc99a53d29111368043c09db08409
87,T14243,Creative Drama in Education,0.06666666666666667,review,Visual Arts and Performing Arts,0.0,Education,0.6,10,c40c446d67677ec9cd52894674fdbe8fd0fcc99a53d29111368043c09db08409
88,T14489,Basque language and culture studies,0.06666666666666667,review,Cultural Studies,0.21874999999999997,Literature and Literary Theory,0.46875,10,c40c446d67677ec9cd52894674fdbe8fd0fcc99a53d29111368043c09db08409
89,T10616,Smart Agriculture and AI,0.06486928104575164,review,Plant Science,0.0,Computer Networks and Communications,0.4698224852071006,10,c40c446d67677ec9cd52894674fdbe8fd0fcc99a53d29111368043c09db08409
90,T12195,Aerogels and thermal insulation,0.0642844857241142,review,Spectroscopy,0.0,Materials Chemistry,0.6284153005464481,10,c40c446d67677ec9cd52894674fdbe8fd0fcc99a53d29111368043c09db08409
91,T12615,Climate Change and Geoengineering,0.0641812865497076,review,Global and Planetary Change,0.0489795918367347,Sociology and Political Science,0.6462585034013606,10,c40c446d67677ec9cd52894674fdbe8fd0fcc99a53d29111368043c09db08409
92,T10128,Global trade and economics,0.06405228758169935,review,"General Economics, Econometrics and Finance",0.0,Economics and Econometrics,0.37333333333333335,10,c40c446d67677ec9cd52894674fdbe8fd0fcc99a53d29111368043c09db08409
93,T10151,Hepatitis C virus research,0.06405228758169935,review,Hepatology,0.0,Infectious Diseases,0.46666666666666673,10,c40c446d67677ec9cd52894674fdbe8fd0fcc99a53d29111368043c09db08409
94,T14518,American Sports and Literature,0.06405228758169935,review,History,0.0,Literature and Literary Theory,0.3751196172248804,10,c40c446d67677ec9cd52894674fdbe8fd0fcc99a53d29111368043c09db08409
95,T10471,Climate Change Policy and Economics,0.06405228758169934,review,Economics and Econometrics,0.0,Global and Planetary Change,0.4454545454545455,10,c40c446d67677ec9cd52894674fdbe8fd0fcc99a53d29111368043c09db08409
96,T12627,Graphene and Nanomaterials Applications,0.06405228758169934,review,Biomedical Engineering,0.0,Biomaterials,0.4454545454545455,10,c40c446d67677ec9cd52894674fdbe8fd0fcc99a53d29111368043c09db08409
97,T14419,Banking Systems and Strategies,0.06405228758169934,review,Accounting,0.0,Economics and Econometrics,0.4454545454545455,10,c40c446d67677ec9cd52894674fdbe8fd0fcc99a53d29111368043c09db08409
98,T12124,Engineering Education and Curriculum Development,0.06209150326797386,review,Media Technology,0.0,Education,0.6202749140893471,10,c40c446d67677ec9cd52894674fdbe8fd0fcc99a53d29111368043c09db08409
99,T12542,Second Language Learning and Teaching,0.06209150326797386,review,Literature and Literary Theory,0.0,Education,0.5,10,c40c446d67677ec9cd52894674fdbe8fd0fcc99a53d29111368043c09db08409
100,T13217,Pigment Synthesis and Properties,0.06209150326797386,review,Inorganic Chemistry,0.0,Materials Chemistry,0.5247093023255814,10,c40c446d67677ec9cd52894674fdbe8fd0fcc99a53d29111368043c09db08409
101,T14248,Social impacts of COVID-19,0.06209150326797386,review,Safety Research,0.0,Education,0.5277777777777778,10,c40c446d67677ec9cd52894674fdbe8fd0fcc99a53d29111368043c09db08409
102,T14359,Wetland Management and Conservation,0.06209150326797386,review,Ocean Engineering,0.0,Global and Planetary Change,0.5277777777777778,10,c40c446d67677ec9cd52894674fdbe8fd0fcc99a53d29111368043c09db08409
103,T14305,Modern American Literature Studies,0.062091503267973844,review,Literature and Literary Theory,0.09444444444444444,Philosophy,0.6222222222222221,10,c40c446d67677ec9cd52894674fdbe8fd0fcc99a53d29111368043c09db08409
104,T10748,Growth Hormone and Insulin-like Growth Factors,0.0608187134502924,review,"Endocrinology, Diabetes and Metabolism",0.0,Molecular Biology,0.65,10,c40c446d67677ec9cd52894674fdbe8fd0fcc99a53d29111368043c09db08409
105,T12732,Agriculture and Farm Safety,0.0608187134502924,review,Plant Science,0.0,Clinical Psychology,0.7428571428571429,10,c40c446d67677ec9cd52894674fdbe8fd0fcc99a53d29111368043c09db08409
106,T12815,Management and Organizational Practices,0.060504201680672276,review,Strategy and Management,0.18086124401913875,Organizational Behavior and Human Resource Management,0.4909090909090909,10,c40c446d67677ec9cd52894674fdbe8fd0fcc99a53d29111368043c09db08409
107,T14151,Literary Analysis and Cultural Studies,0.06029411764705884,review,History and Philosophy of Science,0.0,Philosophy,0.31538461538461543,10,c40c446d67677ec9cd52894674fdbe8fd0fcc99a53d29111368043c09db08409
108,T14315,Feminist Theory and Gender Studies,0.06029411764705884,review,Gender Studies,0.0,Sociology and Political Science,0.31538461538461543,10,c40c446d67677ec9cd52894674fdbe8fd0fcc99a53d29111368043c09db08409
109,T10823,Research on Leishmaniasis Studies,0.06029411764705883,review,"Public Health, Environmental and Occupational Health",0.0,Infectious Diseases,0.328,10,c40c446d67677ec9cd52894674fdbe8fd0fcc99a53d29111368043c09db08409
110,T11113,Music History and Culture,0.06029411764705883,review,Music,0.0,Sociology and Political Science,0.328,10,c40c446d67677ec9cd52894674fdbe8fd0fcc99a53d29111368043c09db08409
111,T12758,Saffron Plant Research Studies,0.06029411764705883,review,Oncology,0.0,Complementary and alternative medicine,0.33853211009174317,10,c40c446d67677ec9cd52894674fdbe8fd0fcc99a53d29111368043c09db08409
112,T13040,"Gender, Education, and Development Issues",0.06029411764705883,review,Education,0.0,"Management, Monitoring, Policy and Law",0.35311004784689,10,c40c446d67677ec9cd52894674fdbe8fd0fcc99a53d29111368043c09db08409
113,T14298,Cultural and Social Studies,0.06029411764705883,review,Cultural Studies,0.0,Sociology and Political Science,0.398918918918919,10,c40c446d67677ec9cd52894674fdbe8fd0fcc99a53d29111368043c09db08409
114,T13007,Economic Sanctions and International Relations,0.06023391812865497,review,Economics and Econometrics,0.0,Political Science and International Relations,0.6813229571984436,10,c40c446d67677ec9cd52894674fdbe8fd0fcc99a53d29111368043c09db08409
115,T10223,Microgrid Control and Optimization,0.05906432748538011,review,Control and Systems Engineering,0.0,Electrical and Electronic Engineering,0.9181818181818181,10,c40c446d67677ec9cd52894674fdbe8fd0fcc99a53d29111368043c09db08409
116,T12126,Maritime Transport Emissions and Efficiency,0.05902132782937737,review,Environmental Engineering,0.0,Global and Planetary Change,0.5177668804224822,10,c40c446d67677ec9cd52894674fdbe8fd0fcc99a53d29111368043c09db08409
117,T12872,Philippine History and Culture,0.05833333333333333,review,Anthropology,0.0,Sociology and Political Science,0.21874999999999997,10,c40c446d67677ec9cd52894674fdbe8fd0fcc99a53d29111368043c09db08409
118,T13504,African history and culture analysis,0.05833333333333333,review,Political Science and International Relations,0.0,Sociology and Political Science,0.2249527410207939,10,c40c446d67677ec9cd52894674fdbe8fd0fcc99a53d29111368043c09db08409
119,T14000,"Cultural, Social, and Media Studies",0.05833333333333333,review,Sociology and Political Science,0.0,Visual Arts and Performing Arts,0.20588235294117646,10,c40c446d67677ec9cd52894674fdbe8fd0fcc99a53d29111368043c09db08409
120,T14235,"Linguistic, Cultural, and Literary Studies",0.05833333333333333,review,Sociology and Political Science,0.0,Classics,0.25481798715203424,10,c40c446d67677ec9cd52894674fdbe8fd0fcc99a53d29111368043c09db08409
121,T11686,Dendrimers and Hyperbranched Polymers,0.05833333333333332,review,Polymers and Plastics,0.0,Materials Chemistry,0.40338983050847455,10,c40c446d67677ec9cd52894674fdbe8fd0fcc99a53d29111368043c09db08409
122,T11042,Corruption and Economic Development,0.05751633986928105,review,Sociology and Political Science,0.08047337278106509,Political Science and International Relations,0.4970414201183432,10,c40c446d67677ec9cd52894674fdbe8fd0fcc99a53d29111368043c09db08409
123,T11648,"Diaspora, migration, transnational identity",0.05751633986928105,review,Demography,0.1125,Sociology and Political Science,0.4791666666666667,10,c40c446d67677ec9cd52894674fdbe8fd0fcc99a53d29111368043c09db08409
124,T14490,Human Rights and Immigration,0.05751633986928105,review,Sociology and Political Science,0.08047337278106509,Political Science and International Relations,0.4970414201183432,10,c40c446d67677ec9cd52894674fdbe8fd0fcc99a53d29111368043c09db08409
125,T10487,Plant and animal studies,0.05751633986928104,review,"Ecology, Evolution, Behavior and Systematics",0.0,Ecology,0.36476683937823834,10,c40c446d67677ec9cd52894674fdbe8fd0fcc99a53d29111368043c09db08409
126,T11051,Sirtuins and Resveratrol in Medicine,0.05751633986928104,review,Geriatrics and Gerontology,0.0,Molecular Biology,0.43999999999999995,10,c40c446d67677ec9cd52894674fdbe8fd0fcc99a53d29111368043c09db08409
127,T12775,Legal Issues in South Africa,0.05751633986928104,review,Law,0.26842105263157895,Political Science and International Relations,0.731578947368421,10,c40c446d67677ec9cd52894674fdbe8fd0fcc99a53d29111368043c09db08409
128,T12869,Occupational Health and Burnout,0.05751633986928104,review,Occupational Therapy,0.0,Clinical Psychology,0.4832369942196531,10,c40c446d67677ec9cd52894674fdbe8fd0fcc99a53d29111368043c09db08409
129,T13894,Indian Economic and Social Development,0.05751633986928104,review,Economics and Econometrics,0.0,Sociology and Political Science,0.43999999999999995,10,c40c446d67677ec9cd52894674fdbe8fd0fcc99a53d29111368043c09db08409
130,T12213,Marine Ecology and Invasive Species,0.057516339869281036,review,Global and Planetary Change,0.0,Ecology,0.39999999999999997,10,c40c446d67677ec9cd52894674fdbe8fd0fcc99a53d29111368043c09db08409
131,T13906,Social Issues and Policies,0.057516339869281036,review,Safety Research,0.0,Sociology and Political Science,0.39999999999999997,10,c40c446d67677ec9cd52894674fdbe8fd0fcc99a53d29111368043c09db08409
132,T14260,Impact of AI and Big Data on Business and Society,0.057516339869281036,review,Management Science and Operations Research,0.0,Information Systems,0.39774011299435025,10,c40c446d67677ec9cd52894674fdbe8fd0fcc99a53d29111368043c09db08409
133,T13016,Innovative Educational Technologies,0.05669934640522877,review,Information Systems,0.2188118811881188,Education,0.5623762376237624,10,c40c446d67677ec9cd52894674fdbe8fd0fcc99a53d29111368043c09db08409
134,T14356,Organizational Leadership and Management Strategies,0.055555555555555566,review,Strategy and Management,0.23157894736842102,Organizational Behavior and Human Resource Management,0.6789473684210526,10,c40c446d67677ec9cd52894674fdbe8fd0fcc99a53d29111368043c09db08409
135,T10538,Data Mining Algorithms and Applications,0.05555555555555556,review,Information Systems,0.0,Artificial Intelligence,0.5,10,c40c446d67677ec9cd52894674fdbe8fd0fcc99a53d29111368043c09db08409
136,T10766,Urban Heat Island Mitigation,0.05555555555555556,review,Environmental Engineering,0.0,Global and Planetary Change,0.5,10,c40c446d67677ec9cd52894674fdbe8fd0fcc99a53d29111368043c09db08409
137,T11206,Model Reduction and Neural Networks,0.05555555555555556,review,Statistical and Nonlinear Physics,0.0,Artificial Intelligence,0.5,10,c40c446d67677ec9cd52894674fdbe8fd0fcc99a53d29111368043c09db08409
138,T11606,Infrastructure Maintenance and Monitoring,0.05555555555555556,review,Civil and Structural Engineering,0.0,Computer Vision and Pattern Recognition,0.5,10,c40c446d67677ec9cd52894674fdbe8fd0fcc99a53d29111368043c09db08409
139,T11823,Natural Resources and Economic Development,0.05555555555555556,review,"General Economics, Econometrics and Finance",0.0,Political Science and International Relations,0.4444444444444445,10,c40c446d67677ec9cd52894674fdbe8fd0fcc99a53d29111368043c09db08409
140,T12066,Obesity and Health Practices,0.05555555555555556,review,Pharmacy,0.0,General Health Professions,0.6333333333333334,10,c40c446d67677ec9cd52894674fdbe8fd0fcc99a53d29111368043c09db08409
141,T12384,Customer churn and segmentation,0.05555555555555556,review,Marketing,0.0,Artificial Intelligence,0.5,10,c40c446d67677ec9cd52894674fdbe8fd0fcc99a53d29111368043c09db08409
142,T12469,"Chaos, Complexity, and Education",0.05555555555555556,review,Computational Theory and Mathematics,0.0,Philosophy,0.5,10,c40c446d67677ec9cd52894674fdbe8fd0fcc99a53d29111368043c09db08409
143,T12595,Romani and Gypsy Studies,0.05555555555555556,review,General Health Professions,0.0,Sociology and Political Science,0.5,10,c40c446d67677ec9cd52894674fdbe8fd0fcc99a53d29111368043c09db08409
144,T12707,Vehicle License Plate Recognition,0.05555555555555556,review,Media Technology,0.0,Computer Vision and Pattern Recognition,0.5,10,c40c446d67677ec9cd52894674fdbe8fd0fcc99a53d29111368043c09db08409
145,T13618,Regional Socio-Economic Development Trends,0.05555555555555556,review,Demography,0.0,General Agricultural and Biological Sciences,0.5,10,c40c446d67677ec9cd52894674fdbe8fd0fcc99a53d29111368043c09db08409
146,T14391,"Forest, Soil, and Plant Ecology in China",0.05555555555555556,review,Education,0.0,Global and Planetary Change,0.5,10,c40c446d67677ec9cd52894674fdbe8fd0fcc99a53d29111368043c09db08409
147,T10828,Biometric Identification and Security,0.05555555555555555,review,Signal Processing,0.0,Information Systems,0.5588235294117647,10,c40c446d67677ec9cd52894674fdbe8fd0fcc99a53d29111368043c09db08409
148,T10917,Smart Grid Security and Resilience,0.05555555555555555,review,Control and Systems Engineering,0.0,Information Systems,0.4722222222222222,10,c40c446d67677ec9cd52894674fdbe8fd0fcc99a53d29111368043c09db08409
149,T11775,COVID-19 diagnosis using AI,0.05555555555555555,review,"Radiology, Nuclear Medicine and Imaging",0.0,Computer Vision and Pattern Recognition,0.4722222222222222,10,c40c446d67677ec9cd52894674fdbe8fd0fcc99a53d29111368043c09db08409
150,T11886,Agricultural risk and resilience,0.05555555555555555,review,Soil Science,0.0,General Agricultural and Biological Sciences,0.4722222222222222,10,c40c446d67677ec9cd52894674fdbe8fd0fcc99a53d29111368043c09db08409
151,T11918,Forecasting Techniques and Applications,0.05555555555555555,review,Management Science and Operations Research,0.0,Artificial Intelligence,0.4722222222222222,10,c40c446d67677ec9cd52894674fdbe8fd0fcc99a53d29111368043c09db08409
152,T12356,Bioactive Compounds and Antitumor Agents,0.05555555555555555,review,Toxicology,0.0,Molecular Biology,0.5277777777777778,10,c40c446d67677ec9cd52894674fdbe8fd0fcc99a53d29111368043c09db08409
153,T13071,Digital Storytelling and Education,0.05555555555555555,review,Speech and Hearing,0.0,Education,0.4722222222222222,10,c40c446d67677ec9cd52894674fdbe8fd0fcc99a53d29111368043c09db08409
154,T13910,Computational and Text Analysis Methods,0.05555555555555555,review,General Social Sciences,0.0,Artificial Intelligence,0.4722222222222222,10,c40c446d67677ec9cd52894674fdbe8fd0fcc99a53d29111368043c09db08409
155,T10007,Monetary Policy and Economic Impact,0.05555555555555554,review,"General Economics, Econometrics and Finance",0.16548387096774195,Economics and Econometrics,0.6864516129032258,10,c40c446d67677ec9cd52894674fdbe8fd0fcc99a53d29111368043c09db08409
156,T11370,Mobile Learning in Education,0.05438596491228069,review,Information Systems,0.0,Education,0.7749999999999999,10,c40c446d67677ec9cd52894674fdbe8fd0fcc99a53d29111368043c09db08409
157,T11553,Acne and Rosacea Treatments and Effects,0.05375816993464052,review,Dermatology,0.0,Epidemiology,0.34093264248704663,10,c40c446d67677ec9cd52894674fdbe8fd0fcc99a53d29111368043c09db08409
158,T14263,Professional Masters Programs Analysis,0.05375816993464052,review,Information Systems and Management,0.0,History and Philosophy of Science,0.3018348623853211,10,c40c446d67677ec9cd52894674fdbe8fd0fcc99a53d29111368043c09db08409
159,T11473,Appendicitis Diagnosis and Management,0.05375816993464051,review,Emergency Medicine,0.0,Surgery,0.35567567567567565,10,c40c446d67677ec9cd52894674fdbe8fd0fcc99a53d29111368043c09db08409
160,T13633,Public Health and Social Inequalities,0.05375816993464051,review,Health,0.0,General Health Professions,0.35567567567567565,10,c40c446d67677ec9cd52894674fdbe8fd0fcc99a53d29111368043c09db08409
161,T14468,Plant Ecology and Soil Science,0.05294117647058825,review,Ecology,0.10800000000000001,Global and Planetary Change,0.43200000000000005,10,c40c446d67677ec9cd52894674fdbe8fd0fcc99a53d29111368043c09db08409
162,T11547,Sesquiterpenes and Asteraceae Studies,0.05294117647058824,review,Cancer Research,0.0,Plant Science,0.27692307692307694,10,c40c446d67677ec9cd52894674fdbe8fd0fcc99a53d29111368043c09db08409
163,T12348,Rural Development and Agriculture,0.05294117647058824,review,"Management, Monitoring, Policy and Law",0.0,General Agricultural and Biological Sciences,0.38571428571428573,10,c40c446d67677ec9cd52894674fdbe8fd0fcc99a53d29111368043c09db08409
164,T12629,Island Studies and Pacific Affairs,0.05294117647058824,review,Demography,0.0,Economics and Econometrics,0.3375,10,c40c446d67677ec9cd52894674fdbe8fd0fcc99a53d29111368043c09db08409
165,T13010,Agriculture and Agroindustry Studies,0.05294117647058824,review,General Agricultural and Biological Sciences,0.0,Economics and Econometrics,0.405,10,c40c446d67677ec9cd52894674fdbe8fd0fcc99a53d29111368043c09db08409
166,T13330,"Theater, Performance, and Music History",0.05294117647058824,review,Music,0.0,Literature and Literary Theory,0.3375,10,c40c446d67677ec9cd52894674fdbe8fd0fcc99a53d29111368043c09db08409
167,T13788,Cultural Identity and Representation,0.05294117647058824,review,Philosophy,0.0,Literature and Literary Theory,0.27692307692307694,10,c40c446d67677ec9cd52894674fdbe8fd0fcc99a53d29111368043c09db08409
168,T14296,Climate Change and Sustainable Development,0.05294117647058824,review,Global and Planetary Change,0.09230769230769231,"Management, Monitoring, Policy and Law",0.36923076923076925,10,c40c446d67677ec9cd52894674fdbe8fd0fcc99a53d29111368043c09db08409
169,T10198,Heart Failure Treatment and Management,0.052941176470588235,review,Cardiology and Cardiovascular Medicine,0.0,Epidemiology,0.288,10,c40c446d67677ec9cd52894674fdbe8fd0fcc99a53d29111368043c09db08409
170,T11319,Curcumin's Biomedical Applications,0.052941176470588235,review,Molecular Medicine,0.0,Complementary and alternative medicine,0.30857142857142855,10,c40c446d67677ec9cd52894674fdbe8fd0fcc99a53d29111368043c09db08409
171,T11899,"Brucella: diagnosis, epidemiology, treatment",0.052941176470588235,review,Small Animals,0.0,Infectious Diseases,0.288,10,c40c446d67677ec9cd52894674fdbe8fd0fcc99a53d29111368043c09db08409
172,T13148,Environmental and Air Quality Management,0.052941176470588235,review,Environmental Engineering,0.0,Global and Planetary Change,0.3,10,c40c446d67677ec9cd52894674fdbe8fd0fcc99a53d29111368043c09db08409
173,T13345,Advanced Technologies and Applied Computing,0.052941176470588235,review,Computer Networks and Communications,0.0,Artificial Intelligence,0.2867256637168141,10,c40c446d67677ec9cd52894674fdbe8fd0fcc99a53d29111368043c09db08409
174,T13416,Educational Theory and Curriculum Studies,0.052941176470588235,review,Sociology and Political Science,0.07727272727272727,Education,0.4454545454545455,10,c40c446d67677ec9cd52894674fdbe8fd0fcc99a53d29111368043c09db08409
175,T13616,"Governance, Compliance, and Sustainability",0.052941176470588235,review,Strategy and Management,0.10334928229665072,Economics and Econometrics,0.4133971291866029,10,c40c446d67677ec9cd52894674fdbe8fd0fcc99a53d29111368043c09db08409
176,T14194,Bioactive Compounds in Plants,0.052941176470588235,review,Plant Science,0.0,Complementary and alternative medicine,0.3,10,c40c446d67677ec9cd52894674fdbe8fd0fcc99a53d29111368043c09db08409
177,T14411,Undergraduate Neuroscience Education and Research,0.052941176470588235,review,Cognitive Neuroscience,0.07727272727272727,Education,0.4454545454545455,10,c40c446d67677ec9cd52894674fdbe8fd0fcc99a53d29111368043c09db08409
178,T14497,Social Issues and Policies in Latin America,0.052941176470588235,review,Law,0.0,Sociology and Political Science,0.288,10,c40c446d67677ec9cd52894674fdbe8fd0fcc99a53d29111368043c09db08409
179,T12514,Fashion and Cultural Textiles,0.05294117647058823,review,Museology,0.0,Sociology and Political Science,0.2986175115207373,10,c40c446d67677ec9cd52894674fdbe8fd0fcc99a53d29111368043c09db08409
180,T14019,Socioeconomic and Demographic Analysis,0.05294117647058823,review,"Management, Monitoring, Policy and Law",0.0,Economics and Econometrics,0.36818181818181817,10,c40c446d67677ec9cd52894674fdbe8fd0fcc99a53d29111368043c09db08409
181,T12493,"Memory, violence, and history",0.05248538011695905,review,Social Psychology,0.08840232637700993,Sociology and Political Science,0.5059869996578857,10,c40c446d67677ec9cd52894674fdbe8fd0fcc99a53d29111368043c09db08409
182,T13454,Phenothiazines and Benzothiazines Synthesis and Activities,0.05098039215686275,review,Molecular Biology,0.135,Organic Chemistry,0.525,10,c40c446d67677ec9cd52894674fdbe8fd0fcc99a53d29111368043c09db08409
183,T14069,Scientific Research Methodologies and Applications,0.05098039215686275,review,Water Science and Technology,0.135,Global and Planetary Change,0.525,10,c40c446d67677ec9cd52894674fdbe8fd0fcc99a53d29111368043c09db08409
184,T10862,AI in cancer detection,0.050980392156862744,review,Artificial Intelligence,0.09444444444444444,Computer Vision and Pattern Recognition,0.5277777777777778,10,c40c446d67677ec9cd52894674fdbe8fd0fcc99a53d29111368043c09db08409
185,T10873,Bacterial Infections and Vaccines,0.050980392156862744,review,Microbiology,0.0,Infectious Diseases,0.38999999999999996,10,c40c446d67677ec9cd52894674fdbe8fd0fcc99a53d29111368043c09db08409
186,T11154,Parasitic infections in humans and animals,0.050980392156862744,review,Pathology and Forensic Medicine,0.0,Infectious Diseases,0.24644549763033172,10,c40c446d67677ec9cd52894674fdbe8fd0fcc99a53d29111368043c09db08409
187,T11490,Hydrological Forecasting Using AI,0.050980392156862744,review,Environmental Engineering,0.09444444444444444,Artificial Intelligence,0.5277777777777778,10,c40c446d67677ec9cd52894674fdbe8fd0fcc99a53d29111368043c09db08409
188,T13429,Electricity Theft Detection Techniques,0.050980392156862744,review,Electrical and Electronic Engineering,0.0,Artificial Intelligence,0.38999999999999996,10,c40c446d67677ec9cd52894674fdbe8fd0fcc99a53d29111368043c09db08409
189,T13469,"Environmental, Ecological, and Cultural Studies",0.050980392156862744,review,Sociology and Political Science,0.0,Global and Planetary Change,0.24644549763033172,10,c40c446d67677ec9cd52894674fdbe8fd0fcc99a53d29111368043c09db08409
190,T10234,Obstructive Sleep Apnea Research,0.05098039215686274,review,Physiology,0.0,Cardiology and Cardiovascular Medicine,0.41052631578947363,10,c40c446d67677ec9cd52894674fdbe8fd0fcc99a53d29111368043c09db08409
191,T11592,Phenomenology and Existential Philosophy,0.05098039215686274,review,Experimental and Cognitive Psychology,0.0,Philosophy,0.41052631578947363,10,c40c446d67677ec9cd52894674fdbe8fd0fcc99a53d29111368043c09db08409
192,T12323,Asian American and Pacific Histories,0.05098039215686274,review,Cultural Studies,0.21161825726141079,Literature and Literary Theory,0.42738589211618255,10,c40c446d67677ec9cd52894674fdbe8fd0fcc99a53d29111368043c09db08409
193,T12802,Competency Development and Evaluation,0.05098039215686274,review,Social Psychology,0.0,Organizational Behavior and Human Resource Management,0.4333333333333333,10,c40c446d67677ec9cd52894674fdbe8fd0fcc99a53d29111368043c09db08409
194,T12926,Business Strategies and Management Research,0.05098039215686274,review,Management Science and Operations Research,0.0,Organizational Behavior and Human Resource Management,0.3545454545454545,10,c40c446d67677ec9cd52894674fdbe8fd0fcc99a53d29111368043c09db08409
195,T13288,"Banking, Crisis Management, COVID-19 Impact",0.05098039215686274,review,General Agricultural and Biological Sciences,0.0,Economics and Econometrics,0.4333333333333333,10,c40c446d67677ec9cd52894674fdbe8fd0fcc99a53d29111368043c09db08409
196,T13331,Energy and Environmental Sustainability,0.05098039215686274,review,"Renewable Energy, Sustainability and the Environment",0.0,"Management, Monitoring, Policy and Law",0.4333333333333333,10,c40c446d67677ec9cd52894674fdbe8fd0fcc99a53d29111368043c09db08409
197,T13938,Historical and Contemporary Political Dynamics,0.05098039215686274,review,History,0.0,Sociology and Political Science,0.4333333333333333,10,c40c446d67677ec9cd52894674fdbe8fd0fcc99a53d29111368043c09db08409
198,T14036,Literary and Philosophical Studies,0.05098039215686274,review,Political Science and International Relations,0.0,Philosophy,0.41052631578947363,10,c40c446d67677ec9cd52894674fdbe8fd0fcc99a53d29111368043c09db08409
199,T14444,Power Systems and Renewable Energy,0.05098039215686274,review,Energy Engineering and Power Technology,0.12203389830508475,Electrical and Electronic Engineering,0.4745762711864407,10,c40c446d67677ec9cd52894674fdbe8fd0fcc99a53d29111368043c09db08409
200,T14484,Technology and Data Analysis,0.05098039215686274,review,Information Systems,0.0,Artificial Intelligence,0.4333333333333333,10,c40c446d67677ec9cd52894674fdbe8fd0fcc99a53d29111368043c09db08409
201,T14494,American Literature and Culture,0.05098039215686274,review,History,0.0,Literature and Literary Theory,0.41052631578947363,10,c40c446d67677ec9cd52894674fdbe8fd0fcc99a53d29111368043c09db08409
202,T14498,Educational Technology in Learning,0.05016339869281047,review,Information Systems,0.34093264248704663,Education,0.6590673575129534,10,c40c446d67677ec9cd52894674fdbe8fd0fcc99a53d29111368043c09db08409
203,T12395,Educational Innovations and Technology,0.05016339869281045,review,Information Systems,0.15854922279792746,Education,0.4766839378238342,10,c40c446d67677ec9cd52894674fdbe8fd0fcc99a53d29111368043c09db08409
204,T13512,Spatial and Cultural Studies,0.05000000000000001,review,"Geography, Planning and Development",0.0,Literature and Literary Theory,0.26153846153846155,10,c40c446d67677ec9cd52894674fdbe8fd0fcc99a53d29111368043c09db08409
205,T10390,Ovarian function and disorders,0.049999999999999996,review,Reproductive Medicine,0.0,"Endocrinology, Diabetes and Metabolism",0.32727272727272727,10,c40c446d67677ec9cd52894674fdbe8fd0fcc99a53d29111368043c09db08409
206,T10528,"Adipokines, Inflammation, and Metabolic Diseases",0.049999999999999996,review,Epidemiology,0.0,"Endocrinology, Diabetes and Metabolism",0.26960352422907485,10,c40c446d67677ec9cd52894674fdbe8fd0fcc99a53d29111368043c09db08409
207,T11563,Indian and Buddhist Studies,0.049999999999999996,review,Religious studies,0.0,Classics,0.2518518518518518,10,c40c446d67677ec9cd52894674fdbe8fd0fcc99a53d29111368043c09db08409
208,T12563,History and Politics in Latin America,0.049999999999999996,review,Demography,0.0,Sociology and Political Science,0.23448275862068965,10,c40c446d67677ec9cd52894674fdbe8fd0fcc99a53d29111368043c09db08409
209,T14272,Agricultural and Food Production Studies,0.049999999999999996,review,Food Science,0.08888888888888889,General Agricultural and Biological Sciences,0.34074074074074073,10,c40c446d67677ec9cd52894674fdbe8fd0fcc99a53d29111368043c09db08409
210,T14458,Education and Work Dynamics,0.049999999999999996,review,Demography,0.0,General Social Sciences,0.24285714285714283,10,c40c446d67677ec9cd52894674fdbe8fd0fcc99a53d29111368043c09db08409
211,T10501,Polymer Nanocomposites and Properties,0.04970760233918129,review,Polymers and Plastics,0.0,Materials Chemistry,0.4965635738831615,10,c40c446d67677ec9cd52894674fdbe8fd0fcc99a53d29111368043c09db08409
212,T12065,Hippo pathway signaling and YAP/TAZ,0.049707602339181284,review,Cell Biology,0.11176470588235295,Molecular Biology,0.611764705882353,10,c40c446d67677ec9cd52894674fdbe8fd0fcc99a53d29111368043c09db08409
213,T14139,E-commerce and Technology Innovations,0.049707602339181284,review,Business and International Management,0.0,Economics and Econometrics,0.4722222222222222,10,c40c446d67677ec9cd52894674fdbe8fd0fcc99a53d29111368043c09db08409
214,T14112,"Economic, financial, and policy analysis",0.04918300653594772,review,"General Economics, Econometrics and Finance",0.16094674556213018,Economics and Econometrics,0.5171597633136095,10,c40c446d67677ec9cd52894674fdbe8fd0fcc99a53d29111368043c09db08409
215,T12597,Fire Detection and Safety Systems,0.04912280701754386,review,"Safety, Risk, Reliability and Quality",0.0,Computer Vision and Pattern Recognition,0.6461538461538462,10,c40c446d67677ec9cd52894674fdbe8fd0fcc99a53d29111368043c09db08409
216,T11354,Evolution and Paleontology Studies,0.04853801169590643,review,Paleontology,0.0,"Ecology, Evolution, Behavior and Systematics",0.6916666666666667,10,c40c446d67677ec9cd52894674fdbe8fd0fcc99a53d29111368043c09db08409
217,T10998,Heat Transfer and Optimization,0.04791021671826626,review,Mechanical Engineering,0.19494530365899662,Computational Mechanics,0.6152395322519805,10,c40c446d67677ec9cd52894674fdbe8fd0fcc99a53d29111368043c09db08409
218,T13501,Legal Issues in Turkey,0.04722222222222223,review,Political Science and International Relations,0.3317624882186616,Law,0.6041470311027333,10,c40c446d67677ec9cd52894674fdbe8fd0fcc99a53d29111368043c09db08409
219,T13278,Economic and Business Development Strategies,0.04722222222222222,review,Economics and Econometrics,0.0,"Management, Monitoring, Policy and Law",0.37777777777777777,10,c40c446d67677ec9cd52894674fdbe8fd0fcc99a53d29111368043c09db08409
220,T13861,Health and Lifestyle Studies,0.04722222222222222,review,General Health Professions,0.0,"Public Health, Environmental and Occupational Health",0.3590062111801242,10,c40c446d67677ec9cd52894674fdbe8fd0fcc99a53d29111368043c09db08409
221,T14317,"Finance, Markets, and Regulation",0.04722222222222222,review,Finance,0.08047337278106509,Economics and Econometrics,0.4224852071005917,10,c40c446d67677ec9cd52894674fdbe8fd0fcc99a53d29111368043c09db08409
222,T14507,"History, Culture, and Society",0.04722222222222222,review,Speech and Hearing,0.0,"Public Health, Environmental and Occupational Health",0.3590062111801242,10,c40c446d67677ec9cd52894674fdbe8fd0fcc99a53d29111368043c09db08409
223,T14157,Environmental and Agricultural Sciences,0.047222222222222214,review,Water Science and Technology,0.15425065731814197,Global and Planetary Change,0.40753724802804553,10,c40c446d67677ec9cd52894674fdbe8fd0fcc99a53d29111368043c09db08409
224,T13603,Corporate Social Responsibility and Sustainability,0.04640522875816994,review,Organizational Behavior and Human Resource Management,0.0,Global and Planetary Change,0.28400000000000003,10,c40c446d67677ec9cd52894674fdbe8fd0fcc99a53d29111368043c09db08409
225,T10400,Network Security and Intrusion Detection,0.046405228758169936,review,Computer Networks and Communications,0.08095238095238094,Artificial Intelligence,0.419047619047619,10,c40c446d67677ec9cd52894674fdbe8fd0fcc99a53d29111368043c09db08409
226,T10831,Cell Adhesion Molecules Research,0.046405228758169936,review,Immunology and Allergy,0.0,Immunology,0.3736842105263158,10,c40c446d67677ec9cd52894674fdbe8fd0fcc99a53d29111368043c09db08409
227,T12253,Urban Agriculture and Sustainability,0.046405228758169936,review,Plant Science,0.0,Global and Planetary Change,0.355,10,c40c446d67677ec9cd52894674fdbe8fd0fcc99a53d29111368043c09db08409
228,T13635,Philosophy and Education Pedagogy,0.046405228758169936,review,Health,0.0,General Health Professions,0.3736842105263158,10,c40c446d67677ec9cd52894674fdbe8fd0fcc99a53d29111368043c09db08409
229,T14064,Organizational and Employee Performance,0.046405228758169936,review,Artificial Intelligence,0.0,Information Systems,0.355,10,c40c446d67677ec9cd52894674fdbe8fd0fcc99a53d29111368043c09db08409
230,T14372,Environmental and Biological Research in Conflict Zones,0.046405228758169936,review,"Management, Monitoring, Policy and Law",0.0,Global and Planetary Change,0.355,10,c40c446d67677ec9cd52894674fdbe8fd0fcc99a53d29111368043c09db08409
231,T13651,Medicinal Plants and Bioactive Compounds,0.04640522875816993,review,Molecular Biology,0.0894736842105263,Plant Science,0.46315789473684205,10,c40c446d67677ec9cd52894674fdbe8fd0fcc99a53d29111368043c09db08409
232,T13974,"Health, Education, and Aging",0.04640522875816993,review,Health,0.0,Education,0.30869565217391304,10,c40c446d67677ec9cd52894674fdbe8fd0fcc99a53d29111368043c09db08409
233,T11944,Participatory Visual Research Methods,0.04571723426212591,review,Sociology and Political Science,0.16357388316151203,Education,0.6202749140893471,10,c40c446d67677ec9cd52894674fdbe8fd0fcc99a53d29111368043c09db08409
234,T12488,Mental Health via Writing,0.0457172342621259,review,Social Psychology,0.05257731958762887,Artificial Intelligence,0.5092783505154639,10,c40c446d67677ec9cd52894674fdbe8fd0fcc99a53d29111368043c09db08409
235,T13281,Andrographolide Research and Applications,0.04558823529411766,review,Complementary and alternative medicine,0.2518518518518518,Pharmacology,0.4814814814814815,10,c40c446d67677ec9cd52894674fdbe8fd0fcc99a53d29111368043c09db08409
236,T13285,Local Governance and Development,0.045132438940488476,review,"Geography, Planning and Development",0.0,General Agricultural and Biological Sciences,0.5466666666666666,10,c40c446d67677ec9cd52894674fdbe8fd0fcc99a53d29111368043c09db08409
237,T14416,"Health, Technology, Consumer Behavior",0.045132438940488476,review,Health Information Management,0.0,Marketing,0.47883211678832116,10,c40c446d67677ec9cd52894674fdbe8fd0fcc99a53d29111368043c09db08409
238,T11202,Cavitation Phenomena in Pumps,0.04454764361885105,review,Mechanics of Materials,0.0,Computational Mechanics,0.6286407766990292,10,c40c446d67677ec9cd52894674fdbe8fd0fcc99a53d29111368043c09db08409
239,T10070,Political Conflict and Governance,0.04444444444444445,review,Sociology and Political Science,0.19999999999999998,Political Science and International Relations,0.6,10,c40c446d67677ec9cd52894674fdbe8fd0fcc99a53d29111368043c09db08409
240,T10415,International Business and FDI,0.04444444444444445,review,Strategy and Management,0.09999999999999999,Economics and Econometrics,0.5,10,c40c446d67677ec9cd52894674fdbe8fd0fcc99a53d29111368043c09db08409
241,T11459,Arctic and Antarctic ice dynamics,0.04444444444444445,review,Atmospheric Science,0.19999999999999998,Global and Planetary Change,0.6,10,c40c446d67677ec9cd52894674fdbe8fd0fcc99a53d29111368043c09db08409
242,T13015,"Botany, Ecology, and Taxonomy Studies",0.04444444444444445,review,Plant Science,0.19999999999999998,"Ecology, Evolution, Behavior and Systematics",0.6,10,c40c446d67677ec9cd52894674fdbe8fd0fcc99a53d29111368043c09db08409
243,T13379,"Multiculturalism, Politics, Migration, Gender",0.04444444444444445,review,Political Science and International Relations,0.09999999999999999,Sociology and Political Science,0.5,10,c40c446d67677ec9cd52894674fdbe8fd0fcc99a53d29111368043c09db08409
244,T14259,Legal Rights and Human Rights,0.04444444444444445,review,Law,0.3653465346534654,Political Science and International Relations,0.6346534653465348,10,c40c446d67677ec9cd52894674fdbe8fd0fcc99a53d29111368043c09db08409
245,T10475,Psychological Well-being and Life Satisfaction,0.044444444444444446,review,Social Psychology,0.09938461538461539,Clinical Psychology,0.49692307692307697,10,c40c446d67677ec9cd52894674fdbe8fd0fcc99a53d29111368043c09db08409
246,T11038,Advanced SAR Imaging Techniques,0.044444444444444446,review,Aerospace Engineering,0.0,Computer Vision and Pattern Recognition,0.39999999999999997,10,c40c446d67677ec9cd52894674fdbe8fd0fcc99a53d29111368043c09db08409
247,T11099,Autonomous Vehicle Technology and Safety,0.044444444444444446,review,Automotive Engineering,0.0,Artificial Intelligence,0.39999999999999997,10,c40c446d67677ec9cd52894674fdbe8fd0fcc99a53d29111368043c09db08409
248,T11309,Music and Audio Processing,0.044444444444444446,review,Signal Processing,0.0,Computer Vision and Pattern Recognition,0.39999999999999997,10,c40c446d67677ec9cd52894674fdbe8fd0fcc99a53d29111368043c09db08409
249,T11390,Seaweed-derived Bioactive Compounds,0.044444444444444446,review,Aquatic Science,0.0,Food Science,0.39999999999999997,10,c40c446d67677ec9cd52894674fdbe8fd0fcc99a53d29111368043c09db08409
250,T11461,Local Government Finance and Decentralization,0.044444444444444446,review,Political Science and International Relations,0.09938461538461539,Economics and Econometrics,0.49692307692307697,10,c40c446d67677ec9cd52894674fdbe8fd0fcc99a53d29111368043c09db08409
251,T11805,Agricultural economics and policies,0.044444444444444446,review,Safety Research,0.0,General Agricultural and Biological Sciences,0.4470588235294118,10,c40c446d67677ec9cd52894674fdbe8fd0fcc99a53d29111368043c09db08409
252,T12723,Hannah Arendt's Political Philosophy,0.044444444444444446,review,Political Science and International Relations,0.23157894736842102,Sociology and Political Science,0.5894736842105263,10,c40c446d67677ec9cd52894674fdbe8fd0fcc99a53d29111368043c09db08409
253,T13079,Heavy Metals in Plants,0.044444444444444446,review,Analytical Chemistry,0.0,Plant Science,0.39999999999999997,10,c40c446d67677ec9cd52894674fdbe8fd0fcc99a53d29111368043c09db08409
254,T13111,Nursing care and research,0.044444444444444446,review,Pharmacy,0.0,General Health Professions,0.32189349112426036,10,c40c446d67677ec9cd52894674fdbe8fd0fcc99a53d29111368043c09db08409
255,T13421,"Contemporary art, education, critique",0.044444444444444446,review,Cultural Studies,0.0,Sociology and Political Science,0.39999999999999997,10,c40c446d67677ec9cd52894674fdbe8fd0fcc99a53d29111368043c09db08409
256,T13473,Economic Zones and Regional Development,0.044444444444444446,review,"General Economics, Econometrics and Finance",0.0,Economics and Econometrics,0.39999999999999997,10,c40c446d67677ec9cd52894674fdbe8fd0fcc99a53d29111368043c09db08409
257,T13636,Pentecostalism and Christianity Studies,0.044444444444444446,review,Religious studies,0.0,Sociology and Political Science,0.39999999999999997,10,c40c446d67677ec9cd52894674fdbe8fd0fcc99a53d29111368043c09db08409
258,T13637,Calpain Protease Function and Regulation,0.044444444444444446,review,Cell Biology,0.0,Molecular Biology,0.39999999999999997,10,c40c446d67677ec9cd52894674fdbe8fd0fcc99a53d29111368043c09db08409
259,T13680,"Education, Psychology, and Complexity Research",0.044444444444444446,review,Statistics and Probability,0.0,Information Systems,0.39999999999999997,10,c40c446d67677ec9cd52894674fdbe8fd0fcc99a53d29111368043c09db08409
260,T13741,Cross-Cultural and Social Analysis,0.044444444444444446,review,Anthropology,0.0,General Agricultural and Biological Sciences,0.39999999999999997,10,c40c446d67677ec9cd52894674fdbe8fd0fcc99a53d29111368043c09db08409
261,T13758,Energy Law and Policy,0.044444444444444446,review,Information Systems and Management,0.0,Political Science and International Relations,0.39999999999999997,10,c40c446d67677ec9cd52894674fdbe8fd0fcc99a53d29111368043c09db08409
262,T13795,"Language, Communication, and Linguistic Studies",0.044444444444444446,review,Communication,0.0,Sociology and Political Science,0.39999999999999997,10,c40c446d67677ec9cd52894674fdbe8fd0fcc99a53d29111368043c09db08409
263,T13902,Indian History and Philosophy,0.044444444444444446,review,Philosophy,0.0,Sociology and Political Science,0.39999999999999997,10,c40c446d67677ec9cd52894674fdbe8fd0fcc99a53d29111368043c09db08409
264,T14091,Industrial and Mining Safety,0.044444444444444446,review,"Safety, Risk, Reliability and Quality",0.0,"Management, Monitoring, Policy and Law",0.39999999999999997,10,c40c446d67677ec9cd52894674fdbe8fd0fcc99a53d29111368043c09db08409
265,T14440,Quality of Life Measurement,0.044444444444444446,review,Sociology and Political Science,0.0,"Management, Monitoring, Policy and Law",0.39999999999999997,10,c40c446d67677ec9cd52894674fdbe8fd0fcc99a53d29111368043c09db08409
266,T14486,"Cardiovascular, Neuropeptides, and Oxidative Stress Research",0.044444444444444446,review,Surgery,0.0,Cardiology and Cardiovascular Medicine,0.39999999999999997,10,c40c446d67677ec9cd52894674fdbe8fd0fcc99a53d29111368043c09db08409
267,T10986,RFID technology advancements,0.04444444444444444,review,Media Technology,0.0,Information Systems,0.41948051948051945,10,c40c446d67677ec9cd52894674fdbe8fd0fcc99a53d29111368043c09db08409
268,T11150,Endoplasmic Reticulum Stress and Disease,0.04444444444444444,review,Cell Biology,0.0,Molecular Biology,0.475,10,c40c446d67677ec9cd52894674fdbe8fd0fcc99a53d29111368043c09db08409
269,T11755,Transboundary Water Resource Management,0.04444444444444444,review,Sociology and Political Science,0.0,Global and Planetary Change,0.37777777777777777,10,c40c446d67677ec9cd52894674fdbe8fd0fcc99a53d29111368043c09db08409
270,T11948,Machine Learning in Materials Science,0.04444444444444444,review,Materials Chemistry,0.0,Artificial Intelligence,0.37777777777777777,10,c40c446d67677ec9cd52894674fdbe8fd0fcc99a53d29111368043c09db08409
271,T12319,Fish Biology and Ecology Studies,0.04444444444444444,review,Aquatic Science,0.0,"Ecology, Evolution, Behavior and Systematics",0.37777777777777777,10,c40c446d67677ec9cd52894674fdbe8fd0fcc99a53d29111368043c09db08409
272,T12545,Global Education and Multiculturalism,0.04444444444444444,review,Education,0.0,Sociology and Political Science,0.37777777777777777,10,c40c446d67677ec9cd52894674fdbe8fd0fcc99a53d29111368043c09db08409
273,T12810,Real-time simulation and control systems,0.04444444444444444,review,Control and Systems Engineering,0.05625,Electrical and Electronic Engineering,0.53125,10,c40c446d67677ec9cd52894674fdbe8fd0fcc99a53d29111368043c09db08409
274,T13359,Sports Science and Education,0.04444444444444444,review,History and Philosophy of Science,0.0,Education,0.37777777777777777,10,c40c446d67677ec9cd52894674fdbe8fd0fcc99a53d29111368043c09db08409
275,T13609,"Economic, Social, and Public Health Issues in Russia and Globally",0.04444444444444444,review,Management Science and Operations Research,0.0,"General Economics, Econometrics and Finance",0.37777777777777777,10,c40c446d67677ec9cd52894674fdbe8fd0fcc99a53d29111368043c09db08409
276,T13980,Alexander von Humboldt Studies,0.04444444444444444,review,Microbiology,0.0,Education,0.4222222222222222,10,c40c446d67677ec9cd52894674fdbe8fd0fcc99a53d29111368043c09db08409
277,T14004,History and Cultural Heritage,0.04444444444444444,review,Cultural Studies,0.0,Sociology and Political Science,0.37777777777777777,10,c40c446d67677ec9cd52894674fdbe8fd0fcc99a53d29111368043c09db08409
278,T12285,Surface Chemistry and Catalysis,0.04385964912280702,review,Biomedical Engineering,0.0,Materials Chemistry,0.4961089494163424,10,c40c446d67677ec9cd52894674fdbe8fd0fcc99a53d29111368043c09db08409
279,T10652,Racial and Ethnic Identity Research,0.043859649122807015,review,Sociology and Political Science,0.075,Clinical Psychology,0.7,10,c40c446d67677ec9cd52894674fdbe8fd0fcc99a53d29111368043c09db08409
280,T11122,Online Learning and Analytics,0.043859649122807015,review,Computer Science Applications,0.0,Education,0.53125,10,c40c446d67677ec9cd52894674fdbe8fd0fcc99a53d29111368043c09db08409
281,T12119,Linguistics and Discourse Analysis,0.043859649122807015,review,Philosophy,0.0,Language and Linguistics,0.5,10,c40c446d67677ec9cd52894674fdbe8fd0fcc99a53d29111368043c09db08409
282,T13541,IoT-based Control Systems,0.043859649122807015,review,Computer Science Applications,0.0,Education,0.5357142857142857,10,c40c446d67677ec9cd52894674fdbe8fd0fcc99a53d29111368043c09db08409
283,T14236,Educational Tools and Methods,0.043859649122807015,review,Safety Research,0.0,Education,0.5357142857142857,10,c40c446d67677ec9cd52894674fdbe8fd0fcc99a53d29111368043c09db08409
284,T14198,Philosophical Thought and Analysis,0.042857142857142864,review,General Social Sciences,0.0989399293286219,History and Philosophy of Science,0.22614840989399293,10,c40c446d67677ec9cd52894674fdbe8fd0fcc99a53d29111368043c09db08409
285,T13962,Omental and Epiploic Conditions,0.04269005847953217,review,Rheumatology,0.0,Surgery,0.6636363636363637,10,c40c446d67677ec9cd52894674fdbe8fd0fcc99a53d29111368043c09db08409
286,T14017,Legal Issues in Education,0.04269005847953216,review,Law,0.0,Education,0.73,10,c40c446d67677ec9cd52894674fdbe8fd0fcc99a53d29111368043c09db08409
287,T12430,Academic and Historical Perspectives in Psychology,0.04264705882352942,review,General Psychology,0.0,General Social Sciences,0.30887573964497045,10,c40c446d67677ec9cd52894674fdbe8fd0fcc99a53d29111368043c09db08409
288,T12533,Aldose Reductase and Taurine,0.04264705882352942,review,Cell Biology,0.0,Biochemistry,0.26907216494845365,10,c40c446d67677ec9cd52894674fdbe8fd0fcc99a53d29111368043c09db08409
289,T13668,Agricultural and Rural Development Research,0.04264705882352942,review,Forestry,0.0,General Agricultural and Biological Sciences,0.2584158415841585,10,c40c446d67677ec9cd52894674fdbe8fd0fcc99a53d29111368043c09db08409
290,T13775,Hydrogen's biological and therapeutic effects,0.04264705882352942,review,Surgery,0.0,Biochemistry,0.2230769230769231,10,c40c446d67677ec9cd52894674fdbe8fd0fcc99a53d29111368043c09db08409
291,T10634,Food Allergy and Anaphylaxis Research,0.04264705882352941,review,Immunology and Allergy,0.0,Surgery,0.25970149253731345,10,c40c446d67677ec9cd52894674fdbe8fd0fcc99a53d29111368043c09db08409
292,T11555,Methodologies in Health Research and Practice,0.04264705882352941,review,Health Information Management,0.0,"Public Health, Environmental and Occupational Health",0.3242236024844721,10,c40c446d67677ec9cd52894674fdbe8fd0fcc99a53d29111368043c09db08409
293,T11613,Phytochemistry and Biological Activities,0.04264705882352941,review,Plant Science,0.0,Molecular Biology,0.24976076555023924,10,c40c446d67677ec9cd52894674fdbe8fd0fcc99a53d29111368043c09db08409
294,T12902,Public Policy and Governance,0.04264705882352941,review,Political Science and International Relations,0.29430051813471503,Sociology and Political Science,0.5647668393782384,10,c40c446d67677ec9cd52894674fdbe8fd0fcc99a53d29111368043c09db08409
295,T13225,Polish-Jewish Holocaust Memory Studies,0.04264705882352941,review,Philosophy,0.0,Visual Arts and Performing Arts,0.2,10,c40c446d67677ec9cd52894674fdbe8fd0fcc99a53d29111368043c09db08409
296,T13522,Cardiovascular Health and Risk Factors,0.04264705882352941,review,Cardiology and Cardiovascular Medicine,0.0,General Health Professions,0.29491525423728815,10,c40c446d67677ec9cd52894674fdbe8fd0fcc99a53d29111368043c09db08409
297,T13550,Diverse Applied Research Studies,0.04264705882352941,review,Sociology and Political Science,0.1259259259259259,Education,0.34074074074074073,10,c40c446d67677ec9cd52894674fdbe8fd0fcc99a53d29111368043c09db08409
298,T12447,Spider Taxonomy and Behavior Studies,0.041959064327485376,review,Genetics,0.058536585365853655,"Ecology, Evolution, Behavior and Systematics",0.5252032520325203,10,c40c446d67677ec9cd52894674fdbe8fd0fcc99a53d29111368043c09db08409
299,T12554,Vitamin C and Antioxidants Research,0.04183006535947713,review,Nutrition and Dietetics,0.07351351351351351,Complementary and alternative medicine,0.3502702702702703,10,c40c446d67677ec9cd52894674fdbe8fd0fcc99a53d29111368043c09db08409
300,T12582,Flavonoids in Medical Research,0.04183006535947713,review,Pharmacology,0.08095238095238094,Complementary and alternative medicine,0.38571428571428573,10,c40c446d67677ec9cd52894674fdbe8fd0fcc99a53d29111368043c09db08409
301,T12148,Brazilian Legal Issues,0.04183006535947712,review,Law,0.36666666666666664,Political Science and International Relations,0.6333333333333333,10,c40c446d67677ec9cd52894674fdbe8fd0fcc99a53d29111368043c09db08409
302,T10352,Physical Activity and Health,0.03986928104575164,review,Physiology,0.0,"Public Health, Environmental and Occupational Health",0.32105263157894737,10,c40c446d67677ec9cd52894674fdbe8fd0fcc99a53d29111368043c09db08409
303,T10509,"Religion, Spirituality, and Psychology",0.03986928104575164,review,Health,0.0,Social Psychology,0.2904761904761905,10,c40c446d67677ec9cd52894674fdbe8fd0fcc99a53d29111368043c09db08409
304,T10569,Bariatric Surgery and Outcomes,0.03986928104575164,review,Surgery,0.0,"Endocrinology, Diabetes and Metabolism",0.35661538461538467,10,c40c446d67677ec9cd52894674fdbe8fd0fcc99a53d29111368043c09db08409
305,T11241,Advanced Malware Detection Techniques,0.03986928104575164,review,Signal Processing,0.0,Artificial Intelligence,0.305,10,c40c446d67677ec9cd52894674fdbe8fd0fcc99a53d29111368043c09db08409
306,T11691,Forest Insect Ecology and Management,0.03986928104575164,review,Ecology,0.0,Global and Planetary Change,0.32105263157894737,10,c40c446d67677ec9cd52894674fdbe8fd0fcc99a53d29111368043c09db08409
307,T11903,Private Equity and Venture Capital,0.03986928104575164,review,Accounting,0.0,Organizational Behavior and Human Resource Management,0.32105263157894737,10,c40c446d67677ec9cd52894674fdbe8fd0fcc99a53d29111368043c09db08409
308,T11916,Legionella and Acanthamoeba research,0.03986928104575164,review,Endocrinology,0.0,Infectious Diseases,0.305,10,c40c446d67677ec9cd52894674fdbe8fd0fcc99a53d29111368043c09db08409
309,T12025,Hepatitis Viruses Studies and Epidemiology,0.03986928104575164,review,Hepatology,0.0,Epidemiology,0.305,10,c40c446d67677ec9cd52894674fdbe8fd0fcc99a53d29111368043c09db08409
310,T12312,"Culture, Economy, and Development Studies",0.03986928104575164,review,Demography,0.0,Economics and Econometrics,0.32105263157894737,10,c40c446d67677ec9cd52894674fdbe8fd0fcc99a53d29111368043c09db08409
311,T12419,Phonocardiography and Auscultation Techniques,0.03986928104575164,review,Pulmonary and Respiratory Medicine,0.0,Artificial Intelligence,0.32105263157894737,10,c40c446d67677ec9cd52894674fdbe8fd0fcc99a53d29111368043c09db08409
312,T12499,"Diphtheria, Corynebacterium, and Tetanus",0.03986928104575164,review,Endocrinology,0.0,Epidemiology,0.32105263157894737,10,c40c446d67677ec9cd52894674fdbe8fd0fcc99a53d29111368043c09db08409
313,T12927,"Memory, History, Trauma, Identity",0.03986928104575164,review,Philosophy,0.0,Cultural Studies,0.3388888888888889,10,c40c446d67677ec9cd52894674fdbe8fd0fcc99a53d29111368043c09db08409
314,T13021,Geology and Environmental Impact Studies,0.03986928104575164,review,Law,0.0,"Management, Monitoring, Policy and Law",0.3388888888888889,10,c40c446d67677ec9cd52894674fdbe8fd0fcc99a53d29111368043c09db08409
315,T13231,"History, Culture, and Diplomacy",0.03986928104575164,review,History,0.0,Political Science and International Relations,0.305,10,c40c446d67677ec9cd52894674fdbe8fd0fcc99a53d29111368043c09db08409
316,T13446,"Antioxidants, Aging, Portulaca oleracea",0.03986928104575164,review,Cellular and Molecular Neuroscience,0.0,Physiology,0.26521739130434785,10,c40c446d67677ec9cd52894674fdbe8fd0fcc99a53d29111368043c09db08409
317,T13475,Digital Transformation in Law,0.03986928104575164,review,"General Economics, Econometrics and Finance",0.0,Political Science and International Relations,0.3388888888888889,10,c40c446d67677ec9cd52894674fdbe8fd0fcc99a53d29111368043c09db08409
318,T13606,Umberto Eco and Semiotics,0.03986928104575164,review,Language and Linguistics,0.0,Literature and Literary Theory,0.45097276264591446,10,c40c446d67677ec9cd52894674fdbe8fd0fcc99a53d29111368043c09db08409
319,T13677,Magnolia and Illicium research,0.03986928104575164,review,Rehabilitation,0.0,Pharmacology,0.32105263157894737,10,c40c446d67677ec9cd52894674fdbe8fd0fcc99a53d29111368043c09db08409
320,T13706,Management and Optimization Techniques,0.03986928104575164,review,Strategy and Management,0.0,Management Information Systems,0.3982817869415808,10,c40c446d67677ec9cd52894674fdbe8fd0fcc99a53d29111368043c09db08409
321,T13773,International Labor and Employment Law,0.03986928104575164,review,Political Science and International Relations,0.0,Sociology and Political Science,0.305,10,c40c446d67677ec9cd52894674fdbe8fd0fcc99a53d29111368043c09db08409
322,T13990,Engine and Fuel Emissions,0.03986928104575164,review,Automotive Engineering,0.0,"Renewable Energy, Sustainability and the Environment",0.3388888888888889,10,c40c446d67677ec9cd52894674fdbe8fd0fcc99a53d29111368043c09db08409
323,T14225,Advanced Sensor and Control Systems,0.03986928104575164,review,Control and Systems Engineering,0.0,Artificial Intelligence,0.3388888888888889,10,c40c446d67677ec9cd52894674fdbe8fd0fcc99a53d29111368043c09db08409
324,T14252,Water and Wastewater Treatment,0.03986928104575164,review,Computational Mechanics,0.0,"Management, Monitoring, Policy and Law",0.3388888888888889,10,c40c446d67677ec9cd52894674fdbe8fd0fcc99a53d29111368043c09db08409
325,T14420,Advanced Research in Systems and Signal Processing,0.03986928104575164,review,Control and Systems Engineering,0.0,Artificial Intelligence,0.3388888888888889,10,c40c446d67677ec9cd52894674fdbe8fd0fcc99a53d29111368043c09db08409
326,T12223,Leptospirosis research and findings,0.03986928104575163,review,Parasitology,0.0,"Public Health, Environmental and Occupational Health",0.2772727272727273,10,c40c446d67677ec9cd52894674fdbe8fd0fcc99a53d29111368043c09db08409
327,T12334,Lung Cancer Research Studies,0.03986928104575163,review,Oncology,0.0927161822748475,Pulmonary and Respiratory Medicine,0.4254036598493003,10,c40c446d67677ec9cd52894674fdbe8fd0fcc99a53d29111368043c09db08409
328,T13643,Artificial Intelligence in Law,0.03986928104575163,review,Political Science and International Relations,0.0,Artificial Intelligence,0.2772727272727273,10,c40c446d67677ec9cd52894674fdbe8fd0fcc99a53d29111368043c09db08409
329,T13753,Diverse multidisciplinary academic research,0.03986928104575163,review,Cultural Studies,0.0894736842105263,Sociology and Political Science,0.41052631578947363,10,c40c446d67677ec9cd52894674fdbe8fd0fcc99a53d29111368043c09db08409
330,T13956,Sociopolitical Dynamics in Nepal,0.03986928104575163,review,Demography,0.09444444444444444,Sociology and Political Science,0.4333333333333333,10,c40c446d67677ec9cd52894674fdbe8fd0fcc99a53d29111368043c09db08409
331,T14204,Railway Systems and Materials Science,0.03986928104575163,review,Mechanics of Materials,0.08499999999999999,Materials Chemistry,0.38999999999999996,10,c40c446d67677ec9cd52894674fdbe8fd0fcc99a53d29111368043c09db08409
332,T14268,Evolving Legal Systems and Governance,0.03986928104575163,review,Law,0.3375,Political Science and International Relations,0.5916666666666667,10,c40c446d67677ec9cd52894674fdbe8fd0fcc99a53d29111368043c09db08409
333,T14278,Marxism and Critical Theory,0.03986928104575163,review,Philosophy,0.10487012987012986,Sociology and Political Science,0.48116883116883113,10,c40c446d67677ec9cd52894674fdbe8fd0fcc99a53d29111368043c09db08409
334,T14422,"Sociology, Governance, and Technology",0.03986928104575163,review,Sociology and Political Science,0.09444444444444444,Education,0.4333333333333333,10,c40c446d67677ec9cd52894674fdbe8fd0fcc99a53d29111368043c09db08409
335,T14516,English Language Learning and Teaching,0.039869281045751624,review,Information Systems,0.2833333333333333,Education,0.6222222222222221,10,c40c446d67677ec9cd52894674fdbe8fd0fcc99a53d29111368043c09db08409
336,T10225,Essential Oils and Antimicrobial Activity,0.03928448572411422,review,Food Science,0.11788321167883212,Plant Science,0.5346715328467154,10,c40c446d67677ec9cd52894674fdbe8fd0fcc99a53d29111368043c09db08409
337,T11530,Business and Management Studies,0.03928448572411421,review,Information Systems and Management,0.0,Education,0.38976109215017063,10,c40c446d67677ec9cd52894674fdbe8fd0fcc99a53d29111368043c09db08409
338,T13536,Psychological and Temporal Perspectives Research,0.03928448572411421,review,Experimental and Cognitive Psychology,0.0,Social Psychology,0.554368932038835,10,c40c446d67677ec9cd52894674fdbe8fd0fcc99a53d29111368043c09db08409
339,T13682,Engineering Education and Pedagogy,0.03928448572411421,review,Architecture,0.0,Education,0.5121076233183857,10,c40c446d67677ec9cd52894674fdbe8fd0fcc99a53d29111368043c09db08409
340,T14461,Medicinal Plant Studies,0.03928448572411421,review,Complementary and alternative medicine,0.0,Plant Science,0.5121076233183857,10,c40c446d67677ec9cd52894674fdbe8fd0fcc99a53d29111368043c09db08409
341,T10710,Arsenic contamination and mitigation,0.03859649122807018,review,Environmental Chemistry,0.0,Water Science and Technology,0.3313644418192558,10,c40c446d67677ec9cd52894674fdbe8fd0fcc99a53d29111368043c09db08409
342,T10890,Trypanosoma species research and implications,0.03859649122807018,review,Epidemiology,0.0,"Public Health, Environmental and Occupational Health",0.38823529411764707,10,c40c446d67677ec9cd52894674fdbe8fd0fcc99a53d29111368043c09db08409
343,T13731,Advanced Computing and Algorithms,0.03859649122807018,review,Urban Studies,0.0,Computer Networks and Communications,0.34523076923076923,10,c40c446d67677ec9cd52894674fdbe8fd0fcc99a53d29111368043c09db08409
344,T13821,Coaching Methods and Impact,0.03859649122807018,review,Applied Psychology,0.0,Organizational Behavior and Human Resource Management,0.38823529411764707,10,c40c446d67677ec9cd52894674fdbe8fd0fcc99a53d29111368043c09db08409
345,T10059,Bone Tissue Engineering Materials,0.03859649122807017,review,Biomedical Engineering,0.0,Biomaterials,0.5076923076923077,10,c40c446d67677ec9cd52894674fdbe8fd0fcc99a53d29111368043c09db08409
346,T10480,Ionic liquids properties and applications,0.03859649122807017,review,Catalysis,0.0,Organic Chemistry,0.4125,10,c40c446d67677ec9cd52894674fdbe8fd0fcc99a53d29111368043c09db08409
347,T11011,Frailty in Older Adults,0.03859649122807017,review,Geriatrics and Gerontology,0.0,Physiology,0.44,10,c40c446d67677ec9cd52894674fdbe8fd0fcc99a53d29111368043c09db08409
348,T12444,"Art, Politics, and Modernism",0.03859649122807017,review,Visual Arts and Performing Arts,0.0,Sociology and Political Science,0.4714285714285714,10,c40c446d67677ec9cd52894674fdbe8fd0fcc99a53d29111368043c09db08409
349,T12524,Chemical Synthesis and Characterization,0.03859649122807017,review,Waste Management and Disposal,0.0,Materials Chemistry,0.5076923076923077,10,c40c446d67677ec9cd52894674fdbe8fd0fcc99a53d29111368043c09db08409
350,T12776,Electrohydrodynamics and Fluid Dynamics,0.03859649122807017,review,Electrical and Electronic Engineering,0.0,Biomaterials,0.44,10,c40c446d67677ec9cd52894674fdbe8fd0fcc99a53d29111368043c09db08409
351,T12954,Law and Political Science,0.03859649122807017,review,Law,0.12666666666666668,Political Science and International Relations,0.5666666666666667,10,c40c446d67677ec9cd52894674fdbe8fd0fcc99a53d29111368043c09db08409
352,T13036,Veterinary Practice and Education Studies,0.03859649122807017,review,Speech and Hearing,0.11875,Clinical Psychology,0.53125,10,c40c446d67677ec9cd52894674fdbe8fd0fcc99a53d29111368043c09db08409
353,T13765,Social Science and Policy Research,0.03859649122807017,review,General Social Sciences,0.0,Sociology and Political Science,0.44,10,c40c446d67677ec9cd52894674fdbe8fd0fcc99a53d29111368043c09db08409
354,T13814,Cultural and political discourse analysis,0.03859649122807017,review,Linguistics and Language,0.0,Sociology and Political Science,0.5076923076923077,10,c40c446d67677ec9cd52894674fdbe8fd0fcc99a53d29111368043c09db08409
355,T13820,SAS software applications and methods,0.03859649122807017,review,Biomedical Engineering,0.0,Organic Chemistry,0.44,10,c40c446d67677ec9cd52894674fdbe8fd0fcc99a53d29111368043c09db08409
356,T14487,Science and Science Education,0.03859649122807017,review,Political Science and International Relations,0.0,Education,0.44,10,c40c446d67677ec9cd52894674fdbe8fd0fcc99a53d29111368043c09db08409
357,T13006,Spanish History and Politics,0.03830409356725146,review,History,0.06761565836298933,Sociology and Political Science,0.5338078291814947,10,c40c446d67677ec9cd52894674fdbe8fd0fcc99a53d29111368043c09db08409
358,T13549,Minority Rights and Languages,0.03807189542483661,review,Political Science and International Relations,0.14702702702702702,Law,0.398918918918919,10,c40c446d67677ec9cd52894674fdbe8fd0fcc99a53d29111368043c09db08409
359,T13178,Theology and Canon Law Studies,0.03801169590643275,review,Religious studies,0.0,Political Science and International Relations,0.42996108949416345,10,c40c446d67677ec9cd52894674fdbe8fd0fcc99a53d29111368043c09db08409
360,T10112,HIV Research and Treatment,0.038011695906432746,review,Virology,0.0,Infectious Diseases,0.43333333333333335,10,c40c446d67677ec9cd52894674fdbe8fd0fcc99a53d29111368043c09db08409
361,T11295,Counseling Practices and Supervision,0.038011695906432746,review,Social Psychology,0.0,Education,0.4642857142857143,10,c40c446d67677ec9cd52894674fdbe8fd0fcc99a53d29111368043c09db08409
362,T11380,Child Welfare and Adoption,0.038011695906432746,review,Safety Research,0.0,Clinical Psychology,0.5909090909090909,10,c40c446d67677ec9cd52894674fdbe8fd0fcc99a53d29111368043c09db08409
363,T12136,Vanadium and Halogenation Chemistry,0.038011695906432746,review,Inorganic Chemistry,0.0,Organic Chemistry,0.5909090909090909,10,c40c446d67677ec9cd52894674fdbe8fd0fcc99a53d29111368043c09db08409
364,T12985,Maritime Security and History,0.038011695906432746,review,Transportation,0.0,Political Science and International Relations,0.5909090909090909,10,c40c446d67677ec9cd52894674fdbe8fd0fcc99a53d29111368043c09db08409
365,T13419,Ego Development and Educational Practices,0.038011695906432746,review,Clinical Psychology,0.0,Organizational Behavior and Human Resource Management,0.5416666666666666,10,c40c446d67677ec9cd52894674fdbe8fd0fcc99a53d29111368043c09db08409
366,T13614,Social and Economic Solidarity,0.038011695906432746,review,Sociology and Political Science,0.0,Education,0.5,10,c40c446d67677ec9cd52894674fdbe8fd0fcc99a53d29111368043c09db08409
367,T10605,Historical Economic and Social Studies,0.03790849673202615,review,Economics and Econometrics,0.14210526315789473,Sociology and Political Science,0.4473684210526316,10,c40c446d67677ec9cd52894674fdbe8fd0fcc99a53d29111368043c09db08409
368,T12166,Ion-surface interactions and analysis,0.03742690058479532,review,Computational Mechanics,0.0,Materials Chemistry,0.64,10,c40c446d67677ec9cd52894674fdbe8fd0fcc99a53d29111368043c09db08409
369,T14049,Plant and Fungal Species Descriptions,0.03742690058479532,review,Molecular Biology,0.0,"Ecology, Evolution, Behavior and Systematics",0.64,10,c40c446d67677ec9cd52894674fdbe8fd0fcc99a53d29111368043c09db08409
370,T11982,Rhetoric and Communication Studies,0.037426900584795315,review,Philosophy,0.0,Sociology and Political Science,0.5818181818181818,10,c40c446d67677ec9cd52894674fdbe8fd0fcc99a53d29111368043c09db08409
371,T13528,Water Resources and Governance,0.03709150326797385,review,Law,0.3100848256361923,Political Science and International Relations,0.5240339302544769,10,c40c446d67677ec9cd52894674fdbe8fd0fcc99a53d29111368043c09db08409
372,T12898,Induction Heating and Inverter Technology,0.03684210526315789,review,Mechanical Engineering,0.0,Electrical and Electronic Engineering,0.7,10,c40c446d67677ec9cd52894674fdbe8fd0fcc99a53d29111368043c09db08409
373,T12842,"Youth, Drugs, and Violence",0.036111111111111115,review,Demography,0.0,Clinical Psychology,0.26153846153846155,10,c40c446d67677ec9cd52894674fdbe8fd0fcc99a53d29111368043c09db08409
374,T12885,Digital Innovation in Industries,0.036111111111111115,review,Management of Technology and Innovation,0.0,Artificial Intelligence,0.26153846153846155,10,c40c446d67677ec9cd52894674fdbe8fd0fcc99a53d29111368043c09db08409
375,T11979,Garlic and Onion Studies,0.03611111111111111,review,Plant Science,0.0,Pathology and Forensic Medicine,0.2497175141242938,10,c40c446d67677ec9cd52894674fdbe8fd0fcc99a53d29111368043c09db08409
376,T13879,Indigenous Peoples' Rights and Law,0.03611111111111111,review,Law,0.29430051813471503,Political Science and International Relations,0.5233160621761658,10,c40c446d67677ec9cd52894674fdbe8fd0fcc99a53d29111368043c09db08409
377,T14266,"Interdisciplinary Studies: Technology, Society, and Humanities",0.0361111111111111,review,History and Philosophy of Science,0.10285714285714286,Education,0.3133333333333333,10,c40c446d67677ec9cd52894674fdbe8fd0fcc99a53d29111368043c09db08409
378,T10753,Microplastics and Plastic Pollution,0.03529411764705883,review,Pollution,0.0938953488372093,Waste Management and Disposal,0.3921511627906977,10,c40c446d67677ec9cd52894674fdbe8fd0fcc99a53d29111368043c09db08409
379,T11479,Smart Cities and Technologies,0.03529411764705883,review,Media Technology,0.0,Industrial and Manufacturing Engineering,0.22383419689119174,10,c40c446d67677ec9cd52894674fdbe8fd0fcc99a53d29111368043c09db08409
380,T12757,Diverse Academia and Research Topics,0.03529411764705883,review,Experimental and Cognitive Psychology,0.11670480549199085,Philosophy,0.28146453089244855,10,c40c446d67677ec9cd52894674fdbe8fd0fcc99a53d29111368043c09db08409
381,T12975,Paraoxonase enzyme and polymorphisms,0.03529411764705883,review,Clinical Biochemistry,0.0,Biochemistry,0.192,10,c40c446d67677ec9cd52894674fdbe8fd0fcc99a53d29111368043c09db08409
382,T13268,Photographic and Visual Arts,0.03529411764705883,review,Museology,0.0,Literature and Literary Theory,0.27,10,c40c446d67677ec9cd52894674fdbe8fd0fcc99a53d29111368043c09db08409
383,T13776,Phytochemical and Pharmacological Studies,0.03529411764705883,review,Complementary and alternative medicine,0.0,Food Science,0.2571428571428572,10,c40c446d67677ec9cd52894674fdbe8fd0fcc99a53d29111368043c09db08409
384,T13786,Diverse Academic Research Studies,0.03529411764705883,review,Cultural Studies,0.0,Sociology and Political Science,0.18461538461538463,10,c40c446d67677ec9cd52894674fdbe8fd0fcc99a53d29111368043c09db08409
385,T14124,"Food, Nutrition, and Cultural Practices",0.03529411764705883,review,Food Science,0.09999999999999999,Economics and Econometrics,0.3,10,c40c446d67677ec9cd52894674fdbe8fd0fcc99a53d29111368043c09db08409
386,T14242,"Nutrition, Health, and Society Studies",0.03529411764705883,review,Food Science,0.0,General Agricultural and Biological Sciences,0.2571428571428572,10,c40c446d67677ec9cd52894674fdbe8fd0fcc99a53d29111368043c09db08409
387,T14350,"Innovation, Sustainability, Human-Machine Systems",0.03529411764705883,review,Sociology and Political Science,0.0,Global and Planetary Change,0.27,10,c40c446d67677ec9cd52894674fdbe8fd0fcc99a53d29111368043c09db08409
388,T14375,"Cultural, Linguistic, Economic Studies",0.03529411764705883,review,General Social Sciences,0.09999999999999999,Sociology and Political Science,0.3,10,c40c446d67677ec9cd52894674fdbe8fd0fcc99a53d29111368043c09db08409
389,T11001,Renin-Angiotensin System Studies,0.03529411764705882,review,Cardiology and Cardiovascular Medicine,0.0894736842105263,Nutrition and Dietetics,0.3736842105263158,10,c40c446d67677ec9cd52894674fdbe8fd0fcc99a53d29111368043c09db08409
390,T12129,Global Energy Security and Policy,0.03529411764705882,review,General Energy,0.0,Global and Planetary Change,0.24545454545454548,10,c40c446d67677ec9cd52894674fdbe8fd0fcc99a53d29111368043c09db08409
391,T12336,Insect Utilization and Effects,0.03529411764705882,review,Insect Science,0.0,General Agricultural and Biological Sciences,0.24545454545454548,10,c40c446d67677ec9cd52894674fdbe8fd0fcc99a53d29111368043c09db08409
392,T12467,Rangeland Management and Livestock Ecology,0.03529411764705882,review,"Management, Monitoring, Policy and Law",0.0,"Ecology, Evolution, Behavior and Systematics",0.28421052631578947,10,c40c446d67677ec9cd52894674fdbe8fd0fcc99a53d29111368043c09db08409
393,T12639,Global Energy and Sustainability Research,0.03529411764705882,review,"Renewable Energy, Sustainability and the Environment",0.0,Global and Planetary Change,0.24545454545454548,10,c40c446d67677ec9cd52894674fdbe8fd0fcc99a53d29111368043c09db08409
394,T12641,Historical and socio-economic studies of Spain and related regions,0.03529411764705882,review,Economics and Econometrics,0.10334928229665072,General Agricultural and Biological Sciences,0.31004784688995213,10,c40c446d67677ec9cd52894674fdbe8fd0fcc99a53d29111368043c09db08409
395,T12702,Brain Tumor Detection and Classification,0.03529411764705882,review,Neurology,0.0,"Radiology, Nuclear Medicine and Imaging",0.24545454545454548,10,c40c446d67677ec9cd52894674fdbe8fd0fcc99a53d29111368043c09db08409
396,T12942,Cultural Studies and Postmodernism,0.03529411764705882,review,Communication,0.0,Information Systems,0.24545454545454548,10,c40c446d67677ec9cd52894674fdbe8fd0fcc99a53d29111368043c09db08409
397,T13335,Pharmacological Effects of Medicinal Plants,0.03529411764705882,review,Pharmacology,0.07351351351351351,Molecular Biology,0.30702702702702706,10,c40c446d67677ec9cd52894674fdbe8fd0fcc99a53d29111368043c09db08409
398,T13479,Food Science and Nutritional Studies,0.03529411764705882,review,Nutrition and Dietetics,0.0,Pharmacology,0.23478260869565218,10,c40c446d67677ec9cd52894674fdbe8fd0fcc99a53d29111368043c09db08409
399,T13708,History of Emotions Research,0.03529411764705882,review,History,0.08888888888888889,Literature and Literary Theory,0.26666666666666666,10,c40c446d67677ec9cd52894674fdbe8fd0fcc99a53d29111368043c09db08409
400,T13860,Arts and Performance Studies,0.03529411764705882,review,Visual Arts and Performing Arts,0.0,General Arts and Humanities,0.20669856459330144,10,c40c446d67677ec9cd52894674fdbe8fd0fcc99a53d29111368043c09db08409
401,T13870,Environmental and Ecological Studies,0.03529411764705882,review,"Renewable Energy, Sustainability and the Environment",0.07046632124352331,"Management, Monitoring, Policy and Law",0.29430051813471503,10,c40c446d67677ec9cd52894674fdbe8fd0fcc99a53d29111368043c09db08409
402,T14070,Knowledge Societies in the 21st Century,0.03529411764705882,review,Demography,0.0,Information Systems,0.225,10,c40c446d67677ec9cd52894674fdbe8fd0fcc99a53d29111368043c09db08409
403,T14322,"Art, Aesthetics, and Perception",0.03529411764705882,review,Visual Arts and Performing Arts,0.096,Literature and Literary Theory,0.288,10,c40c446d67677ec9cd52894674fdbe8fd0fcc99a53d29111368043c09db08409
404,T14480,Historical Education and Society,0.03529411764705882,review,Education,0.0894736842105263,History,0.3736842105263158,10,c40c446d67677ec9cd52894674fdbe8fd0fcc99a53d29111368043c09db08409
405,T13033,Social Sciences and Governance,0.03402132782937737,review,Urban Studies,0.0,Sociology and Political Science,0.4120833333333334,10,c40c446d67677ec9cd52894674fdbe8fd0fcc99a53d29111368043c09db08409
406,T13099,"Health, Medicine and Society",0.03402132782937737,review,General Health Professions,0.0,"Public Health, Environmental and Occupational Health",0.4434977578475337,10,c40c446d67677ec9cd52894674fdbe8fd0fcc99a53d29111368043c09db08409
407,T13373,Data Mining and Machine Learning Applications,0.03402132782937736,review,Information Systems,0.19876923076923078,Artificial Intelligence,0.5030769230769231,10,c40c446d67677ec9cd52894674fdbe8fd0fcc99a53d29111368043c09db08409
408,T13376,Criminal Law and Policy,0.03402132782937736,review,Sociology and Political Science,0.07427184466019418,Law,0.554368932038835,10,c40c446d67677ec9cd52894674fdbe8fd0fcc99a53d29111368043c09db08409
409,T12749,"Race, Genetics, and Society",0.03391812865497076,review,Genetics,0.13846153846153847,Sociology and Political Science,0.5846153846153846,10,c40c446d67677ec9cd52894674fdbe8fd0fcc99a53d29111368043c09db08409
410,T12452,Electrowetting and Microfluidic Technologies,0.03343653250773994,review,Electrical and Electronic Engineering,0.0,Biomedical Engineering,1.0,4,c40c446d67677ec9cd52894674fdbe8fd0fcc99a53d29111368043c09db08409
411,T12937,Chemotherapy-related skin toxicity,0.03343653250773994,review,Dermatology,0.0,Pulmonary and Respiratory Medicine,0.40499999999999997,10,c40c446d67677ec9cd52894674fdbe8fd0fcc99a53d29111368043c09db08409
412,T13794,Financial Reporting and XBRL,0.03343653250773994,review,Management Information Systems,0.0,Accounting,0.5142857142857142,10,c40c446d67677ec9cd52894674fdbe8fd0fcc99a53d29111368043c09db08409
413,T10096,Metal-Organic Frameworks: Synthesis and Applications,0.03333333333333333,review,Inorganic Chemistry,0.0,Materials Chemistry,0.38,10,c40c446d67677ec9cd52894674fdbe8fd0fcc99a53d29111368043c09db08409
414,T10106,Autism Spectrum Disorder Research,0.03333333333333333,review,Cognitive Neuroscience,0.0,Genetics,0.3,10,c40c446d67677ec9cd52894674fdbe8fd0fcc99a53d29111368043c09db08409
415,T10149,Anthropological Studies and Insights,0.03333333333333333,review,Anthropology,0.09999999999999999,Sociology and Political Science,0.39999999999999997,10,c40c446d67677ec9cd52894674fdbe8fd0fcc99a53d29111368043c09db08409
416,T10156,"LGBTQ Health, Identity, and Policy",0.03333333333333333,review,Social Psychology,0.0,Sociology and Political Science,0.33298969072164947,10,c40c446d67677ec9cd52894674fdbe8fd0fcc99a53d29111368043c09db08409
417,T10178,Cancer survivorship and care,0.03333333333333333,review,Oncology,0.0,Clinical Psychology,0.3,10,c40c446d67677ec9cd52894674fdbe8fd0fcc99a53d29111368043c09db08409
418,T10235,Health disparities and outcomes,0.03333333333333333,review,Health,0.075,General Health Professions,0.55,10,c40c446d67677ec9cd52894674fdbe8fd0fcc99a53d29111368043c09db08409
419,T10272,Mental Health Treatment and Access,0.03333333333333333,review,Social Psychology,0.0,"Public Health, Environmental and Occupational Health",0.3,10,c40c446d67677ec9cd52894674fdbe8fd0fcc99a53d29111368043c09db08409
420,T10332,Amphibian and Reptile Biology,0.03333333333333333,review,Global and Planetary Change,0.0,Ecology,0.31666666666666665,10,c40c446d67677ec9cd52894674fdbe8fd0fcc99a53d29111368043c09db08409
421,T10389,Polymer crystallization and properties,0.03333333333333333,review,Polymers and Plastics,0.0,Mechanical Engineering,0.475,10,c40c446d67677ec9cd52894674fdbe8fd0fcc99a53d29111368043c09db08409
422,T10671,Gastroesophageal reflux and treatments,0.03333333333333333,review,Gastroenterology,0.0,Surgery,0.40714285714285714,10,c40c446d67677ec9cd52894674fdbe8fd0fcc99a53d29111368043c09db08409
423,T10692,Urban Green Space and Health,0.03333333333333333,review,"Health, Toxicology and Mutagenesis",0.0,General Health Professions,0.3,10,c40c446d67677ec9cd52894674fdbe8fd0fcc99a53d29111368043c09db08409
424,T10814,Neuropeptides and Animal Physiology,0.03333333333333333,review,Cellular and Molecular Neuroscience,0.0,Clinical Psychology,0.3,10,c40c446d67677ec9cd52894674fdbe8fd0fcc99a53d29111368043c09db08409
425,T10895,Species Distribution and Climate Change,0.03333333333333333,review,Ecological Modeling,0.0,Ecology,0.3,10,c40c446d67677ec9cd52894674fdbe8fd0fcc99a53d29111368043c09db08409
426,T10944,Turbomachinery Performance and Optimization,0.03333333333333333,review,Aerospace Engineering,0.0,Computational Mechanics,0.43846153846153846,10,c40c446d67677ec9cd52894674fdbe8fd0fcc99a53d29111368043c09db08409
427,T11193,Adenosine and Purinergic Signaling,0.03333333333333333,review,Physiology,0.0,Oncology,0.3,10,c40c446d67677ec9cd52894674fdbe8fd0fcc99a53d29111368043c09db08409
428,T11200,Electrodeposition and Electroless Coatings,0.03333333333333333,review,Electrical and Electronic Engineering,0.0,Mechanical Engineering,0.475,10,c40c446d67677ec9cd52894674fdbe8fd0fcc99a53d29111368043c09db08409
429,T11256,Asian Studies and History,0.03333333333333333,review,Sociology and Political Science,0.09999999999999999,Political Science and International Relations,0.39999999999999997,10,c40c446d67677ec9cd52894674fdbe8fd0fcc99a53d29111368043c09db08409
430,T11278,Calcium Carbonate Crystallization and Inhibition,0.03333333333333333,review,Biomaterials,0.075,Mechanics of Materials,0.55,10,c40c446d67677ec9cd52894674fdbe8fd0fcc99a53d29111368043c09db08409
431,T11297,Ferroptosis and cancer prognosis,0.03333333333333333,review,Pulmonary and Respiratory Medicine,0.0,Molecular Biology,0.3,10,c40c446d67677ec9cd52894674fdbe8fd0fcc99a53d29111368043c09db08409
432,T11312,Soil Moisture and Remote Sensing,0.03333333333333333,review,Environmental Engineering,0.0,Global and Planetary Change,0.40714285714285714,10,c40c446d67677ec9cd52894674fdbe8fd0fcc99a53d29111368043c09db08409
433,T11326,Stock Market Forecasting Methods,0.03333333333333333,review,Management Science and Operations Research,0.0,Artificial Intelligence,0.3,10,c40c446d67677ec9cd52894674fdbe8fd0fcc99a53d29111368043c09db08409
434,T11344,Traffic Prediction and Management Techniques,0.03333333333333333,review,Building and Construction,0.0,Artificial Intelligence,0.25,10,c40c446d67677ec9cd52894674fdbe8fd0fcc99a53d29111368043c09db08409
435,T11349,Music Technology and Sound Studies,0.03333333333333333,review,Computer Vision and Pattern Recognition,0.0,Artificial Intelligence,0.3,10,c40c446d67677ec9cd52894674fdbe8fd0fcc99a53d29111368043c09db08409
436,T11396,Artificial Intelligence in Healthcare,0.03333333333333333,review,Health Information Management,0.0,Artificial Intelligence,0.2833333333333333,10,c40c446d67677ec9cd52894674fdbe8fd0fcc99a53d29111368043c09db08409
437,T11397,"Populism, Right-Wing Movements",0.03333333333333333,review,Political Science and International Relations,0.0,Sociology and Political Science,0.3,10,c40c446d67677ec9cd52894674fdbe8fd0fcc99a53d29111368043c09db08409
438,T11398,Hand Gesture Recognition Systems,0.03333333333333333,review,Human-Computer Interaction,0.0,Computer Vision and Pattern Recognition,0.3,10,c40c446d67677ec9cd52894674fdbe8fd0fcc99a53d29111368043c09db08409
439,T11488,Climate Change Communication and Perception,0.03333333333333333,review,Sociology and Political Science,0.0,Global and Planetary Change,0.3,10,c40c446d67677ec9cd52894674fdbe8fd0fcc99a53d29111368043c09db08409
440,T11532,Chemokine receptors and signaling,0.03333333333333333,review,Oncology,0.0,Immunology,0.31666666666666665,10,c40c446d67677ec9cd52894674fdbe8fd0fcc99a53d29111368043c09db08409
441,T12234,Mollusks and Parasites Studies,0.03333333333333333,review,Insect Science,0.0,Ecology,0.35625,10,c40c446d67677ec9cd52894674fdbe8fd0fcc99a53d29111368043c09db08409
442,T12411,Shoulder and Clavicle Injuries,0.03333333333333333,review,Epidemiology,0.2111111111111111,Surgery,0.5277777777777778,10,c40c446d67677ec9cd52894674fdbe8fd0fcc99a53d29111368043c09db08409
443,T12507,"Utopian, Dystopian, and Speculative Fiction",0.03333333333333333,review,Philosophy,0.0,Sociology and Political Science,0.40714285714285714,10,c40c446d67677ec9cd52894674fdbe8fd0fcc99a53d29111368043c09db08409
444,T12565,Physics and Engineering Research Articles,0.03333333333333333,review,Computational Mechanics,0.0,"Renewable Energy, Sustainability and the Environment",0.3,10,c40c446d67677ec9cd52894674fdbe8fd0fcc99a53d29111368043c09db08409
445,T12583,Food Waste Reduction and Sustainability,0.03333333333333333,review,Food Science,0.0,Global and Planetary Change,0.3,10,c40c446d67677ec9cd52894674fdbe8fd0fcc99a53d29111368043c09db08409
446,T12689,Silymarin and Mushroom Poisoning,0.03333333333333333,review,Pulmonary and Respiratory Medicine,0.0,Nutrition and Dietetics,0.2833333333333333,10,c40c446d67677ec9cd52894674fdbe8fd0fcc99a53d29111368043c09db08409
447,T12726,Philosophical and Cultural Analysis,0.03333333333333333,review,Philosophy,0.10181818181818182,Classics,0.20363636363636364,10,c40c446d67677ec9cd52894674fdbe8fd0fcc99a53d29111368043c09db08409
448,T12859,Cell Image Analysis Techniques,0.03333333333333333,review,Biophysics,0.0,Artificial Intelligence,0.2833333333333333,10,c40c446d67677ec9cd52894674fdbe8fd0fcc99a53d29111368043c09db08409
449,T12865,Tailings Management and Properties,0.03333333333333333,review,Civil and Structural Engineering,0.0,"Management, Monitoring, Policy and Law",0.3,10,c40c446d67677ec9cd52894674fdbe8fd0fcc99a53d29111368043c09db08409
450,T12972,German Colonialism and Identity Studies,0.03333333333333333,review,Literature and Literary Theory,0.23529411764705885,Sociology and Political Science,0.35294117647058826,10,c40c446d67677ec9cd52894674fdbe8fd0fcc99a53d29111368043c09db08409
451,T13000,World Systems and Global Transformations,0.03333333333333333,review,Political Science and International Relations,0.18888888888888888,Sociology and Political Science,0.4722222222222222,10,c40c446d67677ec9cd52894674fdbe8fd0fcc99a53d29111368043c09db08409
452,T13069,Cocoa and Sweet Potato Agronomy,0.03333333333333333,review,Horticulture,0.0,Forestry,0.35625,10,c40c446d67677ec9cd52894674fdbe8fd0fcc99a53d29111368043c09db08409
453,T13152,French Language Learning Methods,0.03333333333333333,review,Linguistics and Language,0.06,Education,0.44,10,c40c446d67677ec9cd52894674fdbe8fd0fcc99a53d29111368043c09db08409
454,T13185,Phytochemistry and Bioactive Compounds,0.03333333333333333,review,Biomaterials,0.0,Molecular Biology,0.3,10,c40c446d67677ec9cd52894674fdbe8fd0fcc99a53d29111368043c09db08409
455,T13190,Engineering and Environmental Studies,0.03333333333333333,review,Ocean Engineering,0.0,Economics and Econometrics,0.26842105263157895,10,c40c446d67677ec9cd52894674fdbe8fd0fcc99a53d29111368043c09db08409
456,T13202,Pharmacology and Nanomedicine Research,0.03333333333333333,review,Drug Discovery,0.0,Complementary and alternative medicine,0.3536496350364964,10,c40c446d67677ec9cd52894674fdbe8fd0fcc99a53d29111368043c09db08409
457,T13222,"Caribbean history, culture, and politics",0.03333333333333333,review,Cultural Studies,0.17647058823529413,Literature and Literary Theory,0.29411764705882354,10,c40c446d67677ec9cd52894674fdbe8fd0fcc99a53d29111368043c09db08409
458,T13435,Animal and Plant Science Education,0.03333333333333333,review,Social Psychology,0.0,Ecology,0.3,10,c40c446d67677ec9cd52894674fdbe8fd0fcc99a53d29111368043c09db08409
459,T13460,Historical Studies in Latin America,0.03333333333333333,review,Demography,0.0,Sociology and Political Science,0.33431085043988273,10,c40c446d67677ec9cd52894674fdbe8fd0fcc99a53d29111368043c09db08409
460,T13513,Urban and sociocultural dynamics,0.03333333333333333,review,Urban Studies,0.0,Sociology and Political Science,0.3,10,c40c446d67677ec9cd52894674fdbe8fd0fcc99a53d29111368043c09db08409
461,T13562,Cruise Tourism Development and Management,0.03333333333333333,review,Transportation,0.0,Global and Planetary Change,0.3,10,c40c446d67677ec9cd52894674fdbe8fd0fcc99a53d29111368043c09db08409
462,T13593,Historical and Archaeological Studies,0.03333333333333333,review,History,0.0,Archeology,0.3536496350364964,10,c40c446d67677ec9cd52894674fdbe8fd0fcc99a53d29111368043c09db08409
463,T13630,Agriculture Market Analysis Ukraine,0.03333333333333333,review,General Agricultural and Biological Sciences,0.09999999999999999,Economics and Econometrics,0.39999999999999997,10,c40c446d67677ec9cd52894674fdbe8fd0fcc99a53d29111368043c09db08409
464,T13654,Urban Planning and Landscape Design,0.03333333333333333,review,"Management, Monitoring, Policy and Law",0.0,Global and Planetary Change,0.31666666666666665,10,c40c446d67677ec9cd52894674fdbe8fd0fcc99a53d29111368043c09db08409
465,T13669,China's Global Influence and Migration,0.03333333333333333,review,Anthropology,0.09999999999999999,Sociology and Political Science,0.39999999999999997,10,c40c446d67677ec9cd52894674fdbe8fd0fcc99a53d29111368043c09db08409
466,T13755,Global socioeconomic and cultural dynamics,0.03333333333333333,review,"Geography, Planning and Development",0.0,Economics and Econometrics,0.26842105263157895,10,c40c446d67677ec9cd52894674fdbe8fd0fcc99a53d29111368043c09db08409
467,T13805,Adolescent Health and Behaviors,0.03333333333333333,review,General Health Professions,0.0,Sociology and Political Science,0.31666666666666665,10,c40c446d67677ec9cd52894674fdbe8fd0fcc99a53d29111368043c09db08409
468,T13817,"Tannin, Tannase and Anticancer Activities",0.03333333333333333,review,Applied Microbiology and Biotechnology,0.0,Molecular Biology,0.3,10,c40c446d67677ec9cd52894674fdbe8fd0fcc99a53d29111368043c09db08409
469,T13862,"Soil, Finite Element Methods",0.03333333333333333,review,Mechanics of Materials,0.09938461538461539,Mechanical Engineering,0.39753846153846156,10,c40c446d67677ec9cd52894674fdbe8fd0fcc99a53d29111368043c09db08409
470,T13865,Nationalism and Cultural Identity,0.03333333333333333,review,"Geography, Planning and Development",0.0,Economics and Econometrics,0.3,10,c40c446d67677ec9cd52894674fdbe8fd0fcc99a53d29111368043c09db08409
471,T13968,Contemporary Cultural and Social Studies,0.03333333333333333,review,Social Psychology,0.0,Cultural Studies,0.24142011834319527,10,c40c446d67677ec9cd52894674fdbe8fd0fcc99a53d29111368043c09db08409
472,T14016,International Relations and Autism,0.03333333333333333,review,Urban Studies,0.0,Sociology and Political Science,0.35625,10,c40c446d67677ec9cd52894674fdbe8fd0fcc99a53d29111368043c09db08409
473,T14031,Global and Cross-Cultural Management,0.03333333333333333,review,Anthropology,0.0,Sociology and Political Science,0.2833333333333333,10,c40c446d67677ec9cd52894674fdbe8fd0fcc99a53d29111368043c09db08409
474,T14109,Scottish History and National Identity,0.03333333333333333,review,History,0.0,Literature and Literary Theory,0.26842105263157895,10,c40c446d67677ec9cd52894674fdbe8fd0fcc99a53d29111368043c09db08409
475,T14132,Medical Research and Islamic Perspectives,0.03333333333333333,review,Religious studies,0.0,Education,0.3,10,c40c446d67677ec9cd52894674fdbe8fd0fcc99a53d29111368043c09db08409
476,T14159,Discourse Analysis and Cultural Communication,0.03333333333333333,review,Cultural Studies,0.0,Language and Linguistics,0.31666666666666665,10,c40c446d67677ec9cd52894674fdbe8fd0fcc99a53d29111368043c09db08409
477,T14164,Marine and Offshore Engineering Studies,0.03333333333333333,review,Ocean Engineering,0.0,Global and Planetary Change,0.2833333333333333,10,c40c446d67677ec9cd52894674fdbe8fd0fcc99a53d29111368043c09db08409
478,T14172,Cultural and Social Studies in Latin America,0.03333333333333333,review,Literature and Literary Theory,0.0,Sociology and Political Science,0.2833333333333333,10,c40c446d67677ec9cd52894674fdbe8fd0fcc99a53d29111368043c09db08409
479,T14293,Biotechnology and Related Fields,0.03333333333333333,review,"Public Health, Environmental and Occupational Health",0.0,Organizational Behavior and Human Resource Management,0.3,10,c40c446d67677ec9cd52894674fdbe8fd0fcc99a53d29111368043c09db08409
480,T14310,Botany and Geology in Latin America and Caribbean,0.03333333333333333,review,"Ecology, Evolution, Behavior and Systematics",0.0,Ecology,0.3,10,c40c446d67677ec9cd52894674fdbe8fd0fcc99a53d29111368043c09db08409
481,T14390,Real estate and construction management,0.03333333333333333,review,Architecture,0.0,"Management, Monitoring, Policy and Law",0.253416149068323,10,c40c446d67677ec9cd52894674fdbe8fd0fcc99a53d29111368043c09db08409
482,T14407,Athletic Training and Education,0.03333333333333333,review,"Physical Therapy, Sports Therapy and Rehabilitation",0.0,Sociology and Political Science,0.31666666666666665,10,c40c446d67677ec9cd52894674fdbe8fd0fcc99a53d29111368043c09db08409
483,T14432,Freedom of Expression and Defamation,0.03333333333333333,review,Law,0.3,Political Science and International Relations,0.6,10,c40c446d67677ec9cd52894674fdbe8fd0fcc99a53d29111368043c09db08409
484,T14456,Blasting Impact and Analysis,0.03333333333333333,review,Building and Construction,0.0,"Management, Monitoring, Policy and Law",0.3,10,c40c446d67677ec9cd52894674fdbe8fd0fcc99a53d29111368043c09db08409
485,T14510,Medical Imaging and Analysis,0.03333333333333333,review,Biomedical Engineering,0.0,Artificial Intelligence,0.3,10,c40c446d67677ec9cd52894674fdbe8fd0fcc99a53d29111368043c09db08409
486,T10625,Herpesvirus Infections and Treatments,0.033333333333333326,review,Epidemiology,0.135,Infectious Diseases,0.38999999999999996,10,c40c446d67677ec9cd52894674fdbe8fd0fcc99a53d29111368043c09db08409
487,T10976,Viral gastroenteritis research and epidemiology,0.033333333333333326,review,Infectious Diseases,0.0894736842105263,Epidemiology,0.3578947368421052,10,c40c446d67677ec9cd52894674fdbe8fd0fcc99a53d29111368043c09db08409
488,T11228,Bat Biology and Ecology Studies,0.033333333333333326,review,"Ecology, Evolution, Behavior and Systematics",0.0,Ecology,0.3352941176470588,10,c40c446d67677ec9cd52894674fdbe8fd0fcc99a53d29111368043c09db08409
489,T12160,African cultural and philosophical studies,0.033333333333333326,review,Education,0.0,Literature and Literary Theory,0.3352941176470588,10,c40c446d67677ec9cd52894674fdbe8fd0fcc99a53d29111368043c09db08409
490,T13483,Herbal Medicine Research Studies,0.033333333333333326,review,Complementary and alternative medicine,0.05625,Plant Science,0.4125,10,c40c446d67677ec9cd52894674fdbe8fd0fcc99a53d29111368043c09db08409
491,T13829,"Health, Work, and Social Studies in Poland",0.033333333333333326,review,Social Psychology,0.15688073394495414,Economics and Econometrics,0.4532110091743119,10,c40c446d67677ec9cd52894674fdbe8fd0fcc99a53d29111368043c09db08409
492,T14121,Logistics and Transportation Systems,0.033333333333333326,review,Management Information Systems,0.0,Management of Technology and Innovation,0.3352941176470588,10,c40c446d67677ec9cd52894674fdbe8fd0fcc99a53d29111368043c09db08409
493,T10458,Bladder and Urothelial Cancer Treatments,0.03274853801169591,review,Surgery,0.0,Pulmonary and Respiratory Medicine,0.39666666666666667,10,c40c446d67677ec9cd52894674fdbe8fd0fcc99a53d29111368043c09db08409
494,T10529,Stress Responses and Cortisol,0.03274853801169591,review,Behavioral Neuroscience,0.0,Clinical Psychology,0.4307692307692308,10,c40c446d67677ec9cd52894674fdbe8fd0fcc99a53d29111368043c09db08409
495,T10712,Library Science and Information Literacy,0.03274853801169591,review,Library and Information Sciences,0.0,Information Systems,0.42690582959641254,10,c40c446d67677ec9cd52894674fdbe8fd0fcc99a53d29111368043c09db08409
496,T10756,Estrogen and related hormone effects,0.03274853801169591,review,Genetics,0.06923076923076923,Molecular Biology,0.5,10,c40c446d67677ec9cd52894674fdbe8fd0fcc99a53d29111368043c09db08409
497,T11419,Supramolecular Self-Assembly in Materials,0.03274853801169591,review,Biomaterials,0.0,Materials Chemistry,0.39666666666666667,10,c40c446d67677ec9cd52894674fdbe8fd0fcc99a53d29111368043c09db08409
498,T11662,Legal Cases and Commentary,0.03274853801169591,review,Reproductive Medicine,0.0,Political Science and International Relations,0.4307692307692308,10,c40c446d67677ec9cd52894674fdbe8fd0fcc99a53d29111368043c09db08409
499,T13041,Contemporary Social and Economic Issues,0.03274853801169591,review,General Social Sciences,0.0,Sociology and Political Science,0.4,10,c40c446d67677ec9cd52894674fdbe8fd0fcc99a53d29111368043c09db08409
500,T13561,Chemical Reactions and Isotopes,0.03274853801169591,review,Pharmaceutical Science,0.0,Organic Chemistry,0.4307692307692308,10,c40c446d67677ec9cd52894674fdbe8fd0fcc99a53d29111368043c09db08409
501,T14098,Energy Efficiency in Computing,0.03274853801169591,review,Hardware and Architecture,0.0,Computer Networks and Communications,0.4,10,c40c446d67677ec9cd52894674fdbe8fd0fcc99a53d29111368043c09db08409
502,T14185,"Research, Science, and Academia",0.03274853801169591,review,Information Systems and Management,0.0,Economics and Econometrics,0.4307692307692308,10,c40c446d67677ec9cd52894674fdbe8fd0fcc99a53d29111368043c09db08409
503,T11083,Cardiac Health and Mental Health,0.0327485380116959,review,Cardiology and Cardiovascular Medicine,0.0,Clinical Psychology,0.35,10,c40c446d67677ec9cd52894674fdbe8fd0fcc99a53d29111368043c09db08409
504,T12588,Electronic and Structural Properties of Oxides,0.0327485380116959,review,Materials Chemistry,0.075,"Electronic, Optical and Magnetic Materials",0.5416666666666666,10,c40c446d67677ec9cd52894674fdbe8fd0fcc99a53d29111368043c09db08409
505,T12983,Satellite Image Processing and Photogrammetry,0.0327485380116959,review,Ocean Engineering,0.0,Global and Planetary Change,0.4666666666666667,10,c40c446d67677ec9cd52894674fdbe8fd0fcc99a53d29111368043c09db08409
506,T13088,Legal and Labor Studies,0.0327485380116959,review,Industrial relations,0.0,Political Science and International Relations,0.509090909090909,10,c40c446d67677ec9cd52894674fdbe8fd0fcc99a53d29111368043c09db08409
507,T13531,Surface and Thin Film Phenomena,0.0327485380116959,review,"Atomic and Molecular Physics, and Optics",0.0,"Electronic, Optical and Magnetic Materials",0.4666666666666667,10,c40c446d67677ec9cd52894674fdbe8fd0fcc99a53d29111368043c09db08409
508,T14104,Developmental and Educational Neuropsychology,0.0327485380116959,review,Neuropsychology and Physiological Psychology,0.0,Education,0.4666666666666667,10,c40c446d67677ec9cd52894674fdbe8fd0fcc99a53d29111368043c09db08409
509,T14303,Polymer Synthesis and Characterization,0.0327485380116959,review,Polymers and Plastics,0.11875,Materials Chemistry,0.46875,10,c40c446d67677ec9cd52894674fdbe8fd0fcc99a53d29111368043c09db08409
510,T14519,Innovations in Education and Learning Technologies,0.03251633986928105,review,Information Systems,0.34201183431952664,Education,0.5775147928994083,10,c40c446d67677ec9cd52894674fdbe8fd0fcc99a53d29111368043c09db08409
511,T13868,Afro-Latin American Studies,0.03235294117647059,review,Cultural Studies,0.2571428571428571,Literature and Literary Theory,0.41428571428571426,10,c40c446d67677ec9cd52894674fdbe8fd0fcc99a53d29111368043c09db08409
512,T10439,Climate change impacts on agriculture,0.032352941176470584,review,"Ecology, Evolution, Behavior and Systematics",0.08888888888888889,General Agricultural and Biological Sciences,0.2518518518518518,10,c40c446d67677ec9cd52894674fdbe8fd0fcc99a53d29111368043c09db08409
513,T12260,Educational Technology and Pedagogy,0.032352941176470584,review,Artificial Intelligence,0.3202479338842975,Information Systems,0.45661157024793386,10,c40c446d67677ec9cd52894674fdbe8fd0fcc99a53d29111368043c09db08409
514,T11678,Healthcare Decision-Making and Restraints,0.03216374269005848,review,Clinical Psychology,0.0,"Public Health, Environmental and Occupational Health",0.55,10,c40c446d67677ec9cd52894674fdbe8fd0fcc99a53d29111368043c09db08409
515,T11687,Teleoperation and Haptic Systems,0.03216374269005848,review,Mechanical Engineering,0.0,Control and Systems Engineering,0.6043956043956044,9,c40c446d67677ec9cd52894674fdbe8fd0fcc99a53d29111368043c09db08409
516,T11693,Cryptography and Residue Arithmetic,0.03216374269005848,review,Information Systems,0.0,Artificial Intelligence,1.0,5,c40c446d67677ec9cd52894674fdbe8fd0fcc99a53d29111368043c09db08409
517,T11787,Oral and Maxillofacial Pathology,0.03216374269005848,review,Oral Surgery,0.0,Surgery,0.55,10,c40c446d67677ec9cd52894674fdbe8fd0fcc99a53d29111368043c09db08409
518,T11895,Social and Cultural Dynamics,0.03216374269005848,review,Sociology and Political Science,0.0989010989010989,Education,0.7032967032967032,9,c40c446d67677ec9cd52894674fdbe8fd0fcc99a53d29111368043c09db08409
519,T11914,PARP inhibition in cancer therapy,0.03216374269005848,review,Oncology,0.09,Molecular Biology,0.64,10,c40c446d67677ec9cd52894674fdbe8fd0fcc99a53d29111368043c09db08409
520,T11941,Power System Reliability and Maintenance,0.03216374269005848,review,"Safety, Risk, Reliability and Quality",0.0,Electrical and Electronic Engineering,0.5,10,c40c446d67677ec9cd52894674fdbe8fd0fcc99a53d29111368043c09db08409
521,T12040,International Arbitration and Investment Law,0.03216374269005848,review,Strategy and Management,0.09,Political Science and International Relations,0.64,10,c40c446d67677ec9cd52894674fdbe8fd0fcc99a53d29111368043c09db08409
522,T13264,Walter Benjamin Studies Compilation,0.03216374269005848,review,Philosophy,0.0,Visual Arts and Performing Arts,0.5,10,c40c446d67677ec9cd52894674fdbe8fd0fcc99a53d29111368043c09db08409
523,T13566,Global Educational Reforms and Inequalities,0.03216374269005848,review,Demography,0.0,Education,0.55,10,c40c446d67677ec9cd52894674fdbe8fd0fcc99a53d29111368043c09db08409
524,T14008,Balkan and Eastern European Studies,0.03216374269005848,review,Economics and Econometrics,0.0,Political Science and International Relations,0.55,10,c40c446d67677ec9cd52894674fdbe8fd0fcc99a53d29111368043c09db08409
525,T14184,Metallurgy and Material Science,0.03216374269005848,review,Materials Chemistry,0.09,Mechanical Engineering,0.64,10,c40c446d67677ec9cd52894674fdbe8fd0fcc99a53d29111368043c09db08409
526,T10404,Enzyme Catalysis and Immobilization,0.031578947368421054,review,Molecular Biology,0.0,Organic Chemistry,0.54,10,c40c446d67677ec9cd52894674fdbe8fd0fcc99a53d29111368043c09db08409
527,T11044,Particle Detector Development and Performance,0.031578947368421054,review,Nuclear and High Energy Physics,0.0,Electrical and Electronic Engineering,0.75,8,c40c446d67677ec9cd52894674fdbe8fd0fcc99a53d29111368043c09db08409
528,T13405,Educational Assessment and Improvement,0.031578947368421054,review,Information Systems and Management,0.0,Education,0.75,8,c40c446d67677ec9cd52894674fdbe8fd0fcc99a53d29111368043c09db08409
529,T13697,Biliary and Gastrointestinal Fistulas,0.031578947368421054,review,Pulmonary and Respiratory Medicine,0.0,Surgery,0.54,10,c40c446d67677ec9cd52894674fdbe8fd0fcc99a53d29111368043c09db08409
530,T10254,Innovations in Medical Education,0.03157894736842105,review,"Public Health, Environmental and Occupational Health",0.0,Education,0.6,10,c40c446d67677ec9cd52894674fdbe8fd0fcc99a53d29111368043c09db08409
531,T10391,Healthcare Policy and Management,0.03157894736842105,review,Economics and Econometrics,0.0,General Health Professions,0.6,10,c40c446d67677ec9cd52894674fdbe8fd0fcc99a53d29111368043c09db08409
532,T10492,Microtubule and mitosis dynamics,0.03157894736842105,review,Cell Biology,0.0,Molecular Biology,0.6,10,c40c446d67677ec9cd52894674fdbe8fd0fcc99a53d29111368043c09db08409
533,T11174,Pediatric Urology and Nephrology Studies,0.03157894736842105,review,"Pediatrics, Perinatology and Child Health",0.0,Surgery,0.6,10,c40c446d67677ec9cd52894674fdbe8fd0fcc99a53d29111368043c09db08409
534,T11281,Asymmetric Hydrogenation and Catalysis,0.03157894736842105,review,Inorganic Chemistry,0.0,Organic Chemistry,0.6,10,c40c446d67677ec9cd52894674fdbe8fd0fcc99a53d29111368043c09db08409
535,T12018,Coronary Artery Anomalies,0.03157894736842105,review,Pulmonary and Respiratory Medicine,0.0,Surgery,0.6,10,c40c446d67677ec9cd52894674fdbe8fd0fcc99a53d29111368043c09db08409
536,T13249,Dielectric properties of ceramics,0.03157894736842105,review,Materials Chemistry,0.1,Mechanical Engineering,0.7,10,c40c446d67677ec9cd52894674fdbe8fd0fcc99a53d29111368043c09db08409
537,T13253,Chemical Reactions and Mechanisms,0.03157894736842105,review,Physical and Theoretical Chemistry,0.1,Organic Chemistry,0.7,10,c40c446d67677ec9cd52894674fdbe8fd0fcc99a53d29111368043c09db08409
538,T12618,Botany and Plant Ecology Studies,0.0315359477124183,review,Plant Science,0.19227144203581525,Ecology,0.37417530631479734,10,c40c446d67677ec9cd52894674fdbe8fd0fcc99a53d29111368043c09db08409
539,T12638,Pomegranate: compositions and health benefits,0.0315359477124183,review,Nutrition and Dietetics,0.16094674556213018,Pathology and Forensic Medicine,0.3893491124260355,10,c40c446d67677ec9cd52894674fdbe8fd0fcc99a53d29111368043c09db08409
540,T13949,Belt and Road Initiative,0.03084795321637427,review,Economics and Econometrics,0.05496183206106871,Political Science and International Relations,0.3770992366412214,10,c40c446d67677ec9cd52894674fdbe8fd0fcc99a53d29111368043c09db08409
541,T12408,Educational Innovations and Challenges,0.03055555555555555,review,Information Systems,0.411875589066918,Education,0.588124410933082,10,c40c446d67677ec9cd52894674fdbe8fd0fcc99a53d29111368043c09db08409
542,T12873,"Nutrition, Health and Food Behavior",0.030263157894736843,review,Nutrition and Dietetics,0.0,"Public Health, Environmental and Occupational Health",0.3160305343511451,10,c40c446d67677ec9cd52894674fdbe8fd0fcc99a53d29111368043c09db08409
543,T14085,Student Stress and Coping,0.03026315789473684,review,Developmental and Educational Psychology,0.0,Social Psychology,0.3365853658536585,10,c40c446d67677ec9cd52894674fdbe8fd0fcc99a53d29111368043c09db08409
544,T12680,Cultural and Mythological Studies,0.030036630036630024,review,General Arts and Humanities,0.16894871199814343,Classics,0.24506846135994428,10,c40c446d67677ec9cd52894674fdbe8fd0fcc99a53d29111368043c09db08409
545,T14349,Global Political and Economic Relations,0.02957516339869281,review,Political Science and International Relations,0.13416149068322983,Economics and Econometrics,0.3590062111801242,10,c40c446d67677ec9cd52894674fdbe8fd0fcc99a53d29111368043c09db08409
546,T11007,Hybrid Renewable Energy Systems,0.029575163398692803,review,Energy Engineering and Power Technology,0.12203389830508475,"Renewable Energy, Sustainability and the Environment",0.32655367231638416,10,c40c446d67677ec9cd52894674fdbe8fd0fcc99a53d29111368043c09db08409
547,T10273,IoT and Edge/Fog Computing,0.028758169934640528,review,Computer Networks and Communications,0.08447204968944098,Information Systems,0.30310559006211185,10,c40c446d67677ec9cd52894674fdbe8fd0fcc99a53d29111368043c09db08409
548,T12091,Peatlands and Wetlands Ecology,0.028758169934640528,review,Ecology,0.06375,Atmospheric Science,0.4120833333333334,10,c40c446d67677ec9cd52894674fdbe8fd0fcc99a53d29111368043c09db08409
549,T12577,Geography and Environmental Studies,0.028758169934640528,review,Water Science and Technology,0.09877675840978592,"Management, Monitoring, Policy and Law",0.354434250764526,10,c40c446d67677ec9cd52894674fdbe8fd0fcc99a53d29111368043c09db08409
550,T13420,Arduino and IoT Applications,0.028758169934640528,review,Electrical and Electronic Engineering,0.04650455927051672,Computer Networks and Communications,0.30060790273556237,10,c40c446d67677ec9cd52894674fdbe8fd0fcc99a53d29111368043c09db08409
551,T10062,MicroRNA in disease regulation,0.028758169934640525,review,Cancer Research,0.09444444444444444,Molecular Biology,0.3388888888888889,10,c40c446d67677ec9cd52894674fdbe8fd0fcc99a53d29111368043c09db08409
552,T10676,"Genetics, Aging, and Longevity in Model Organisms",0.028758169934640525,review,Aging,0.0,Molecular Biology,0.25565749235474006,10,c40c446d67677ec9cd52894674fdbe8fd0fcc99a53d29111368043c09db08409
553,T11251,Meningioma and schwannoma management,0.028758169934640525,review,Epidemiology,0.11099656357388316,Surgery,0.3982817869415808,10,c40c446d67677ec9cd52894674fdbe8fd0fcc99a53d29111368043c09db08409
554,T12257,Bioactive natural compounds,0.028758169934640525,review,Molecular Biology,0.1285714285714286,Pharmacology,0.3380952380952381,10,c40c446d67677ec9cd52894674fdbe8fd0fcc99a53d29111368043c09db08409
555,T12390,Comics and Graphic Narratives,0.028758169934640525,review,Visual Arts and Performing Arts,0.10800000000000001,Literature and Literary Theory,0.28400000000000003,10,c40c446d67677ec9cd52894674fdbe8fd0fcc99a53d29111368043c09db08409
556,T12457,Ecocriticism and Environmental Literature,0.028758169934640525,review,Literature and Literary Theory,0.09444444444444444,Global and Planetary Change,0.3388888888888889,10,c40c446d67677ec9cd52894674fdbe8fd0fcc99a53d29111368043c09db08409
557,T12941,Embedded Systems and FPGA Design,0.028758169934640525,review,Control and Systems Engineering,0.0,Electrical and Electronic Engineering,0.37488789237668163,10,c40c446d67677ec9cd52894674fdbe8fd0fcc99a53d29111368043c09db08409
558,T13003,Regional Development and Environment,0.028758169934640525,review,Sociology and Political Science,0.09444444444444444,Economics and Econometrics,0.3388888888888889,10,c40c446d67677ec9cd52894674fdbe8fd0fcc99a53d29111368043c09db08409
559,T13035,Human Rights and Development,0.028758169934640525,review,Sociology and Political Science,0.2833333333333333,Political Science and International Relations,0.5277777777777778,10,c40c446d67677ec9cd52894674fdbe8fd0fcc99a53d29111368043c09db08409
560,T13045,Industrial Engineering and Technologies,0.028758169934640525,review,Mechanical Engineering,0.09444444444444444,"Management, Monitoring, Policy and Law",0.3388888888888889,10,c40c446d67677ec9cd52894674fdbe8fd0fcc99a53d29111368043c09db08409
561,T13451,Mechanical Engineering Research and Applications,0.028758169934640525,review,Mechanical Engineering,0.0,Civil and Structural Engineering,0.37488789237668163,10,c40c446d67677ec9cd52894674fdbe8fd0fcc99a53d29111368043c09db08409
562,T13607,Academic Publishing and Open Access,0.028758169934640525,review,Information Systems and Management,0.0,History and Philosophy of Science,0.4058252427184466,10,c40c446d67677ec9cd52894674fdbe8fd0fcc99a53d29111368043c09db08409
563,T13658,Education and Professional Development,0.028758169934640525,review,Education,0.1125,Organizational Behavior and Human Resource Management,0.29583333333333334,10,c40c446d67677ec9cd52894674fdbe8fd0fcc99a53d29111368043c09db08409
564,T13717,Advanced Algorithms and Applications,0.028758169934640525,review,Control and Systems Engineering,0.09444444444444444,Artificial Intelligence,0.3388888888888889,10,c40c446d67677ec9cd52894674fdbe8fd0fcc99a53d29111368043c09db08409
565,T13991,Nuclear Receptors and Signaling,0.028758169934640525,review,Cellular and Molecular Neuroscience,0.08499999999999999,Molecular Biology,0.305,10,c40c446d67677ec9cd52894674fdbe8fd0fcc99a53d29111368043c09db08409
566,T14041,Central European Literary Studies,0.028758169934640525,review,Anthropology,0.0,Political Science and International Relations,0.20828402366863905,10,c40c446d67677ec9cd52894674fdbe8fd0fcc99a53d29111368043c09db08409
567,T14379,Diverse Cultural and Historical Studies,0.028758169934640525,review,Cultural Studies,0.09444444444444444,Literature and Literary Theory,0.3388888888888889,10,c40c446d67677ec9cd52894674fdbe8fd0fcc99a53d29111368043c09db08409
568,T10073,Hepatocellular Carcinoma Treatment and Prognosis,0.02875816993464052,review,Hepatology,0.0,Infectious Diseases,0.2095238095238095,10,c40c446d67677ec9cd52894674fdbe8fd0fcc99a53d29111368043c09db08409
569,T10285,Venous Thromboembolism Diagnosis and Management,0.02875816993464052,review,Internal Medicine,0.0,"Public Health, Environmental and Occupational Health",0.2095238095238095,10,c40c446d67677ec9cd52894674fdbe8fd0fcc99a53d29111368043c09db08409
570,T10866,Nutritional Studies and Diet,0.02875816993464052,review,"Public Health, Environmental and Occupational Health",0.0,Nutrition and Dietetics,0.23157894736842102,10,c40c446d67677ec9cd52894674fdbe8fd0fcc99a53d29111368043c09db08409
571,T10883,Ethics and Social Impacts of AI,0.02875816993464052,review,Safety Research,0.0,Political Science and International Relations,0.2095238095238095,10,c40c446d67677ec9cd52894674fdbe8fd0fcc99a53d29111368043c09db08409
572,T10969,Water resources management and optimization,0.02875816993464052,review,Ocean Engineering,0.0,Global and Planetary Change,0.21999999999999997,10,c40c446d67677ec9cd52894674fdbe8fd0fcc99a53d29111368043c09db08409
573,T11069,Testicular diseases and treatments,0.02875816993464052,review,Surgery,0.0,"Public Health, Environmental and Occupational Health",0.23157894736842102,10,c40c446d67677ec9cd52894674fdbe8fd0fcc99a53d29111368043c09db08409
574,T11465,Drug-Induced Hepatotoxicity and Protection,0.02875816993464052,review,Pharmacology,0.0,Biochemistry,0.23157894736842102,10,c40c446d67677ec9cd52894674fdbe8fd0fcc99a53d29111368043c09db08409
575,T11734,Decision Support System Applications,0.02875816993464052,review,Management Information Systems,0.0,Artificial Intelligence,0.2714285714285714,10,c40c446d67677ec9cd52894674fdbe8fd0fcc99a53d29111368043c09db08409
576,T11735,Peripheral Neuropathies and Disorders,0.02875816993464052,review,Neurology,0.0,Infectious Diseases,0.21999999999999997,10,c40c446d67677ec9cd52894674fdbe8fd0fcc99a53d29111368043c09db08409
577,T11780,Rabies epidemiology and control,0.02875816993464052,review,Virology,0.0,Epidemiology,0.2095238095238095,10,c40c446d67677ec9cd52894674fdbe8fd0fcc99a53d29111368043c09db08409
578,T11848,Heme Oxygenase-1 and Carbon Monoxide,0.02875816993464052,review,Molecular Biology,0.0,Pathology and Forensic Medicine,0.21999999999999997,10,c40c446d67677ec9cd52894674fdbe8fd0fcc99a53d29111368043c09db08409
579,T12118,Forest Biomass Utilization and Management,0.02875816993464052,review,Mechanics of Materials,0.0,Control and Systems Engineering,0.21999999999999997,10,c40c446d67677ec9cd52894674fdbe8fd0fcc99a53d29111368043c09db08409
580,T12159,T-cell and Retrovirus Studies,0.02875816993464052,review,Immunology,0.0,Oncology,0.2714285714285714,10,c40c446d67677ec9cd52894674fdbe8fd0fcc99a53d29111368043c09db08409
581,T12180,Polar Research and Ecology,0.02875816993464052,review,Ecology,0.0,"Ecology, Evolution, Behavior and Systematics",0.23157894736842102,10,c40c446d67677ec9cd52894674fdbe8fd0fcc99a53d29111368043c09db08409
582,T12429,Chemotherapy-induced organ toxicity mitigation,0.02875816993464052,review,Pathology and Forensic Medicine,0.0,Molecular Biology,0.2095238095238095,10,c40c446d67677ec9cd52894674fdbe8fd0fcc99a53d29111368043c09db08409
583,T12498,Latin American Cultural Politics,0.02875816993464052,review,Anthropology,0.135,Sociology and Political Science,0.355,10,c40c446d67677ec9cd52894674fdbe8fd0fcc99a53d29111368043c09db08409
584,T12724,Water-Energy-Food Nexus Studies,0.02875816993464052,review,Water Science and Technology,0.0,Sociology and Political Science,0.21999999999999997,10,c40c446d67677ec9cd52894674fdbe8fd0fcc99a53d29111368043c09db08409
585,T12833,Bartonella species infections research,0.02875816993464052,review,Parasitology,0.0,Epidemiology,0.2095238095238095,10,c40c446d67677ec9cd52894674fdbe8fd0fcc99a53d29111368043c09db08409
586,T13132,"Hydropower, Displacement, Environmental Impact",0.02875816993464052,review,Sociology and Political Science,0.0,Global and Planetary Change,0.2095238095238095,10,c40c446d67677ec9cd52894674fdbe8fd0fcc99a53d29111368043c09db08409
587,T13361,Coconut Research and Applications,0.02875816993464052,review,Inorganic Chemistry,0.0,Plant Science,0.23157894736842102,10,c40c446d67677ec9cd52894674fdbe8fd0fcc99a53d29111368043c09db08409
588,T13452,GDF15 and Related Biomarkers,0.02875816993464052,review,Rheumatology,0.0,Cardiology and Cardiovascular Medicine,0.23157894736842102,10,c40c446d67677ec9cd52894674fdbe8fd0fcc99a53d29111368043c09db08409
589,T13804,Physical Activity and Education Research,0.02875816993464052,review,Water Science and Technology,0.0,Information Systems,0.2872852233676976,10,c40c446d67677ec9cd52894674fdbe8fd0fcc99a53d29111368043c09db08409
590,T13827,Mechatronics Education and Applications,0.02875816993464052,review,Mechanical Engineering,0.0,Biomedical Engineering,0.23157894736842102,10,c40c446d67677ec9cd52894674fdbe8fd0fcc99a53d29111368043c09db08409
591,T13911,"Employment, Labor, and Gender Studies",0.02875816993464052,review,Safety Research,0.0,Political Science and International Relations,0.23157894736842102,10,c40c446d67677ec9cd52894674fdbe8fd0fcc99a53d29111368043c09db08409
592,T13963,Organizational Management and Leadership,0.02875816993464052,review,Management of Technology and Innovation,0.0,Economics and Econometrics,0.2095238095238095,10,c40c446d67677ec9cd52894674fdbe8fd0fcc99a53d29111368043c09db08409
593,T14026,Flannery O'Connor and Thomas Merton,0.02875816993464052,review,Organizational Behavior and Human Resource Management,0.0,Management of Technology and Innovation,0.2872852233676976,10,c40c446d67677ec9cd52894674fdbe8fd0fcc99a53d29111368043c09db08409
594,T14054,Humic Substances and Bio-Organic Studies,0.02875816993464052,review,Soil Science,0.0,Plant Science,0.21999999999999997,10,c40c446d67677ec9cd52894674fdbe8fd0fcc99a53d29111368043c09db08409
595,T14307,Bioethics and Human Rights Issues,0.02875816993464052,review,Information Systems,0.0,Literature and Literary Theory,0.18238341968911917,10,c40c446d67677ec9cd52894674fdbe8fd0fcc99a53d29111368043c09db08409
596,T14367,Logistics and Infrastructure Analysis,0.02875816993464052,review,Forestry,0.0,Food Science,0.21999999999999997,10,c40c446d67677ec9cd52894674fdbe8fd0fcc99a53d29111368043c09db08409
597,T14393,"Health, Environment, Cognitive Aging",0.02875816993464052,review,"Health, Toxicology and Mutagenesis",0.0,"Public Health, Environmental and Occupational Health",0.21999999999999997,10,c40c446d67677ec9cd52894674fdbe8fd0fcc99a53d29111368043c09db08409
598,T14396,Healthcare Regulation,0.02875816993464052,review,Health Information Management,0.0,General Health Professions,0.23157894736842102,10,c40c446d67677ec9cd52894674fdbe8fd0fcc99a53d29111368043c09db08409
599,T14448,EU Law and Policy Analysis,0.02875816993464052,review,Law,0.0,Economics and Econometrics,0.30510948905109486,10,c40c446d67677ec9cd52894674fdbe8fd0fcc99a53d29111368043c09db08409
600,T10014,Plant Stress Responses and Tolerance,0.028758169934640518,review,Plant Science,0.0,Biochemistry,0.2444444444444444,10,c40c446d67677ec9cd52894674fdbe8fd0fcc99a53d29111368043c09db08409
601,T10051,Asthma and respiratory diseases,0.028758169934640518,review,Physiology,0.0,Infectious Diseases,0.19999999999999998,10,c40c446d67677ec9cd52894674fdbe8fd0fcc99a53d29111368043c09db08409
602,T10085,Parkinson's Disease Mechanisms and Treatments,0.028758169934640518,review,Neurology,0.0,Cellular and Molecular Neuroscience,0.2444444444444444,10,c40c446d67677ec9cd52894674fdbe8fd0fcc99a53d29111368043c09db08409
603,T10418,Pelvic floor disorders treatments,0.028758169934640518,review,Rheumatology,0.0,Reproductive Medicine,0.2444444444444444,10,c40c446d67677ec9cd52894674fdbe8fd0fcc99a53d29111368043c09db08409
604,T10587,Autophagy in Disease and Therapy,0.028758169934640518,review,Epidemiology,0.0,Pharmacology,0.19999999999999998,10,c40c446d67677ec9cd52894674fdbe8fd0fcc99a53d29111368043c09db08409
605,T10606,Kidney Stones and Urolithiasis Treatments,0.028758169934640518,review,Pulmonary and Respiratory Medicine,0.0,"Public Health, Environmental and Occupational Health",0.19999999999999998,10,c40c446d67677ec9cd52894674fdbe8fd0fcc99a53d29111368043c09db08409
606,T11003,Disability Rights and Representation,0.028758169934640518,review,Safety Research,0.0,Gender Studies,0.2444444444444444,10,c40c446d67677ec9cd52894674fdbe8fd0fcc99a53d29111368043c09db08409
607,T11246,Sports injuries and prevention,0.028758169934640518,review,Orthopedics and Sports Medicine,0.0,Periodontics,0.2444444444444444,10,c40c446d67677ec9cd52894674fdbe8fd0fcc99a53d29111368043c09db08409
608,T11453,Diagnosis and Treatment of Venous Diseases,0.028758169934640518,review,Surgery,0.0,Epidemiology,0.2444444444444444,10,c40c446d67677ec9cd52894674fdbe8fd0fcc99a53d29111368043c09db08409
609,T11636,Artificial Intelligence in Healthcare and Education,0.028758169934640518,review,Health Informatics,0.0,"Radiology, Nuclear Medicine and Imaging",0.19999999999999998,10,c40c446d67677ec9cd52894674fdbe8fd0fcc99a53d29111368043c09db08409
610,T12188,"Architecture, Modernity, and Design",0.028758169934640518,review,Architecture,0.0,Literature and Literary Theory,0.2444444444444444,10,c40c446d67677ec9cd52894674fdbe8fd0fcc99a53d29111368043c09db08409
611,T12367,Dental Trauma and Treatments,0.028758169934640518,review,Emergency Medical Services,0.0,Reproductive Medicine,0.2444444444444444,10,c40c446d67677ec9cd52894674fdbe8fd0fcc99a53d29111368043c09db08409
612,T12656,"Climate Change, Adaptation, Migration",0.028758169934640518,review,Sociology and Political Science,0.0,"Ecology, Evolution, Behavior and Systematics",0.2444444444444444,10,c40c446d67677ec9cd52894674fdbe8fd0fcc99a53d29111368043c09db08409
613,T12734,Information Systems and Technology Applications,0.028758169934640518,review,Management Information Systems,0.0,Artificial Intelligence,0.2444444444444444,10,c40c446d67677ec9cd52894674fdbe8fd0fcc99a53d29111368043c09db08409
614,T13364,"Digitalization, Law, and Regulation",0.028758169934640518,review,Law,0.0,Industrial and Manufacturing Engineering,0.19999999999999998,10,c40c446d67677ec9cd52894674fdbe8fd0fcc99a53d29111368043c09db08409
615,T13790,Waste Management and Environmental Impact,0.028758169934640518,review,Mechanical Engineering,0.0,Waste Management and Disposal,0.2444444444444444,10,c40c446d67677ec9cd52894674fdbe8fd0fcc99a53d29111368043c09db08409
616,T13812,AI and HR Technologies,0.028758169934640518,review,Organizational Behavior and Human Resource Management,0.0,Information Systems,0.2444444444444444,10,c40c446d67677ec9cd52894674fdbe8fd0fcc99a53d29111368043c09db08409
617,T14152,Healthcare Facilities Design and Sustainability,0.028758169934640518,review,Urban Studies,0.0,"Health, Toxicology and Mutagenesis",0.19999999999999998,10,c40c446d67677ec9cd52894674fdbe8fd0fcc99a53d29111368043c09db08409
618,T14154,"finance, banking, and market dynamics",0.028758169934640518,review,Finance,0.0,Economics and Econometrics,0.2444444444444444,10,c40c446d67677ec9cd52894674fdbe8fd0fcc99a53d29111368043c09db08409
619,T14354,Emergency Medicine Education and Research,0.028758169934640518,review,Emergency Medicine,0.0,Information Systems,0.19999999999999998,10,c40c446d67677ec9cd52894674fdbe8fd0fcc99a53d29111368043c09db08409
620,T14463,Diverse Scientific Research Studies,0.028758169934640518,review,General Health Professions,0.0,Infectious Diseases,0.2444444444444444,10,c40c446d67677ec9cd52894674fdbe8fd0fcc99a53d29111368043c09db08409
621,T11935,"Literacy, Media, and Education",0.0281733746130031,review,Literature and Literary Theory,0.0,Sociology and Political Science,0.36726457399103146,10,c40c446d67677ec9cd52894674fdbe8fd0fcc99a53d29111368043c09db08409
622,T12861,"Migration, Education, Indigenous Social Dynamics",0.0281733746130031,review,Cultural Studies,0.11788321167883212,Sociology and Political Science,0.4167883211678832,10,c40c446d67677ec9cd52894674fdbe8fd0fcc99a53d29111368043c09db08409
623,T13888,Social Policies and Family,0.0281733746130031,review,Sociology and Political Science,0.11788321167883212,Political Science and International Relations,0.4167883211678832,10,c40c446d67677ec9cd52894674fdbe8fd0fcc99a53d29111368043c09db08409
624,T14156,Engineering Applied Research,0.0281733746130031,review,Civil and Structural Engineering,0.0,Mechanical Engineering,0.2946043165467626,10,c40c446d67677ec9cd52894674fdbe8fd0fcc99a53d29111368043c09db08409
625,T14331,Medicinal Plant Pharmacodynamics Research,0.0281733746130031,review,Pharmacology,0.0,Molecular Biology,0.39757281553398066,10,c40c446d67677ec9cd52894674fdbe8fd0fcc99a53d29111368043c09db08409
626,T12532,Historical and Cultural Archaeology Studies,0.028173374613003094,review,Anthropology,0.13410836620303093,Sociology and Political Science,0.4741540377828524,10,c40c446d67677ec9cd52894674fdbe8fd0fcc99a53d29111368043c09db08409
627,T13587,Q Methodology Applications,0.028173374613003094,review,Management Science and Operations Research,0.12568093385214008,Education,0.4443579766536965,10,c40c446d67677ec9cd52894674fdbe8fd0fcc99a53d29111368043c09db08409
628,T11468,Genetic Mapping and Diversity in Plants and Animals,0.028070175438596492,review,Genetics,0.15,Plant Science,0.55,10,c40c446d67677ec9cd52894674fdbe8fd0fcc99a53d29111368043c09db08409
629,T14323,"Agriculture, Water, and Health",0.028070175438596492,review,Water Science and Technology,0.06,Global and Planetary Change,0.38,10,c40c446d67677ec9cd52894674fdbe8fd0fcc99a53d29111368043c09db08409
630,T13014,Peace and Human Rights Education,0.02807017543859649,review,Sociology and Political Science,0.05,Political Science and International Relations,0.31666666666666665,10,c40c446d67677ec9cd52894674fdbe8fd0fcc99a53d29111368043c09db08409
631,T13719,Phytochemistry and Bioactivity Studies,0.027941176470588233,review,Pharmacology,0.24055299539170508,Complementary and alternative medicine,0.39815668202764976,10,c40c446d67677ec9cd52894674fdbe8fd0fcc99a53d29111368043c09db08409
632,T11243,Respiratory viral infections research,0.027485380116959068,review,Epidemiology,0.11099656357388316,"Public Health, Environmental and Occupational Health",0.38556701030927837,10,c40c446d67677ec9cd52894674fdbe8fd0fcc99a53d29111368043c09db08409
633,T13406,Human Resources and Workforce,0.027485380116959068,review,Safety Research,0.0,Economics and Econometrics,0.2745704467353952,10,c40c446d67677ec9cd52894674fdbe8fd0fcc99a53d29111368043c09db08409
634,T10084,Musculoskeletal pain and rehabilitation,0.027485380116959064,review,Pharmacology,0.0,"Public Health, Environmental and Occupational Health",0.27647058823529413,10,c40c446d67677ec9cd52894674fdbe8fd0fcc99a53d29111368043c09db08409
635,T10277,Vitamin D Research Studies,0.027485380116959064,review,Pathology and Forensic Medicine,0.0,Molecular Biology,0.31333333333333335,10,c40c446d67677ec9cd52894674fdbe8fd0fcc99a53d29111368043c09db08409
636,T10550,Ovarian cancer diagnosis and treatment,0.027485380116959064,review,Reproductive Medicine,0.0,Pulmonary and Respiratory Medicine,0.3056910569105691,10,c40c446d67677ec9cd52894674fdbe8fd0fcc99a53d29111368043c09db08409
637,T10912,Telemedicine and Telehealth Implementation,0.027485380116959064,review,"Public Health, Environmental and Occupational Health",0.0,General Health Professions,0.39166666666666666,10,c40c446d67677ec9cd52894674fdbe8fd0fcc99a53d29111368043c09db08409
638,T11028,Social Work Education and Practice,0.027485380116959064,review,Public Administration,0.0,Education,0.29375,10,c40c446d67677ec9cd52894674fdbe8fd0fcc99a53d29111368043c09db08409
639,T11485,Gastrointestinal Tumor Research and Treatment,0.027485380116959064,review,Gastroenterology,0.0,Surgery,0.39166666666666666,10,c40c446d67677ec9cd52894674fdbe8fd0fcc99a53d29111368043c09db08409
640,T11519,Digital Mental Health Interventions,0.027485380116959064,review,Applied Psychology,0.0,Clinical Psychology,0.27647058823529413,10,c40c446d67677ec9cd52894674fdbe8fd0fcc99a53d29111368043c09db08409
641,T12212,CNS Lymphoma Diagnosis and Treatment,0.027485380116959064,review,Neurology,0.0,Pulmonary and Respiratory Medicine,0.39166666666666666,10,c40c446d67677ec9cd52894674fdbe8fd0fcc99a53d29111368043c09db08409
642,T12416,Polymer Nanocomposite Synthesis and Irradiation,0.027485380116959064,review,Polymers and Plastics,0.06428571428571428,Materials Chemistry,0.4,10,c40c446d67677ec9cd52894674fdbe8fd0fcc99a53d29111368043c09db08409
643,T12710,Engineering and Agricultural Innovations,0.027485380116959064,review,Aquatic Science,0.0,"Renewable Energy, Sustainability and the Environment",0.39166666666666666,10,c40c446d67677ec9cd52894674fdbe8fd0fcc99a53d29111368043c09db08409
644,T13090,Medicinal Plant Extracts Effects,0.027485380116959064,review,Complementary and alternative medicine,0.0,Clinical Psychology,0.29375,10,c40c446d67677ec9cd52894674fdbe8fd0fcc99a53d29111368043c09db08409
645,T13167,"Historical, Literary, and Cultural Studies",0.027485380116959064,review,Classics,0.0,Language and Linguistics,0.39166666666666666,10,c40c446d67677ec9cd52894674fdbe8fd0fcc99a53d29111368043c09db08409
646,T13476,Indonesian Election Politics and Participation,0.027485380116959064,review,Political Science and International Relations,0.18666666666666668,Sociology and Political Science,0.5,10,c40c446d67677ec9cd52894674fdbe8fd0fcc99a53d29111368043c09db08409
647,T13989,Labour Market and Migration,0.027485380116959064,review,Gender Studies,0.0,Sociology and Political Science,0.31089494163424125,10,c40c446d67677ec9cd52894674fdbe8fd0fcc99a53d29111368043c09db08409
648,T14100,Scientific Research and Technology,0.027485380116959064,review,Computer Science Applications,0.0,Education,0.27647058823529413,10,c40c446d67677ec9cd52894674fdbe8fd0fcc99a53d29111368043c09db08409
649,T14208,"Death, Funerary Practices, and Mourning",0.027485380116959064,review,Anthropology,0.0,"Public Health, Environmental and Occupational Health",0.39166666666666666,10,c40c446d67677ec9cd52894674fdbe8fd0fcc99a53d29111368043c09db08409
650,T14332,European Linguistics and Anthropology,0.027485380116959064,review,Anthropology,0.0,Sociology and Political Science,0.39166666666666666,10,c40c446d67677ec9cd52894674fdbe8fd0fcc99a53d29111368043c09db08409
651,T14334,HIV/AIDS Impact and Responses,0.027485380116959064,review,Economics and Econometrics,0.0,Sociology and Political Science,0.39166666666666666,10,c40c446d67677ec9cd52894674fdbe8fd0fcc99a53d29111368043c09db08409
652,T10146,Cervical Cancer and HPV Research,0.02748538011695906,review,Epidemiology,0.0,"Public Health, Environmental and Occupational Health",0.3357142857142857,10,c40c446d67677ec9cd52894674fdbe8fd0fcc99a53d29111368043c09db08409
653,T10179,Supercapacitor Materials and Fabrication,0.02748538011695906,review,"Electronic, Optical and Magnetic Materials",0.0,"Renewable Energy, Sustainability and the Environment",0.36153846153846153,10,c40c446d67677ec9cd52894674fdbe8fd0fcc99a53d29111368043c09db08409
654,T10307,Head and Neck Cancer Studies,0.02748538011695906,review,Otorhinolaryngology,0.0,Oncology,0.3357142857142857,10,c40c446d67677ec9cd52894674fdbe8fd0fcc99a53d29111368043c09db08409
655,T10398,Groundwater and Isotope Geochemistry,0.02748538011695906,review,Geochemistry and Petrology,0.0,Ecology,0.3357142857142857,10,c40c446d67677ec9cd52894674fdbe8fd0fcc99a53d29111368043c09db08409
656,T10482,Mathematical and Theoretical Epidemiology and Ecology Models,0.02748538011695906,review,"Public Health, Environmental and Occupational Health",0.0,Ecology,0.42727272727272725,10,c40c446d67677ec9cd52894674fdbe8fd0fcc99a53d29111368043c09db08409
657,T10583,Cancer-related Molecular Pathways,0.02748538011695906,review,Oncology,0.0,Molecular Biology,0.42727272727272725,10,c40c446d67677ec9cd52894674fdbe8fd0fcc99a53d29111368043c09db08409
658,T10848,Advanced Multi-Objective Optimization Algorithms,0.02748538011695906,review,Computational Theory and Mathematics,0.0,Artificial Intelligence,0.42727272727272725,10,c40c446d67677ec9cd52894674fdbe8fd0fcc99a53d29111368043c09db08409
659,T11047,Gender Diversity and Inequality,0.02748538011695906,review,Gender Studies,0.0,Organizational Behavior and Human Resource Management,0.3357142857142857,10,c40c446d67677ec9cd52894674fdbe8fd0fcc99a53d29111368043c09db08409
660,T11327,Acupuncture Treatment Research Studies,0.02748538011695906,review,Complementary and alternative medicine,0.0,Pharmacology,0.42727272727272725,10,c40c446d67677ec9cd52894674fdbe8fd0fcc99a53d29111368043c09db08409
661,T11359,Effects of Radiation Exposure,0.02748538011695906,review,"Radiology, Nuclear Medicine and Imaging",0.0,Molecular Biology,0.36153846153846153,10,c40c446d67677ec9cd52894674fdbe8fd0fcc99a53d29111368043c09db08409
662,T11371,Wind and Air Flow Studies,0.02748538011695906,review,Environmental Engineering,0.0,Aerospace Engineering,0.42727272727272725,10,c40c446d67677ec9cd52894674fdbe8fd0fcc99a53d29111368043c09db08409
663,T11384,Critical Race Theory in Education,0.02748538011695906,review,Sociology and Political Science,0.0,Education,0.36153846153846153,10,c40c446d67677ec9cd52894674fdbe8fd0fcc99a53d29111368043c09db08409
664,T11399,Muscle metabolism and nutrition,0.02748538011695906,review,Cell Biology,0.0,Molecular Biology,0.3357142857142857,10,c40c446d67677ec9cd52894674fdbe8fd0fcc99a53d29111368043c09db08409
665,T11442,Titanium Alloys Microstructure and Properties,0.02748538011695906,review,Materials Chemistry,0.0,Biomaterials,0.36153846153846153,10,c40c446d67677ec9cd52894674fdbe8fd0fcc99a53d29111368043c09db08409
666,T11511,Dyeing and Modifying Textile Fibers,0.02748538011695906,review,Building and Construction,0.0,Biomaterials,0.42727272727272725,10,c40c446d67677ec9cd52894674fdbe8fd0fcc99a53d29111368043c09db08409
667,T11971,"World Wars: History, Literature, and Impact",0.02748538011695906,review,Political Science and International Relations,0.0,Literature and Literary Theory,0.3357142857142857,10,c40c446d67677ec9cd52894674fdbe8fd0fcc99a53d29111368043c09db08409
668,T12055,Boron Compounds in Chemistry,0.02748538011695906,review,"Radiology, Nuclear Medicine and Imaging",0.0,Organic Chemistry,0.42727272727272725,10,c40c446d67677ec9cd52894674fdbe8fd0fcc99a53d29111368043c09db08409
669,T13100,Comparative Animal Anatomy Studies,0.02748538011695906,review,Urology,0.0,"Ecology, Evolution, Behavior and Systematics",0.3357142857142857,10,c40c446d67677ec9cd52894674fdbe8fd0fcc99a53d29111368043c09db08409
670,T13258,Williams Syndrome Research,0.02748538011695906,review,Developmental Neuroscience,0.0,Cognitive Neuroscience,0.42727272727272725,10,c40c446d67677ec9cd52894674fdbe8fd0fcc99a53d29111368043c09db08409
671,T13480,Innovations and Analysis in Business and Education,0.02748538011695906,review,Management Science and Operations Research,0.0,Strategy and Management,0.36153846153846153,10,c40c446d67677ec9cd52894674fdbe8fd0fcc99a53d29111368043c09db08409
672,T13705,Australian Indigenous Culture and History,0.02748538011695906,review,Anthropology,0.0,Plant Science,0.42727272727272725,10,c40c446d67677ec9cd52894674fdbe8fd0fcc99a53d29111368043c09db08409
673,T13756,International Environmental Law and Policies,0.02748538011695906,review,"Management, Monitoring, Policy and Law",0.0,Global and Planetary Change,0.3357142857142857,10,c40c446d67677ec9cd52894674fdbe8fd0fcc99a53d29111368043c09db08409
674,T13873,Educational Methods and Technology,0.02748538011695906,review,Information Systems,0.24545454545454545,Education,0.6727272727272727,10,c40c446d67677ec9cd52894674fdbe8fd0fcc99a53d29111368043c09db08409
675,T13986,Medical Practices and Rehabilitation,0.02748538011695906,review,"Physical Therapy, Sports Therapy and Rehabilitation",0.0,General Health Professions,0.42727272727272725,10,c40c446d67677ec9cd52894674fdbe8fd0fcc99a53d29111368043c09db08409
676,T14394,Cognitive Science and Education Research,0.02748538011695906,review,Cognitive Neuroscience,0.0,Experimental and Cognitive Psychology,0.42727272727272725,10,c40c446d67677ec9cd52894674fdbe8fd0fcc99a53d29111368043c09db08409
677,T11862,"Agriculture, Land Use, Rural Development",0.027485380116959057,review,General Agricultural and Biological Sciences,0.2111111111111111,Political Science and International Relations,0.4722222222222222,10,c40c446d67677ec9cd52894674fdbe8fd0fcc99a53d29111368043c09db08409
678,T14040,Problem Solving Skills Development,0.027485380116959057,review,Speech and Hearing,0.11875,Clinical Psychology,0.4125,10,c40c446d67677ec9cd52894674fdbe8fd0fcc99a53d29111368043c09db08409
679,T10504,Sensorless Control of Electric Motors,0.02690058479532164,review,Electrical and Electronic Engineering,0.09,Control and Systems Engineering,0.55,10,c40c446d67677ec9cd52894674fdbe8fd0fcc99a53d29111368043c09db08409
680,T14013,Legal Language and Interpretation,0.02690058479532164,review,Law,0.09,Political Science and International Relations,0.55,10,c40c446d67677ec9cd52894674fdbe8fd0fcc99a53d29111368043c09db08409
681,T10004,Soil Carbon and Nitrogen Dynamics,0.026900584795321637,review,Soil Science,0.0,Global and Planetary Change,0.38333333333333336,10,c40c446d67677ec9cd52894674fdbe8fd0fcc99a53d29111368043c09db08409
682,T10219,Mechanical Behavior of Composites,0.026900584795321637,review,Mechanics of Materials,0.0,Mechanical Engineering,0.46,10,c40c446d67677ec9cd52894674fdbe8fd0fcc99a53d29111368043c09db08409
683,T10853,"Anxiety, Depression, Psychometrics, Treatment, Cognitive Processes",0.026900584795321637,review,Experimental and Cognitive Psychology,0.0,Clinical Psychology,0.46,10,c40c446d67677ec9cd52894674fdbe8fd0fcc99a53d29111368043c09db08409
684,T11095,Emergency and Acute Care Studies,0.026900584795321637,review,Emergency Medicine,0.0,General Health Professions,0.46,10,c40c446d67677ec9cd52894674fdbe8fd0fcc99a53d29111368043c09db08409
685,T11103,Antimicrobial Peptides and Activities,0.026900584795321637,review,Microbiology,0.0,Immunology,0.46,10,c40c446d67677ec9cd52894674fdbe8fd0fcc99a53d29111368043c09db08409
686,T11168,International Development and Aid,0.026900584795321637,review,Development,0.0,Sociology and Political Science,0.38333333333333336,10,c40c446d67677ec9cd52894674fdbe8fd0fcc99a53d29111368043c09db08409
687,T11283,Experimental Learning in Engineering,0.026900584795321637,review,Media Technology,0.08181818181818182,Education,0.5,10,c40c446d67677ec9cd52894674fdbe8fd0fcc99a53d29111368043c09db08409
688,T11328,Ocular Oncology and Treatments,0.026900584795321637,review,Ophthalmology,0.0,Pulmonary and Respiratory Medicine,0.38333333333333336,10,c40c446d67677ec9cd52894674fdbe8fd0fcc99a53d29111368043c09db08409
689,T11431,Action Observation and Synchronization,0.026900584795321637,review,Social Psychology,0.0,Cognitive Neuroscience,0.46,10,c40c446d67677ec9cd52894674fdbe8fd0fcc99a53d29111368043c09db08409
690,T11981,Qualitative Research Methods and Ethics,0.026900584795321637,review,Sociology and Political Science,0.0,Education,0.35384615384615387,10,c40c446d67677ec9cd52894674fdbe8fd0fcc99a53d29111368043c09db08409
691,T12111,Industrial Vision Systems and Defect Detection,0.026900584795321637,review,Industrial and Manufacturing Engineering,0.0,Computer Vision and Pattern Recognition,0.46,10,c40c446d67677ec9cd52894674fdbe8fd0fcc99a53d29111368043c09db08409
692,T12529,Ga2O3 and related materials,0.026900584795321637,review,"Electronic, Optical and Magnetic Materials",0.0,Electrical and Electronic Engineering,0.38333333333333336,10,c40c446d67677ec9cd52894674fdbe8fd0fcc99a53d29111368043c09db08409
693,T12709,Optimization and Mathematical Programming,0.026900584795321637,review,Control and Systems Engineering,0.0,Industrial and Manufacturing Engineering,0.46,10,c40c446d67677ec9cd52894674fdbe8fd0fcc99a53d29111368043c09db08409
694,T13092,Environmental Chemistry and Analysis,0.026900584795321637,review,Environmental Chemistry,0.0,Pollution,0.46,10,c40c446d67677ec9cd52894674fdbe8fd0fcc99a53d29111368043c09db08409
695,T13232,Laser-Ablation Synthesis of Nanoparticles,0.026900584795321637,review,Biomedical Engineering,0.0,Materials Chemistry,0.38333333333333336,10,c40c446d67677ec9cd52894674fdbe8fd0fcc99a53d29111368043c09db08409
696,T13521,Psychosocial Factors Impacting Youth,0.026900584795321637,review,Sociology and Political Science,0.0,Clinical Psychology,0.46,10,c40c446d67677ec9cd52894674fdbe8fd0fcc99a53d29111368043c09db08409
697,T13864,Indigenous Cultures and History,0.026900584795321637,review,Anthropology,0.0,Sociology and Political Science,0.35249042145593873,10,c40c446d67677ec9cd52894674fdbe8fd0fcc99a53d29111368043c09db08409
698,T13890,Remote Sensing and Land Use,0.026900584795321637,review,Atmospheric Science,0.0,Global and Planetary Change,0.38333333333333336,10,c40c446d67677ec9cd52894674fdbe8fd0fcc99a53d29111368043c09db08409
699,T13914,European Cultural and National Identity,0.026900584795321637,review,Sociology and Political Science,0.0,Literature and Literary Theory,0.35249042145593873,10,c40c446d67677ec9cd52894674fdbe8fd0fcc99a53d29111368043c09db08409
700,T14082,"Modeling, Simulation, and Optimization",0.026900584795321637,review,Discrete Mathematics and Combinatorics,0.0,Artificial Intelligence,0.46,10,c40c446d67677ec9cd52894674fdbe8fd0fcc99a53d29111368043c09db08409
701,T14202,"Sustainability, Governance, and Employment Studies",0.026900584795321637,review,Sociology and Political Science,0.0,Education,0.38333333333333336,10,c40c446d67677ec9cd52894674fdbe8fd0fcc99a53d29111368043c09db08409
702,T14382,Electrophoretic Deposition in Materials Science,0.026900584795321637,review,Electrical and Electronic Engineering,0.0,Materials Chemistry,0.38333333333333336,10,c40c446d67677ec9cd52894674fdbe8fd0fcc99a53d29111368043c09db08409
703,T10132,Advanced ceramic materials synthesis,0.026900584795321633,review,Ceramics and Composites,0.0,Mechanical Engineering,0.41818181818181815,10,c40c446d67677ec9cd52894674fdbe8fd0fcc99a53d29111368043c09db08409
704,T10186,Nursing education and management,0.026900584795321633,review,Research and Theory,0.0,Education,0.30666666666666664,10,c40c446d67677ec9cd52894674fdbe8fd0fcc99a53d29111368043c09db08409
705,T10295,Plasmonic and Surface Plasmon Research,0.026900584795321633,review,Biomedical Engineering,0.0,Electrical and Electronic Engineering,0.41818181818181815,10,c40c446d67677ec9cd52894674fdbe8fd0fcc99a53d29111368043c09db08409
706,T10485,"Bullying, Victimization, and Aggression",0.026900584795321633,review,Social Psychology,0.075,Clinical Psychology,0.4583333333333333,10,c40c446d67677ec9cd52894674fdbe8fd0fcc99a53d29111368043c09db08409
707,T11910,Foreign Body Medical Cases,0.026900584795321633,review,"Radiology, Nuclear Medicine and Imaging",0.0,Surgery,0.41818181818181815,10,c40c446d67677ec9cd52894674fdbe8fd0fcc99a53d29111368043c09db08409
708,T13341,Belt Conveyor Systems Engineering,0.026900584795321633,review,Mechanical Engineering,0.0,Electrical and Electronic Engineering,0.41818181818181815,10,c40c446d67677ec9cd52894674fdbe8fd0fcc99a53d29111368043c09db08409
709,T14076,Material Properties and Failure Mechanisms,0.026900584795321633,review,Materials Chemistry,0.0,Mechanics of Materials,0.41818181818181815,10,c40c446d67677ec9cd52894674fdbe8fd0fcc99a53d29111368043c09db08409
710,T14203,"Education, Safety, and Science Studies",0.026900584795321633,review,Safety Research,0.0,Education,0.41818181818181815,10,c40c446d67677ec9cd52894674fdbe8fd0fcc99a53d29111368043c09db08409
711,T10775,Generative Adversarial Networks and Image Synthesis,0.02679738562091503,review,Computer Vision and Pattern Recognition,0.15,Artificial Intelligence,0.37777777777777777,10,c40c446d67677ec9cd52894674fdbe8fd0fcc99a53d29111368043c09db08409
712,T10777,Politics and Society in Latin America,0.02679738562091503,review,Political Science and International Relations,0.2571428571428572,Sociology and Political Science,0.4523809523809524,10,c40c446d67677ec9cd52894674fdbe8fd0fcc99a53d29111368043c09db08409
713,T12222,IoT-based Smart Home Systems,0.02679738562091503,review,Electrical and Electronic Engineering,0.15,Computer Networks and Communications,0.37777777777777777,10,c40c446d67677ec9cd52894674fdbe8fd0fcc99a53d29111368043c09db08409
714,T13029,South Asian Studies and Conflicts,0.02679738562091503,review,Political Science and International Relations,0.15,Sociology and Political Science,0.37777777777777777,10,c40c446d67677ec9cd52894674fdbe8fd0fcc99a53d29111368043c09db08409
715,T14340,Islamic Social Reporting,0.02679738562091503,review,General Social Sciences,0.15,Education,0.37777777777777777,10,c40c446d67677ec9cd52894674fdbe8fd0fcc99a53d29111368043c09db08409
716,T12956,Asian Geopolitics and Ethnography,0.026797385620915028,review,Political Science and International Relations,0.3388888888888889,Sociology and Political Science,0.5666666666666667,10,c40c446d67677ec9cd52894674fdbe8fd0fcc99a53d29111368043c09db08409
717,T11931,Organoselenium and organotellurium chemistry,0.026315789473684213,review,Toxicology,0.0,Organic Chemistry,0.8333333333333334,6,c40c446d67677ec9cd52894674fdbe8fd0fcc99a53d29111368043c09db08409
718,T10071,Bone health and osteoporosis research,0.02631578947368421,review,Orthopedics and Sports Medicine,0.0,Mechanical Engineering,0.5,10,c40c446d67677ec9cd52894674fdbe8fd0fcc99a53d29111368043c09db08409
719,T10120,Bacterial Genetics and Biotechnology,0.02631578947368421,review,Genetics,0.0,Molecular Biology,0.5,10,c40c446d67677ec9cd52894674fdbe8fd0fcc99a53d29111368043c09db08409
720,T10631,"Cancer, Hypoxia, and Metabolism",0.02631578947368421,review,Cancer Research,0.0,Oncology,0.5,10,c40c446d67677ec9cd52894674fdbe8fd0fcc99a53d29111368043c09db08409
721,T10675,Mechanical Circulatory Support Devices,0.02631578947368421,review,Biomedical Engineering,0.0,Cardiology and Cardiovascular Medicine,0.5,10,c40c446d67677ec9cd52894674fdbe8fd0fcc99a53d29111368043c09db08409
722,T10830,Airway Management and Intubation Techniques,0.02631578947368421,review,Anesthesiology and Pain Medicine,0.0,Surgery,0.5,10,c40c446d67677ec9cd52894674fdbe8fd0fcc99a53d29111368043c09db08409
723,T10859,Polymer Surface Interaction Studies,0.02631578947368421,review,"Surfaces, Coatings and Films",0.0,Biomaterials,0.5,10,c40c446d67677ec9cd52894674fdbe8fd0fcc99a53d29111368043c09db08409
724,T11209,Cardiovascular and exercise physiology,0.02631578947368421,review,Complementary and alternative medicine,0.0,Cardiology and Cardiovascular Medicine,0.5,10,c40c446d67677ec9cd52894674fdbe8fd0fcc99a53d29111368043c09db08409
725,T11322,Facial Rejuvenation and Surgery Techniques,0.02631578947368421,review,Dermatology,0.0,Surgery,0.5,10,c40c446d67677ec9cd52894674fdbe8fd0fcc99a53d29111368043c09db08409
726,T11516,Visual and Cognitive Learning Processes,0.02631578947368421,review,Experimental and Cognitive Psychology,0.0,Education,0.5,10,c40c446d67677ec9cd52894674fdbe8fd0fcc99a53d29111368043c09db08409
727,T11520,Advanced Thermodynamics and Statistical Mechanics,0.02631578947368421,review,Statistical and Nonlinear Physics,0.0,Control and Systems Engineering,0.7142857142857143,7,c40c446d67677ec9cd52894674fdbe8fd0fcc99a53d29111368043c09db08409
728,T11620,Medication Adherence and Compliance,0.02631578947368421,review,Family Practice,0.0,General Health Professions,0.5,10,c40c446d67677ec9cd52894674fdbe8fd0fcc99a53d29111368043c09db08409
729,T12076,Renaissance and Early Modern Studies,0.02631578947368421,review,History,0.0,Literature and Literary Theory,0.5,10,c40c446d67677ec9cd52894674fdbe8fd0fcc99a53d29111368043c09db08409
730,T12593,Communication in Education and Healthcare,0.02631578947368421,review,Social Psychology,0.0,Education,0.5,10,c40c446d67677ec9cd52894674fdbe8fd0fcc99a53d29111368043c09db08409
731,T13220,Plant and Fungal Interactions Research,0.02631578947368421,review,Endocrinology,0.0,Insect Science,0.5,10,c40c446d67677ec9cd52894674fdbe8fd0fcc99a53d29111368043c09db08409
732,T13344,Industrial Automation and Control Systems,0.02631578947368421,review,Control and Systems Engineering,0.0,Electrical and Electronic Engineering,0.5,10,c40c446d67677ec9cd52894674fdbe8fd0fcc99a53d29111368043c09db08409
733,T13623,Linguistic Studies and Language Acquisition,0.02631578947368421,review,Artificial Intelligence,0.0,Language and Linguistics,0.5,10,c40c446d67677ec9cd52894674fdbe8fd0fcc99a53d29111368043c09db08409
734,T14068,Organic and Inorganic Chemical Reactions,0.02631578947368421,review,Spectroscopy,0.0,Organic Chemistry,0.625,8,c40c446d67677ec9cd52894674fdbe8fd0fcc99a53d29111368043c09db08409
735,T14181,Academic Freedom and Politics,0.02631578947368421,review,Political Science and International Relations,0.1,Education,0.6,10,c40c446d67677ec9cd52894674fdbe8fd0fcc99a53d29111368043c09db08409
736,T14326,Ear and Head Tumors,0.02631578947368421,review,Oncology,0.0,Surgery,0.5,10,c40c446d67677ec9cd52894674fdbe8fd0fcc99a53d29111368043c09db08409
737,T14343,Hispanic-African Historical Relations,0.02631578947368421,review,Religious studies,0.0,History,0.5,10,c40c446d67677ec9cd52894674fdbe8fd0fcc99a53d29111368043c09db08409
738,T12036,Argentine historical studies,0.02500000000000001,review,Cultural Studies,0.10693069306930694,Sociology and Political Science,0.2584158415841585,10,c40c446d67677ec9cd52894674fdbe8fd0fcc99a53d29111368043c09db08409
739,T12347,Ginger and Zingiberaceae research,0.02500000000000001,review,Pharmacology,0.18461538461538463,Complementary and alternative medicine,0.31538461538461543,10,c40c446d67677ec9cd52894674fdbe8fd0fcc99a53d29111368043c09db08409
740,T14247,"Borges, Kipling, and Jewish Identity",0.02500000000000001,review,Literature and Literary Theory,0.16846473029045644,Cultural Studies,0.2672199170124482,10,c40c446d67677ec9cd52894674fdbe8fd0fcc99a53d29111368043c09db08409
741,T11385,Natural product bioactivities and synthesis,0.025000000000000005,review,Molecular Biology,0.09230769230769231,Complementary and alternative medicine,0.2230769230769231,10,c40c446d67677ec9cd52894674fdbe8fd0fcc99a53d29111368043c09db08409
742,T11973,Plant chemical constituents analysis,0.025000000000000005,review,Plant Science,0.16094674556213018,Molecular Biology,0.34201183431952664,10,c40c446d67677ec9cd52894674fdbe8fd0fcc99a53d29111368043c09db08409
743,T13097,Male Breast Health Studies,0.025000000000000005,review,"Public Health, Environmental and Occupational Health",0.09230769230769231,Infectious Diseases,0.2230769230769231,10,c40c446d67677ec9cd52894674fdbe8fd0fcc99a53d29111368043c09db08409
744,T14452,Mexican Socioeconomic and Environmental Dynamics,0.025000000000000005,review,"Management, Monitoring, Policy and Law",0.08888888888888889,Global and Planetary Change,0.21481481481481482,10,c40c446d67677ec9cd52894674fdbe8fd0fcc99a53d29111368043c09db08409
745,T14453,Sustainability and Innovation in Business,0.025000000000000005,review,Management of Technology and Innovation,0.09230769230769231,Economics and Econometrics,0.2230769230769231,10,c40c446d67677ec9cd52894674fdbe8fd0fcc99a53d29111368043c09db08409
746,T14273,"Cultural, Psychoanalytic, and Sociopolitical Reflections",0.025,review,Cultural Studies,0.08530805687203791,Philosophy,0.20616113744075829,10,c40c446d67677ec9cd52894674fdbe8fd0fcc99a53d29111368043c09db08409
747,T13647,AI and Big Data Applications,0.024999999999999998,review,Information Systems,0.2369020501138952,Artificial Intelligence,0.3530751708428246,10,c40c446d67677ec9cd52894674fdbe8fd0fcc99a53d29111368043c09db08409
748,T13918,Advanced Data and IoT Technologies,0.024999999999999998,review,Electrical and Electronic Engineering,0.08571428571428572,Computer Networks and Communications,0.20714285714285713,10,c40c446d67677ec9cd52894674fdbe8fd0fcc99a53d29111368043c09db08409
749,T13930,Diverse Education and Engineering Focus,0.024999999999999998,review,Education,0.09299296691846835,Economics and Econometrics,0.1859859338369367,10,c40c446d67677ec9cd52894674fdbe8fd0fcc99a53d29111368043c09db08409
750,T14353,Wireless Sensor Networks for Data Analysis,0.024999999999999998,review,Computer Networks and Communications,0.08447204968944098,Information Systems,0.2745341614906832,10,c40c446d67677ec9cd52894674fdbe8fd0fcc99a53d29111368043c09db08409
751,T10263,Eating Disorders and Behaviors,0.024183006535947717,review,Clinical Psychology,0.07351351351351351,"Public Health, Environmental and Occupational Health",0.23351351351351354,10,c40c446d67677ec9cd52894674fdbe8fd0fcc99a53d29111368043c09db08409
752,T12075,Sodium Intake and Health,0.024183006535947713,review,Nutrition and Dietetics,0.0894736842105263,Cardiology and Cardiovascular Medicine,0.28421052631578947,10,c40c446d67677ec9cd52894674fdbe8fd0fcc99a53d29111368043c09db08409
753,T13130,Biological and pharmacological studies of plants,0.024183006535947713,review,Pharmacology,0.07727272727272727,Plant Science,0.24545454545454548,10,c40c446d67677ec9cd52894674fdbe8fd0fcc99a53d29111368043c09db08409
754,T13610,"Society, Economy, and Ethics Research",0.024183006535947713,review,Sociology and Political Science,0.07727272727272727,Philosophy,0.24545454545454548,10,c40c446d67677ec9cd52894674fdbe8fd0fcc99a53d29111368043c09db08409
755,T14284,Social Sciences and Humanities,0.024183006535947713,review,Political Science and International Relations,0.07391304347826086,Sociology and Political Science,0.23478260869565218,10,c40c446d67677ec9cd52894674fdbe8fd0fcc99a53d29111368043c09db08409
756,T14398,Agriculture and Social Issues,0.024183006535947713,review,Plant Science,0.16999999999999998,"Management, Monitoring, Policy and Law",0.355,10,c40c446d67677ec9cd52894674fdbe8fd0fcc99a53d29111368043c09db08409
757,T12370,Advances in Cucurbitaceae Research,0.023495012039903687,review,Genetics,0.13721973094170403,Plant Science,0.4434977578475337,10,c40c446d67677ec9cd52894674fdbe8fd0fcc99a53d29111368043c09db08409
758,T12294,Agricultural Science and Fertilization,0.02349501203990368,review,Soil Science,0.22956204379562045,Plant Science,0.47883211678832116,10,c40c446d67677ec9cd52894674fdbe8fd0fcc99a53d29111368043c09db08409
759,T13162,African Studies and Ethnography,0.02349501203990368,review,Sociology and Political Science,0.22956204379562045,Political Science and International Relations,0.47883211678832116,10,c40c446d67677ec9cd52894674fdbe8fd0fcc99a53d29111368043c09db08409
760,T10620,Protease and Inhibitor Mechanisms,0.023495012039903677,review,Cancer Research,0.04967532467532467,Molecular Biology,0.2714285714285714,10,c40c446d67677ec9cd52894674fdbe8fd0fcc99a53d29111368043c09db08409
761,T12080,Injection Molding Process and Properties,0.022910216718266263,review,Mechanical Engineering,0.07427184466019418,Electrical and Electronic Engineering,0.39757281553398066,10,c40c446d67677ec9cd52894674fdbe8fd0fcc99a53d29111368043c09db08409
762,T13535,Wireless Sensor Networks and IoT,0.02291021671826626,review,Control and Systems Engineering,0.11788321167883212,Information Systems,0.3609489051094891,10,c40c446d67677ec9cd52894674fdbe8fd0fcc99a53d29111368043c09db08409
763,T10284,Anaerobic Digestion and Biogas Production,0.022910216718266256,review,Building and Construction,0.0,Biomedical Engineering,0.32330097087378645,10,c40c446d67677ec9cd52894674fdbe8fd0fcc99a53d29111368043c09db08409
764,T12044,Advanced Physical and Chemical Molecular Interactions,0.022910216718266256,review,Physical and Theoretical Chemistry,0.0,Materials Chemistry,0.32330097087378645,10,c40c446d67677ec9cd52894674fdbe8fd0fcc99a53d29111368043c09db08409
765,T12063,Heat and Mass Transfer in Porous Media,0.022910216718266256,review,Computational Mechanics,0.13721973094170403,Mechanical Engineering,0.4358744394618834,10,c40c446d67677ec9cd52894674fdbe8fd0fcc99a53d29111368043c09db08409
766,T12105,Hygrothermal properties of building materials,0.022910216718266256,review,Building and Construction,0.0,Polymers and Plastics,0.2986547085201794,10,c40c446d67677ec9cd52894674fdbe8fd0fcc99a53d29111368043c09db08409
767,T12218,Coal and Its By-products,0.022910216718266256,review,Geochemistry and Petrology,0.0,Water Science and Technology,0.24306569343065695,10,c40c446d67677ec9cd52894674fdbe8fd0fcc99a53d29111368043c09db08409
768,T12938,Material Selection and Properties,0.022910216718266256,review,Materials Chemistry,0.0,Civil and Structural Engineering,0.3523809523809524,10,c40c446d67677ec9cd52894674fdbe8fd0fcc99a53d29111368043c09db08409
769,T13074,Global Financial Regulation and Crises,0.022910216718266256,review,Finance,0.0,Accounting,0.2775,10,c40c446d67677ec9cd52894674fdbe8fd0fcc99a53d29111368043c09db08409
770,T13382,Robotics and Automated Systems,0.022910216718266256,review,Control and Systems Engineering,0.0,Artificial Intelligence,0.2775,10,c40c446d67677ec9cd52894674fdbe8fd0fcc99a53d29111368043c09db08409
771,T12485,"Optimism, Hope, and Well-being",0.022910216718266253,review,Applied Psychology,0.0,Health,0.24130434782608698,10,c40c446d67677ec9cd52894674fdbe8fd0fcc99a53d29111368043c09db08409
772,T14413,Advanced Technologies in Various Fields,0.022910216718266253,review,Artificial Intelligence,0.19833333333333333,Computer Vision and Pattern Recognition,0.47583333333333333,10,c40c446d67677ec9cd52894674fdbe8fd0fcc99a53d29111368043c09db08409
773,T13159,Structural mechanics and materials,0.022807017543859647,review,Materials Chemistry,0.24666666666666667,Organic Chemistry,0.5066666666666667,10,c40c446d67677ec9cd52894674fdbe8fd0fcc99a53d29111368043c09db08409
774,T12382,History of Education Research in Brazil,0.02222222222222223,review,History,0.1125,Education,0.2541666666666667,10,c40c446d67677ec9cd52894674fdbe8fd0fcc99a53d29111368043c09db08409
775,T10239,Urban Planning and Governance,0.022222222222222227,review,Urban Studies,0.09999999999999999,Political Science and International Relations,0.3,10,c40c446d67677ec9cd52894674fdbe8fd0fcc99a53d29111368043c09db08409
776,T11591,NF-κB Signaling Pathways,0.022222222222222227,review,Cancer Research,0.08499999999999999,Molecular Biology,0.255,10,c40c446d67677ec9cd52894674fdbe8fd0fcc99a53d29111368043c09db08409
777,T12033,Agricultural Economics and Policy,0.022222222222222227,review,General Agricultural and Biological Sciences,0.09999999999999999,Global and Planetary Change,0.3,10,c40c446d67677ec9cd52894674fdbe8fd0fcc99a53d29111368043c09db08409
778,T13303,Asian Culture and Media Studies,0.022222222222222227,review,Cultural Studies,0.09999999999999999,Sociology and Political Science,0.3,10,c40c446d67677ec9cd52894674fdbe8fd0fcc99a53d29111368043c09db08409
779,T13544,Women's cancer prevention and management,0.022222222222222227,review,"Public Health, Environmental and Occupational Health",0.09999999999999999,General Health Professions,0.3,10,c40c446d67677ec9cd52894674fdbe8fd0fcc99a53d29111368043c09db08409
780,T13628,Agricultural Productivity and Crop Improvement,0.022222222222222227,review,Agronomy and Crop Science,0.11788321167883212,Soil Science,0.3536496350364964,10,c40c446d67677ec9cd52894674fdbe8fd0fcc99a53d29111368043c09db08409
781,T13676,Educational and Technological Research,0.022222222222222227,review,Information Systems,0.1285714285714286,Artificial Intelligence,0.2904761904761905,10,c40c446d67677ec9cd52894674fdbe8fd0fcc99a53d29111368043c09db08409
782,T13856,Advanced Power Generation Technologies,0.022222222222222227,review,Electrical and Electronic Engineering,0.09999999999999999,"Renewable Energy, Sustainability and the Environment",0.3,10,c40c446d67677ec9cd52894674fdbe8fd0fcc99a53d29111368043c09db08409
783,T14364,Clusterin in disease pathology,0.022222222222222227,review,Oncology,0.09999999999999999,Cancer Research,0.3,10,c40c446d67677ec9cd52894674fdbe8fd0fcc99a53d29111368043c09db08409
784,T10104,Nanofluid Flow and Heat Transfer,0.022222222222222223,review,Biomedical Engineering,0.0,Mechanical Engineering,0.2923076923076923,10,c40c446d67677ec9cd52894674fdbe8fd0fcc99a53d29111368043c09db08409
785,T10143,Chronic Obstructive Pulmonary Disease (COPD) Research,0.022222222222222223,review,Pulmonary and Respiratory Medicine,0.0,Hepatology,0.19999999999999998,10,c40c446d67677ec9cd52894674fdbe8fd0fcc99a53d29111368043c09db08409
786,T10167,Influenza Virus Research Studies,0.022222222222222223,review,Epidemiology,0.0,Infectious Diseases,0.16999999999999998,10,c40c446d67677ec9cd52894674fdbe8fd0fcc99a53d29111368043c09db08409
787,T10170,Retinal Diseases and Treatments,0.022222222222222223,review,Ophthalmology,0.0,Molecular Biology,0.19999999999999998,10,c40c446d67677ec9cd52894674fdbe8fd0fcc99a53d29111368043c09db08409
788,T10203,Recommender Systems and Techniques,0.022222222222222223,review,Information Systems,0.0,Artificial Intelligence,0.19999999999999998,10,c40c446d67677ec9cd52894674fdbe8fd0fcc99a53d29111368043c09db08409
789,T10212,Electrochemical sensors and biosensors,0.022222222222222223,review,Electrical and Electronic Engineering,0.0,"Electronic, Optical and Magnetic Materials",0.2235294117647059,10,c40c446d67677ec9cd52894674fdbe8fd0fcc99a53d29111368043c09db08409
790,T10380,Intimate Partner and Family Violence,0.022222222222222223,review,Health,0.0,Demography,0.2235294117647059,10,c40c446d67677ec9cd52894674fdbe8fd0fcc99a53d29111368043c09db08409
791,T10486,Salmonella and Campylobacter epidemiology,0.022222222222222223,review,Food Science,0.0,Parasitology,0.19999999999999998,10,c40c446d67677ec9cd52894674fdbe8fd0fcc99a53d29111368043c09db08409
792,T10672,Design Education and Practice,0.022222222222222223,review,Mechanical Engineering,0.0,Strategy and Management,0.19999999999999998,10,c40c446d67677ec9cd52894674fdbe8fd0fcc99a53d29111368043c09db08409
793,T10770,Soil Geostatistics and Mapping,0.022222222222222223,review,Environmental Engineering,0.0,Ecology,0.25333333333333335,10,c40c446d67677ec9cd52894674fdbe8fd0fcc99a53d29111368043c09db08409
794,T10795,Healthcare professionals’ stress and burnout,0.022222222222222223,review,General Health Professions,0.0,Clinical Psychology,0.19999999999999998,10,c40c446d67677ec9cd52894674fdbe8fd0fcc99a53d29111368043c09db08409
795,T10860,Speech and Audio Processing,0.022222222222222223,review,Signal Processing,0.0,Artificial Intelligence,0.19999999999999998,10,c40c446d67677ec9cd52894674fdbe8fd0fcc99a53d29111368043c09db08409
796,T10877,Allergic Rhinitis and Sensitization,0.022222222222222223,review,Immunology and Allergy,0.0,Epidemiology,0.19999999999999998,10,c40c446d67677ec9cd52894674fdbe8fd0fcc99a53d29111368043c09db08409
797,T10888,Augmented Reality Applications,0.022222222222222223,review,Computer Vision and Pattern Recognition,0.0,Information Systems,0.19999999999999998,10,c40c446d67677ec9cd52894674fdbe8fd0fcc99a53d29111368043c09db08409
798,T10909,Edible Oils Quality and Analysis,0.022222222222222223,review,Organic Chemistry,0.0,Food Science,0.19999999999999998,10,c40c446d67677ec9cd52894674fdbe8fd0fcc99a53d29111368043c09db08409
799,T10955,Paleontology and Evolutionary Biology,0.022222222222222223,review,Paleontology,0.0,"Ecology, Evolution, Behavior and Systematics",0.2923076923076923,10,c40c446d67677ec9cd52894674fdbe8fd0fcc99a53d29111368043c09db08409
800,T10987,Microfinance and Financial Inclusion,0.022222222222222223,review,Economics and Econometrics,0.0,Education,0.2235294117647059,10,c40c446d67677ec9cd52894674fdbe8fd0fcc99a53d29111368043c09db08409
801,T11013,Skin Protection and Aging,0.022222222222222223,review,Dermatology,0.0,Biochemistry,0.2235294117647059,10,c40c446d67677ec9cd52894674fdbe8fd0fcc99a53d29111368043c09db08409
802,T11015,Down syndrome and intellectual disability research,0.022222222222222223,review,"Public Health, Environmental and Occupational Health",0.16470588235294117,Clinical Psychology,0.38823529411764707,10,c40c446d67677ec9cd52894674fdbe8fd0fcc99a53d29111368043c09db08409
803,T11057,Cardiac Ischemia and Reperfusion,0.022222222222222223,review,Pathology and Forensic Medicine,0.0,Molecular Biology,0.25333333333333335,10,c40c446d67677ec9cd52894674fdbe8fd0fcc99a53d29111368043c09db08409
804,T11068,Tendon Structure and Treatment,0.022222222222222223,review,Orthopedics and Sports Medicine,0.0,Urology,0.26916666666666667,10,c40c446d67677ec9cd52894674fdbe8fd0fcc99a53d29111368043c09db08409
805,T11074,Helminth infection and control,0.022222222222222223,review,Small Animals,0.0,Genetics,0.19999999999999998,10,c40c446d67677ec9cd52894674fdbe8fd0fcc99a53d29111368043c09db08409
806,T11079,Creativity in Education and Neuroscience,0.022222222222222223,review,Experimental and Cognitive Psychology,0.0,Economics and Econometrics,0.19999999999999998,10,c40c446d67677ec9cd52894674fdbe8fd0fcc99a53d29111368043c09db08409
807,T11085,Fungal Biology and Applications,0.022222222222222223,review,Pharmacology,0.0,Aquatic Science,0.25333333333333335,10,c40c446d67677ec9cd52894674fdbe8fd0fcc99a53d29111368043c09db08409
808,T11131,Proteoglycans and glycosaminoglycans research,0.022222222222222223,review,Cell Biology,0.0,Immunology,0.19999999999999998,10,c40c446d67677ec9cd52894674fdbe8fd0fcc99a53d29111368043c09db08409
809,T11139,"Gout, Hyperuricemia, Uric Acid",0.022222222222222223,review,Nephrology,0.0,Cardiology and Cardiovascular Medicine,0.19999999999999998,10,c40c446d67677ec9cd52894674fdbe8fd0fcc99a53d29111368043c09db08409
810,T11153,Streptococcal Infections and Treatments,0.022222222222222223,review,"Public Health, Environmental and Occupational Health",0.0,Infectious Diseases,0.19999999999999998,10,c40c446d67677ec9cd52894674fdbe8fd0fcc99a53d29111368043c09db08409
811,T11264,Coffee research and impacts,0.022222222222222223,review,Pharmacology,0.0,Molecular Biology,0.2235294117647059,10,c40c446d67677ec9cd52894674fdbe8fd0fcc99a53d29111368043c09db08409
812,T11313,Immune cells in cancer,0.022222222222222223,review,Immunology,0.0,Molecular Biology,0.16999999999999998,10,c40c446d67677ec9cd52894674fdbe8fd0fcc99a53d29111368043c09db08409
813,T11365,Islamic Finance and Banking Studies,0.022222222222222223,review,Accounting,0.13846153846153847,Finance,0.4307692307692308,10,c40c446d67677ec9cd52894674fdbe8fd0fcc99a53d29111368043c09db08409
814,T11386,Bee Products Chemical Analysis,0.022222222222222223,review,Insect Science,0.0,Plant Science,0.19999999999999998,10,c40c446d67677ec9cd52894674fdbe8fd0fcc99a53d29111368043c09db08409
815,T11438,Retinal Imaging and Analysis,0.022222222222222223,review,"Radiology, Nuclear Medicine and Imaging",0.0,Ophthalmology,0.2923076923076923,10,c40c446d67677ec9cd52894674fdbe8fd0fcc99a53d29111368043c09db08409
816,T11571,Sarcoidosis and Beryllium Toxicity Research,0.022222222222222223,review,Physiology,0.0,Hepatology,0.19999999999999998,10,c40c446d67677ec9cd52894674fdbe8fd0fcc99a53d29111368043c09db08409
817,T11653,Financial Distress and Bankruptcy Prediction,0.022222222222222223,review,Accounting,0.0,Artificial Intelligence,0.19999999999999998,10,c40c446d67677ec9cd52894674fdbe8fd0fcc99a53d29111368043c09db08409
818,T11760,Plant responses to elevated CO2,0.022222222222222223,review,Plant Science,0.0,General Agricultural and Biological Sciences,0.25333333333333335,10,c40c446d67677ec9cd52894674fdbe8fd0fcc99a53d29111368043c09db08409
819,T11773,Healthcare Operations and Scheduling Optimization,0.022222222222222223,review,Emergency Medical Services,0.0,Control and Systems Engineering,0.25333333333333335,10,c40c446d67677ec9cd52894674fdbe8fd0fcc99a53d29111368043c09db08409
820,T11793,"Recreation, Leisure, Wilderness Management",0.022222222222222223,review,Social Psychology,0.0,Occupational Therapy,0.25136186770428015,10,c40c446d67677ec9cd52894674fdbe8fd0fcc99a53d29111368043c09db08409
821,T11837,Iron and Steelmaking Processes,0.022222222222222223,review,Mechanical Engineering,0.0,"Renewable Energy, Sustainability and the Environment",0.2923076923076923,10,c40c446d67677ec9cd52894674fdbe8fd0fcc99a53d29111368043c09db08409
822,T11846,Cultural Heritage Management and Preservation,0.022222222222222223,review,Archeology,0.0,"Management, Monitoring, Policy and Law",0.2235294117647059,10,c40c446d67677ec9cd52894674fdbe8fd0fcc99a53d29111368043c09db08409
823,T11860,"HIV, Drug Use, Sexual Risk",0.022222222222222223,review,Epidemiology,0.0,Parasitology,0.19999999999999998,10,c40c446d67677ec9cd52894674fdbe8fd0fcc99a53d29111368043c09db08409
824,T11926,Subterranean biodiversity and taxonomy,0.022222222222222223,review,Paleontology,0.0,"Ecology, Evolution, Behavior and Systematics",0.2235294117647059,10,c40c446d67677ec9cd52894674fdbe8fd0fcc99a53d29111368043c09db08409
825,T11933,Mining and Resource Management,0.022222222222222223,review,Building and Construction,0.0,Economics and Econometrics,0.19999999999999998,10,c40c446d67677ec9cd52894674fdbe8fd0fcc99a53d29111368043c09db08409
826,T11955,Urban and spatial planning,0.022222222222222223,review,Nature and Landscape Conservation,0.0,General Agricultural and Biological Sciences,0.19999999999999998,10,c40c446d67677ec9cd52894674fdbe8fd0fcc99a53d29111368043c09db08409
827,T12116,Dermatological diseases and infestations,0.022222222222222223,review,Infectious Diseases,0.0,Parasitology,0.19999999999999998,10,c40c446d67677ec9cd52894674fdbe8fd0fcc99a53d29111368043c09db08409
828,T12120,Air Quality Monitoring and Forecasting,0.022222222222222223,review,Environmental Engineering,0.0894736842105263,Artificial Intelligence,0.26842105263157895,10,c40c446d67677ec9cd52894674fdbe8fd0fcc99a53d29111368043c09db08409
829,T12182,Evolution and Science Education,0.022222222222222223,review,History and Philosophy of Science,0.0,Philosophy,0.19999999999999998,10,c40c446d67677ec9cd52894674fdbe8fd0fcc99a53d29111368043c09db08409
830,T12199,Vascular Anomalies and Treatments,0.022222222222222223,review,Genetics,0.0,Hepatology,0.19999999999999998,10,c40c446d67677ec9cd52894674fdbe8fd0fcc99a53d29111368043c09db08409
831,T12316,Oil Spill Detection and Mitigation,0.022222222222222223,review,Pollution,0.0,Water Science and Technology,0.2235294117647059,10,c40c446d67677ec9cd52894674fdbe8fd0fcc99a53d29111368043c09db08409
832,T12317,Actinomycetales infections and treatment,0.022222222222222223,review,Microbiology,0.0,Epidemiology,0.19999999999999998,10,c40c446d67677ec9cd52894674fdbe8fd0fcc99a53d29111368043c09db08409
833,T12352,Heparin-Induced Thrombocytopenia and Thrombosis,0.022222222222222223,review,Surgery,0.0,Infectious Diseases,0.19999999999999998,10,c40c446d67677ec9cd52894674fdbe8fd0fcc99a53d29111368043c09db08409
834,T12372,Art Therapy and Mental Health,0.022222222222222223,review,Conservation,0.0,General Health Professions,0.2896860986547085,10,c40c446d67677ec9cd52894674fdbe8fd0fcc99a53d29111368043c09db08409
835,T12456,Geotourism and Geoheritage Conservation,0.022222222222222223,review,Geology,0.0,"Ecology, Evolution, Behavior and Systematics",0.2923076923076923,10,c40c446d67677ec9cd52894674fdbe8fd0fcc99a53d29111368043c09db08409
836,T12458,Organometallic Compounds Synthesis and Characterization,0.022222222222222223,review,Organic Chemistry,0.19999999999999998,Materials Chemistry,0.39999999999999997,10,c40c446d67677ec9cd52894674fdbe8fd0fcc99a53d29111368043c09db08409
837,T12518,Diverticular Disease and Complications,0.022222222222222223,review,Surgery,0.0,Epidemiology,0.19999999999999998,10,c40c446d67677ec9cd52894674fdbe8fd0fcc99a53d29111368043c09db08409
838,T12520,Psychology of Moral and Emotional Judgment,0.022222222222222223,review,Cognitive Neuroscience,0.0,Philosophy,0.19999999999999998,10,c40c446d67677ec9cd52894674fdbe8fd0fcc99a53d29111368043c09db08409
839,T12536,Topological and Geometric Data Analysis,0.022222222222222223,review,Computational Theory and Mathematics,0.06,Information Systems,0.31333333333333335,10,c40c446d67677ec9cd52894674fdbe8fd0fcc99a53d29111368043c09db08409
840,T12569,Restless Legs Syndrome Research,0.022222222222222223,review,Epidemiology,0.0,Reproductive Medicine,0.19999999999999998,10,c40c446d67677ec9cd52894674fdbe8fd0fcc99a53d29111368043c09db08409
841,T12645,European history and politics,0.022222222222222223,review,Political Science and International Relations,0.0,History,0.19999999999999998,10,c40c446d67677ec9cd52894674fdbe8fd0fcc99a53d29111368043c09db08409
842,T12684,Stuttering Research and Treatment,0.022222222222222223,review,Clinical Psychology,0.0,Reproductive Medicine,0.19999999999999998,10,c40c446d67677ec9cd52894674fdbe8fd0fcc99a53d29111368043c09db08409
843,T12786,Innovation and Socioeconomic Development,0.022222222222222223,review,Business and International Management,0.0,Education,0.19999999999999998,10,c40c446d67677ec9cd52894674fdbe8fd0fcc99a53d29111368043c09db08409
844,T12877,Social Issues in Poland,0.022222222222222223,review,General Social Sciences,0.0,Sociology and Political Science,0.2923076923076923,10,c40c446d67677ec9cd52894674fdbe8fd0fcc99a53d29111368043c09db08409
845,T12910,Eicosanoids and Hypertension Pharmacology,0.022222222222222223,review,Biochemistry,0.0,Molecular Biology,0.2235294117647059,10,c40c446d67677ec9cd52894674fdbe8fd0fcc99a53d29111368043c09db08409
846,T12913,Multidisciplinary Research Papers Compilation,0.022222222222222223,review,General Social Sciences,0.0,General Agricultural and Biological Sciences,0.19999999999999998,10,c40c446d67677ec9cd52894674fdbe8fd0fcc99a53d29111368043c09db08409
847,T12980,Family Caregiving in Mental Illness,0.022222222222222223,review,Clinical Psychology,0.08888888888888888,General Health Professions,0.26666666666666666,10,c40c446d67677ec9cd52894674fdbe8fd0fcc99a53d29111368043c09db08409
848,T13025,American History and Culture,0.022222222222222223,review,Marketing,0.0,Economics and Econometrics,0.2235294117647059,10,c40c446d67677ec9cd52894674fdbe8fd0fcc99a53d29111368043c09db08409
849,T13054,Agricultural and Financial Auditing,0.022222222222222223,review,General Agricultural and Biological Sciences,0.0,Mechanical Engineering,0.19999999999999998,10,c40c446d67677ec9cd52894674fdbe8fd0fcc99a53d29111368043c09db08409
850,T13106,"Neuroscience, Education and Cognitive Function",0.022222222222222223,review,Cognitive Neuroscience,0.0,Education,0.19999999999999998,10,c40c446d67677ec9cd52894674fdbe8fd0fcc99a53d29111368043c09db08409
851,T13134,Latin American Literature Studies,0.022222222222222223,review,Cultural Studies,0.0,Literature and Literary Theory,0.2923076923076923,10,c40c446d67677ec9cd52894674fdbe8fd0fcc99a53d29111368043c09db08409
852,T13186,Russia and Soviet political economy,0.022222222222222223,review,Political Science and International Relations,0.19999999999999998,Sociology and Political Science,0.39999999999999997,10,c40c446d67677ec9cd52894674fdbe8fd0fcc99a53d29111368043c09db08409
853,T13273,Knowledge Management in Higher Education,0.022222222222222223,review,Education,0.0,Strategy and Management,0.19999999999999998,10,c40c446d67677ec9cd52894674fdbe8fd0fcc99a53d29111368043c09db08409
854,T13332,"Historical Studies on Reproduction, Gender, Health, and Societal Changes",0.022222222222222223,review,History,0.14210526315789473,Literature and Literary Theory,0.32105263157894737,10,c40c446d67677ec9cd52894674fdbe8fd0fcc99a53d29111368043c09db08409
855,T13488,Sports and Physical Education Studies,0.022222222222222223,review,Life-span and Life-course Studies,0.0,"Public Health, Environmental and Occupational Health",0.19999999999999998,10,c40c446d67677ec9cd52894674fdbe8fd0fcc99a53d29111368043c09db08409
856,T13491,Social and Political Issues,0.022222222222222223,review,Sociology and Political Science,0.305,Political Science and International Relations,0.475,10,c40c446d67677ec9cd52894674fdbe8fd0fcc99a53d29111368043c09db08409
857,T13510,Nostalgia and Consumer Behavior,0.022222222222222223,review,Social Psychology,0.0,Experimental and Cognitive Psychology,0.19999999999999998,10,c40c446d67677ec9cd52894674fdbe8fd0fcc99a53d29111368043c09db08409
858,T13515,Cultural and Communication Design Research,0.022222222222222223,review,Museology,0.0,General Agricultural and Biological Sciences,0.19999999999999998,10,c40c446d67677ec9cd52894674fdbe8fd0fcc99a53d29111368043c09db08409
859,T13520,Architectural and Urban Studies,0.022222222222222223,review,Conservation,0.0,"Management, Monitoring, Policy and Law",0.19999999999999998,10,c40c446d67677ec9cd52894674fdbe8fd0fcc99a53d29111368043c09db08409
860,T13597,Medicine and Dermatology Studies History,0.022222222222222223,review,Dermatology,0.0,Epidemiology,0.19999999999999998,10,c40c446d67677ec9cd52894674fdbe8fd0fcc99a53d29111368043c09db08409
861,T13670,Ziziphus Jujuba Studies and Applications,0.022222222222222223,review,Food Science,0.0,Molecular Biology,0.19999999999999998,10,c40c446d67677ec9cd52894674fdbe8fd0fcc99a53d29111368043c09db08409
862,T13796,Neurological Disorders and Treatments,0.022222222222222223,review,Neurology,0.0,Molecular Biology,0.19999999999999998,10,c40c446d67677ec9cd52894674fdbe8fd0fcc99a53d29111368043c09db08409
863,T13836,Educational Research and Pedagogy,0.022222222222222223,review,Computer Networks and Communications,0.0894736842105263,Information Systems,0.26842105263157895,10,c40c446d67677ec9cd52894674fdbe8fd0fcc99a53d29111368043c09db08409
864,T13871,Melamine detection and toxicity,0.022222222222222223,review,Food Science,0.0,Pollution,0.2923076923076923,10,c40c446d67677ec9cd52894674fdbe8fd0fcc99a53d29111368043c09db08409
865,T13909,Environmental Quality and Pollution,0.022222222222222223,review,Ecology,0.0,"Management, Monitoring, Policy and Law",0.19999999999999998,10,c40c446d67677ec9cd52894674fdbe8fd0fcc99a53d29111368043c09db08409
866,T13936,Physical Education and Gymnastics,0.022222222222222223,review,Education,0.0,General Health Professions,0.2896860986547085,10,c40c446d67677ec9cd52894674fdbe8fd0fcc99a53d29111368043c09db08409
867,T13964,Educational Technology and Optimization,0.022222222222222223,review,Information Systems,0.0,Economics and Econometrics,0.19999999999999998,10,c40c446d67677ec9cd52894674fdbe8fd0fcc99a53d29111368043c09db08409
868,T13984,"Nutrition, Genetics, and Disease",0.022222222222222223,review,Genetics,0.0,General Health Professions,0.2923076923076923,10,c40c446d67677ec9cd52894674fdbe8fd0fcc99a53d29111368043c09db08409
869,T14020,Medical research and treatments,0.022222222222222223,review,Surgery,0.0,Food Science,0.19999999999999998,10,c40c446d67677ec9cd52894674fdbe8fd0fcc99a53d29111368043c09db08409
870,T14028,Healthcare and Venom Research,0.022222222222222223,review,Pharmacology,0.0,Complementary and alternative medicine,0.2923076923076923,10,c40c446d67677ec9cd52894674fdbe8fd0fcc99a53d29111368043c09db08409
871,T14052,Galician and Iberian cultural studies,0.022222222222222223,review,"Geography, Planning and Development",0.0,Archeology,0.2923076923076923,10,c40c446d67677ec9cd52894674fdbe8fd0fcc99a53d29111368043c09db08409
872,T14093,Global Health and Epidemiology,0.022222222222222223,review,Health Information Management,0.0,Sociology and Political Science,0.19999999999999998,10,c40c446d67677ec9cd52894674fdbe8fd0fcc99a53d29111368043c09db08409
873,T14114,Digital Media and Philosophy,0.022222222222222223,review,Computer Science Applications,0.0,Information Systems,0.2923076923076923,10,c40c446d67677ec9cd52894674fdbe8fd0fcc99a53d29111368043c09db08409
874,T14125,"Education, Sociology, Communication Studies",0.022222222222222223,review,Cultural Studies,0.0,History and Philosophy of Science,0.25333333333333335,10,c40c446d67677ec9cd52894674fdbe8fd0fcc99a53d29111368043c09db08409
875,T14144,Neurological Disease Mechanisms and Treatments,0.022222222222222223,review,Neurology,0.0,Molecular Biology,0.2896860986547085,10,c40c446d67677ec9cd52894674fdbe8fd0fcc99a53d29111368043c09db08409
876,T14170,Classical Studies and Philology,0.022222222222222223,review,Language and Linguistics,0.0,Sociology and Political Science,0.19999999999999998,10,c40c446d67677ec9cd52894674fdbe8fd0fcc99a53d29111368043c09db08409
877,T14262,Extenics and Innovation Methods,0.022222222222222223,review,Computational Mechanics,0.0,Mechanical Engineering,0.19999999999999998,10,c40c446d67677ec9cd52894674fdbe8fd0fcc99a53d29111368043c09db08409
878,T14288,"Law, Rights, and Freedoms",0.022222222222222223,review,Sociology and Political Science,0.19999999999999998,Law,0.39999999999999997,10,c40c446d67677ec9cd52894674fdbe8fd0fcc99a53d29111368043c09db08409
879,T14316,"Nursing Education, Practice, and Leadership",0.022222222222222223,review,"Issues, ethics and legal aspects",0.0,General Health Professions,0.2923076923076923,10,c40c446d67677ec9cd52894674fdbe8fd0fcc99a53d29111368043c09db08409
880,T14337,"Religious, Philosophical, and Educational Studies",0.022222222222222223,review,Sociology and Political Science,0.19999999999999998,Philosophy,0.39999999999999997,10,c40c446d67677ec9cd52894674fdbe8fd0fcc99a53d29111368043c09db08409
881,T14357,"Architecture, Design, and Social History",0.022222222222222223,review,Conservation,0.0,Sociology and Political Science,0.19999999999999998,10,c40c446d67677ec9cd52894674fdbe8fd0fcc99a53d29111368043c09db08409
882,T14450,Employee Welfare and Language Studies,0.022222222222222223,review,Organizational Behavior and Human Resource Management,0.0,"Management, Monitoring, Policy and Law",0.2235294117647059,10,c40c446d67677ec9cd52894674fdbe8fd0fcc99a53d29111368043c09db08409
883,T14462,Educational Methods and Impacts,0.022222222222222223,review,Education,0.0,Information Systems,0.19999999999999998,10,c40c446d67677ec9cd52894674fdbe8fd0fcc99a53d29111368043c09db08409
884,T14505,Natural Products and Applications,0.022222222222222223,review,General Agricultural and Biological Sciences,0.0,Biochemistry,0.2235294117647059,10,c40c446d67677ec9cd52894674fdbe8fd0fcc99a53d29111368043c09db08409
885,T10032,Marine and coastal ecosystems,0.02222222222222222,review,Oceanography,0.0,Atmospheric Science,0.18888888888888888,10,c40c446d67677ec9cd52894674fdbe8fd0fcc99a53d29111368043c09db08409
886,T10302,Fish Ecology and Management Studies,0.02222222222222222,review,Nature and Landscape Conservation,0.09444444444444444,Global and Planetary Change,0.2833333333333333,10,c40c446d67677ec9cd52894674fdbe8fd0fcc99a53d29111368043c09db08409
887,T10321,Quantum Dots Synthesis And Properties,0.02222222222222222,review,Materials Chemistry,0.06923076923076923,Electrical and Electronic Engineering,0.36153846153846153,10,c40c446d67677ec9cd52894674fdbe8fd0fcc99a53d29111368043c09db08409
888,T10342,Circadian rhythm and melatonin,0.02222222222222222,review,Endocrine and Autonomic Systems,0.0,Molecular Biology,0.2111111111111111,10,c40c446d67677ec9cd52894674fdbe8fd0fcc99a53d29111368043c09db08409
889,T10368,Dental Health and Care Utilization,0.02222222222222222,review,Periodontics,0.0,Epidemiology,0.18888888888888888,10,c40c446d67677ec9cd52894674fdbe8fd0fcc99a53d29111368043c09db08409
890,T10438,"Energy, Environment, Economic Growth",0.02222222222222222,review,Economics and Econometrics,0.11099656357388316,"Renewable Energy, Sustainability and the Environment",0.33298969072164947,10,c40c446d67677ec9cd52894674fdbe8fd0fcc99a53d29111368043c09db08409
891,T10667,Emotion and Mood Recognition,0.02222222222222222,review,Experimental and Cognitive Psychology,0.0,Signal Processing,0.2375,10,c40c446d67677ec9cd52894674fdbe8fd0fcc99a53d29111368043c09db08409
892,T10678,Inflammatory mediators and NSAID effects,0.02222222222222222,review,Pharmacology,0.0,Oncology,0.18888888888888888,10,c40c446d67677ec9cd52894674fdbe8fd0fcc99a53d29111368043c09db08409
893,T10946,Radioactivity and Radon Measurements,0.02222222222222222,review,Radiological and Ultrasound Technology,0.0,Environmental Chemistry,0.18888888888888888,10,c40c446d67677ec9cd52894674fdbe8fd0fcc99a53d29111368043c09db08409
894,T11066,Organic Food and Agriculture,0.02222222222222222,review,Plant Science,0.0,General Agricultural and Biological Sciences,0.2714285714285714,10,c40c446d67677ec9cd52894674fdbe8fd0fcc99a53d29111368043c09db08409
895,T11135,Virology and Viral Diseases,0.02222222222222222,review,Epidemiology,0.12272727272727274,Infectious Diseases,0.2772727272727273,10,c40c446d67677ec9cd52894674fdbe8fd0fcc99a53d29111368043c09db08409
896,T11207,Alcohol Consumption and Health Effects,0.02222222222222222,review,Pathology and Forensic Medicine,0.0,Geriatrics and Gerontology,0.18888888888888888,10,c40c446d67677ec9cd52894674fdbe8fd0fcc99a53d29111368043c09db08409
897,T11220,Water Systems and Optimization,0.02222222222222222,review,Civil and Structural Engineering,0.0,Aerospace Engineering,0.31666666666666665,10,c40c446d67677ec9cd52894674fdbe8fd0fcc99a53d29111368043c09db08409
898,T11244,Climate Change and Health Impacts,0.02222222222222222,review,"Health, Toxicology and Mutagenesis",0.0,Global and Planetary Change,0.18888888888888888,10,c40c446d67677ec9cd52894674fdbe8fd0fcc99a53d29111368043c09db08409
899,T11259,Agriculture Sustainability and Environmental Impact,0.02222222222222222,review,Ecology,0.0,Plant Science,0.18888888888888888,10,c40c446d67677ec9cd52894674fdbe8fd0fcc99a53d29111368043c09db08409
900,T11290,Preterm Birth and Chorioamnionitis,0.02222222222222222,review,Epidemiology,0.0,Immunology,0.2714285714285714,10,c40c446d67677ec9cd52894674fdbe8fd0fcc99a53d29111368043c09db08409
901,T11305,"Amyloidosis: Diagnosis, Treatment, Outcomes",0.02222222222222222,review,Molecular Biology,0.0,Epidemiology,0.18888888888888888,10,c40c446d67677ec9cd52894674fdbe8fd0fcc99a53d29111368043c09db08409
902,T11348,Celiac Disease Research and Management,0.02222222222222222,review,Gastroenterology,0.0,Hepatology,0.18888888888888888,10,c40c446d67677ec9cd52894674fdbe8fd0fcc99a53d29111368043c09db08409
903,T11358,Dysphagia Assessment and Management,0.02222222222222222,review,Speech and Hearing,0.0,Neurology,0.2375,10,c40c446d67677ec9cd52894674fdbe8fd0fcc99a53d29111368043c09db08409
904,T11405,Geophysics and Gravity Measurements,0.02222222222222222,review,Oceanography,0.06923076923076923,Atmospheric Science,0.36153846153846153,10,c40c446d67677ec9cd52894674fdbe8fd0fcc99a53d29111368043c09db08409
905,T11580,Veterinary Medicine and Surgery,0.02222222222222222,review,Small Animals,0.0,Cardiology and Cardiovascular Medicine,0.2375,10,c40c446d67677ec9cd52894674fdbe8fd0fcc99a53d29111368043c09db08409
906,T11643,Building materials and conservation,0.02222222222222222,review,Earth-Surface Processes,0.0,Conservation,0.34545454545454546,10,c40c446d67677ec9cd52894674fdbe8fd0fcc99a53d29111368043c09db08409
907,T11655,HIV-related health complications and treatments,0.02222222222222222,review,Emergency Medicine,0.0,"Endocrinology, Diabetes and Metabolism",0.18888888888888888,10,c40c446d67677ec9cd52894674fdbe8fd0fcc99a53d29111368043c09db08409
908,T11664,Fiber-reinforced polymer composites,0.02222222222222222,review,Mechanical Engineering,0.0,Mechanics of Materials,0.2111111111111111,10,c40c446d67677ec9cd52894674fdbe8fd0fcc99a53d29111368043c09db08409
909,T11710,Biomedical Text Mining and Ontologies,0.02222222222222222,review,Molecular Biology,0.08181818181818182,Artificial Intelligence,0.42727272727272725,10,c40c446d67677ec9cd52894674fdbe8fd0fcc99a53d29111368043c09db08409
910,T11745,Potato Plant Research,0.02222222222222222,review,Food Science,0.0,Molecular Biology,0.2714285714285714,10,c40c446d67677ec9cd52894674fdbe8fd0fcc99a53d29111368043c09db08409
911,T11957,Food Safety and Hygiene,0.02222222222222222,review,Food Science,0.0,Sociology and Political Science,0.34545454545454546,10,c40c446d67677ec9cd52894674fdbe8fd0fcc99a53d29111368043c09db08409
912,T11967,Electrolyte and hormonal disorders,0.02222222222222222,review,Pulmonary and Respiratory Medicine,0.0,Epidemiology,0.18888888888888888,10,c40c446d67677ec9cd52894674fdbe8fd0fcc99a53d29111368043c09db08409
913,T12030,S100 Proteins and Annexins,0.02222222222222222,review,Molecular Biology,0.0,Immunology,0.2375,10,c40c446d67677ec9cd52894674fdbe8fd0fcc99a53d29111368043c09db08409
914,T12157,Geochemistry and Geologic Mapping,0.02222222222222222,review,Artificial Intelligence,0.0,Environmental Engineering,0.2111111111111111,10,c40c446d67677ec9cd52894674fdbe8fd0fcc99a53d29111368043c09db08409
915,T12360,Plant-derived Lignans Synthesis and Bioactivity,0.02222222222222222,review,Molecular Biology,0.10555555555555556,Plant Science,0.31666666666666665,10,c40c446d67677ec9cd52894674fdbe8fd0fcc99a53d29111368043c09db08409
916,T12364,Archaeological Research and Protection,0.02222222222222222,review,Space and Planetary Science,0.0,Global and Planetary Change,0.2375,10,c40c446d67677ec9cd52894674fdbe8fd0fcc99a53d29111368043c09db08409
917,T12405,Characterization and Applications of Magnetic Nanoparticles,0.02222222222222222,review,Biomedical Engineering,0.0,Molecular Biology,0.2375,10,c40c446d67677ec9cd52894674fdbe8fd0fcc99a53d29111368043c09db08409
918,T12432,Arctic and Russian Policy Studies,0.02222222222222222,review,Sociology and Political Science,0.0,Atmospheric Science,0.18888888888888888,10,c40c446d67677ec9cd52894674fdbe8fd0fcc99a53d29111368043c09db08409
919,T12438,Urticaria and Related Conditions,0.02222222222222222,review,Rheumatology,0.0,Hepatology,0.1789473684210526,10,c40c446d67677ec9cd52894674fdbe8fd0fcc99a53d29111368043c09db08409
920,T12473,Pacific and Southeast Asian Studies,0.02222222222222222,review,"Geography, Planning and Development",0.0,General Agricultural and Biological Sciences,0.31666666666666665,10,c40c446d67677ec9cd52894674fdbe8fd0fcc99a53d29111368043c09db08409
921,T12515,Gender and Technology in Education,0.02222222222222222,review,Gender Studies,0.09444444444444444,Sociology and Political Science,0.2833333333333333,10,c40c446d67677ec9cd52894674fdbe8fd0fcc99a53d29111368043c09db08409
922,T12614,Indigenous Studies and Ecology,0.02222222222222222,review,General Health Professions,0.0,General Agricultural and Biological Sciences,0.18888888888888888,10,c40c446d67677ec9cd52894674fdbe8fd0fcc99a53d29111368043c09db08409
923,T12682,Smart Materials for Construction,0.02222222222222222,review,Pollution,0.0,Water Science and Technology,0.2714285714285714,10,c40c446d67677ec9cd52894674fdbe8fd0fcc99a53d29111368043c09db08409
924,T12756,Plant Toxicity and Pharmacological Properties,0.02222222222222222,review,Molecular Biology,0.0,Food Science,0.2111111111111111,10,c40c446d67677ec9cd52894674fdbe8fd0fcc99a53d29111368043c09db08409
925,T12868,Photography and Visual Culture,0.02222222222222222,review,History,0.0,Visual Arts and Performing Arts,0.2714285714285714,10,c40c446d67677ec9cd52894674fdbe8fd0fcc99a53d29111368043c09db08409
926,T12909,French Historical and Cultural Studies,0.02222222222222222,review,History,0.18888888888888888,Literature and Literary Theory,0.37777777777777777,10,c40c446d67677ec9cd52894674fdbe8fd0fcc99a53d29111368043c09db08409
927,T12935,Healthcare Systems and Public Health,0.02222222222222222,review,Epidemiology,0.0,Cardiology and Cardiovascular Medicine,0.1789473684210526,10,c40c446d67677ec9cd52894674fdbe8fd0fcc99a53d29111368043c09db08409
928,T12981,Conservation Techniques and Studies,0.02222222222222222,review,Conservation,0.0,Plant Science,0.18888888888888888,10,c40c446d67677ec9cd52894674fdbe8fd0fcc99a53d29111368043c09db08409
929,T13013,Free Radicals and Antioxidants,0.02222222222222222,review,Organic Chemistry,0.0,Biochemistry,0.18888888888888888,10,c40c446d67677ec9cd52894674fdbe8fd0fcc99a53d29111368043c09db08409
930,T13095,Plant-based Medicinal Research,0.02222222222222222,review,Pharmacology,0.0,Molecular Biology,0.2375,10,c40c446d67677ec9cd52894674fdbe8fd0fcc99a53d29111368043c09db08409
931,T13214,Powdery Mildew Fungal Diseases,0.02222222222222222,review,Plant Science,0.0,Parasitology,0.31666666666666665,10,c40c446d67677ec9cd52894674fdbe8fd0fcc99a53d29111368043c09db08409
932,T13280,Biomedical and Engineering Education,0.02222222222222222,review,Biomedical Engineering,0.0,Experimental and Cognitive Psychology,0.18888888888888888,10,c40c446d67677ec9cd52894674fdbe8fd0fcc99a53d29111368043c09db08409
933,T13316,"Crafts, Textile, and Design",0.02222222222222222,review,Museology,0.0,"Management, Monitoring, Policy and Law",0.2111111111111111,10,c40c446d67677ec9cd52894674fdbe8fd0fcc99a53d29111368043c09db08409
934,T13375,Integrated Water Resources Management,0.02222222222222222,review,Water Science and Technology,0.0,Environmental Chemistry,0.31666666666666665,10,c40c446d67677ec9cd52894674fdbe8fd0fcc99a53d29111368043c09db08409
935,T13477,Sustainable Design and Development,0.02222222222222222,review,Building and Construction,0.0,"Management, Monitoring, Policy and Law",0.2111111111111111,10,c40c446d67677ec9cd52894674fdbe8fd0fcc99a53d29111368043c09db08409
936,T13505,Apelin-related biomedical research,0.02222222222222222,review,Pharmacology,0.0,"Endocrinology, Diabetes and Metabolism",0.2111111111111111,10,c40c446d67677ec9cd52894674fdbe8fd0fcc99a53d29111368043c09db08409
937,T13524,Venezuelan Migration and Society,0.02222222222222222,review,Health,0.075,Sociology and Political Science,0.39166666666666666,10,c40c446d67677ec9cd52894674fdbe8fd0fcc99a53d29111368043c09db08409
938,T13551,Biochemical effects in animals,0.02222222222222222,review,Physiology,0.0,Molecular Biology,0.1789473684210526,10,c40c446d67677ec9cd52894674fdbe8fd0fcc99a53d29111368043c09db08409
939,T13564,Education and Public Policy,0.02222222222222222,review,Political Science and International Relations,0.09444444444444444,Education,0.2833333333333333,10,c40c446d67677ec9cd52894674fdbe8fd0fcc99a53d29111368043c09db08409
940,T13578,Stonefly species taxonomy and ecology,0.02222222222222222,review,Ocean Engineering,0.0,Artificial Intelligence,0.18888888888888888,10,c40c446d67677ec9cd52894674fdbe8fd0fcc99a53d29111368043c09db08409
941,T13605,"Homicide, Infanticide, and Child Abuse",0.02222222222222222,review,Sociology and Political Science,0.0,Epidemiology,0.18888888888888888,10,c40c446d67677ec9cd52894674fdbe8fd0fcc99a53d29111368043c09db08409
942,T13612,Advanced Scientific and Engineering Studies,0.02222222222222222,review,Management Science and Operations Research,0.0,Mechanical Engineering,0.18888888888888888,10,c40c446d67677ec9cd52894674fdbe8fd0fcc99a53d29111368043c09db08409
943,T13622,Historical and Environmental Studies,0.02222222222222222,review,Sociology and Political Science,0.0,Water Science and Technology,0.2714285714285714,10,c40c446d67677ec9cd52894674fdbe8fd0fcc99a53d29111368043c09db08409
944,T13639,Paraquat toxicity studies and treatments,0.02222222222222222,review,Surgery,0.0,Biochemistry,0.18888888888888888,10,c40c446d67677ec9cd52894674fdbe8fd0fcc99a53d29111368043c09db08409
945,T13683,"Architecture, Art, Education",0.02222222222222222,review,Visual Arts and Performing Arts,0.0,Organizational Behavior and Human Resource Management,0.18888888888888888,10,c40c446d67677ec9cd52894674fdbe8fd0fcc99a53d29111368043c09db08409
946,T13722,Ergonomics and Human Factors,0.02222222222222222,review,Biomedical Engineering,0.0,"Management, Monitoring, Policy and Law",0.2375,10,c40c446d67677ec9cd52894674fdbe8fd0fcc99a53d29111368043c09db08409
947,T13725,Pineapple and bromelain studies,0.02222222222222222,review,Molecular Biology,0.10555555555555556,Complementary and alternative medicine,0.31666666666666665,10,c40c446d67677ec9cd52894674fdbe8fd0fcc99a53d29111368043c09db08409
948,T13757,Graphic Design and Typography,0.02222222222222222,review,History and Philosophy of Science,0.0,Education,0.2714285714285714,10,c40c446d67677ec9cd52894674fdbe8fd0fcc99a53d29111368043c09db08409
949,T13847,Literature Analysis and Criticism,0.02222222222222222,review,"Pediatrics, Perinatology and Child Health",0.0,Parasitology,0.1789473684210526,10,c40c446d67677ec9cd52894674fdbe8fd0fcc99a53d29111368043c09db08409
950,T13866,Occupational health in dentistry,0.02222222222222222,review,Medical Laboratory Technology,0.0,Demography,0.18888888888888888,10,c40c446d67677ec9cd52894674fdbe8fd0fcc99a53d29111368043c09db08409
951,T13937,"Genetics, Bioinformatics, and Biomedical Research",0.02222222222222222,review,Molecular Biology,0.0,Information Systems,0.18888888888888888,10,c40c446d67677ec9cd52894674fdbe8fd0fcc99a53d29111368043c09db08409
952,T14057,Hypertrophic osteoarthropathy and related conditions,0.02222222222222222,review,Rheumatology,0.0,Surgery,0.2714285714285714,10,c40c446d67677ec9cd52894674fdbe8fd0fcc99a53d29111368043c09db08409
953,T14089,Nanotechnology research and applications,0.02222222222222222,review,Biomedical Engineering,0.0,Philosophy,0.18888888888888888,10,c40c446d67677ec9cd52894674fdbe8fd0fcc99a53d29111368043c09db08409
954,T14119,Agricultural and Environmental Management,0.02222222222222222,review,Demography,0.0,Forestry,0.2375,10,c40c446d67677ec9cd52894674fdbe8fd0fcc99a53d29111368043c09db08409
955,T14145,Diverse Cultural Media Analysis,0.02222222222222222,review,Media Technology,0.0,Management Science and Operations Research,0.1789473684210526,10,c40c446d67677ec9cd52894674fdbe8fd0fcc99a53d29111368043c09db08409
956,T14187,Varied Academic Research Topics,0.02222222222222222,review,Management Information Systems,0.0,Strategy and Management,0.18888888888888888,10,c40c446d67677ec9cd52894674fdbe8fd0fcc99a53d29111368043c09db08409
957,T14188,Latin American Legal and Economic Studies,0.02222222222222222,review,Political Science and International Relations,0.0,Health,0.2714285714285714,10,c40c446d67677ec9cd52894674fdbe8fd0fcc99a53d29111368043c09db08409
958,T14222,Knowledge Management and Technology,0.02222222222222222,review,Management Science and Operations Research,0.0,Management Information Systems,0.1789473684210526,10,c40c446d67677ec9cd52894674fdbe8fd0fcc99a53d29111368043c09db08409
959,T14258,Legal and Policy Issues,0.02222222222222222,review,Law,0.11176470588235295,Political Science and International Relations,0.3352941176470588,10,c40c446d67677ec9cd52894674fdbe8fd0fcc99a53d29111368043c09db08409
960,T14270,Simulation and Modeling Applications,0.02222222222222222,review,Control and Systems Engineering,0.0,Mechanical Engineering,0.2714285714285714,10,c40c446d67677ec9cd52894674fdbe8fd0fcc99a53d29111368043c09db08409
961,T14285,Biopolymer Synthesis and Applications,0.02222222222222222,review,Molecular Biology,0.0,Organic Chemistry,0.2714285714285714,10,c40c446d67677ec9cd52894674fdbe8fd0fcc99a53d29111368043c09db08409
962,T14292,"Migration, Policy, and Dickens Studies",0.02222222222222222,review,Demography,0.0,Sociology and Political Science,0.1789473684210526,10,c40c446d67677ec9cd52894674fdbe8fd0fcc99a53d29111368043c09db08409
963,T14309,Employee Performance and Management,0.02222222222222222,review,Human Factors and Ergonomics,0.0,Sociology and Political Science,0.2375,10,c40c446d67677ec9cd52894674fdbe8fd0fcc99a53d29111368043c09db08409
964,T14361,Corporate Social Responsibility Disclosure,0.02222222222222222,review,Gender Studies,0.06923076923076923,Strategy and Management,0.36153846153846153,10,c40c446d67677ec9cd52894674fdbe8fd0fcc99a53d29111368043c09db08409
965,T14395,African history and culture studies,0.02222222222222222,review,Anthropology,0.09444444444444444,Literature and Literary Theory,0.2833333333333333,10,c40c446d67677ec9cd52894674fdbe8fd0fcc99a53d29111368043c09db08409
966,T14446,Civil and Geotechnical Engineering Research,0.02222222222222222,review,General Engineering,0.0,Mechanical Engineering,0.20974025974025973,10,c40c446d67677ec9cd52894674fdbe8fd0fcc99a53d29111368043c09db08409
967,T14466,"Migration, Health, Geopolitics, Historical Geography",0.02222222222222222,review,Demography,0.11675675675675677,Sociology and Political Science,0.2637837837837838,10,c40c446d67677ec9cd52894674fdbe8fd0fcc99a53d29111368043c09db08409
968,T14520,Sustainable Urban and Rural Development,0.02222222222222222,review,Urban Studies,0.0,"Geography, Planning and Development",0.2111111111111111,10,c40c446d67677ec9cd52894674fdbe8fd0fcc99a53d29111368043c09db08409
969,T12808,Ferroelectric and Negative Capacitance Devices,0.022222222222222216,review,Electrical and Electronic Engineering,0.16363636363636364,"Electronic, Optical and Magnetic Materials",0.509090909090909,10,c40c446d67677ec9cd52894674fdbe8fd0fcc99a53d29111368043c09db08409
970,T13266,Indigenous Studies in Latin America,0.022222222222222213,review,Cultural Studies,0.2584158415841585,Sociology and Political Science,0.3930693069306931,10,c40c446d67677ec9cd52894674fdbe8fd0fcc99a53d29111368043c09db08409
971,T14240,E-Learning and COVID-19,0.022222222222222213,review,Education,0.4356060606060606,Information Systems,0.5643939393939393,10,c40c446d67677ec9cd52894674fdbe8fd0fcc99a53d29111368043c09db08409
972,T10137,Multiple Sclerosis Research Studies,0.021637426900584796,review,Pathology and Forensic Medicine,0.0,Neurology,0.33636363636363636,10,c40c446d67677ec9cd52894674fdbe8fd0fcc99a53d29111368043c09db08409
973,T10184,Plant Molecular Biology Research,0.021637426900584796,review,Plant Science,0.075,Molecular Biology,0.38333333333333336,10,c40c446d67677ec9cd52894674fdbe8fd0fcc99a53d29111368043c09db08409
974,T10207,Advanced biosensing and bioanalysis techniques,0.021637426900584796,review,Molecular Biology,0.0,Materials Chemistry,0.30833333333333335,10,c40c446d67677ec9cd52894674fdbe8fd0fcc99a53d29111368043c09db08409
975,T10366,Discourse Analysis in Language Studies,0.021637426900584796,review,Literature and Literary Theory,0.0,Language and Linguistics,0.33636363636363636,10,c40c446d67677ec9cd52894674fdbe8fd0fcc99a53d29111368043c09db08409
976,T10411,Proteins in Food Systems,0.021637426900584796,review,Food Science,0.0,Materials Chemistry,0.37,10,c40c446d67677ec9cd52894674fdbe8fd0fcc99a53d29111368043c09db08409
977,T10459,Sexual function and dysfunction studies,0.021637426900584796,review,Psychiatry and Mental health,0.0,Cardiology and Cardiovascular Medicine,0.33636363636363636,10,c40c446d67677ec9cd52894674fdbe8fd0fcc99a53d29111368043c09db08409
978,T10461,Gas Sensing Nanomaterials and Sensors,0.021637426900584796,review,Electrical and Electronic Engineering,0.0,"Renewable Energy, Sustainability and the Environment",0.30833333333333335,10,c40c446d67677ec9cd52894674fdbe8fd0fcc99a53d29111368043c09db08409
979,T10552,Colorectal Cancer Screening and Detection,0.021637426900584796,review,Oncology,0.0,Cardiology and Cardiovascular Medicine,0.23125,10,c40c446d67677ec9cd52894674fdbe8fd0fcc99a53d29111368043c09db08409
980,T10556,Global Cancer Incidence and Screening,0.021637426900584796,review,Oncology,0.0,Epidemiology,0.37,10,c40c446d67677ec9cd52894674fdbe8fd0fcc99a53d29111368043c09db08409
981,T10642,Plasma Applications and Diagnostics,0.021637426900584796,review,"Radiology, Nuclear Medicine and Imaging",0.0,Molecular Biology,0.30833333333333335,10,c40c446d67677ec9cd52894674fdbe8fd0fcc99a53d29111368043c09db08409
982,T10668,Endometrial and Cervical Cancer Treatments,0.021637426900584796,review,Obstetrics and Gynecology,0.0,Pulmonary and Respiratory Medicine,0.30833333333333335,10,c40c446d67677ec9cd52894674fdbe8fd0fcc99a53d29111368043c09db08409
983,T10673,Gestational Diabetes Research and Management,0.021637426900584796,review,Obstetrics and Gynecology,0.0,"Endocrinology, Diabetes and Metabolism",0.33636363636363636,10,c40c446d67677ec9cd52894674fdbe8fd0fcc99a53d29111368043c09db08409
984,T10799,Data Visualization and Analytics,0.021637426900584796,review,Computer Vision and Pattern Recognition,0.0,Information Systems,0.33636363636363636,10,c40c446d67677ec9cd52894674fdbe8fd0fcc99a53d29111368043c09db08409
985,T10825,Plant Pathogens and Fungal Diseases,0.021637426900584796,review,Cell Biology,0.0,Molecular Biology,0.37,10,c40c446d67677ec9cd52894674fdbe8fd0fcc99a53d29111368043c09db08409
986,T10846,Photonic Crystal and Fiber Optics,0.021637426900584796,review,Electrical and Electronic Engineering,0.0,"Atomic and Molecular Physics, and Optics",0.6727272727272727,5,c40c446d67677ec9cd52894674fdbe8fd0fcc99a53d29111368043c09db08409
987,T10920,Advanced Drug Delivery Systems,0.021637426900584796,review,Pharmaceutical Science,0.0,Materials Chemistry,0.30833333333333335,10,c40c446d67677ec9cd52894674fdbe8fd0fcc99a53d29111368043c09db08409
988,T10990,Infection Control and Ventilation,0.021637426900584796,review,Pulmonary and Respiratory Medicine,0.0,Infectious Diseases,0.33636363636363636,10,c40c446d67677ec9cd52894674fdbe8fd0fcc99a53d29111368043c09db08409
989,T11016,Monoclonal and Polyclonal Antibodies Research,0.021637426900584796,review,"Radiology, Nuclear Medicine and Imaging",0.0,Molecular Biology,0.8043478260869565,4,c40c446d67677ec9cd52894674fdbe8fd0fcc99a53d29111368043c09db08409
990,T11021,ECG Monitoring and Analysis,0.021637426900584796,review,Cardiology and Cardiovascular Medicine,0.0,Computer Vision and Pattern Recognition,0.23125,10,c40c446d67677ec9cd52894674fdbe8fd0fcc99a53d29111368043c09db08409
991,T11115,Topology Optimization in Engineering,0.021637426900584796,review,Civil and Structural Engineering,0.0,Mechanical Engineering,0.37,10,c40c446d67677ec9cd52894674fdbe8fd0fcc99a53d29111368043c09db08409
992,T11167,Hair Growth and Disorders,0.021637426900584796,review,Urology,0.0,Molecular Biology,0.30833333333333335,10,c40c446d67677ec9cd52894674fdbe8fd0fcc99a53d29111368043c09db08409
993,T11430,Disaster Response and Management,0.021637426900584796,review,Emergency Medical Services,0.0,"Public Health, Environmental and Occupational Health",0.24666666666666667,10,c40c446d67677ec9cd52894674fdbe8fd0fcc99a53d29111368043c09db08409
994,T11558,Composite Material Mechanics,0.021637426900584796,review,Mechanics of Materials,0.0,Materials Chemistry,0.33636363636363636,10,c40c446d67677ec9cd52894674fdbe8fd0fcc99a53d29111368043c09db08409
995,T11647,Workplace Violence and Bullying,0.021637426900584796,review,Sociology and Political Science,0.12568093385214008,Clinical Psychology,0.37042801556420235,10,c40c446d67677ec9cd52894674fdbe8fd0fcc99a53d29111368043c09db08409
996,T11672,Recycling and utilization of industrial and municipal waste in materials production,0.021637426900584796,review,Building and Construction,0.0,Mechanical Engineering,0.37,10,c40c446d67677ec9cd52894674fdbe8fd0fcc99a53d29111368043c09db08409
997,T11680,Advanced Algebra and Geometry,0.021637426900584796,review,Mathematical Physics,0.0,Algebra and Number Theory,0.6727272727272727,5,c40c446d67677ec9cd52894674fdbe8fd0fcc99a53d29111368043c09db08409
998,T11820,Learning Styles and Cognitive Differences,0.021637426900584796,review,Developmental and Educational Psychology,0.0,Education,0.33636363636363636,10,c40c446d67677ec9cd52894674fdbe8fd0fcc99a53d29111368043c09db08409
999,T11990,Global Health Workforce Issues,0.021637426900584796,review,Emergency Medical Services,0.0,General Health Professions,0.33636363636363636,10,c40c446d67677ec9cd52894674fdbe8fd0fcc99a53d29111368043c09db08409
1000,T12027,Social Media in Health Education,0.021637426900584796,review,Health,0.0,General Health Professions,0.33636363636363636,10,c40c446d67677ec9cd52894674fdbe8fd0fcc99a53d29111368043c09db08409
1001,T12142,Marine Invertebrate Physiology and Ecology,0.021637426900584796,review,Paleontology,0.0,Molecular Biology,0.33636363636363636,10,c40c446d67677ec9cd52894674fdbe8fd0fcc99a53d29111368043c09db08409
1002,T12272,Cardiovascular Conditions and Treatments,0.021637426900584796,review,"Radiology, Nuclear Medicine and Imaging",0.0,Pulmonary and Respiratory Medicine,0.37,10,c40c446d67677ec9cd52894674fdbe8fd0fcc99a53d29111368043c09db08409
1003,T12399,Wine Industry and Tourism,0.021637426900584796,review,"Tourism, Leisure and Hospitality Management",0.0,Marketing,0.37,10,c40c446d67677ec9cd52894674fdbe8fd0fcc99a53d29111368043c09db08409
1004,T12543,Groundwater and Watershed Analysis,0.021637426900584796,review,Environmental Engineering,0.0,Global and Planetary Change,0.30833333333333335,10,c40c446d67677ec9cd52894674fdbe8fd0fcc99a53d29111368043c09db08409
1005,T12551,Forgiveness and Related Behaviors,0.021637426900584796,review,Social Psychology,0.18,Clinical Psychology,0.55,10,c40c446d67677ec9cd52894674fdbe8fd0fcc99a53d29111368043c09db08409
1006,T12564,Sensor Technology and Measurement Systems,0.021637426900584796,review,Computer Networks and Communications,0.0,Artificial Intelligence,0.37,10,c40c446d67677ec9cd52894674fdbe8fd0fcc99a53d29111368043c09db08409
1007,T12579,Muon and positron interactions and applications,0.021637426900584796,review,Mechanics of Materials,0.0,Electrical and Electronic Engineering,0.30833333333333335,10,c40c446d67677ec9cd52894674fdbe8fd0fcc99a53d29111368043c09db08409
1008,T12652,International Maritime Law Issues,0.021637426900584796,review,"Management, Monitoring, Policy and Law",0.0,Political Science and International Relations,0.30833333333333335,10,c40c446d67677ec9cd52894674fdbe8fd0fcc99a53d29111368043c09db08409
1009,T12735,Blood donation and transfusion practices,0.021637426900584796,review,Management of Technology and Innovation,0.0,Management Information Systems,0.37,10,c40c446d67677ec9cd52894674fdbe8fd0fcc99a53d29111368043c09db08409
1010,T12794,Adaptive Dynamic Programming Control,0.021637426900584796,review,Computational Theory and Mathematics,0.0,Artificial Intelligence,0.37,10,c40c446d67677ec9cd52894674fdbe8fd0fcc99a53d29111368043c09db08409
1011,T12918,Healthcare Systems and Technology,0.021637426900584796,review,Organizational Behavior and Human Resource Management,0.0,General Health Professions,0.37,10,c40c446d67677ec9cd52894674fdbe8fd0fcc99a53d29111368043c09db08409
1012,T12945,Quality Function Deployment in Product Design,0.021637426900584796,review,Management of Technology and Innovation,0.0,Management Information Systems,0.33636363636363636,10,c40c446d67677ec9cd52894674fdbe8fd0fcc99a53d29111368043c09db08409
1013,T12996,Cancer Research and Treatments,0.021637426900584796,review,Biotechnology,0.0,Oncology,0.33636363636363636,10,c40c446d67677ec9cd52894674fdbe8fd0fcc99a53d29111368043c09db08409
1014,T13110,Colorectal and Anal Carcinomas,0.021637426900584796,review,Surgery,0.0,Pulmonary and Respiratory Medicine,0.37,10,c40c446d67677ec9cd52894674fdbe8fd0fcc99a53d29111368043c09db08409
1015,T13267,Advanced Theoretical and Applied Studies in Material Sciences and Geometry,0.021637426900584796,review,Biomedical Engineering,0.0,"Renewable Energy, Sustainability and the Environment",0.37,10,c40c446d67677ec9cd52894674fdbe8fd0fcc99a53d29111368043c09db08409
1016,T13274,Expert finding and Q&A systems,0.021637426900584796,review,Information Systems,0.0,Communication,0.37,10,c40c446d67677ec9cd52894674fdbe8fd0fcc99a53d29111368043c09db08409
1017,T13290,Diverse Industrial Engineering Technologies,0.021637426900584796,review,Industrial and Manufacturing Engineering,0.0,Mechanical Engineering,0.37,10,c40c446d67677ec9cd52894674fdbe8fd0fcc99a53d29111368043c09db08409
1018,T13294,Livestock and Poultry Management,0.021637426900584796,review,Animal Science and Zoology,0.0,Genetics,0.33636363636363636,10,c40c446d67677ec9cd52894674fdbe8fd0fcc99a53d29111368043c09db08409
1019,T13350,Myxozoan Parasites in Aquatic Species,0.021637426900584796,review,Cancer Research,0.0,"Ecology, Evolution, Behavior and Systematics",0.30833333333333335,10,c40c446d67677ec9cd52894674fdbe8fd0fcc99a53d29111368043c09db08409
1020,T13558,"Philosophy, Science, and History",0.021637426900584796,review,History and Philosophy of Science,0.09,Philosophy,0.46,10,c40c446d67677ec9cd52894674fdbe8fd0fcc99a53d29111368043c09db08409
1021,T13574,Family Support in Illness,0.021637426900584796,review,Sociology and Political Science,0.0,Clinical Psychology,0.33636363636363636,10,c40c446d67677ec9cd52894674fdbe8fd0fcc99a53d29111368043c09db08409
1022,T13762,Education and Labor Relations,0.021637426900584796,review,Political Science and International Relations,0.0,Economics and Econometrics,0.37,10,c40c446d67677ec9cd52894674fdbe8fd0fcc99a53d29111368043c09db08409
1023,T13779,Cancer Mechanisms and Therapy,0.021637426900584796,review,Pathology and Forensic Medicine,0.0,Molecular Biology,0.33636363636363636,10,c40c446d67677ec9cd52894674fdbe8fd0fcc99a53d29111368043c09db08409
1024,T13939,Archaeology and Natural History,0.021637426900584796,review,Anthropology,0.0,Global and Planetary Change,0.33636363636363636,10,c40c446d67677ec9cd52894674fdbe8fd0fcc99a53d29111368043c09db08409
1025,T13946,Musculoskeletal Disorders and Rehabilitation,0.021637426900584796,review,Rehabilitation,0.0,General Health Professions,0.30833333333333335,10,c40c446d67677ec9cd52894674fdbe8fd0fcc99a53d29111368043c09db08409
1026,T13959,"Swearing, Euphemism, Multilingualism",0.021637426900584796,review,Communication,0.0,Language and Linguistics,0.30833333333333335,10,c40c446d67677ec9cd52894674fdbe8fd0fcc99a53d29111368043c09db08409
1027,T13973,"Catholicism, Bioethics, Media, Education",0.021637426900584796,review,Safety Research,0.0,Sociology and Political Science,0.37,10,c40c446d67677ec9cd52894674fdbe8fd0fcc99a53d29111368043c09db08409
1028,T13996,Diverse Musicological Studies,0.021637426900584796,review,Music,0.06860986547085202,Sociology and Political Science,0.3506726457399103,10,c40c446d67677ec9cd52894674fdbe8fd0fcc99a53d29111368043c09db08409
1029,T14079,Mathematics Education and Programs,0.021637426900584796,review,Modeling and Simulation,0.0,Education,0.37,10,c40c446d67677ec9cd52894674fdbe8fd0fcc99a53d29111368043c09db08409
1030,T14107,Appalachian Studies and Mathematics,0.021637426900584796,review,General Social Sciences,0.0,Sociology and Political Science,0.30833333333333335,10,c40c446d67677ec9cd52894674fdbe8fd0fcc99a53d29111368043c09db08409
1031,T14146,Earthquake and Tsunami Effects,0.021637426900584796,review,Civil and Structural Engineering,0.09,Mechanical Engineering,0.46,10,c40c446d67677ec9cd52894674fdbe8fd0fcc99a53d29111368043c09db08409
1032,T14162,Historical and Literary Studies,0.021637426900584796,review,Anthropology,0.09,Archeology,0.46,10,c40c446d67677ec9cd52894674fdbe8fd0fcc99a53d29111368043c09db08409
1033,T14254,Digital Media and Visual Art,0.021637426900584796,review,Computer Graphics and Computer-Aided Design,0.0,Human-Computer Interaction,0.23125,10,c40c446d67677ec9cd52894674fdbe8fd0fcc99a53d29111368043c09db08409
1034,T14265,Social and Behavioral Studies,0.021637426900584796,review,Health,0.0,Molecular Biology,0.37,10,c40c446d67677ec9cd52894674fdbe8fd0fcc99a53d29111368043c09db08409
1035,T14327,Advanced Energy Technologies and Civil Engineering Innovations,0.021637426900584796,review,Nuclear Energy and Engineering,0.0,Electrical and Electronic Engineering,0.5068493150684932,7,c40c446d67677ec9cd52894674fdbe8fd0fcc99a53d29111368043c09db08409
1036,T14363,Optical properties and cooling technologies in crystalline materials,0.021637426900584796,review,"Atomic and Molecular Physics, and Optics",0.09,"Electronic, Optical and Magnetic Materials",0.46,10,c40c446d67677ec9cd52894674fdbe8fd0fcc99a53d29111368043c09db08409
1037,T10245,Metamaterials and Metasurfaces Applications,0.021637426900584792,review,"Electronic, Optical and Magnetic Materials",0.0,Biomedical Engineering,0.40659340659340654,9,c40c446d67677ec9cd52894674fdbe8fd0fcc99a53d29111368043c09db08409
1038,T11410,Cultural Industries and Urban Development,0.021637426900584792,review,Urban Studies,0.0,Economics and Econometrics,0.2846153846153846,10,c40c446d67677ec9cd52894674fdbe8fd0fcc99a53d29111368043c09db08409
1039,T12322,Animal health and immunology,0.021637426900584792,review,Small Animals,0.0,Physiology,0.2846153846153846,10,c40c446d67677ec9cd52894674fdbe8fd0fcc99a53d29111368043c09db08409
1040,T13277,"Media, Religion, Digital Communication",0.021637426900584792,review,Philosophy,0.0,Communication,0.2846153846153846,10,c40c446d67677ec9cd52894674fdbe8fd0fcc99a53d29111368043c09db08409
1041,T14481,Renewable Energy and Sustainability,0.021241830065359478,review,"Renewable Energy, Sustainability and the Environment",0.17425742574257425,Energy Engineering and Power Technology,0.30297029702970296,10,c40c446d67677ec9cd52894674fdbe8fd0fcc99a53d29111368043c09db08409
1042,T14251,Multicultural Education and Local Wisdom,0.02105263157894737,review,Cultural Studies,0.228,Education,0.5,10,c40c446d67677ec9cd52894674fdbe8fd0fcc99a53d29111368043c09db08409
1043,T10121,Building Energy and Comfort Optimization,0.021052631578947368,review,Building and Construction,0.0,Electrical and Electronic Engineering,0.4,10,c40c446d67677ec9cd52894674fdbe8fd0fcc99a53d29111368043c09db08409
1044,T10131,Gold and Silver Nanoparticles Synthesis and Applications,0.021052631578947368,review,"Electronic, Optical and Magnetic Materials",0.0,Biomaterials,0.36,10,c40c446d67677ec9cd52894674fdbe8fd0fcc99a53d29111368043c09db08409
1045,T10174,Animal Behavior and Reproduction,0.021052631578947368,review,"Ecology, Evolution, Behavior and Systematics",0.0,Genetics,0.4,10,c40c446d67677ec9cd52894674fdbe8fd0fcc99a53d29111368043c09db08409
1046,T10201,Speech Recognition and Synthesis,0.021052631578947368,review,Artificial Intelligence,0.1,Computer Vision and Pattern Recognition,0.5,10,c40c446d67677ec9cd52894674fdbe8fd0fcc99a53d29111368043c09db08409
1047,T10326,Indoor and Outdoor Localization Technologies,0.021052631578947368,review,Electrical and Electronic Engineering,0.0,Computer Networks and Communications,0.4,10,c40c446d67677ec9cd52894674fdbe8fd0fcc99a53d29111368043c09db08409
1048,T10357,Efficiency Analysis Using DEA,0.021052631578947368,review,Management Science and Operations Research,0.0,Electrical and Electronic Engineering,0.4,10,c40c446d67677ec9cd52894674fdbe8fd0fcc99a53d29111368043c09db08409
1049,T10564,Wastewater Treatment and Nitrogen Removal,0.021052631578947368,review,Pollution,0.0,Water Science and Technology,0.4,10,c40c446d67677ec9cd52894674fdbe8fd0fcc99a53d29111368043c09db08409
1050,T10570,Drug Transport and Resistance Mechanisms,0.021052631578947368,review,Oncology,0.0,Molecular Biology,0.4,10,c40c446d67677ec9cd52894674fdbe8fd0fcc99a53d29111368043c09db08409
1051,T10719,3D Shape Modeling and Analysis,0.021052631578947368,review,Computational Mechanics,0.0,Computer Vision and Pattern Recognition,0.36,10,c40c446d67677ec9cd52894674fdbe8fd0fcc99a53d29111368043c09db08409
1052,T10787,Lightning and Electromagnetic Phenomena,0.021052631578947368,review,Astronomy and Astrophysics,0.0,Global and Planetary Change,0.4,10,c40c446d67677ec9cd52894674fdbe8fd0fcc99a53d29111368043c09db08409
1053,T10868,Soft Robotics and Applications,0.021052631578947368,review,Biomedical Engineering,0.0,Biomaterials,0.4,10,c40c446d67677ec9cd52894674fdbe8fd0fcc99a53d29111368043c09db08409
1054,T10869,Polysaccharides and Plant Cell Walls,0.021052631578947368,review,Plant Science,0.0,Biomaterials,0.36,10,c40c446d67677ec9cd52894674fdbe8fd0fcc99a53d29111368043c09db08409
1055,T10927,Access Control and Trust,0.021052631578947368,review,Sociology and Political Science,0.0,Artificial Intelligence,0.4,10,c40c446d67677ec9cd52894674fdbe8fd0fcc99a53d29111368043c09db08409
1056,T10947,Fluorine in Organic Chemistry,0.021052631578947368,review,Pharmaceutical Science,0.0,Organic Chemistry,0.4,10,c40c446d67677ec9cd52894674fdbe8fd0fcc99a53d29111368043c09db08409
1057,T11027,Metabolism and Genetic Disorders,0.021052631578947368,review,Clinical Biochemistry,0.0,Biochemistry,0.4,10,c40c446d67677ec9cd52894674fdbe8fd0fcc99a53d29111368043c09db08409
1058,T11125,Petri Nets in System Modeling,0.021052631578947368,review,Computational Theory and Mathematics,0.0,Control and Systems Engineering,0.5,8,c40c446d67677ec9cd52894674fdbe8fd0fcc99a53d29111368043c09db08409
1059,T11128,Transition Metal Oxide Nanomaterials,0.021052631578947368,review,Polymers and Plastics,0.0,Electrical and Electronic Engineering,0.4,10,c40c446d67677ec9cd52894674fdbe8fd0fcc99a53d29111368043c09db08409
1060,T11192,Underwater Vehicles and Communication Systems,0.021052631578947368,review,Ocean Engineering,0.0,Computer Networks and Communications,0.4,10,c40c446d67677ec9cd52894674fdbe8fd0fcc99a53d29111368043c09db08409
1061,T11250,Wave and Wind Energy Systems,0.021052631578947368,review,Ocean Engineering,0.0,Electrical and Electronic Engineering,0.4,10,c40c446d67677ec9cd52894674fdbe8fd0fcc99a53d29111368043c09db08409
1062,T11263,Electromagnetic Simulation and Numerical Methods,0.021052631578947368,review,Electrical and Electronic Engineering,0.0,Control and Systems Engineering,0.6666666666666666,6,c40c446d67677ec9cd52894674fdbe8fd0fcc99a53d29111368043c09db08409
1063,T11292,Pediatric Pain Management Techniques,0.021052631578947368,review,"Pediatrics, Perinatology and Child Health",0.0,Clinical Psychology,0.32727272727272727,10,c40c446d67677ec9cd52894674fdbe8fd0fcc99a53d29111368043c09db08409
1064,T11407,Innovative Microfluidic and Catalytic Techniques Innovation,0.021052631578947368,review,Biomedical Engineering,0.0,Biomaterials,0.4,10,c40c446d67677ec9cd52894674fdbe8fd0fcc99a53d29111368043c09db08409
1065,T11466,Innovative Education and Learning Practices,0.021052631578947368,review,Human Factors and Ergonomics,0.0,Education,0.4,10,c40c446d67677ec9cd52894674fdbe8fd0fcc99a53d29111368043c09db08409
1066,T11502,Facility Location and Emergency Management,0.021052631578947368,review,Organizational Behavior and Human Resource Management,0.0,Management Information Systems,0.4,10,c40c446d67677ec9cd52894674fdbe8fd0fcc99a53d29111368043c09db08409
1067,T11538,Ophthalmology and Eye Disorders,0.021052631578947368,review,Pathology and Forensic Medicine,0.0,Immunology,0.8,5,c40c446d67677ec9cd52894674fdbe8fd0fcc99a53d29111368043c09db08409
1068,T11544,"Gender, Labor, and Family Dynamics",0.021052631578947368,review,Gender Studies,0.0,Sociology and Political Science,0.36,10,c40c446d67677ec9cd52894674fdbe8fd0fcc99a53d29111368043c09db08409
1069,T11570,Periodontal Regeneration and Treatments,0.021052631578947368,review,Urology,0.0,Biomaterials,0.32727272727272727,10,c40c446d67677ec9cd52894674fdbe8fd0fcc99a53d29111368043c09db08409
1070,T11593,Carbon dioxide utilization in catalysis,0.021052631578947368,review,Process Chemistry and Technology,0.0,Inorganic Chemistry,0.32727272727272727,10,c40c446d67677ec9cd52894674fdbe8fd0fcc99a53d29111368043c09db08409
1071,T11595,Textile materials and evaluations,0.021052631578947368,review,Polymers and Plastics,0.0,Mechanical Engineering,0.4,10,c40c446d67677ec9cd52894674fdbe8fd0fcc99a53d29111368043c09db08409
1072,T11729,Product Development and Customization,0.021052631578947368,review,Management of Technology and Innovation,0.0,Management Information Systems,0.4,10,c40c446d67677ec9cd52894674fdbe8fd0fcc99a53d29111368043c09db08409
1073,T11799,"Adhesion, Friction, and Surface Interactions",0.021052631578947368,review,Mechanics of Materials,0.0,Mechanical Engineering,0.4,10,c40c446d67677ec9cd52894674fdbe8fd0fcc99a53d29111368043c09db08409
1074,T11809,Advanced NMR Techniques and Applications,0.021052631578947368,review,Spectroscopy,0.0,"Radiology, Nuclear Medicine and Imaging",0.4,10,c40c446d67677ec9cd52894674fdbe8fd0fcc99a53d29111368043c09db08409
1075,T11875,Statistics Education and Methodologies,0.021052631578947368,review,Statistics and Probability,0.0,Education,0.4,10,c40c446d67677ec9cd52894674fdbe8fd0fcc99a53d29111368043c09db08409
1076,T11888,Gender Roles and Identity Studies,0.021052631578947368,review,Gender Studies,0.14484304932735426,Clinical Psychology,0.4192825112107623,10,c40c446d67677ec9cd52894674fdbe8fd0fcc99a53d29111368043c09db08409
1077,T12032,Multisensory perception and integration,0.021052631578947368,review,Experimental and Cognitive Psychology,0.1111111111111111,Cognitive Neuroscience,0.5555555555555556,9,c40c446d67677ec9cd52894674fdbe8fd0fcc99a53d29111368043c09db08409
1078,T12061,Axon Guidance and Neuronal Signaling,0.021052631578947368,review,Cellular and Molecular Neuroscience,0.0,Molecular Biology,0.4,10,c40c446d67677ec9cd52894674fdbe8fd0fcc99a53d29111368043c09db08409
1079,T12121,Cooperative Studies and Economics,0.021052631578947368,review,Strategy and Management,0.0,Political Science and International Relations,0.4,10,c40c446d67677ec9cd52894674fdbe8fd0fcc99a53d29111368043c09db08409
1080,T12170,History and Theory of Mathematics,0.021052631578947368,review,Theoretical Computer Science,0.0,Education,0.4,10,c40c446d67677ec9cd52894674fdbe8fd0fcc99a53d29111368043c09db08409
1081,T12343,Geography Education and Pedagogy,0.021052631578947368,review,"Geography, Planning and Development",0.0,Education,0.4,10,c40c446d67677ec9cd52894674fdbe8fd0fcc99a53d29111368043c09db08409
1082,T12378,Accounting Education and Careers,0.021052631578947368,review,Accounting,0.0,Education,0.4,10,c40c446d67677ec9cd52894674fdbe8fd0fcc99a53d29111368043c09db08409
1083,T12471,History of Science and Natural History,0.021052631578947368,review,History and Philosophy of Science,0.0,History,0.4,10,c40c446d67677ec9cd52894674fdbe8fd0fcc99a53d29111368043c09db08409
1084,T12477,Toxin Mechanisms and Immunotoxins,0.021052631578947368,review,Immunology,0.0,Molecular Biology,0.4,10,c40c446d67677ec9cd52894674fdbe8fd0fcc99a53d29111368043c09db08409
1085,T12557,Inorganic Chemistry and Materials,0.021052631578947368,review,Inorganic Chemistry,0.1111111111111111,Materials Chemistry,0.5555555555555556,9,c40c446d67677ec9cd52894674fdbe8fd0fcc99a53d29111368043c09db08409
1086,T12574,Clinical Reasoning and Diagnostic Skills,0.021052631578947368,review,Family Practice,0.0,Education,0.4,10,c40c446d67677ec9cd52894674fdbe8fd0fcc99a53d29111368043c09db08409
1087,T12713,Forest Ecology and Biodiversity Studies,0.021052631578947368,review,Insect Science,0.0,Global and Planetary Change,0.4,10,c40c446d67677ec9cd52894674fdbe8fd0fcc99a53d29111368043c09db08409
1088,T12740,Gait Recognition and Analysis,0.021052631578947368,review,Biomedical Engineering,0.0,Computer Vision and Pattern Recognition,0.4,10,c40c446d67677ec9cd52894674fdbe8fd0fcc99a53d29111368043c09db08409
1089,T12804,Thermal Analysis in Power Transmission,0.021052631578947368,review,Control and Systems Engineering,0.0,Mechanical Engineering,0.4,10,c40c446d67677ec9cd52894674fdbe8fd0fcc99a53d29111368043c09db08409
1090,T12961,Regional Development and Policy,0.021052631578947368,review,Political Science and International Relations,0.0,Economics and Econometrics,0.36,10,c40c446d67677ec9cd52894674fdbe8fd0fcc99a53d29111368043c09db08409
1091,T13126,Scientific Research and Discoveries,0.021052631578947368,review,Statistical and Nonlinear Physics,0.0,Global and Planetary Change,0.4,10,c40c446d67677ec9cd52894674fdbe8fd0fcc99a53d29111368043c09db08409
1092,T13140,Materials Engineering and Processing,0.021052631578947368,review,Mechanical Engineering,0.1,Building and Construction,0.5,10,c40c446d67677ec9cd52894674fdbe8fd0fcc99a53d29111368043c09db08409
1093,T13154,Legal and Regulatory Analysis,0.021052631578947368,review,Transportation,0.0,Political Science and International Relations,0.4,10,c40c446d67677ec9cd52894674fdbe8fd0fcc99a53d29111368043c09db08409
1094,T13182,Quantum-Dot Cellular Automata,0.021052631578947368,review,Computational Theory and Mathematics,0.0,Electrical and Electronic Engineering,0.4,10,c40c446d67677ec9cd52894674fdbe8fd0fcc99a53d29111368043c09db08409
1095,T13201,Infectious Encephalopathies and Encephalitis,0.021052631578947368,review,Infectious Diseases,0.0,Epidemiology,0.36,10,c40c446d67677ec9cd52894674fdbe8fd0fcc99a53d29111368043c09db08409
1096,T13209,Cold Fusion and Nuclear Reactions,0.021052631578947368,review,Geochemistry and Petrology,0.0,Computer Vision and Pattern Recognition,0.4,10,c40c446d67677ec9cd52894674fdbe8fd0fcc99a53d29111368043c09db08409
1097,T13283,Mental Health Research Topics,0.021052631578947368,review,Experimental and Cognitive Psychology,0.0,Clinical Psychology,0.5,8,c40c446d67677ec9cd52894674fdbe8fd0fcc99a53d29111368043c09db08409
1098,T13385,Infectious Diseases and Mycology,0.021052631578947368,review,Small Animals,0.0,Pulmonary and Respiratory Medicine,0.4,10,c40c446d67677ec9cd52894674fdbe8fd0fcc99a53d29111368043c09db08409
1099,T13901,State Capitalism and Financial Governance,0.021052631578947368,review,Strategy and Management,0.0,Accounting,0.4,10,c40c446d67677ec9cd52894674fdbe8fd0fcc99a53d29111368043c09db08409
1100,T14024,"Education, Philosophy, and Society",0.021052631578947368,review,Philosophy,0.1,Education,0.5,10,c40c446d67677ec9cd52894674fdbe8fd0fcc99a53d29111368043c09db08409
1101,T14166,European Monetary and Fiscal Policies,0.021052631578947368,review,Finance,0.1,Economics and Econometrics,0.5,10,c40c446d67677ec9cd52894674fdbe8fd0fcc99a53d29111368043c09db08409
1102,T14180,"Law, logistics, and international trade",0.021052631578947368,review,Accounting,0.0,Management Information Systems,0.4,10,c40c446d67677ec9cd52894674fdbe8fd0fcc99a53d29111368043c09db08409
1103,T14479,Freezing and Crystallization Processes,0.021052631578947368,review,Mechanics of Materials,0.0,Water Science and Technology,0.4,10,c40c446d67677ec9cd52894674fdbe8fd0fcc99a53d29111368043c09db08409
1104,T14514,Medical Research and Practices,0.021052631578947368,review,Medical Terminology,0.0,Clinical Psychology,0.4,10,c40c446d67677ec9cd52894674fdbe8fd0fcc99a53d29111368043c09db08409
1105,T10262,Microwave Engineering and Waveguides,0.021052631578947364,review,Electrical and Electronic Engineering,0.0,Artificial Intelligence,0.4444444444444444,9,c40c446d67677ec9cd52894674fdbe8fd0fcc99a53d29111368043c09db08409
1106,T11950,Cardiovascular Syncope and Autonomic Disorders,0.021052631578947364,review,Surgery,0.0,Neurology,0.4444444444444444,9,c40c446d67677ec9cd52894674fdbe8fd0fcc99a53d29111368043c09db08409
1107,T11993,Atomic and Subatomic Physics Research,0.021052631578947364,review,"Atomic and Molecular Physics, and Optics",0.0,"Radiology, Nuclear Medicine and Imaging",0.5714285714285714,7,c40c446d67677ec9cd52894674fdbe8fd0fcc99a53d29111368043c09db08409
1108,T12598,Cardiac Structural Anomalies and Repair,0.021052631578947364,review,Surgery,0.0,Cardiology and Cardiovascular Medicine,0.5714285714285714,7,c40c446d67677ec9cd52894674fdbe8fd0fcc99a53d29111368043c09db08409
1109,T13127,Biotin and Related Studies,0.021052631578947364,review,Cell Biology,0.14285714285714285,Molecular Biology,0.7142857142857143,7,c40c446d67677ec9cd52894674fdbe8fd0fcc99a53d29111368043c09db08409
1110,T13877,Law in Society and Culture,0.021052631578947364,review,Law,0.0,Sociology and Political Science,0.4444444444444444,9,c40c446d67677ec9cd52894674fdbe8fd0fcc99a53d29111368043c09db08409
1111,T13926,"Feminism, Gender, and Sexuality Studies",0.020949432404540762,review,Gender Studies,0.15784615384615386,Sociology and Political Science,0.34523076923076923,10,c40c446d67677ec9cd52894674fdbe8fd0fcc99a53d29111368043c09db08409
1112,T14150,Biochemical and biochemical processes,0.020467836257309944,review,Biotechnology,0.19,Molecular Biology,0.54,10,c40c446d67677ec9cd52894674fdbe8fd0fcc99a53d29111368043c09db08409
1113,T12685,Phytochemical compounds biological activities,0.019152046783625736,review,Molecular Biology,0.20548707753479123,Plant Science,0.3825844930417495,10,c40c446d67677ec9cd52894674fdbe8fd0fcc99a53d29111368043c09db08409
1114,T13613,"Health, Education, and Cultural Studies",0.018464052287581703,review,Sociology and Political Science,0.20828402366863905,Political Science and International Relations,0.34201183431952664,10,c40c446d67677ec9cd52894674fdbe8fd0fcc99a53d29111368043c09db08409
1115,T12131,Wireless Signal Modulation Classification,0.01825396825396825,review,Artificial Intelligence,0.08719723183391002,Electrical and Electronic Engineering,0.38961937716262973,10,c40c446d67677ec9cd52894674fdbe8fd0fcc99a53d29111368043c09db08409
1116,T10063,Nanoparticle-Based Drug Delivery,0.017647058823529415,review,Biomaterials,0.1789473684210526,Biomedical Engineering,0.32105263157894737,10,c40c446d67677ec9cd52894674fdbe8fd0fcc99a53d29111368043c09db08409
1117,T10340,Hepatitis B Virus Studies,0.017647058823529415,review,Epidemiology,0.08095238095238096,Hepatology,0.3523809523809524,10,c40c446d67677ec9cd52894674fdbe8fd0fcc99a53d29111368043c09db08409
1118,T10349,Migration and Labor Dynamics,0.017647058823529415,review,Sociology and Political Science,0.18888888888888888,Economics and Econometrics,0.3388888888888889,10,c40c446d67677ec9cd52894674fdbe8fd0fcc99a53d29111368043c09db08409
1119,T10935,Endometriosis Research and Treatment,0.017647058823529415,review,Reproductive Medicine,0.10800000000000001,Rheumatology,0.21600000000000003,10,c40c446d67677ec9cd52894674fdbe8fd0fcc99a53d29111368043c09db08409
1120,T11276,Solar Radiation and Photovoltaics,0.017647058823529415,review,Artificial Intelligence,0.18888888888888888,Environmental Engineering,0.3388888888888889,10,c40c446d67677ec9cd52894674fdbe8fd0fcc99a53d29111368043c09db08409
1121,T11316,Mycobacterium research and diagnosis,0.017647058823529415,review,Epidemiology,0.19999999999999998,Infectious Diseases,0.3,10,c40c446d67677ec9cd52894674fdbe8fd0fcc99a53d29111368043c09db08409
1122,T11714,Multimodal Machine Learning Applications,0.017647058823529415,review,Computer Vision and Pattern Recognition,0.18888888888888888,Artificial Intelligence,0.3388888888888889,10,c40c446d67677ec9cd52894674fdbe8fd0fcc99a53d29111368043c09db08409
1123,T12226,Neuroblastoma Research and Treatments,0.017647058823529415,review,Neurology,0.14484304932735426,Pulmonary and Respiratory Medicine,0.37488789237668163,10,c40c446d67677ec9cd52894674fdbe8fd0fcc99a53d29111368043c09db08409
1124,T12369,Pneumocystis jirovecii pneumonia detection and treatment,0.017647058823529415,review,Epidemiology,0.19999999999999998,Infectious Diseases,0.3,10,c40c446d67677ec9cd52894674fdbe8fd0fcc99a53d29111368043c09db08409
1125,T12839,Emile Durkheim and Sociology,0.017647058823529415,review,Sociology and Political Science,0.18888888888888888,Literature and Literary Theory,0.3388888888888889,10,c40c446d67677ec9cd52894674fdbe8fd0fcc99a53d29111368043c09db08409
1126,T12966,Russian Literature and Bakhtin Studies,0.017647058823529415,review,Education,0.19999999999999998,Philosophy,0.3,10,c40c446d67677ec9cd52894674fdbe8fd0fcc99a53d29111368043c09db08409
1127,T13027,Applied Advanced Technologies,0.017647058823529415,review,Industrial and Manufacturing Engineering,0.096,Artificial Intelligence,0.192,10,c40c446d67677ec9cd52894674fdbe8fd0fcc99a53d29111368043c09db08409
1128,T13485,Marine and Coastal Ecosystems,0.017647058823529415,review,Ecology,0.1789473684210526,Water Science and Technology,0.32105263157894737,10,c40c446d67677ec9cd52894674fdbe8fd0fcc99a53d29111368043c09db08409
1129,T13499,Economic Systems and Logistics Management,0.017647058823529415,review,"General Economics, Econometrics and Finance",0.19999999999999998,Economics and Econometrics,0.32272727272727275,10,c40c446d67677ec9cd52894674fdbe8fd0fcc99a53d29111368043c09db08409
1130,T14002,"Art, Technology, and Culture",0.017647058823529415,review,Visual Arts and Performing Arts,0.096,Education,0.192,10,c40c446d67677ec9cd52894674fdbe8fd0fcc99a53d29111368043c09db08409
1131,T14012,Comparative and International Law Studies,0.017647058823529415,review,Law,0.1789473684210526,Sociology and Political Science,0.32105263157894737,10,c40c446d67677ec9cd52894674fdbe8fd0fcc99a53d29111368043c09db08409
1132,T14237,Historical and Political Studies,0.017647058823529415,review,Political Science and International Relations,0.09230769230769231,General Arts and Humanities,0.18461538461538463,10,c40c446d67677ec9cd52894674fdbe8fd0fcc99a53d29111368043c09db08409
1133,T14341,"Education, Technology, and Ethics",0.017647058823529415,review,"Management, Monitoring, Policy and Law",0.11191709844559587,Global and Planetary Change,0.22383419689119174,10,c40c446d67677ec9cd52894674fdbe8fd0fcc99a53d29111368043c09db08409
1134,T14366,Schopenhauer and Stefan Zweig,0.017647058823529415,review,General Arts and Humanities,0.2621145374449339,Literature and Literary Theory,0.34140969162995594,10,c40c446d67677ec9cd52894674fdbe8fd0fcc99a53d29111368043c09db08409
1135,T14371,Hume's philosophy and hair distribution,0.017647058823529415,review,General Social Sciences,0.09230769230769231,General Arts and Humanities,0.18461538461538463,10,c40c446d67677ec9cd52894674fdbe8fd0fcc99a53d29111368043c09db08409
1136,T10446,"Income, Poverty, and Inequality",0.01764705882352941,review,Sociology and Political Science,0.08499999999999999,Economics and Econometrics,0.21999999999999997,10,c40c446d67677ec9cd52894674fdbe8fd0fcc99a53d29111368043c09db08409
1137,T11355,Inflammatory Biomarkers in Disease Prognosis,0.01764705882352941,review,Oncology,0.11739130434782609,Immunology,0.23478260869565218,10,c40c446d67677ec9cd52894674fdbe8fd0fcc99a53d29111368043c09db08409
1138,T11656,Turtle Biology and Conservation,0.01764705882352941,review,Nature and Landscape Conservation,0.0894736842105263,Ecology,0.23157894736842102,10,c40c446d67677ec9cd52894674fdbe8fd0fcc99a53d29111368043c09db08409
1139,T12330,Botanical Research and Applications,0.01764705882352941,review,Food Science,0.0894736842105263,Plant Science,0.23157894736842102,10,c40c446d67677ec9cd52894674fdbe8fd0fcc99a53d29111368043c09db08409
1140,T12951,Burkholderia infections and melioidosis,0.01764705882352941,review,Epidemiology,0.10334928229665072,Endocrinology,0.20669856459330144,10,c40c446d67677ec9cd52894674fdbe8fd0fcc99a53d29111368043c09db08409
1141,T13082,Water and Land Management,0.01764705882352941,review,"Management, Monitoring, Policy and Law",0.08499999999999999,Ecology,0.21999999999999997,10,c40c446d67677ec9cd52894674fdbe8fd0fcc99a53d29111368043c09db08409
1142,T14218,Engineering Education and Global Impact,0.01764705882352941,review,Development,0.10334928229665072,Education,0.20669856459330144,10,c40c446d67677ec9cd52894674fdbe8fd0fcc99a53d29111368043c09db08409
1143,T14369,Diverse Interdisciplinary Research Innovations,0.01764705882352941,review,Management Science and Operations Research,0.08499999999999999,Computer Science Applications,0.21999999999999997,10,c40c446d67677ec9cd52894674fdbe8fd0fcc99a53d29111368043c09db08409
1144,T14471,"Education, Literature, Philosophy Research",0.01764705882352941,review,Education,0.0894736842105263,Information Systems,0.23157894736842102,10,c40c446d67677ec9cd52894674fdbe8fd0fcc99a53d29111368043c09db08409
1145,T10236,Aquatic Ecosystems and Phytoplankton Dynamics,0.017647058823529408,review,Environmental Chemistry,0.10419354838709678,Ecology,0.2696774193548387,10,c40c446d67677ec9cd52894674fdbe8fd0fcc99a53d29111368043c09db08409
1146,T11140,Natural Antidiabetic Agents Studies,0.017647058823529408,review,"Endocrinology, Diabetes and Metabolism",0.09444444444444444,Biochemistry,0.2444444444444444,10,c40c446d67677ec9cd52894674fdbe8fd0fcc99a53d29111368043c09db08409
1147,T11834,Liver Diseases and Immunity,0.017647058823529408,review,Hepatology,0.07083333333333333,Infectious Diseases,0.18333333333333332,10,c40c446d67677ec9cd52894674fdbe8fd0fcc99a53d29111368043c09db08409
1148,T11889,Ginseng Biological Effects and Applications,0.017647058823529408,review,Molecular Biology,0.09335260115606936,Pathology and Forensic Medicine,0.24161849710982655,10,c40c446d67677ec9cd52894674fdbe8fd0fcc99a53d29111368043c09db08409
1149,T12181,Agricultural and Biological Research,0.017647058823529408,review,Food Science,0.09938461538461539,Pharmacology,0.2572307692307692,10,c40c446d67677ec9cd52894674fdbe8fd0fcc99a53d29111368043c09db08409
1150,T12280,Magnesium in Health and Disease,0.017647058823529408,review,Nutrition and Dietetics,0.07391304347826086,"Endocrinology, Diabetes and Metabolism",0.19130434782608693,10,c40c446d67677ec9cd52894674fdbe8fd0fcc99a53d29111368043c09db08409
1151,T12480,Health and Wellbeing Research,0.017647058823529408,review,General Health Professions,0.09444444444444444,Clinical Psychology,0.2444444444444444,10,c40c446d67677ec9cd52894674fdbe8fd0fcc99a53d29111368043c09db08409
1152,T12687,Public Administration in Developing Nations,0.017647058823529408,review,Political Science and International Relations,0.09444444444444444,Sociology and Political Science,0.2444444444444444,10,c40c446d67677ec9cd52894674fdbe8fd0fcc99a53d29111368043c09db08409
1153,T12811,"Aging, Health, and Disability",0.017647058823529408,review,"Public Health, Environmental and Occupational Health",0.07683615819209039,Clinical Psychology,0.19887005649717512,10,c40c446d67677ec9cd52894674fdbe8fd0fcc99a53d29111368043c09db08409
1154,T13017,Zygmunt Bauman's Sociology,0.017647058823529408,review,Sociology and Political Science,0.07727272727272727,Literature and Literary Theory,0.19999999999999998,10,c40c446d67677ec9cd52894674fdbe8fd0fcc99a53d29111368043c09db08409
1155,T13459,Public Administration and Political Analysis,0.017647058823529408,review,Political Science and International Relations,0.09444444444444444,Organizational Behavior and Human Resource Management,0.2444444444444444,10,c40c446d67677ec9cd52894674fdbe8fd0fcc99a53d29111368043c09db08409
1156,T13540,Animal Diversity and Health Studies,0.017647058823529408,review,Food Science,0.09938461538461539,Complementary and alternative medicine,0.2572307692307692,10,c40c446d67677ec9cd52894674fdbe8fd0fcc99a53d29111368043c09db08409
1157,T13695,"Aging, Elder Care, and Social Issues",0.017647058823529408,review,General Health Professions,0.09938461538461539,Clinical Psychology,0.2572307692307692,10,c40c446d67677ec9cd52894674fdbe8fd0fcc99a53d29111368043c09db08409
1158,T13737,Critical and Liberation Pedagogy,0.017647058823529408,review,Education,0.07727272727272727,Sociology and Political Science,0.19999999999999998,10,c40c446d67677ec9cd52894674fdbe8fd0fcc99a53d29111368043c09db08409
1159,T14053,Dengue and Mosquito Control Research,0.017647058823529408,review,Sociology and Political Science,0.09444444444444444,"Management, Monitoring, Policy and Law",0.2444444444444444,10,c40c446d67677ec9cd52894674fdbe8fd0fcc99a53d29111368043c09db08409
1160,T10542,Vestibular and auditory disorders,0.016959064327485382,review,Neurology,0.08181818181818182,Cognitive Neuroscience,0.34545454545454546,10,c40c446d67677ec9cd52894674fdbe8fd0fcc99a53d29111368043c09db08409
1161,T12211,Aluminum toxicity and tolerance in plants and animals,0.016959064327485382,review,Plant Science,0.06,Molecular Biology,0.25333333333333335,10,c40c446d67677ec9cd52894674fdbe8fd0fcc99a53d29111368043c09db08409
1162,T13146,Sustainable Finance and Green Bonds,0.016959064327485382,review,Finance,0.175,Economics and Econometrics,0.35625,10,c40c446d67677ec9cd52894674fdbe8fd0fcc99a53d29111368043c09db08409
1163,T10183,Breast Cancer Treatment Studies,0.01695906432748538,review,Cancer Research,0.06923076923076923,Pulmonary and Respiratory Medicine,0.2923076923076923,10,c40c446d67677ec9cd52894674fdbe8fd0fcc99a53d29111368043c09db08409
1164,T10200,Rheumatoid Arthritis Research and Therapies,0.01695906432748538,review,Rheumatology,0.06428571428571428,Immunology,0.2714285714285714,10,c40c446d67677ec9cd52894674fdbe8fd0fcc99a53d29111368043c09db08409
1165,T10694,Menopause: Health Impacts and Treatments,0.01695906432748538,review,"Endocrinology, Diabetes and Metabolism",0.06428571428571428,Genetics,0.2714285714285714,10,c40c446d67677ec9cd52894674fdbe8fd0fcc99a53d29111368043c09db08409
1166,T11009,Catalysis for Biomass Conversion,0.01695906432748538,review,Biomedical Engineering,0.06923076923076923,Mechanical Engineering,0.2923076923076923,10,c40c446d67677ec9cd52894674fdbe8fd0fcc99a53d29111368043c09db08409
1167,T11224,Electromagnetic wave absorption materials,0.01695906432748538,review,"Electronic, Optical and Magnetic Materials",0.06428571428571428,Materials Chemistry,0.2714285714285714,10,c40c446d67677ec9cd52894674fdbe8fd0fcc99a53d29111368043c09db08409
1168,T11387,Ichthyology and Marine Biology,0.01695906432748538,review,Nature and Landscape Conservation,0.16470588235294117,"Ecology, Evolution, Behavior and Systematics",0.3352941176470588,10,c40c446d67677ec9cd52894674fdbe8fd0fcc99a53d29111368043c09db08409
1169,T11471,Block Copolymer Self-Assembly,0.01695906432748538,review,Materials Chemistry,0.06923076923076923,Biomaterials,0.2923076923076923,10,c40c446d67677ec9cd52894674fdbe8fd0fcc99a53d29111368043c09db08409
1170,T11543,Employee Performance and Motivation,0.01695906432748538,review,Organizational Behavior and Human Resource Management,0.05625,Sociology and Political Science,0.2375,10,c40c446d67677ec9cd52894674fdbe8fd0fcc99a53d29111368043c09db08409
1171,T12483,Global Urban Networks and Dynamics,0.01695906432748538,review,Urban Studies,0.06428571428571428,Economics and Econometrics,0.2714285714285714,10,c40c446d67677ec9cd52894674fdbe8fd0fcc99a53d29111368043c09db08409
1172,T12625,Sympathectomy and Hyperhidrosis Treatments,0.01695906432748538,review,Physiology,0.075,Neurology,0.31666666666666665,10,c40c446d67677ec9cd52894674fdbe8fd0fcc99a53d29111368043c09db08409
1173,T12894,Date Palm Research Studies,0.01695906432748538,review,Plant Science,0.06923076923076923,Molecular Biology,0.2923076923076923,10,c40c446d67677ec9cd52894674fdbe8fd0fcc99a53d29111368043c09db08409
1174,T12907,Mechanical Engineering and Vibrations Research,0.01695906432748538,review,Mechanical Engineering,0.06923076923076923,Aerospace Engineering,0.2923076923076923,10,c40c446d67677ec9cd52894674fdbe8fd0fcc99a53d29111368043c09db08409
1175,T12958,Digital Economy and Transformation,0.01695906432748538,review,Strategy and Management,0.05,Economics and Econometrics,0.2111111111111111,10,c40c446d67677ec9cd52894674fdbe8fd0fcc99a53d29111368043c09db08409
1176,T13019,African Studies and Geopolitics,0.01695906432748538,review,Anthropology,0.06375,Archeology,0.26916666666666667,10,c40c446d67677ec9cd52894674fdbe8fd0fcc99a53d29111368043c09db08409
1177,T13077,Cancer-related cognitive impairment studies,0.01695906432748538,review,Pulmonary and Respiratory Medicine,0.15,Oncology,0.39166666666666666,10,c40c446d67677ec9cd52894674fdbe8fd0fcc99a53d29111368043c09db08409
1178,T13138,Legal and Constitutional Studies,0.01695906432748538,review,Economics and Econometrics,0.2,Political Science and International Relations,0.40714285714285714,10,c40c446d67677ec9cd52894674fdbe8fd0fcc99a53d29111368043c09db08409
1179,T13402,Business Strategy and Innovation,0.01695906432748538,review,Strategy and Management,0.06923076923076923,Management Information Systems,0.2923076923076923,10,c40c446d67677ec9cd52894674fdbe8fd0fcc99a53d29111368043c09db08409
1180,T13538,Linguistics and Language Analysis,0.01695906432748538,review,Language and Linguistics,0.05625,Sociology and Political Science,0.2375,10,c40c446d67677ec9cd52894674fdbe8fd0fcc99a53d29111368043c09db08409
1181,T14473,Social and Economic Development in India,0.01695906432748538,review,Sociology and Political Science,0.06428571428571428,Economics and Econometrics,0.2714285714285714,10,c40c446d67677ec9cd52894674fdbe8fd0fcc99a53d29111368043c09db08409
1182,T11504,Advanced Authentication Protocols Security,0.016959064327485375,review,Computer Networks and Communications,0.23125,Information Systems,0.4125,10,c40c446d67677ec9cd52894674fdbe8fd0fcc99a53d29111368043c09db08409
1183,T14513,"Leadership, Courage, and Heroism Studies",0.016959064327485375,review,Social Psychology,0.24545454545454545,Organizational Behavior and Human Resource Management,0.509090909090909,10,c40c446d67677ec9cd52894674fdbe8fd0fcc99a53d29111368043c09db08409
1184,T13075,Legal Systems and Judicial Processes,0.016830065359477123,review,Political Science and International Relations,0.40338983050847455,Law,0.519774011299435,10,c40c446d67677ec9cd52894674fdbe8fd0fcc99a53d29111368043c09db08409
1185,T10108,Electoral Systems and Political Participation,0.016374269005847954,review,Political Science and International Relations,0.18,Sociology and Political Science,0.46,10,c40c446d67677ec9cd52894674fdbe8fd0fcc99a53d29111368043c09db08409
1186,T10129,Glioma Diagnosis and Treatment,0.016374269005847954,review,Genetics,0.0,Surgery,0.28,10,c40c446d67677ec9cd52894674fdbe8fd0fcc99a53d29111368043c09db08409
1187,T10185,Lymphoma Diagnosis and Treatment,0.016374269005847954,review,Pathology and Forensic Medicine,0.0,Oncology,0.28,10,c40c446d67677ec9cd52894674fdbe8fd0fcc99a53d29111368043c09db08409
1188,T10191,Robotics and Sensor-Based Localization,0.016374269005847954,review,Aerospace Engineering,0.0,Mechanical Engineering,0.28,10,c40c446d67677ec9cd52894674fdbe8fd0fcc99a53d29111368043c09db08409
1189,T10241,Functional Brain Connectivity Studies,0.016374269005847954,review,Cognitive Neuroscience,0.0,Neurology,0.28,10,c40c446d67677ec9cd52894674fdbe8fd0fcc99a53d29111368043c09db08409
1190,T10328,Supply Chain and Inventory Management,0.016374269005847954,review,Management Information Systems,0.09,Management Science and Operations Research,0.37,10,c40c446d67677ec9cd52894674fdbe8fd0fcc99a53d29111368043c09db08409
1191,T10353,Zeolite Catalysis and Synthesis,0.016374269005847954,review,Inorganic Chemistry,0.18,Materials Chemistry,0.46,10,c40c446d67677ec9cd52894674fdbe8fd0fcc99a53d29111368043c09db08409
1192,T10383,"Language, Discourse, Communication Strategies",0.016374269005847954,review,Language and Linguistics,0.09,Social Psychology,0.37,10,c40c446d67677ec9cd52894674fdbe8fd0fcc99a53d29111368043c09db08409
1193,T10403,Phonetics and Phonology Research,0.016374269005847954,review,Experimental and Cognitive Psychology,0.0,Language and Linguistics,0.28,10,c40c446d67677ec9cd52894674fdbe8fd0fcc99a53d29111368043c09db08409
1194,T10410,COVID-19 epidemiological studies,0.016374269005847954,review,Modeling and Simulation,0.0,"Public Health, Environmental and Occupational Health",0.2,10,c40c446d67677ec9cd52894674fdbe8fd0fcc99a53d29111368043c09db08409
1195,T10513,Natural Fiber Reinforced Composites,0.016374269005847954,review,Polymers and Plastics,0.06860986547085202,Mechanics of Materials,0.2820627802690583,10,c40c446d67677ec9cd52894674fdbe8fd0fcc99a53d29111368043c09db08409
1196,T10515,Cancer-related molecular mechanisms research,0.016374269005847954,review,Cancer Research,0.09,Molecular Biology,0.37,10,c40c446d67677ec9cd52894674fdbe8fd0fcc99a53d29111368043c09db08409
1197,T10530,Magnesium Alloys: Properties and Applications,0.016374269005847954,review,Biomaterials,0.0,Materials Chemistry,0.30434782608695654,8,c40c446d67677ec9cd52894674fdbe8fd0fcc99a53d29111368043c09db08409
1198,T10532,Molecular Sensors and Ion Detection,0.016374269005847954,review,Spectroscopy,0.0,Molecular Biology,0.28,10,c40c446d67677ec9cd52894674fdbe8fd0fcc99a53d29111368043c09db08409
1199,T10760,Pancreatitis Pathology and Treatment,0.016374269005847954,review,Surgery,0.0,Epidemiology,0.28,10,c40c446d67677ec9cd52894674fdbe8fd0fcc99a53d29111368043c09db08409
1200,T10867,Intensive Care Unit Cognitive Disorders,0.016374269005847954,review,Critical Care and Intensive Care Medicine,0.0,Surgery,0.28,10,c40c446d67677ec9cd52894674fdbe8fd0fcc99a53d29111368043c09db08409
1201,T10876,Fault Detection and Control Systems,0.016374269005847954,review,Control and Systems Engineering,0.09,Artificial Intelligence,0.37,10,c40c446d67677ec9cd52894674fdbe8fd0fcc99a53d29111368043c09db08409
1202,T10900,Listeria monocytogenes in Food Safety,0.016374269005847954,review,Biotechnology,0.09,Food Science,0.37,10,c40c446d67677ec9cd52894674fdbe8fd0fcc99a53d29111368043c09db08409
1203,T11062,Gear and Bearing Dynamics Analysis,0.016374269005847954,review,Mechanical Engineering,0.09,Control and Systems Engineering,0.37,10,c40c446d67677ec9cd52894674fdbe8fd0fcc99a53d29111368043c09db08409
1204,T11116,"Trauma, Hemostasis, Coagulopathy, Resuscitation",0.016374269005847954,review,Critical Care and Intensive Care Medicine,0.0,Epidemiology,0.28,10,c40c446d67677ec9cd52894674fdbe8fd0fcc99a53d29111368043c09db08409
1205,T11184,Neonatal and fetal brain pathology,0.016374269005847954,review,"Pediatrics, Perinatology and Child Health",0.0,Epidemiology,0.28,10,c40c446d67677ec9cd52894674fdbe8fd0fcc99a53d29111368043c09db08409
1206,T11420,Geographies of human-animal interactions,0.016374269005847954,review,"Geography, Planning and Development",0.0,Philosophy,0.2153846153846154,10,c40c446d67677ec9cd52894674fdbe8fd0fcc99a53d29111368043c09db08409
1207,T11561,Protein Hydrolysis and Bioactive Peptides,0.016374269005847954,review,Molecular Biology,0.0,Food Science,0.2,10,c40c446d67677ec9cd52894674fdbe8fd0fcc99a53d29111368043c09db08409
1208,T11573,Risk Perception and Management,0.016374269005847954,review,Sociology and Political Science,0.0,Food Science,0.28,10,c40c446d67677ec9cd52894674fdbe8fd0fcc99a53d29111368043c09db08409
1209,T11582,Nanopore and Nanochannel Transport Studies,0.016374269005847954,review,Biomedical Engineering,0.0,Mechanics of Materials,0.28,10,c40c446d67677ec9cd52894674fdbe8fd0fcc99a53d29111368043c09db08409
1210,T11651,Inhalation and Respiratory Drug Delivery,0.016374269005847954,review,Pulmonary and Respiratory Medicine,0.0,Biomedical Engineering,0.28,10,c40c446d67677ec9cd52894674fdbe8fd0fcc99a53d29111368043c09db08409
1211,T11880,Forest ecology and management,0.016374269005847954,review,Nature and Landscape Conservation,0.0,Environmental Engineering,0.28,10,c40c446d67677ec9cd52894674fdbe8fd0fcc99a53d29111368043c09db08409
1212,T11892,Kawasaki Disease and Coronary Complications,0.016374269005847954,review,Surgery,0.0,Infectious Diseases,0.2153846153846154,10,c40c446d67677ec9cd52894674fdbe8fd0fcc99a53d29111368043c09db08409
1213,T12049,Tuberous Sclerosis Complex Research,0.016374269005847954,review,Physiology,0.0,Neurology,0.2153846153846154,10,c40c446d67677ec9cd52894674fdbe8fd0fcc99a53d29111368043c09db08409
1214,T12086,Structural Integrity and Reliability Analysis,0.016374269005847954,review,Mechanical Engineering,0.0,Mechanics of Materials,0.28,10,c40c446d67677ec9cd52894674fdbe8fd0fcc99a53d29111368043c09db08409
1215,T12087,Natural Compound Pharmacology Studies,0.016374269005847954,review,Plant Science,0.0,Oncology,0.28,10,c40c446d67677ec9cd52894674fdbe8fd0fcc99a53d29111368043c09db08409
1216,T12092,Erosion and Abrasive Machining,0.016374269005847954,review,Ecological Modeling,0.0,Mechanical Engineering,0.28,10,c40c446d67677ec9cd52894674fdbe8fd0fcc99a53d29111368043c09db08409
1217,T12225,Political Influence and Corporate Strategies,0.016374269005847954,review,Strategy and Management,0.09,Accounting,0.37,10,c40c446d67677ec9cd52894674fdbe8fd0fcc99a53d29111368043c09db08409
1218,T12240,Nanomaterials for catalytic reactions,0.016374269005847954,review,Organic Chemistry,0.09,Polymers and Plastics,0.37,10,c40c446d67677ec9cd52894674fdbe8fd0fcc99a53d29111368043c09db08409
1219,T12282,Mineral Processing and Grinding,0.016374269005847954,review,Mechanical Engineering,0.0,Information Systems,0.2153846153846154,10,c40c446d67677ec9cd52894674fdbe8fd0fcc99a53d29111368043c09db08409
1220,T12289,Library Science and Administration,0.016374269005847954,review,Library and Information Sciences,0.0,Education,0.28,10,c40c446d67677ec9cd52894674fdbe8fd0fcc99a53d29111368043c09db08409
1221,T12306,Urban and Freight Transport Logistics,0.016374269005847954,review,Building and Construction,0.0,Industrial and Manufacturing Engineering,0.2153846153846154,10,c40c446d67677ec9cd52894674fdbe8fd0fcc99a53d29111368043c09db08409
1222,T12478,Wikis in Education and Collaboration,0.016374269005847954,review,Communication,0.0,Computer Science Applications,0.28,10,c40c446d67677ec9cd52894674fdbe8fd0fcc99a53d29111368043c09db08409
1223,T12744,Medical Device Sterilization and Disinfection,0.016374269005847954,review,Microbiology,0.0,Infectious Diseases,0.28,10,c40c446d67677ec9cd52894674fdbe8fd0fcc99a53d29111368043c09db08409
1224,T12766,Interdisciplinary Research and Collaboration,0.016374269005847954,review,Information Systems and Management,0.0,Sociology and Political Science,0.2153846153846154,10,c40c446d67677ec9cd52894674fdbe8fd0fcc99a53d29111368043c09db08409
1225,T12787,Human Behavior and Motivation,0.016374269005847954,review,Applied Psychology,0.0,Organizational Behavior and Human Resource Management,0.28,10,c40c446d67677ec9cd52894674fdbe8fd0fcc99a53d29111368043c09db08409
1226,T12853,Historical Geography and Geographical Thought,0.016374269005847954,review,"Geography, Planning and Development",0.0,Political Science and International Relations,0.2,10,c40c446d67677ec9cd52894674fdbe8fd0fcc99a53d29111368043c09db08409
1227,T12863,Web and Library Services,0.016374269005847954,review,Information Systems,0.0,Communication,0.28,10,c40c446d67677ec9cd52894674fdbe8fd0fcc99a53d29111368043c09db08409
1228,T12871,Healthcare Quality and Management,0.016374269005847954,review,Health Information Management,0.0,General Health Professions,0.28,10,c40c446d67677ec9cd52894674fdbe8fd0fcc99a53d29111368043c09db08409
1229,T12911,Water Resources and Sustainability,0.016374269005847954,review,Water Science and Technology,0.09,Environmental Engineering,0.37,10,c40c446d67677ec9cd52894674fdbe8fd0fcc99a53d29111368043c09db08409
1230,T12992,Metastasis and carcinoma case studies,0.016374269005847954,review,Pulmonary and Respiratory Medicine,0.0,Oncology,0.28,10,c40c446d67677ec9cd52894674fdbe8fd0fcc99a53d29111368043c09db08409
1231,T13050,Oil and Gas Production Techniques,0.016374269005847954,review,Ocean Engineering,0.0,Computer Networks and Communications,0.2,10,c40c446d67677ec9cd52894674fdbe8fd0fcc99a53d29111368043c09db08409
1232,T13058,Soil and Land Suitability Analysis,0.016374269005847954,review,"Management, Monitoring, Policy and Law",0.11176470588235295,Global and Planetary Change,0.27647058823529413,10,c40c446d67677ec9cd52894674fdbe8fd0fcc99a53d29111368043c09db08409
1233,T13094,Mining and Gasification Technologies,0.016374269005847954,review,Mechanical Engineering,0.0,Biomedical Engineering,0.28,10,c40c446d67677ec9cd52894674fdbe8fd0fcc99a53d29111368043c09db08409
1234,T13180,Chemistry and Chemical Engineering,0.016374269005847954,review,Environmental Chemistry,0.0,Organic Chemistry,0.2,10,c40c446d67677ec9cd52894674fdbe8fd0fcc99a53d29111368043c09db08409
1235,T13256,Archaeology and Rock Art Studies,0.016374269005847954,review,Archeology,0.0,Archeology,0.28,10,c40c446d67677ec9cd52894674fdbe8fd0fcc99a53d29111368043c09db08409
1236,T13286,Modeling and Simulation Systems,0.016374269005847954,review,Computational Theory and Mathematics,0.0,Control and Systems Engineering,0.28,10,c40c446d67677ec9cd52894674fdbe8fd0fcc99a53d29111368043c09db08409
1237,T13287,Robotic Process Automation Applications,0.016374269005847954,review,Industrial and Manufacturing Engineering,0.0,Artificial Intelligence,0.2,10,c40c446d67677ec9cd52894674fdbe8fd0fcc99a53d29111368043c09db08409
1238,T13308,Cybernetics and Technology in Society,0.016374269005847954,review,History and Philosophy of Science,0.0,Artificial Intelligence,0.2,10,c40c446d67677ec9cd52894674fdbe8fd0fcc99a53d29111368043c09db08409
1239,T13358,Livestock Management and Performance Improvement,0.016374269005847954,review,Agronomy and Crop Science,0.0,Anthropology,0.2,10,c40c446d67677ec9cd52894674fdbe8fd0fcc99a53d29111368043c09db08409
1240,T13409,Paleopathology and ancient diseases,0.016374269005847954,review,Archeology,0.0,Genetics,0.28,10,c40c446d67677ec9cd52894674fdbe8fd0fcc99a53d29111368043c09db08409
1241,T13413,Cultural and Historical Studies,0.016374269005847954,review,Visual Arts and Performing Arts,0.0,Artificial Intelligence,0.2153846153846154,10,c40c446d67677ec9cd52894674fdbe8fd0fcc99a53d29111368043c09db08409
1242,T13514,Experience-Based Knowledge Management,0.016374269005847954,review,Artificial Intelligence,0.0,Information Systems,0.18666666666666668,10,c40c446d67677ec9cd52894674fdbe8fd0fcc99a53d29111368043c09db08409
1243,T13517,Environmental and Industrial Safety,0.016374269005847954,review,Environmental Engineering,0.0,Electrical and Electronic Engineering,0.28,10,c40c446d67677ec9cd52894674fdbe8fd0fcc99a53d29111368043c09db08409
1244,T13592,Advanced Scientific Techniques and Applications,0.016374269005847954,review,"Management, Monitoring, Policy and Law",0.0,Building and Construction,0.2,10,c40c446d67677ec9cd52894674fdbe8fd0fcc99a53d29111368043c09db08409
1245,T13661,Reformed Theology and Governance,0.016374269005847954,review,Philosophy,0.0,Law,0.28,10,c40c446d67677ec9cd52894674fdbe8fd0fcc99a53d29111368043c09db08409
1246,T13673,Library Science and Information,0.016374269005847954,review,Information Systems,0.0,Strategy and Management,0.2,10,c40c446d67677ec9cd52894674fdbe8fd0fcc99a53d29111368043c09db08409
1247,T13761,HIV/AIDS oral health manifestations,0.016374269005847954,review,"Public Health, Environmental and Occupational Health",0.0,Epidemiology,0.34146341463414637,8,c40c446d67677ec9cd52894674fdbe8fd0fcc99a53d29111368043c09db08409
1248,T13784,Jewish Identity and Society,0.016374269005847954,review,Demography,0.0,Education,0.2153846153846154,10,c40c446d67677ec9cd52894674fdbe8fd0fcc99a53d29111368043c09db08409
1249,T13857,Mining and Industrial Processes,0.016374269005847954,review,Food Science,0.0,Control and Systems Engineering,0.28,10,c40c446d67677ec9cd52894674fdbe8fd0fcc99a53d29111368043c09db08409
1250,T13891,Engineering Diagnostics and Reliability,0.016374269005847954,review,Mechanics of Materials,0.0,Materials Chemistry,0.30434782608695654,8,c40c446d67677ec9cd52894674fdbe8fd0fcc99a53d29111368043c09db08409
1251,T13908,Scientific and Historical Analyses,0.016374269005847954,review,Philosophy,0.09,History,0.37,10,c40c446d67677ec9cd52894674fdbe8fd0fcc99a53d29111368043c09db08409
1252,T13934,Indigenous Knowledge Systems and Agriculture,0.016374269005847954,review,Plant Science,0.0,Soil Science,0.2,10,c40c446d67677ec9cd52894674fdbe8fd0fcc99a53d29111368043c09db08409
1253,T14003,Labor Law and Work Dynamics,0.016374269005847954,review,Political Science and International Relations,0.09,Economics and Econometrics,0.37,10,c40c446d67677ec9cd52894674fdbe8fd0fcc99a53d29111368043c09db08409
1254,T14047,Marine and environmental studies,0.016374269005847954,review,Oceanography,0.0,Archeology,0.30434782608695654,8,c40c446d67677ec9cd52894674fdbe8fd0fcc99a53d29111368043c09db08409
1255,T14078,Multiple and Secondary Primary Cancers,0.016374269005847954,review,Epidemiology,0.09,Oncology,0.37,10,c40c446d67677ec9cd52894674fdbe8fd0fcc99a53d29111368043c09db08409
1256,T14228,Religion and Sociopolitical Dynamics in Nigeria,0.016374269005847954,review,General Social Sciences,0.0,Anthropology,0.2153846153846154,10,c40c446d67677ec9cd52894674fdbe8fd0fcc99a53d29111368043c09db08409
1257,T14336,Land Use and Management,0.016374269005847954,review,Political Science and International Relations,0.09,Economics and Econometrics,0.37,10,c40c446d67677ec9cd52894674fdbe8fd0fcc99a53d29111368043c09db08409
1258,T14389,"Innovation, Technology, and Society",0.016374269005847954,review,Sociology and Political Science,0.0,Urban Studies,0.2,10,c40c446d67677ec9cd52894674fdbe8fd0fcc99a53d29111368043c09db08409
1259,T14427,Environmental Monitoring and Data Management,0.016374269005847954,review,Geology,0.0,Water Science and Technology,0.28,10,c40c446d67677ec9cd52894674fdbe8fd0fcc99a53d29111368043c09db08409
1260,T14509,demographic modeling and climate adaptation,0.016374269005847954,review,Management Science and Operations Research,0.0,Ecology,0.2153846153846154,10,c40c446d67677ec9cd52894674fdbe8fd0fcc99a53d29111368043c09db08409
1261,T10022,Semiconductor Quantum Structures and Devices,0.01637426900584795,review,"Atomic and Molecular Physics, and Optics",0.0,Electrical and Electronic Engineering,0.23333333333333334,10,c40c446d67677ec9cd52894674fdbe8fd0fcc99a53d29111368043c09db08409
1262,T10099,GaN-based semiconductor devices and materials,0.01637426900584795,review,Condensed Matter Physics,0.0,Electrical and Electronic Engineering,0.23333333333333334,10,c40c446d67677ec9cd52894674fdbe8fd0fcc99a53d29111368043c09db08409
1263,T10290,Pregnancy and preeclampsia studies,0.01637426900584795,review,Obstetrics and Gynecology,0.0,Physiology,0.2545454545454545,10,c40c446d67677ec9cd52894674fdbe8fd0fcc99a53d29111368043c09db08409
1264,T10539,Sustainable Supply Chain Management,0.01637426900584795,review,Strategy and Management,0.0,Mechanical Engineering,0.23333333333333334,10,c40c446d67677ec9cd52894674fdbe8fd0fcc99a53d29111368043c09db08409
1265,T10557,Social Media and Politics,0.01637426900584795,review,Communication,0.0,Sociology and Political Science,0.23333333333333334,10,c40c446d67677ec9cd52894674fdbe8fd0fcc99a53d29111368043c09db08409
1266,T10586,Robotic Path Planning Algorithms,0.01637426900584795,review,Computer Vision and Pattern Recognition,0.0,Automotive Engineering,0.2545454545454545,10,c40c446d67677ec9cd52894674fdbe8fd0fcc99a53d29111368043c09db08409
1267,T10646,Experimental Behavioral Economics Studies,0.01637426900584795,review,Safety Research,0.08181818181818182,Sociology and Political Science,0.33636363636363636,10,c40c446d67677ec9cd52894674fdbe8fd0fcc99a53d29111368043c09db08409
1268,T10736,Hydrogen embrittlement and corrosion behaviors in metals,0.01637426900584795,review,Metals and Alloys,0.0,Materials Chemistry,0.2545454545454545,10,c40c446d67677ec9cd52894674fdbe8fd0fcc99a53d29111368043c09db08409
1269,T10752,Terahertz technology and applications,0.01637426900584795,review,Electrical and Electronic Engineering,0.0,Biomedical Engineering,0.2545454545454545,10,c40c446d67677ec9cd52894674fdbe8fd0fcc99a53d29111368043c09db08409
1270,T10953,E-Government and Public Services,0.01637426900584795,review,Political Science and International Relations,0.0,Safety Research,0.2545454545454545,10,c40c446d67677ec9cd52894674fdbe8fd0fcc99a53d29111368043c09db08409
1271,T10984,Sinusitis and nasal conditions,0.01637426900584795,review,Otorhinolaryngology,0.0,Psychiatry and Mental health,0.23333333333333334,10,c40c446d67677ec9cd52894674fdbe8fd0fcc99a53d29111368043c09db08409
1272,T11008,Aerodynamics and Acoustics in Jet Flows,0.01637426900584795,review,Aerospace Engineering,0.10843373493975904,Computational Mechanics,0.4457831325301205,7,c40c446d67677ec9cd52894674fdbe8fd0fcc99a53d29111368043c09db08409
1273,T11071,Treatment of Major Depression,0.01637426900584795,review,Pharmacology,0.0,Cellular and Molecular Neuroscience,0.2545454545454545,10,c40c446d67677ec9cd52894674fdbe8fd0fcc99a53d29111368043c09db08409
1274,T11080,Surgical site infection prevention,0.01637426900584795,review,Surgery,0.0,Infectious Diseases,0.2545454545454545,10,c40c446d67677ec9cd52894674fdbe8fd0fcc99a53d29111368043c09db08409
1275,T11204,Ion Channels and Receptors,0.01637426900584795,review,Sensory Systems,0.0,Physiology,0.3373493975903614,7,c40c446d67677ec9cd52894674fdbe8fd0fcc99a53d29111368043c09db08409
1276,T11223,Maritime Ports and Logistics,0.01637426900584795,review,Industrial and Manufacturing Engineering,0.075,Management Information Systems,0.30833333333333335,10,c40c446d67677ec9cd52894674fdbe8fd0fcc99a53d29111368043c09db08409
1277,T11234,Precipitation Measurement and Analysis,0.01637426900584795,review,Atmospheric Science,0.0,Environmental Engineering,0.30769230769230765,9,c40c446d67677ec9cd52894674fdbe8fd0fcc99a53d29111368043c09db08409
1278,T11265,Aging and Gerontology Research,0.01637426900584795,review,Neuropsychology and Physiological Psychology,0.0,Social Psychology,0.2545454545454545,10,c40c446d67677ec9cd52894674fdbe8fd0fcc99a53d29111368043c09db08409
1279,T11688,Microbial infections and disease research,0.01637426900584795,review,Microbiology,0.0,Endocrinology,0.23333333333333334,10,c40c446d67677ec9cd52894674fdbe8fd0fcc99a53d29111368043c09db08409
1280,T11699,High-Velocity Impact and Material Behavior,0.01637426900584795,review,Materials Chemistry,0.0,Mechanics of Materials,0.509090909090909,5,c40c446d67677ec9cd52894674fdbe8fd0fcc99a53d29111368043c09db08409
1281,T11759,Occupational Therapy Practice and Research,0.01637426900584795,review,Occupational Therapy,0.0,General Health Professions,0.23333333333333334,10,c40c446d67677ec9cd52894674fdbe8fd0fcc99a53d29111368043c09db08409
1282,T11798,Optimal Experimental Design Methods,0.01637426900584795,review,Management Science and Operations Research,0.0,Electrical and Electronic Engineering,0.2545454545454545,10,c40c446d67677ec9cd52894674fdbe8fd0fcc99a53d29111368043c09db08409
1283,T11825,Catalysis and Oxidation Reactions,0.01637426900584795,review,Catalysis,0.08181818181818182,Inorganic Chemistry,0.33636363636363636,10,c40c446d67677ec9cd52894674fdbe8fd0fcc99a53d29111368043c09db08409
1284,T11853,Semiconductor materials and interfaces,0.01637426900584795,review,"Atomic and Molecular Physics, and Optics",0.0,Materials Chemistry,0.2545454545454545,10,c40c446d67677ec9cd52894674fdbe8fd0fcc99a53d29111368043c09db08409
1285,T11861,Thermal Regulation in Medicine,0.01637426900584795,review,Critical Care and Intensive Care Medicine,0.0,Rheumatology,0.175,10,c40c446d67677ec9cd52894674fdbe8fd0fcc99a53d29111368043c09db08409
1286,T11869,Per- and polyfluoroalkyl substances research,0.01637426900584795,review,Environmental Chemistry,0.0,Water Science and Technology,0.2545454545454545,10,c40c446d67677ec9cd52894674fdbe8fd0fcc99a53d29111368043c09db08409
1287,T11912,Outsourcing and Supply Chain Management,0.01637426900584795,review,Management Information Systems,0.23333333333333334,Strategy and Management,0.4666666666666667,10,c40c446d67677ec9cd52894674fdbe8fd0fcc99a53d29111368043c09db08409
1288,T11928,Genetic Syndromes and Imprinting,0.01637426900584795,review,Genetics,0.08181818181818182,Plant Science,0.33636363636363636,10,c40c446d67677ec9cd52894674fdbe8fd0fcc99a53d29111368043c09db08409
1289,T11932,Wireless Body Area Networks,0.01637426900584795,review,Biomedical Engineering,0.16363636363636364,Computer Networks and Communications,0.41818181818181815,10,c40c446d67677ec9cd52894674fdbe8fd0fcc99a53d29111368043c09db08409
1290,T12071,Marine Biology and Environmental Chemistry,0.01637426900584795,review,Ocean Engineering,0.0,Pollution,0.2545454545454545,10,c40c446d67677ec9cd52894674fdbe8fd0fcc99a53d29111368043c09db08409
1291,T12112,Ammonia Synthesis and Nitrogen Reduction,0.01637426900584795,review,Catalysis,0.0,Organic Chemistry,0.2545454545454545,10,c40c446d67677ec9cd52894674fdbe8fd0fcc99a53d29111368043c09db08409
1292,T12230,Cardiovascular Issues in Pregnancy,0.01637426900584795,review,Cardiology and Cardiovascular Medicine,0.075,Epidemiology,0.30833333333333335,10,c40c446d67677ec9cd52894674fdbe8fd0fcc99a53d29111368043c09db08409
1293,T12383,Aeolian processes and effects,0.01637426900584795,review,Earth-Surface Processes,0.0,Ecology,0.2545454545454545,10,c40c446d67677ec9cd52894674fdbe8fd0fcc99a53d29111368043c09db08409
1294,T12393,Workplace Spirituality and Leadership,0.01637426900584795,review,Demography,0.0,Organizational Behavior and Human Resource Management,0.2545454545454545,10,c40c446d67677ec9cd52894674fdbe8fd0fcc99a53d29111368043c09db08409
1295,T12448,Paranormal Experiences and Beliefs,0.01637426900584795,review,Social Psychology,0.14615384615384616,Experimental and Cognitive Psychology,0.36153846153846153,10,c40c446d67677ec9cd52894674fdbe8fd0fcc99a53d29111368043c09db08409
1296,T12503,Social Acceptance of Renewable Energy,0.01637426900584795,review,Sociology and Political Science,0.0,Electrical and Electronic Engineering,0.2545454545454545,10,c40c446d67677ec9cd52894674fdbe8fd0fcc99a53d29111368043c09db08409
1297,T12604,Glycogen Storage Diseases and Myoclonus,0.01637426900584795,review,Rheumatology,0.0,Physiology,0.2545454545454545,10,c40c446d67677ec9cd52894674fdbe8fd0fcc99a53d29111368043c09db08409
1298,T12649,Alkaloids: synthesis and pharmacology,0.01637426900584795,review,Pharmacology,0.0,Molecular Biology,0.23333333333333334,10,c40c446d67677ec9cd52894674fdbe8fd0fcc99a53d29111368043c09db08409
1299,T12665,Bamboo properties and applications,0.01637426900584795,review,Plant Science,0.0,Mechanical Engineering,0.2545454545454545,10,c40c446d67677ec9cd52894674fdbe8fd0fcc99a53d29111368043c09db08409
1300,T12779,Public Procurement and Policy,0.01637426900584795,review,Strategy and Management,0.0,Management of Technology and Innovation,0.2545454545454545,10,c40c446d67677ec9cd52894674fdbe8fd0fcc99a53d29111368043c09db08409
1301,T12782,Assembly Line Balancing Optimization,0.01637426900584795,review,Industrial and Manufacturing Engineering,0.0,Aerospace Engineering,0.30769230769230765,9,c40c446d67677ec9cd52894674fdbe8fd0fcc99a53d29111368043c09db08409
1302,T12900,Organ and Tissue Transplantation Research,0.01637426900584795,review,Transplantation,0.0,"Public Health, Environmental and Occupational Health",0.2545454545454545,10,c40c446d67677ec9cd52894674fdbe8fd0fcc99a53d29111368043c09db08409
1303,T12946,Fractal and DNA sequence analysis,0.01637426900584795,review,Molecular Biology,0.0,Artificial Intelligence,0.2545454545454545,10,c40c446d67677ec9cd52894674fdbe8fd0fcc99a53d29111368043c09db08409
1304,T13026,Natural Compounds in Disease Treatment,0.01637426900584795,review,Complementary and alternative medicine,0.0,Pharmacology,0.2545454545454545,10,c40c446d67677ec9cd52894674fdbe8fd0fcc99a53d29111368043c09db08409
1305,T13158,Political and Economic history of UK and US,0.01637426900584795,review,Political Science and International Relations,0.08181818181818182,"General Economics, Econometrics and Finance",0.33636363636363636,10,c40c446d67677ec9cd52894674fdbe8fd0fcc99a53d29111368043c09db08409
1306,T13191,Dispute Resolution and Class Actions,0.01637426900584795,review,Strategy and Management,0.0,Artificial Intelligence,0.23333333333333334,10,c40c446d67677ec9cd52894674fdbe8fd0fcc99a53d29111368043c09db08409
1307,T13216,Artistic and Creative Research,0.01637426900584795,review,Visual Arts and Performing Arts,0.08181818181818182,Education,0.33636363636363636,10,c40c446d67677ec9cd52894674fdbe8fd0fcc99a53d29111368043c09db08409
1308,T13247,Local Governance and Planning,0.01637426900584795,review,"Geography, Planning and Development",0.0,Political Science and International Relations,0.23333333333333334,10,c40c446d67677ec9cd52894674fdbe8fd0fcc99a53d29111368043c09db08409
1309,T13305,Teacher Professional Development and Motivation,0.01637426900584795,review,Education,0.0,General Health Professions,0.2545454545454545,10,c40c446d67677ec9cd52894674fdbe8fd0fcc99a53d29111368043c09db08409
1310,T13367,Cultural and Sociopolitical Studies,0.01637426900584795,review,Museology,0.0,Literature and Literary Theory,0.2545454545454545,10,c40c446d67677ec9cd52894674fdbe8fd0fcc99a53d29111368043c09db08409
1311,T13430,Lipid metabolism and disorders,0.01637426900584795,review,Cardiology and Cardiovascular Medicine,0.0,Epidemiology,0.2545454545454545,10,c40c446d67677ec9cd52894674fdbe8fd0fcc99a53d29111368043c09db08409
1312,T13471,Cognitive Functions and Memory,0.01637426900584795,review,Experimental and Cognitive Psychology,0.0,Cognitive Neuroscience,0.2545454545454545,10,c40c446d67677ec9cd52894674fdbe8fd0fcc99a53d29111368043c09db08409
1313,T13484,German History and Society,0.01637426900584795,review,History,0.0,Literature and Literary Theory,0.23333333333333334,10,c40c446d67677ec9cd52894674fdbe8fd0fcc99a53d29111368043c09db08409
1314,T13656,"Science, Research, and Medicine",0.01637426900584795,review,Reproductive Medicine,0.0,Health Information Management,0.23333333333333334,10,c40c446d67677ec9cd52894674fdbe8fd0fcc99a53d29111368043c09db08409
1315,T13715,Power Line Inspection Robots,0.01637426900584795,review,Mechanical Engineering,0.0,Aerospace Engineering,0.2545454545454545,10,c40c446d67677ec9cd52894674fdbe8fd0fcc99a53d29111368043c09db08409
1316,T13848,Ottoman and Turkish Studies,0.01637426900584795,review,History,0.1357142857142857,Political Science and International Relations,0.3357142857142857,10,c40c446d67677ec9cd52894674fdbe8fd0fcc99a53d29111368043c09db08409
1317,T14046,Bach Studies and Logistics Development,0.01637426900584795,review,Literature and Literary Theory,0.0,Industrial and Manufacturing Engineering,0.2545454545454545,10,c40c446d67677ec9cd52894674fdbe8fd0fcc99a53d29111368043c09db08409
1318,T14063,Diverse Philosophical and Cultural Studies,0.01637426900584795,review,Religious studies,0.08181818181818182,Sociology and Political Science,0.33636363636363636,10,c40c446d67677ec9cd52894674fdbe8fd0fcc99a53d29111368043c09db08409
1319,T14081,Linguistic Education and Pedagogy,0.01637426900584795,review,Language and Linguistics,0.0,Communication,0.2545454545454545,10,c40c446d67677ec9cd52894674fdbe8fd0fcc99a53d29111368043c09db08409
1320,T14106,Environmental and Sediment Control,0.01637426900584795,review,"Management, Monitoring, Policy and Law",0.0,Water Science and Technology,0.2545454545454545,10,c40c446d67677ec9cd52894674fdbe8fd0fcc99a53d29111368043c09db08409
1321,T14138,Life Cycle Costing Analysis,0.01637426900584795,review,Accounting,0.0,Mechanical Engineering,0.23333333333333334,10,c40c446d67677ec9cd52894674fdbe8fd0fcc99a53d29111368043c09db08409
1322,T14226,"Migration, Racism, and Human Rights",0.01637426900584795,review,Health,0.0,Political Science and International Relations,0.15555555555555556,10,c40c446d67677ec9cd52894674fdbe8fd0fcc99a53d29111368043c09db08409
1323,T12409,Reformation and Early Modern Christianity,0.01608187134502924,review,History,0.08597285067873303,Sociology and Political Science,0.33484162895927605,10,c40c446d67677ec9cd52894674fdbe8fd0fcc99a53d29111368043c09db08409
1324,T10047,Financial Markets and Investment Strategies,0.015789473684210527,review,Finance,0.0,Economics and Econometrics,1.0,3,c40c446d67677ec9cd52894674fdbe8fd0fcc99a53d29111368043c09db08409
1325,T10075,Atmospheric chemistry and aerosols,0.015789473684210527,review,Atmospheric Science,0.0,Global and Planetary Change,0.375,8,c40c446d67677ec9cd52894674fdbe8fd0fcc99a53d29111368043c09db08409
1326,T10278,Electric Motor Design and Analysis,0.015789473684210527,review,Electrical and Electronic Engineering,0.0,Mechanical Engineering,0.375,8,c40c446d67677ec9cd52894674fdbe8fd0fcc99a53d29111368043c09db08409
1327,T10323,Analog and Mixed-Signal Circuit Design,0.015789473684210527,review,Biomedical Engineering,0.0,Electrical and Electronic Engineering,1.0,3,c40c446d67677ec9cd52894674fdbe8fd0fcc99a53d29111368043c09db08409
1328,T10341,Coral and Marine Ecosystems Studies,0.015789473684210527,review,Ecology,0.1,Global and Planetary Change,0.4,10,c40c446d67677ec9cd52894674fdbe8fd0fcc99a53d29111368043c09db08409
1329,T10495,Catalysts for Methane Reforming,0.015789473684210527,review,Catalysis,0.0,Organic Chemistry,0.24545454545454545,10,c40c446d67677ec9cd52894674fdbe8fd0fcc99a53d29111368043c09db08409
1330,T10636,Innovative Teaching and Learning Methods,0.015789473684210527,review,Developmental and Educational Psychology,0.09,Education,0.36,10,c40c446d67677ec9cd52894674fdbe8fd0fcc99a53d29111368043c09db08409
1331,T10653,Robot Manipulation and Learning,0.015789473684210527,review,Control and Systems Engineering,0.1,Computer Vision and Pattern Recognition,0.4,10,c40c446d67677ec9cd52894674fdbe8fd0fcc99a53d29111368043c09db08409
1332,T10738,Posthumanist Ethics and Activism,0.015789473684210527,review,Cultural Studies,0.0,Education,0.24545454545454545,10,c40c446d67677ec9cd52894674fdbe8fd0fcc99a53d29111368043c09db08409
1333,T10754,Neuroendocrine Tumor Research Advances,0.015789473684210527,review,Epidemiology,0.0,Pulmonary and Respiratory Medicine,0.27,10,c40c446d67677ec9cd52894674fdbe8fd0fcc99a53d29111368043c09db08409
1334,T10783,Additive Manufacturing and 3D Printing Technologies,0.015789473684210527,review,Automotive Engineering,0.0,Materials Chemistry,0.24545454545454545,10,c40c446d67677ec9cd52894674fdbe8fd0fcc99a53d29111368043c09db08409
1335,T10785,Economic Theory and Institutions,0.015789473684210527,review,Economics and Econometrics,0.1,Political Science and International Relations,0.4,10,c40c446d67677ec9cd52894674fdbe8fd0fcc99a53d29111368043c09db08409
1336,T10797,Accounting and Organizational Management,0.015789473684210527,review,Management Information Systems,0.1,Strategy and Management,0.4,10,c40c446d67677ec9cd52894674fdbe8fd0fcc99a53d29111368043c09db08409
1337,T10864,Fluid Dynamics and Mixing,0.015789473684210527,review,Biomedical Engineering,0.0,Computational Mechanics,0.375,8,c40c446d67677ec9cd52894674fdbe8fd0fcc99a53d29111368043c09db08409
1338,T10870,Interstitial Lung Diseases and Idiopathic Pulmonary Fibrosis,0.015789473684210527,review,Pulmonary and Respiratory Medicine,0.0,Immunology,0.27,10,c40c446d67677ec9cd52894674fdbe8fd0fcc99a53d29111368043c09db08409
1339,T10933,Real-Time Systems Scheduling,0.015789473684210527,review,Hardware and Architecture,0.09,Control and Systems Engineering,0.36,10,c40c446d67677ec9cd52894674fdbe8fd0fcc99a53d29111368043c09db08409
1340,T10982,Motor Control and Adaptation,0.015789473684210527,review,Cognitive Neuroscience,0.09,Control and Systems Engineering,0.36,10,c40c446d67677ec9cd52894674fdbe8fd0fcc99a53d29111368043c09db08409
1341,T11089,Radioactive contamination and transfer,0.015789473684210527,review,Global and Planetary Change,0.0,"Health, Toxicology and Mutagenesis",0.27,10,c40c446d67677ec9cd52894674fdbe8fd0fcc99a53d29111368043c09db08409
1342,T11189,Transplantation: Methods and Outcomes,0.015789473684210527,review,Surgery,0.0,Pathology and Forensic Medicine,0.27,10,c40c446d67677ec9cd52894674fdbe8fd0fcc99a53d29111368043c09db08409
1343,T11366,Elasticity and Material Modeling,0.015789473684210527,review,Biomedical Engineering,0.0,Mechanical Engineering,0.375,8,c40c446d67677ec9cd52894674fdbe8fd0fcc99a53d29111368043c09db08409
1344,T11587,Second Language Acquisition and Learning,0.015789473684210527,review,Developmental and Educational Psychology,0.1,Language and Linguistics,0.4,10,c40c446d67677ec9cd52894674fdbe8fd0fcc99a53d29111368043c09db08409
1345,T11723,Optical Coatings and Gratings,0.015789473684210527,review,"Surfaces, Coatings and Films",0.0,Electrical and Electronic Engineering,0.24545454545454545,10,c40c446d67677ec9cd52894674fdbe8fd0fcc99a53d29111368043c09db08409
1346,T11813,Library Collection Development and Digital Resources,0.015789473684210527,review,Information Systems,0.1,Education,0.4,10,c40c446d67677ec9cd52894674fdbe8fd0fcc99a53d29111368043c09db08409
1347,T11845,Cancer therapeutics and mechanisms,0.015789473684210527,review,Molecular Biology,0.1,Pulmonary and Respiratory Medicine,0.4,10,c40c446d67677ec9cd52894674fdbe8fd0fcc99a53d29111368043c09db08409
1348,T11919,dental development and anomalies,0.015789473684210527,review,Molecular Biology,0.0,Plant Science,0.5,6,c40c446d67677ec9cd52894674fdbe8fd0fcc99a53d29111368043c09db08409
1349,T11991,Soft tissue tumor case studies,0.015789473684210527,review,Rheumatology,0.0,Pulmonary and Respiratory Medicine,0.27,10,c40c446d67677ec9cd52894674fdbe8fd0fcc99a53d29111368043c09db08409
1350,T11995,"FinTech, Crowdfunding, Digital Finance",0.015789473684210527,review,Management Information Systems,0.0,Sociology and Political Science,0.24545454545454545,10,c40c446d67677ec9cd52894674fdbe8fd0fcc99a53d29111368043c09db08409
1351,T12012,Diatoms and Algae Research,0.015789473684210527,review,Biomaterials,0.0,Organic Chemistry,0.27,10,c40c446d67677ec9cd52894674fdbe8fd0fcc99a53d29111368043c09db08409
1352,T12190,Innovations in Concrete and Construction Materials,0.015789473684210527,review,Building and Construction,0.0,Civil and Structural Engineering,0.27,10,c40c446d67677ec9cd52894674fdbe8fd0fcc99a53d29111368043c09db08409
1353,T12200,Heusler alloys: electronic and magnetic properties,0.015789473684210527,review,"Electronic, Optical and Magnetic Materials",0.1,Materials Chemistry,0.4,10,c40c446d67677ec9cd52894674fdbe8fd0fcc99a53d29111368043c09db08409
1354,T12202,nanoparticles nucleation surface interactions,0.015789473684210527,review,Atmospheric Science,0.0,Materials Chemistry,0.27,10,c40c446d67677ec9cd52894674fdbe8fd0fcc99a53d29111368043c09db08409
1355,T12238,Green IT and Sustainability,0.015789473684210527,review,Electrical and Electronic Engineering,0.0,Computer Networks and Communications,0.27,10,c40c446d67677ec9cd52894674fdbe8fd0fcc99a53d29111368043c09db08409
1356,T12263,Peacebuilding and International Security,0.015789473684210527,review,Sociology and Political Science,0.1,Political Science and International Relations,0.4,10,c40c446d67677ec9cd52894674fdbe8fd0fcc99a53d29111368043c09db08409
1357,T12286,Erythrocyte Function and Pathophysiology,0.015789473684210527,review,Physiology,0.0,Molecular Biology,0.27,10,c40c446d67677ec9cd52894674fdbe8fd0fcc99a53d29111368043c09db08409
1358,T12290,Human Motion and Animation,0.015789473684210527,review,Control and Systems Engineering,0.09,Computer Vision and Pattern Recognition,0.36,10,c40c446d67677ec9cd52894674fdbe8fd0fcc99a53d29111368043c09db08409
1359,T12406,IoT and GPS-based Vehicle Safety Systems,0.015789473684210527,review,Mechanical Engineering,0.0,Computer Vision and Pattern Recognition,0.225,10,c40c446d67677ec9cd52894674fdbe8fd0fcc99a53d29111368043c09db08409
1360,T12449,Spacecraft Design and Technology,0.015789473684210527,review,Aerospace Engineering,0.0,Mechanical Engineering,0.375,8,c40c446d67677ec9cd52894674fdbe8fd0fcc99a53d29111368043c09db08409
1361,T12578,Diagnosis and treatment of tuberculosis,0.015789473684210527,review,Surgery,0.0,Reproductive Medicine,0.75,4,c40c446d67677ec9cd52894674fdbe8fd0fcc99a53d29111368043c09db08409
1362,T12670,"Urbanism, Landscape, and Tourism Studies",0.015789473684210527,review,Cultural Studies,0.0,Sociology and Political Science,0.27,10,c40c446d67677ec9cd52894674fdbe8fd0fcc99a53d29111368043c09db08409
1363,T12876,Potassium and Related Disorders,0.015789473684210527,review,Pulmonary and Respiratory Medicine,0.09,Nephrology,0.36,10,c40c446d67677ec9cd52894674fdbe8fd0fcc99a53d29111368043c09db08409
1364,T12890,Eurasian Exchange Networks,0.015789473684210527,review,Anthropology,0.0,Political Science and International Relations,0.75,4,c40c446d67677ec9cd52894674fdbe8fd0fcc99a53d29111368043c09db08409
1365,T12997,Outdoor and Experiential Education,0.015789473684210527,review,Social Psychology,0.1,Sociology and Political Science,0.4,10,c40c446d67677ec9cd52894674fdbe8fd0fcc99a53d29111368043c09db08409
1366,T13052,Molecular Communication and Nanonetworks,0.015789473684210527,review,Biomedical Engineering,0.125,Electrical and Electronic Engineering,0.5,8,c40c446d67677ec9cd52894674fdbe8fd0fcc99a53d29111368043c09db08409
1367,T13114,Image Processing Techniques and Applications,0.015789473684210527,review,Media Technology,0.0,Artificial Intelligence,0.225,10,c40c446d67677ec9cd52894674fdbe8fd0fcc99a53d29111368043c09db08409
1368,T13282,Automated Road and Building Extraction,0.015789473684210527,review,Ocean Engineering,0.0,Computer Vision and Pattern Recognition,0.27,10,c40c446d67677ec9cd52894674fdbe8fd0fcc99a53d29111368043c09db08409
1369,T13519,Historical Architecture and Urbanism,0.015789473684210527,review,History,0.0,Education,0.225,10,c40c446d67677ec9cd52894674fdbe8fd0fcc99a53d29111368043c09db08409
1370,T13615,Transportation Systems and Safety,0.015789473684210527,review,Computer Graphics and Computer-Aided Design,0.0,Electrical and Electronic Engineering,0.27,10,c40c446d67677ec9cd52894674fdbe8fd0fcc99a53d29111368043c09db08409
1371,T13685,Material Science and Thermodynamics,0.015789473684210527,review,Mechanical Engineering,0.1,Electrical and Electronic Engineering,0.4,10,c40c446d67677ec9cd52894674fdbe8fd0fcc99a53d29111368043c09db08409
1372,T13751,Diverse Approaches in Healthcare and Education Studies,0.015789473684210527,review,"Public Health, Environmental and Occupational Health",0.0,Education,0.24545454545454545,10,c40c446d67677ec9cd52894674fdbe8fd0fcc99a53d29111368043c09db08409
1373,T13777,Cognitive and psychological constructs research,0.015789473684210527,review,Social Psychology,0.0,Education,0.27,10,c40c446d67677ec9cd52894674fdbe8fd0fcc99a53d29111368043c09db08409
1374,T13878,Case Reports on Hematomas,0.015789473684210527,review,Surgery,0.0,Pulmonary and Respiratory Medicine,0.27,10,c40c446d67677ec9cd52894674fdbe8fd0fcc99a53d29111368043c09db08409
1375,T13900,Contemporary and Historical Greek Studies,0.015789473684210527,review,Sociology and Political Science,0.09,Political Science and International Relations,0.36,10,c40c446d67677ec9cd52894674fdbe8fd0fcc99a53d29111368043c09db08409
1376,T13905,Telecommunications and Broadcasting Technologies,0.015789473684210527,review,Media Technology,0.0,Electrical and Electronic Engineering,0.75,4,c40c446d67677ec9cd52894674fdbe8fd0fcc99a53d29111368043c09db08409
1377,T13943,Beetle Biology and Toxicology Studies,0.015789473684210527,review,Cancer Research,0.1,Molecular Biology,0.4,10,c40c446d67677ec9cd52894674fdbe8fd0fcc99a53d29111368043c09db08409
1378,T13998,"History, Medicine, and Leadership",0.015789473684210527,review,Political Science and International Relations,0.0,Clinical Psychology,0.27,10,c40c446d67677ec9cd52894674fdbe8fd0fcc99a53d29111368043c09db08409
1379,T14067,Cloud Computing and Remote Desktop Technologies,0.015789473684210527,review,Hardware and Architecture,0.0,Strategy and Management,0.375,8,c40c446d67677ec9cd52894674fdbe8fd0fcc99a53d29111368043c09db08409
1380,T14163,Astronomical Observations and Instrumentation,0.015789473684210527,review,Computational Mechanics,0.0,Civil and Structural Engineering,0.75,4,c40c446d67677ec9cd52894674fdbe8fd0fcc99a53d29111368043c09db08409
1381,T14183,Banking Sector Performance and Management,0.015789473684210527,review,Accounting,0.1,Strategy and Management,0.4,10,c40c446d67677ec9cd52894674fdbe8fd0fcc99a53d29111368043c09db08409
1382,T14199,Historical and Scientific Studies,0.015789473684210527,review,Pathology and Forensic Medicine,0.0,"Public Health, Environmental and Occupational Health",0.27,10,c40c446d67677ec9cd52894674fdbe8fd0fcc99a53d29111368043c09db08409
1383,T14211,Diverse academic research themes,0.015789473684210527,review,Information Systems and Management,0.0,"Renewable Energy, Sustainability and the Environment",0.27,10,c40c446d67677ec9cd52894674fdbe8fd0fcc99a53d29111368043c09db08409
1384,T14219,Local Economic Development and Planning,0.015789473684210527,review,Political Science and International Relations,0.0,Sociology and Political Science,0.225,10,c40c446d67677ec9cd52894674fdbe8fd0fcc99a53d29111368043c09db08409
1385,T14304,Transport Systems and Technology,0.015789473684210527,review,Mechanical Engineering,0.0,Electrical and Electronic Engineering,0.375,8,c40c446d67677ec9cd52894674fdbe8fd0fcc99a53d29111368043c09db08409
1386,T14368,Evaluation and Optimization Models,0.015789473684210527,review,"Safety, Risk, Reliability and Quality",0.0,Control and Systems Engineering,0.27,10,c40c446d67677ec9cd52894674fdbe8fd0fcc99a53d29111368043c09db08409
1387,T14385,Franz Kafka Literary Studies,0.015789473684210527,review,Literature and Literary Theory,0.0,Sociology and Political Science,0.27,10,c40c446d67677ec9cd52894674fdbe8fd0fcc99a53d29111368043c09db08409
1388,T14412,Marine and Coastal Research,0.015789473684210527,review,Ocean Engineering,0.1,Computer Networks and Communications,0.4,10,c40c446d67677ec9cd52894674fdbe8fd0fcc99a53d29111368043c09db08409
1389,T14470,Advanced Data Processing Techniques,0.015789473684210527,review,Control and Systems Engineering,0.0,Electrical and Electronic Engineering,0.27,10,c40c446d67677ec9cd52894674fdbe8fd0fcc99a53d29111368043c09db08409
1390,T10003,Innovation and Knowledge Management,0.015789473684210523,review,Strategy and Management,0.0,Sociology and Political Science,0.3,10,c40c446d67677ec9cd52894674fdbe8fd0fcc99a53d29111368043c09db08409
1391,T10025,Black Holes and Theoretical Physics,0.015789473684210523,review,Nuclear and High Energy Physics,0.0,Astronomy and Astrophysics,0.42857142857142855,7,c40c446d67677ec9cd52894674fdbe8fd0fcc99a53d29111368043c09db08409
1392,T10058,Entrepreneurship Studies and Influences,0.015789473684210523,review,Management of Technology and Innovation,0.0,Sociology and Political Science,0.3,10,c40c446d67677ec9cd52894674fdbe8fd0fcc99a53d29111368043c09db08409
1393,T10163,Metal complexes synthesis and properties,0.015789473684210523,review,Oncology,0.0,Organic Chemistry,0.3,10,c40c446d67677ec9cd52894674fdbe8fd0fcc99a53d29111368043c09db08409
1394,T10213,Public Policy and Administration Research,0.015789473684210523,review,Public Administration,0.0,Strategy and Management,0.3,10,c40c446d67677ec9cd52894674fdbe8fd0fcc99a53d29111368043c09db08409
1395,T10238,Spine and Intervertebral Disc Pathology,0.015789473684210523,review,Pathology and Forensic Medicine,0.0,Surgery,0.3,10,c40c446d67677ec9cd52894674fdbe8fd0fcc99a53d29111368043c09db08409
1396,T10248,Nonlinear Waves and Solitons,0.015789473684210523,review,Statistical and Nonlinear Physics,0.0,Mathematical Physics,0.42857142857142855,7,c40c446d67677ec9cd52894674fdbe8fd0fcc99a53d29111368043c09db08409
1397,T10264,Asphalt Pavement Performance Evaluation,0.015789473684210523,review,Civil and Structural Engineering,0.0,"Renewable Energy, Sustainability and the Environment",0.3,10,c40c446d67677ec9cd52894674fdbe8fd0fcc99a53d29111368043c09db08409
1398,T10333,Meat and Animal Product Quality,0.015789473684210523,review,Animal Science and Zoology,0.0,Plant Science,0.3,10,c40c446d67677ec9cd52894674fdbe8fd0fcc99a53d29111368043c09db08409
1399,T10358,Advanced Radiotherapy Techniques,0.015789473684210523,review,Radiation,0.0,"Statistics, Probability and Uncertainty",0.3,10,c40c446d67677ec9cd52894674fdbe8fd0fcc99a53d29111368043c09db08409
1400,T10394,Lipoproteins and Cardiovascular Health,0.015789473684210523,review,Surgery,0.0,Pulmonary and Respiratory Medicine,0.3,10,c40c446d67677ec9cd52894674fdbe8fd0fcc99a53d29111368043c09db08409
1401,T10450,Aquaculture Nutrition and Growth,0.015789473684210523,review,Aquatic Science,0.0,Nutrition and Dietetics,0.3,10,c40c446d67677ec9cd52894674fdbe8fd0fcc99a53d29111368043c09db08409
1402,T10498,Migraine and Headache Studies,0.015789473684210523,review,Psychiatry and Mental health,0.0,Cellular and Molecular Neuroscience,0.3,10,c40c446d67677ec9cd52894674fdbe8fd0fcc99a53d29111368043c09db08409
1403,T10502,Advanced Memory and Neural Computing,0.015789473684210523,review,Electrical and Electronic Engineering,0.0,Artificial Intelligence,0.3,10,c40c446d67677ec9cd52894674fdbe8fd0fcc99a53d29111368043c09db08409
1404,T10507,Biodiesel Production and Applications,0.015789473684210523,review,Biomedical Engineering,0.0,Electrical and Electronic Engineering,0.3,10,c40c446d67677ec9cd52894674fdbe8fd0fcc99a53d29111368043c09db08409
1405,T10517,"Financial Literacy, Pension, Retirement Analysis",0.015789473684210523,review,Accounting,0.0,Marketing,0.3,10,c40c446d67677ec9cd52894674fdbe8fd0fcc99a53d29111368043c09db08409
1406,T10541,Nonlinear Differential Equations Analysis,0.015789473684210523,review,Applied Mathematics,0.2,Control and Systems Engineering,0.5,10,c40c446d67677ec9cd52894674fdbe8fd0fcc99a53d29111368043c09db08409
1407,T10547,"Education, Achievement, and Giftedness",0.015789473684210523,review,Experimental and Cognitive Psychology,0.0,Education,0.3,10,c40c446d67677ec9cd52894674fdbe8fd0fcc99a53d29111368043c09db08409
1408,T10554,Hemoglobinopathies and Related Disorders,0.015789473684210523,review,Genetics,0.0,Infectious Diseases,0.3,10,c40c446d67677ec9cd52894674fdbe8fd0fcc99a53d29111368043c09db08409
1409,T10596,Child Nutrition and Water Access,0.015789473684210523,review,Nutrition and Dietetics,0.0,Education,0.3,10,c40c446d67677ec9cd52894674fdbe8fd0fcc99a53d29111368043c09db08409
1410,T10629,Health Policy Implementation Science,0.015789473684210523,review,General Health Professions,0.0,Education,0.3,10,c40c446d67677ec9cd52894674fdbe8fd0fcc99a53d29111368043c09db08409
1411,T10648,Virtual Reality Applications and Impacts,0.015789473684210523,review,Human-Computer Interaction,0.0,Developmental and Educational Psychology,0.3,10,c40c446d67677ec9cd52894674fdbe8fd0fcc99a53d29111368043c09db08409
1412,T10658,Bone fractures and treatments,0.015789473684210523,review,Epidemiology,0.0,Surgery,0.3,10,c40c446d67677ec9cd52894674fdbe8fd0fcc99a53d29111368043c09db08409
1413,T10677,Attachment and Relationship Dynamics,0.015789473684210523,review,Social Psychology,0.0,Clinical Psychology,0.3,10,c40c446d67677ec9cd52894674fdbe8fd0fcc99a53d29111368043c09db08409
1414,T10680,Wind Energy Research and Development,0.015789473684210523,review,Aerospace Engineering,0.0,Electrical and Electronic Engineering,0.3,10,c40c446d67677ec9cd52894674fdbe8fd0fcc99a53d29111368043c09db08409
1415,T10693,Blood transfusion and management,0.015789473684210523,review,Biochemistry,0.0,Hematology,0.3,10,c40c446d67677ec9cd52894674fdbe8fd0fcc99a53d29111368043c09db08409
1416,T10695,Parasites and Host Interactions,0.015789473684210523,review,Parasitology,0.0,Immunology,0.3,10,c40c446d67677ec9cd52894674fdbe8fd0fcc99a53d29111368043c09db08409
1417,T10726,Career Development and Diversity,0.015789473684210523,review,Safety Research,0.0,Education,0.3,10,c40c446d67677ec9cd52894674fdbe8fd0fcc99a53d29111368043c09db08409
1418,T10776,Spinal Fractures and Fixation Techniques,0.015789473684210523,review,Surgery,0.0,Biomedical Engineering,0.3,10,c40c446d67677ec9cd52894674fdbe8fd0fcc99a53d29111368043c09db08409
1419,T10786,Maternal Mental Health During Pregnancy and Postpartum,0.015789473684210523,review,"Public Health, Environmental and Occupational Health",0.0,Education,0.3,10,c40c446d67677ec9cd52894674fdbe8fd0fcc99a53d29111368043c09db08409
1420,T10803,Innovative Human-Technology Interaction,0.015789473684210523,review,Human-Computer Interaction,0.0,Philosophy,0.3,10,c40c446d67677ec9cd52894674fdbe8fd0fcc99a53d29111368043c09db08409
1421,T10810,Polymer composites and self-healing,0.015789473684210523,review,Polymers and Plastics,0.0,Mechanical Engineering,0.3,10,c40c446d67677ec9cd52894674fdbe8fd0fcc99a53d29111368043c09db08409
1422,T10813,Sport Psychology and Performance,0.015789473684210523,review,Developmental and Educational Psychology,0.0,Education,0.3,10,c40c446d67677ec9cd52894674fdbe8fd0fcc99a53d29111368043c09db08409
1423,T10816,Cerebrovascular and Carotid Artery Diseases,0.015789473684210523,review,Pulmonary and Respiratory Medicine,0.1111111111111111,"Radiology, Nuclear Medicine and Imaging",0.4444444444444444,9,c40c446d67677ec9cd52894674fdbe8fd0fcc99a53d29111368043c09db08409
1424,T10833,Vaccine Coverage and Hesitancy,0.015789473684210523,review,Health,0.0,Sociology and Political Science,0.3,10,c40c446d67677ec9cd52894674fdbe8fd0fcc99a53d29111368043c09db08409
1425,T10874,Electromagnetic Fields and Biological Effects,0.015789473684210523,review,Biophysics,0.0,Cardiology and Cardiovascular Medicine,0.3,10,c40c446d67677ec9cd52894674fdbe8fd0fcc99a53d29111368043c09db08409
1426,T10910,Corporate Governance and Management,0.015789473684210523,review,Strategy and Management,0.0,Management Information Systems,0.3,10,c40c446d67677ec9cd52894674fdbe8fd0fcc99a53d29111368043c09db08409
1427,T10968,Statistical Distribution Estimation and Applications,0.015789473684210523,review,Statistics and Probability,0.0,Artificial Intelligence,0.6,5,c40c446d67677ec9cd52894674fdbe8fd0fcc99a53d29111368043c09db08409
1428,T10970,Team Dynamics and Performance,0.015789473684210523,review,Social Psychology,0.0,Management Information Systems,0.3,10,c40c446d67677ec9cd52894674fdbe8fd0fcc99a53d29111368043c09db08409
1429,T11031,Game Theory and Applications,0.015789473684210523,review,Management Science and Operations Research,0.0,Sociology and Political Science,0.3,10,c40c446d67677ec9cd52894674fdbe8fd0fcc99a53d29111368043c09db08409
1430,T11033,Contact Dermatitis and Allergies,0.015789473684210523,review,Dermatology,0.0,Infectious Diseases,0.3,10,c40c446d67677ec9cd52894674fdbe8fd0fcc99a53d29111368043c09db08409
1431,T11058,Ethics in Business and Education,0.015789473684210523,review,Information Systems and Management,0.0,Organizational Behavior and Human Resource Management,0.3,10,c40c446d67677ec9cd52894674fdbe8fd0fcc99a53d29111368043c09db08409
1432,T11076,Policing Practices and Perceptions,0.015789473684210523,review,Political Science and International Relations,0.0,Sociology and Political Science,0.42857142857142855,7,c40c446d67677ec9cd52894674fdbe8fd0fcc99a53d29111368043c09db08409
1433,T11084,Workplace Health and Well-being,0.015789473684210523,review,General Health Professions,0.0,Cardiology and Cardiovascular Medicine,0.3,10,c40c446d67677ec9cd52894674fdbe8fd0fcc99a53d29111368043c09db08409
1434,T11136,Enzyme-mediated dye degradation,0.015789473684210523,review,Plant Science,0.0,Pollution,0.3,10,c40c446d67677ec9cd52894674fdbe8fd0fcc99a53d29111368043c09db08409
1435,T11157,Chronic Lymphocytic Leukemia Research,0.015789473684210523,review,Genetics,0.0,Pulmonary and Respiratory Medicine,0.3,10,c40c446d67677ec9cd52894674fdbe8fd0fcc99a53d29111368043c09db08409
1436,T11179,Nematode management and characterization studies,0.015789473684210523,review,Plant Science,0.0,Insect Science,0.3,10,c40c446d67677ec9cd52894674fdbe8fd0fcc99a53d29111368043c09db08409
1437,T11210,Mathematical Analysis and Transform Methods,0.015789473684210523,review,Applied Mathematics,0.0,Aerospace Engineering,0.3,10,c40c446d67677ec9cd52894674fdbe8fd0fcc99a53d29111368043c09db08409
1438,T11216,Radiation Detection and Scintillator Technologies,0.015789473684210523,review,Radiation,0.0,Electrical and Electronic Engineering,0.3,10,c40c446d67677ec9cd52894674fdbe8fd0fcc99a53d29111368043c09db08409
1439,T11270,Complex Systems and Time Series Analysis,0.015789473684210523,review,Economics and Econometrics,0.0,Management Science and Operations Research,0.3,10,c40c446d67677ec9cd52894674fdbe8fd0fcc99a53d29111368043c09db08409
1440,T11280,Hemophilia Treatment and Research,0.015789473684210523,review,Hematology,0.0,Molecular Biology,0.3,10,c40c446d67677ec9cd52894674fdbe8fd0fcc99a53d29111368043c09db08409
1441,T11324,Spectroscopy Techniques in Biomedical and Chemical Research,0.015789473684210523,review,Biophysics,0.0,Materials Chemistry,0.3,10,c40c446d67677ec9cd52894674fdbe8fd0fcc99a53d29111368043c09db08409
1442,T11334,Psychosomatic Disorders and Their Treatments,0.015789473684210523,review,Psychiatry and Mental health,0.0,Clinical Psychology,0.3,10,c40c446d67677ec9cd52894674fdbe8fd0fcc99a53d29111368043c09db08409
1443,T11336,Energy and Environment Impacts,0.015789473684210523,review,Pollution,0.0,Electrical and Electronic Engineering,0.3,10,c40c446d67677ec9cd52894674fdbe8fd0fcc99a53d29111368043c09db08409
1444,T11345,Cognitive and developmental aspects of mathematical skills,0.015789473684210523,review,Statistics and Probability,0.0,Cognitive Neuroscience,0.3,10,c40c446d67677ec9cd52894674fdbe8fd0fcc99a53d29111368043c09db08409
1445,T11391,Theatre and Performance Studies,0.015789473684210523,review,Visual Arts and Performing Arts,0.0,Political Science and International Relations,0.3,10,c40c446d67677ec9cd52894674fdbe8fd0fcc99a53d29111368043c09db08409
1446,T11395,Radiopharmaceutical Chemistry and Applications,0.015789473684210523,review,"Radiology, Nuclear Medicine and Imaging",0.0,Pulmonary and Respiratory Medicine,0.3,10,c40c446d67677ec9cd52894674fdbe8fd0fcc99a53d29111368043c09db08409
1447,T11423,Pesticide Residue Analysis and Safety,0.015789473684210523,review,Food Science,0.0,Plant Science,0.3,10,c40c446d67677ec9cd52894674fdbe8fd0fcc99a53d29111368043c09db08409
1448,T11434,Electrochemical Analysis and Applications,0.015789473684210523,review,Electrochemistry,0.0,Electrical and Electronic Engineering,0.3,10,c40c446d67677ec9cd52894674fdbe8fd0fcc99a53d29111368043c09db08409
1449,T11445,Origins and Evolution of Life,0.015789473684210523,review,Astronomy and Astrophysics,0.0,Molecular Biology,0.3,10,c40c446d67677ec9cd52894674fdbe8fd0fcc99a53d29111368043c09db08409
1450,T11472,Analytical Chemistry and Sensors,0.015789473684210523,review,Bioengineering,0.0,Biomedical Engineering,0.3,10,c40c446d67677ec9cd52894674fdbe8fd0fcc99a53d29111368043c09db08409
1451,T11486,Micro and Nano Robotics,0.015789473684210523,review,Condensed Matter Physics,0.0,Biomaterials,0.3,10,c40c446d67677ec9cd52894674fdbe8fd0fcc99a53d29111368043c09db08409
1452,T11548,Sexual Assault and Victimization Studies,0.015789473684210523,review,Gender Studies,0.0,Clinical Psychology,0.3,10,c40c446d67677ec9cd52894674fdbe8fd0fcc99a53d29111368043c09db08409
1453,T11568,Railway Systems and Energy Efficiency,0.015789473684210523,review,Industrial and Manufacturing Engineering,0.0,Electrical and Electronic Engineering,0.3,10,c40c446d67677ec9cd52894674fdbe8fd0fcc99a53d29111368043c09db08409
1454,T11576,IgG4-Related and Inflammatory Diseases,0.015789473684210523,review,Rheumatology,0.0,Neurology,0.3,10,c40c446d67677ec9cd52894674fdbe8fd0fcc99a53d29111368043c09db08409
1455,T11601,Neuroscience and Neural Engineering,0.015789473684210523,review,Cellular and Molecular Neuroscience,0.0,"Renewable Energy, Sustainability and the Environment",0.3,10,c40c446d67677ec9cd52894674fdbe8fd0fcc99a53d29111368043c09db08409
1456,T11631,"Retirement, Disability, and Employment",0.015789473684210523,review,Demography,0.0,"Health, Toxicology and Mutagenesis",0.3,10,c40c446d67677ec9cd52894674fdbe8fd0fcc99a53d29111368043c09db08409
1457,T11646,Nonlocal and gradient elasticity in micro/nano structures,0.015789473684210523,review,Materials Chemistry,0.0,Mechanics of Materials,0.6,5,c40c446d67677ec9cd52894674fdbe8fd0fcc99a53d29111368043c09db08409
1458,T11666,Color Science and Applications,0.015789473684210523,review,"Atomic and Molecular Physics, and Optics",0.0,Artificial Intelligence,0.3,10,c40c446d67677ec9cd52894674fdbe8fd0fcc99a53d29111368043c09db08409
1459,T11681,Nosocomial Infections in ICU,0.015789473684210523,review,Critical Care and Intensive Care Medicine,0.0,Infectious Diseases,0.3,10,c40c446d67677ec9cd52894674fdbe8fd0fcc99a53d29111368043c09db08409
1460,T11738,Ultrasound in Clinical Applications,0.015789473684210523,review,Critical Care and Intensive Care Medicine,0.0,Pulmonary and Respiratory Medicine,0.3,10,c40c446d67677ec9cd52894674fdbe8fd0fcc99a53d29111368043c09db08409
1461,T11788,Nonlinear Optical Materials Studies,0.015789473684210523,review,Biomedical Engineering,0.0,"Electronic, Optical and Magnetic Materials",0.3,10,c40c446d67677ec9cd52894674fdbe8fd0fcc99a53d29111368043c09db08409
1462,T11815,Urological Disorders and Treatments,0.015789473684210523,review,Urology,0.0,Infectious Diseases,0.3,10,c40c446d67677ec9cd52894674fdbe8fd0fcc99a53d29111368043c09db08409
1463,T11817,"Housing, Finance, and Neoliberalism",0.015789473684210523,review,Finance,0.0,Accounting,0.3,10,c40c446d67677ec9cd52894674fdbe8fd0fcc99a53d29111368043c09db08409
1464,T11830,Point processes and geometric inequalities,0.015789473684210523,review,Applied Mathematics,0.0,Statistics and Probability,0.3,10,c40c446d67677ec9cd52894674fdbe8fd0fcc99a53d29111368043c09db08409
1465,T11866,Reconstructive Facial Surgery Techniques,0.015789473684210523,review,Surgery,0.0,Infectious Diseases,0.3,10,c40c446d67677ec9cd52894674fdbe8fd0fcc99a53d29111368043c09db08409
1466,T11897,Digital Holography and Microscopy,0.015789473684210523,review,"Atomic and Molecular Physics, and Optics",0.0,Computer Vision and Pattern Recognition,0.3,10,c40c446d67677ec9cd52894674fdbe8fd0fcc99a53d29111368043c09db08409
1467,T11983,"Identity, Memory, and Therapy",0.015789473684210523,review,Developmental and Educational Psychology,0.2,Social Psychology,0.5,10,c40c446d67677ec9cd52894674fdbe8fd0fcc99a53d29111368043c09db08409
1468,T11986,Scientific Computing and Data Management,0.015789473684210523,review,Information Systems and Management,0.0,Molecular Biology,0.3333333333333333,9,c40c446d67677ec9cd52894674fdbe8fd0fcc99a53d29111368043c09db08409
1469,T11996,Random lasers and scattering media,0.015789473684210523,review,Acoustics and Ultrasonics,0.0,Computer Vision and Pattern Recognition,0.3,10,c40c446d67677ec9cd52894674fdbe8fd0fcc99a53d29111368043c09db08409
1470,T11998,Youth Development and Social Support,0.015789473684210523,review,Safety Research,0.0,Sociology and Political Science,0.3,10,c40c446d67677ec9cd52894674fdbe8fd0fcc99a53d29111368043c09db08409
1471,T12090,Language and cultural evolution,0.015789473684210523,review,Cultural Studies,0.0,"Ecology, Evolution, Behavior and Systematics",0.3,10,c40c446d67677ec9cd52894674fdbe8fd0fcc99a53d29111368043c09db08409
1472,T12162,Cellular Automata and Applications,0.015789473684210523,review,Computational Theory and Mathematics,0.0,Artificial Intelligence,0.3,10,c40c446d67677ec9cd52894674fdbe8fd0fcc99a53d29111368043c09db08409
1473,T12174,Hospital Admissions and Outcomes,0.015789473684210523,review,Emergency Medicine,0.0,General Health Professions,0.3,10,c40c446d67677ec9cd52894674fdbe8fd0fcc99a53d29111368043c09db08409
1474,T12178,Bird parasitology and diseases,0.015789473684210523,review,Parasitology,0.0,"Ecology, Evolution, Behavior and Systematics",0.3,10,c40c446d67677ec9cd52894674fdbe8fd0fcc99a53d29111368043c09db08409
1475,T12179,Art Education and Development,0.015789473684210523,review,Visual Arts and Performing Arts,0.0,Education,0.3,10,c40c446d67677ec9cd52894674fdbe8fd0fcc99a53d29111368043c09db08409
1476,T12205,Time Series Analysis and Forecasting,0.015789473684210523,review,Signal Processing,0.12666666666666668,Computer Vision and Pattern Recognition,0.30666666666666664,10,c40c446d67677ec9cd52894674fdbe8fd0fcc99a53d29111368043c09db08409
1477,T12281,Animal testing and alternatives,0.015789473684210523,review,Small Animals,0.0,"Public Health, Environmental and Occupational Health",0.3,10,c40c446d67677ec9cd52894674fdbe8fd0fcc99a53d29111368043c09db08409
1478,T12389,Infrared Target Detection Methodologies,0.015789473684210523,review,Aerospace Engineering,0.0,Computer Vision and Pattern Recognition,0.3,10,c40c446d67677ec9cd52894674fdbe8fd0fcc99a53d29111368043c09db08409
1479,T12417,Morphological variations and asymmetry,0.015789473684210523,review,Geometry and Topology,0.0,Molecular Biology,0.3,10,c40c446d67677ec9cd52894674fdbe8fd0fcc99a53d29111368043c09db08409
1480,T12490,Software Engineering and Design Patterns,0.015789473684210523,review,Development,0.0,Management Information Systems,0.3,10,c40c446d67677ec9cd52894674fdbe8fd0fcc99a53d29111368043c09db08409
1481,T12522,Mathematics Education and Pedagogy,0.015789473684210523,review,Applied Mathematics,0.0,Education,0.3,10,c40c446d67677ec9cd52894674fdbe8fd0fcc99a53d29111368043c09db08409
1482,T12537,Flow Measurement and Analysis,0.015789473684210523,review,Mechanics of Materials,0.0,Aerospace Engineering,0.3,10,c40c446d67677ec9cd52894674fdbe8fd0fcc99a53d29111368043c09db08409
1483,T12575,Medical History and Research,0.015789473684210523,review,History,0.0,Psychiatry and Mental health,0.3,10,c40c446d67677ec9cd52894674fdbe8fd0fcc99a53d29111368043c09db08409
1484,T12587,Gestational Trophoblastic Disease Studies,0.015789473684210523,review,"Public Health, Environmental and Occupational Health",0.0,Pulmonary and Respiratory Medicine,0.3,10,c40c446d67677ec9cd52894674fdbe8fd0fcc99a53d29111368043c09db08409
1485,T12607,Personal Information Management and User Behavior,0.015789473684210523,review,Information Systems and Management,0.0,Strategy and Management,0.3,10,c40c446d67677ec9cd52894674fdbe8fd0fcc99a53d29111368043c09db08409
1486,T12661,Iterative Methods for Nonlinear Equations,0.015789473684210523,review,Numerical Analysis,0.0,Mathematical Physics,0.3333333333333333,9,c40c446d67677ec9cd52894674fdbe8fd0fcc99a53d29111368043c09db08409
1487,T12674,"Rabbits: Nutrition, Reproduction, Health",0.015789473684210523,review,Animal Science and Zoology,0.0,Nutrition and Dietetics,0.3,10,c40c446d67677ec9cd52894674fdbe8fd0fcc99a53d29111368043c09db08409
1488,T12739,Historical Studies on Spain,0.015789473684210523,review,History,0.0,Literature and Literary Theory,0.3,10,c40c446d67677ec9cd52894674fdbe8fd0fcc99a53d29111368043c09db08409
1489,T12770,Amino Acid Enzymes and Metabolism,0.015789473684210523,review,Biochemistry,0.0,Molecular Biology,0.3,10,c40c446d67677ec9cd52894674fdbe8fd0fcc99a53d29111368043c09db08409
1490,T12783,"Migration, Aging, and Tourism Studies",0.015789473684210523,review,Demography,0.0,General Agricultural and Biological Sciences,0.3,10,c40c446d67677ec9cd52894674fdbe8fd0fcc99a53d29111368043c09db08409
1491,T12784,Modular Robots and Swarm Intelligence,0.015789473684210523,review,Mechanical Engineering,0.0,Organic Chemistry,0.3,10,c40c446d67677ec9cd52894674fdbe8fd0fcc99a53d29111368043c09db08409
1492,T12823,Adolescent and Pediatric Healthcare,0.015789473684210523,review,Speech and Hearing,0.0,Clinical Psychology,0.3,10,c40c446d67677ec9cd52894674fdbe8fd0fcc99a53d29111368043c09db08409
1493,T12828,Plant Genetic and Mutation Studies,0.015789473684210523,review,Plant Science,0.0,Genetics,0.3,10,c40c446d67677ec9cd52894674fdbe8fd0fcc99a53d29111368043c09db08409
1494,T12831,School Health and Nursing Education,0.015789473684210523,review,Speech and Hearing,0.0,Sociology and Political Science,0.3,10,c40c446d67677ec9cd52894674fdbe8fd0fcc99a53d29111368043c09db08409
1495,T12881,linguistics and terminology studies,0.015789473684210523,review,Language and Linguistics,0.2,Artificial Intelligence,0.5,10,c40c446d67677ec9cd52894674fdbe8fd0fcc99a53d29111368043c09db08409
1496,T12904,Diverse Educational Innovations Studies,0.015789473684210523,review,General Agricultural and Biological Sciences,0.0,Education,0.3,10,c40c446d67677ec9cd52894674fdbe8fd0fcc99a53d29111368043c09db08409
1497,T12976,Magnetic and Electromagnetic Effects,0.015789473684210523,review,Physiology,0.0,Water Science and Technology,0.3,10,c40c446d67677ec9cd52894674fdbe8fd0fcc99a53d29111368043c09db08409
1498,T13034,Information Systems Education and Curriculum Development,0.015789473684210523,review,Information Systems,0.0,Education,0.3,10,c40c446d67677ec9cd52894674fdbe8fd0fcc99a53d29111368043c09db08409
1499,T13067,Geological Modeling and Analysis,0.015789473684210523,review,Geochemistry and Petrology,0.0,Artificial Intelligence,0.3333333333333333,9,c40c446d67677ec9cd52894674fdbe8fd0fcc99a53d29111368043c09db08409
1500,T13107,Congenital limb and hand anomalies,0.015789473684210523,review,Developmental Biology,0.0,Infectious Diseases,0.3,10,c40c446d67677ec9cd52894674fdbe8fd0fcc99a53d29111368043c09db08409
1501,T13198,"Historical, Religious, and Philosophical Studies",0.015789473684210523,review,Archeology,0.0,History,0.3,10,c40c446d67677ec9cd52894674fdbe8fd0fcc99a53d29111368043c09db08409
1502,T13319,Film in Education and Therapy,0.015789473684210523,review,Health Information Management,0.0,Education,0.3,10,c40c446d67677ec9cd52894674fdbe8fd0fcc99a53d29111368043c09db08409
1503,T13333,American Political and Social Dynamics,0.015789473684210523,review,History,0.2,Sociology and Political Science,0.5,10,c40c446d67677ec9cd52894674fdbe8fd0fcc99a53d29111368043c09db08409
1504,T13604,"Adsorption, diffusion, and thermodynamic properties of materials",0.015789473684210523,review,Spectroscopy,0.0,"Renewable Energy, Sustainability and the Environment",0.3,10,c40c446d67677ec9cd52894674fdbe8fd0fcc99a53d29111368043c09db08409
1505,T13782,Transactional Analysis in Psychotherapy,0.015789473684210523,review,Clinical Psychology,0.0,Education,0.3,10,c40c446d67677ec9cd52894674fdbe8fd0fcc99a53d29111368043c09db08409
1506,T13791,Veterinary medicine and infectious diseases,0.015789473684210523,review,Small Animals,0.0,Epidemiology,0.3,10,c40c446d67677ec9cd52894674fdbe8fd0fcc99a53d29111368043c09db08409
1507,T13797,Probabilistic Statistics in Medicine,0.015789473684210523,review,Statistics and Probability,0.0,Molecular Biology,0.3,10,c40c446d67677ec9cd52894674fdbe8fd0fcc99a53d29111368043c09db08409
1508,T13803,Organizational Strategy and Culture,0.015789473684210523,review,Organizational Behavior and Human Resource Management,0.0,Education,0.3,10,c40c446d67677ec9cd52894674fdbe8fd0fcc99a53d29111368043c09db08409
1509,T13809,"Philosophy, Health, and Society",0.015789473684210523,review,Pharmacology,0.0,"Management, Monitoring, Policy and Law",0.3,10,c40c446d67677ec9cd52894674fdbe8fd0fcc99a53d29111368043c09db08409
1510,T13880,Innovative Education Methods and Tools,0.015789473684210523,review,"Statistics, Probability and Uncertainty",0.0,Education,0.3,10,c40c446d67677ec9cd52894674fdbe8fd0fcc99a53d29111368043c09db08409
1511,T13922,Historical Art and Culture Studies,0.015789473684210523,review,Museology,0.0,Sociology and Political Science,0.3,10,c40c446d67677ec9cd52894674fdbe8fd0fcc99a53d29111368043c09db08409
1512,T13925,Offshore Engineering and Technologies,0.015789473684210523,review,Ocean Engineering,0.0,Electrical and Electronic Engineering,0.3,10,c40c446d67677ec9cd52894674fdbe8fd0fcc99a53d29111368043c09db08409
1513,T13927,Cyberloafing and Workplace Behavior,0.015789473684210523,review,Demography,0.0,Social Psychology,0.42857142857142855,7,c40c446d67677ec9cd52894674fdbe8fd0fcc99a53d29111368043c09db08409
1514,T13965,Laser and Thermal Forming Techniques,0.015789473684210523,review,Computational Mechanics,0.0,Mechanical Engineering,0.3,10,c40c446d67677ec9cd52894674fdbe8fd0fcc99a53d29111368043c09db08409
1515,T14048,Silkworms and Sericulture Research,0.015789473684210523,review,Insect Science,0.0,Plant Science,0.3,10,c40c446d67677ec9cd52894674fdbe8fd0fcc99a53d29111368043c09db08409
1516,T14134,Medical and Biological Sciences,0.015789473684210523,review,Anatomy,0.0,Cognitive Neuroscience,0.3333333333333333,9,c40c446d67677ec9cd52894674fdbe8fd0fcc99a53d29111368043c09db08409
1517,T14206,Animal Law and Welfare,0.015789473684210523,review,Law,0.0,"Public Health, Environmental and Occupational Health",0.3,10,c40c446d67677ec9cd52894674fdbe8fd0fcc99a53d29111368043c09db08409
1518,T14289,"Anthropology: Ethics, History, Culture",0.015789473684210523,review,Anthropology,0.0,Philosophy,0.3,10,c40c446d67677ec9cd52894674fdbe8fd0fcc99a53d29111368043c09db08409
1519,T14321,"Religion, Theology, and Education",0.015789473684210523,review,Religious studies,0.0,Education,0.6,5,c40c446d67677ec9cd52894674fdbe8fd0fcc99a53d29111368043c09db08409
1520,T14335,Educational Robotics and Engineering,0.015789473684210523,review,Artificial Intelligence,0.0,Education,0.3,10,c40c446d67677ec9cd52894674fdbe8fd0fcc99a53d29111368043c09db08409
1521,T14406,Multidisciplinary Science and Engineering Research,0.015789473684210523,review,"Statistics, Probability and Uncertainty",0.0,Statistics and Probability,0.3,10,c40c446d67677ec9cd52894674fdbe8fd0fcc99a53d29111368043c09db08409
1522,T14408,Coastal Management and Development,0.015789473684210523,review,"Management, Monitoring, Policy and Law",0.0,Education,0.3,10,c40c446d67677ec9cd52894674fdbe8fd0fcc99a53d29111368043c09db08409
1523,T14409,Educational Systems and Policies,0.015789473684210523,review,Information Systems,0.0,Sociology and Political Science,0.3,10,c40c446d67677ec9cd52894674fdbe8fd0fcc99a53d29111368043c09db08409
1524,T14428,Coal and Coke Industries Research,0.015789473684210523,review,Fuel Technology,0.0,Artificial Intelligence,0.3,10,c40c446d67677ec9cd52894674fdbe8fd0fcc99a53d29111368043c09db08409
1525,T10041,COVID-19 Clinical Research Studies,0.015686274509803925,review,Infectious Diseases,0.2444444444444444,Epidemiology,0.37777777777777777,10,c40c446d67677ec9cd52894674fdbe8fd0fcc99a53d29111368043c09db08409
1526,T12338,Digital literacy in education,0.015686274509803925,review,Information Systems,0.2444444444444444,Education,0.37777777777777777,10,c40c446d67677ec9cd52894674fdbe8fd0fcc99a53d29111368043c09db08409
1527,T11156,Reproductive Health and Technologies,0.01568627450980392,review,Reproductive Medicine,0.15,Epidemiology,0.2833333333333333,10,c40c446d67677ec9cd52894674fdbe8fd0fcc99a53d29111368043c09db08409
1528,T12311,Political Theology and Sovereignty,0.01568627450980392,review,Sociology and Political Science,0.355,Political Science and International Relations,0.475,10,c40c446d67677ec9cd52894674fdbe8fd0fcc99a53d29111368043c09db08409
1529,T12837,American Environmental and Regional History,0.01568627450980392,review,"Management, Monitoring, Policy and Law",0.15,"Renewable Energy, Sustainability and the Environment",0.2833333333333333,10,c40c446d67677ec9cd52894674fdbe8fd0fcc99a53d29111368043c09db08409
1530,T13343,Turkish Urban and Social Issues,0.01568627450980392,review,Urban Studies,0.15,Political Science and International Relations,0.2833333333333333,10,c40c446d67677ec9cd52894674fdbe8fd0fcc99a53d29111368043c09db08409
1531,T13590,"Oral History, Memory, Narrative Analysis",0.01568627450980392,review,History,0.15,Sociology and Political Science,0.2833333333333333,10,c40c446d67677ec9cd52894674fdbe8fd0fcc99a53d29111368043c09db08409
1532,T14196,Multidisciplinary Warburg-centric Studies,0.015686274509803918,review,Law,0.2440677966101695,Political Science and International Relations,0.3525423728813559,10,c40c446d67677ec9cd52894674fdbe8fd0fcc99a53d29111368043c09db08409
1533,T14475,History of Science and Medicine,0.015476190476190468,review,History and Philosophy of Science,0.1534219102531963,Classics,0.20882426673351714,10,c40c446d67677ec9cd52894674fdbe8fd0fcc99a53d29111368043c09db08409
1534,T10964,Wireless Communication Security Techniques,0.014285714285714287,review,Electrical and Electronic Engineering,0.2,Aerospace Engineering,0.6000000000000001,5,c40c446d67677ec9cd52894674fdbe8fd0fcc99a53d29111368043c09db08409
1535,T14435,Information Retrieval and Data Mining,0.013888888888888899,review,Information Systems,0.28258706467661693,Artificial Intelligence,0.3671641791044777,10,c40c446d67677ec9cd52894674fdbe8fd0fcc99a53d29111368043c09db08409
1536,T13899,Agricultural Systems and Practices,0.013888888888888892,review,"Ecology, Evolution, Behavior and Systematics",0.16094674556213018,Global and Planetary Change,0.26153846153846155,10,c40c446d67677ec9cd52894674fdbe8fd0fcc99a53d29111368043c09db08409
1537,T12778,History of Medicine and Tropical Health,0.01388888888888889,review,History,0.16894409937888197,Sociology and Political Science,0.2745341614906832,10,c40c446d67677ec9cd52894674fdbe8fd0fcc99a53d29111368043c09db08409
1538,T14399,Invertebrate Taxonomy and Ecology,0.013888888888888888,review,"Ecology, Evolution, Behavior and Systematics",0.26666666666666666,Genetics,0.37777777777777777,10,c40c446d67677ec9cd52894674fdbe8fd0fcc99a53d29111368043c09db08409
1539,T11705,Gambling Behavior and Treatments,0.013888888888888886,review,Clinical Psychology,0.29419354838709677,Psychiatry and Mental health,0.4167741935483871,10,c40c446d67677ec9cd52894674fdbe8fd0fcc99a53d29111368043c09db08409
1540,T10537,Attention Deficit Hyperactivity Disorder,0.013888888888888885,review,Psychiatry and Mental health,0.28875739644970416,Clinical Psychology,0.3893491124260355,10,c40c446d67677ec9cd52894674fdbe8fd0fcc99a53d29111368043c09db08409
1541,T12219,Canadian Identity and History,0.013071895424836605,review,Sociology and Political Science,0.24285714285714285,Cultural Studies,0.3380952380952381,10,c40c446d67677ec9cd52894674fdbe8fd0fcc99a53d29111368043c09db08409
1542,T14313,Health and Well-being Studies,0.013071895424836605,review,Clinical Psychology,0.15454545454545454,General Health Professions,0.24545454545454548,10,c40c446d67677ec9cd52894674fdbe8fd0fcc99a53d29111368043c09db08409
1543,T12451,Smart Grid and Power Systems,0.013071895424836602,review,Electrical and Electronic Engineering,0.2904761904761905,Information Systems,0.38571428571428573,10,c40c446d67677ec9cd52894674fdbe8fd0fcc99a53d29111368043c09db08409
1544,T13403,Higher Education in Latin America,0.012968696250429998,review,Education,0.20582959641255605,Political Science and International Relations,0.37488789237668163,10,c40c446d67677ec9cd52894674fdbe8fd0fcc99a53d29111368043c09db08409
1545,T12042,Satellite Communication Systems,0.012406015037593986,review,Aerospace Engineering,0.0,Electrical and Electronic Engineering,0.5409836065573771,4,c40c446d67677ec9cd52894674fdbe8fd0fcc99a53d29111368043c09db08409
1546,T10069,Antenna Design and Analysis,0.012406015037593985,review,Aerospace Engineering,0.18666666666666668,Electrical and Electronic Engineering,0.6266666666666667,5,c40c446d67677ec9cd52894674fdbe8fd0fcc99a53d29111368043c09db08409
1547,T10221,Composite Structure Analysis and Optimization,0.012383900928792572,review,Mechanics of Materials,0.21345291479820627,Mechanical Engineering,0.37488789237668163,10,c40c446d67677ec9cd52894674fdbe8fd0fcc99a53d29111368043c09db08409
1548,T11451,Advanced Machining and Optimization Techniques,0.012383900928792572,review,Electrical and Electronic Engineering,0.14854368932038836,Mechanical Engineering,0.32330097087378645,10,c40c446d67677ec9cd52894674fdbe8fd0fcc99a53d29111368043c09db08409
1549,T11491,CAR-T cell therapy research,0.012383900928792572,review,Oncology,0.14854368932038836,Immunology,0.32330097087378645,10,c40c446d67677ec9cd52894674fdbe8fd0fcc99a53d29111368043c09db08409
1550,T11229,Genetics and Plant Breeding,0.01238390092879257,review,Plant Science,0.1619047619047619,Agronomy and Crop Science,0.3523809523809524,10,c40c446d67677ec9cd52894674fdbe8fd0fcc99a53d29111368043c09db08409
1551,T10351,Liver Disease Diagnosis and Treatment,0.012383900928792569,review,Epidemiology,0.19833333333333333,"Endocrinology, Diabetes and Metabolism",0.34833333333333333,10,c40c446d67677ec9cd52894674fdbe8fd0fcc99a53d29111368043c09db08409
1552,T13589,Literary and Cultural Studies,0.011928104575163393,review,Sociology and Political Science,0.2440677966101695,Literature and Literary Theory,0.32655367231638416,10,c40c446d67677ec9cd52894674fdbe8fd0fcc99a53d29111368043c09db08409
1553,T11501,TGF-β signaling in diseases,0.011799105607155145,review,Molecular Biology,0.13458333333333333,Cancer Research,0.2775,10,c40c446d67677ec9cd52894674fdbe8fd0fcc99a53d29111368043c09db08409
1554,T10150,Antifungal resistance and susceptibility,0.011695906432748537,review,Infectious Diseases,0.16363636363636364,Epidemiology,0.34545454545454546,10,c40c446d67677ec9cd52894674fdbe8fd0fcc99a53d29111368043c09db08409
1555,T11744,Health Sciences Research and Education,0.011695906432748537,review,General Health Professions,0.12857142857142856,Organizational Behavior and Human Resource Management,0.2714285714285714,10,c40c446d67677ec9cd52894674fdbe8fd0fcc99a53d29111368043c09db08409
1556,T12297,Otolaryngology and Infectious Diseases,0.011695906432748537,review,Infectious Diseases,0.13846153846153847,Epidemiology,0.2923076923076923,10,c40c446d67677ec9cd52894674fdbe8fd0fcc99a53d29111368043c09db08409
1557,T12933,Franchising Strategies and Performance,0.011695906432748537,review,Strategy and Management,0.16363636363636364,Organizational Behavior and Human Resource Management,0.34545454545454546,10,c40c446d67677ec9cd52894674fdbe8fd0fcc99a53d29111368043c09db08409
1558,T13093,Electric Power Systems and Control,0.011695906432748537,review,Electrical and Electronic Engineering,0.13846153846153847,Control and Systems Engineering,0.2923076923076923,10,c40c446d67677ec9cd52894674fdbe8fd0fcc99a53d29111368043c09db08409
1559,T13196,Political Theory and Influence,0.011695906432748537,review,Political Science and International Relations,0.225,Anthropology,0.39166666666666666,10,c40c446d67677ec9cd52894674fdbe8fd0fcc99a53d29111368043c09db08409
1560,T13329,Joseph Conrad and Literature,0.011695906432748537,review,Literature and Literary Theory,0.15,Anthropology,0.31666666666666665,10,c40c446d67677ec9cd52894674fdbe8fd0fcc99a53d29111368043c09db08409
1561,T13744,Financial Literacy and Behavior,0.011695906432748536,review,Accounting,0.1125,Finance,0.2375,10,c40c446d67677ec9cd52894674fdbe8fd0fcc99a53d29111368043c09db08409
1562,T13482,Engineering Education and Technology,0.011111111111111118,review,Information Systems,0.2095238095238095,Artificial Intelligence,0.2904761904761905,10,c40c446d67677ec9cd52894674fdbe8fd0fcc99a53d29111368043c09db08409
1563,T10029,Climate variability and models,0.011111111111111115,review,Global and Planetary Change,0.21999999999999997,Atmospheric Science,0.305,10,c40c446d67677ec9cd52894674fdbe8fd0fcc99a53d29111368043c09db08409
1564,T12329,Hemiptera Insect Studies,0.011111111111111115,review,"Ecology, Evolution, Behavior and Systematics",0.23157894736842102,Insect Science,0.32105263157894737,10,c40c446d67677ec9cd52894674fdbe8fd0fcc99a53d29111368043c09db08409
1565,T13151,Business Strategies and Innovation,0.011111111111111115,review,Strategy and Management,0.21999999999999997,Organizational Behavior and Human Resource Management,0.305,10,c40c446d67677ec9cd52894674fdbe8fd0fcc99a53d29111368043c09db08409
1566,T13346,Digital Transformation in Financial Services,0.011111111111111115,review,"General Economics, Econometrics and Finance",0.21999999999999997,Economics and Econometrics,0.305,10,c40c446d67677ec9cd52894674fdbe8fd0fcc99a53d29111368043c09db08409
1567,T10142,Formal Methods in Verification,0.011111111111111113,review,Computational Theory and Mathematics,0.24324324324324326,Artificial Intelligence,0.7567567567567568,3,c40c446d67677ec9cd52894674fdbe8fd0fcc99a53d29111368043c09db08409
1568,T10330,Hydrology and Watershed Management Studies,0.011111111111111113,review,Water Science and Technology,0.19999999999999998,Global and Planetary Change,0.3,10,c40c446d67677ec9cd52894674fdbe8fd0fcc99a53d29111368043c09db08409
1569,T11070,Soviet and Russian History,0.011111111111111113,review,Political Science and International Relations,0.19999999999999998,Sociology and Political Science,0.3,10,c40c446d67677ec9cd52894674fdbe8fd0fcc99a53d29111368043c09db08409
1570,T11300,Global Educational Policies and Reforms,0.011111111111111113,review,Political Science and International Relations,0.19999999999999998,Sociology and Political Science,0.3,10,c40c446d67677ec9cd52894674fdbe8fd0fcc99a53d29111368043c09db08409
1571,T12210,Policy Transfer and Learning,0.011111111111111113,review,Political Science and International Relations,0.19999999999999998,Sociology and Political Science,0.3,10,c40c446d67677ec9cd52894674fdbe8fd0fcc99a53d29111368043c09db08409
1572,T12314,Nuts composition and effects,0.011111111111111113,review,Nutrition and Dietetics,0.16470588235294117,Plant Science,0.27647058823529413,10,c40c446d67677ec9cd52894674fdbe8fd0fcc99a53d29111368043c09db08409
1573,T12616,Religious Education and Schools,0.011111111111111113,review,Education,0.19999999999999998,Sociology and Political Science,0.3,10,c40c446d67677ec9cd52894674fdbe8fd0fcc99a53d29111368043c09db08409
1574,T12658,Language and Culture,0.011111111111111113,review,Linguistics and Language,0.19999999999999998,Language and Linguistics,0.3,10,c40c446d67677ec9cd52894674fdbe8fd0fcc99a53d29111368043c09db08409
1575,T13867,Economic Growth and Development,0.011111111111111113,review,Information Systems,0.19999999999999998,Political Science and International Relations,0.3,10,c40c446d67677ec9cd52894674fdbe8fd0fcc99a53d29111368043c09db08409
1576,T13967,"Conservation, Ecology, Wildlife Education",0.011111111111111113,review,"Management, Monitoring, Policy and Law",0.19999999999999998,Global and Planetary Change,0.3,10,c40c446d67677ec9cd52894674fdbe8fd0fcc99a53d29111368043c09db08409
1577,T14431,Diverse Research and Applications,0.011111111111111113,review,Information Systems,0.19999999999999998,Education,0.3,10,c40c446d67677ec9cd52894674fdbe8fd0fcc99a53d29111368043c09db08409
1578,T10195,Antimicrobial Resistance in Staphylococcus,0.011111111111111112,review,Infectious Diseases,0.09999999999999999,Microbiology,0.19999999999999998,10,c40c446d67677ec9cd52894674fdbe8fd0fcc99a53d29111368043c09db08409
1579,T10320,Neural Networks and Applications,0.011111111111111112,review,Artificial Intelligence,0.09999999999999999,Computer Vision and Pattern Recognition,0.19999999999999998,10,c40c446d67677ec9cd52894674fdbe8fd0fcc99a53d29111368043c09db08409
1580,T10324,Microbial bioremediation and biosurfactants,0.011111111111111112,review,Pollution,0.09,Environmental Chemistry,0.28,10,c40c446d67677ec9cd52894674fdbe8fd0fcc99a53d29111368043c09db08409
1581,T10435,Environmental Impact and Sustainability,0.011111111111111112,review,Environmental Engineering,0.11176470588235295,Ecology,0.2235294117647059,10,c40c446d67677ec9cd52894674fdbe8fd0fcc99a53d29111368043c09db08409
1582,T10452,Iron Metabolism and Disorders,0.011111111111111112,review,Hematology,0.09999999999999999,Molecular Biology,0.19999999999999998,10,c40c446d67677ec9cd52894674fdbe8fd0fcc99a53d29111368043c09db08409
1583,T10722,Work-Family Balance Challenges,0.011111111111111112,review,Sociology and Political Science,0.06923076923076923,Organizational Behavior and Human Resource Management,0.2153846153846154,10,c40c446d67677ec9cd52894674fdbe8fd0fcc99a53d29111368043c09db08409
1584,T10779,Coastal wetland ecosystem dynamics,0.011111111111111112,review,Ecology,0.06428571428571428,Global and Planetary Change,0.2,10,c40c446d67677ec9cd52894674fdbe8fd0fcc99a53d29111368043c09db08409
1585,T10865,Shape Memory Alloy Transformations,0.011111111111111112,review,Materials Chemistry,0.09,Mechanical Engineering,0.28,10,c40c446d67677ec9cd52894674fdbe8fd0fcc99a53d29111368043c09db08409
1586,T10973,Radioactive element chemistry and processing,0.011111111111111112,review,Inorganic Chemistry,0.09,Water Science and Technology,0.28,10,c40c446d67677ec9cd52894674fdbe8fd0fcc99a53d29111368043c09db08409
1587,T11188,Coagulation and Flocculation Studies,0.011111111111111112,review,Water Science and Technology,0.09,Polymers and Plastics,0.28,10,c40c446d67677ec9cd52894674fdbe8fd0fcc99a53d29111368043c09db08409
1588,T11247,Plant nutrient uptake and metabolism,0.011111111111111112,review,Plant Science,0.09,Molecular Biology,0.28,10,c40c446d67677ec9cd52894674fdbe8fd0fcc99a53d29111368043c09db08409
1589,T11288,Clostridium difficile and Clostridium perfringens research,0.011111111111111112,review,Infectious Diseases,0.09999999999999999,Epidemiology,0.19999999999999998,10,c40c446d67677ec9cd52894674fdbe8fd0fcc99a53d29111368043c09db08409
1590,T11464,Homelessness and Social Issues,0.011111111111111112,review,General Health Professions,0.11176470588235295,Health,0.2235294117647059,10,c40c446d67677ec9cd52894674fdbe8fd0fcc99a53d29111368043c09db08409
1591,T11578,Plant Pathogenic Bacteria Studies,0.011111111111111112,review,Plant Science,0.09,Genetics,0.28,10,c40c446d67677ec9cd52894674fdbe8fd0fcc99a53d29111368043c09db08409
1592,T12028,Knowledge Management and Sharing,0.011111111111111112,review,Communication,0.06428571428571428,Sociology and Political Science,0.2,10,c40c446d67677ec9cd52894674fdbe8fd0fcc99a53d29111368043c09db08409
1593,T12106,Surface Treatment and Residual Stress,0.011111111111111112,review,Mechanical Engineering,0.17821782178217824,Materials Chemistry,0.3663366336633664,9,c40c446d67677ec9cd52894674fdbe8fd0fcc99a53d29111368043c09db08409
1594,T12171,Open Education and E-Learning,0.011111111111111112,review,Computer Science Applications,0.09,Education,0.28,10,c40c446d67677ec9cd52894674fdbe8fd0fcc99a53d29111368043c09db08409
1595,T12365,Effects of Environmental Stressors on Livestock,0.011111111111111112,review,Animal Science and Zoology,0.09,Ecology,0.28,10,c40c446d67677ec9cd52894674fdbe8fd0fcc99a53d29111368043c09db08409
1596,T12412,Enzyme function and inhibition,0.011111111111111112,review,Molecular Biology,0.06923076923076923,Pharmacology,0.2153846153846154,10,c40c446d67677ec9cd52894674fdbe8fd0fcc99a53d29111368043c09db08409
1597,T12546,Smart Parking Systems Research,0.011111111111111112,review,Building and Construction,0.09999999999999999,Computer Networks and Communications,0.19999999999999998,10,c40c446d67677ec9cd52894674fdbe8fd0fcc99a53d29111368043c09db08409
1598,T12553,Psychedelics and Drug Studies,0.011111111111111112,review,Clinical Psychology,0.09999999999999999,Psychiatry and Mental health,0.19999999999999998,10,c40c446d67677ec9cd52894674fdbe8fd0fcc99a53d29111368043c09db08409
1599,T12608,Spatial Neglect and Hemispheric Dysfunction,0.011111111111111112,review,Cognitive Neuroscience,0.09,Surgery,0.28,10,c40c446d67677ec9cd52894674fdbe8fd0fcc99a53d29111368043c09db08409
1600,T12617,"Energy, Environment, and Transportation Policies",0.011111111111111112,review,"Renewable Energy, Sustainability and the Environment",0.12666666666666668,Mechanical Engineering,0.25333333333333335,10,c40c446d67677ec9cd52894674fdbe8fd0fcc99a53d29111368043c09db08409
1601,T12636,Regional Development and Innovation,0.011111111111111112,review,Development,0.12666666666666668,Economics and Econometrics,0.25333333333333335,10,c40c446d67677ec9cd52894674fdbe8fd0fcc99a53d29111368043c09db08409
1602,T12637,Scarabaeidae Beetle Taxonomy and Biogeography,0.011111111111111112,review,Paleontology,0.06923076923076923,"Ecology, Evolution, Behavior and Systematics",0.2153846153846154,10,c40c446d67677ec9cd52894674fdbe8fd0fcc99a53d29111368043c09db08409
1603,T12643,Sustainability and Ecological Systems Analysis,0.011111111111111112,review,Environmental Engineering,0.09,Water Science and Technology,0.28,10,c40c446d67677ec9cd52894674fdbe8fd0fcc99a53d29111368043c09db08409
1604,T12716,Congenital Anomalies and Fetal Surgery,0.011111111111111112,review,Surgery,0.14615384615384616,Epidemiology,0.2923076923076923,10,c40c446d67677ec9cd52894674fdbe8fd0fcc99a53d29111368043c09db08409
1605,T12818,"Pneumothorax, Barotrauma, Emphysema",0.011111111111111112,review,Pulmonary and Respiratory Medicine,0.09999999999999999,Hepatology,0.19999999999999998,10,c40c446d67677ec9cd52894674fdbe8fd0fcc99a53d29111368043c09db08409
1606,T12914,Infectious Disease Case Reports and Treatments,0.011111111111111112,review,Infectious Diseases,0.08095238095238094,Pulmonary and Respiratory Medicine,0.16190476190476188,10,c40c446d67677ec9cd52894674fdbe8fd0fcc99a53d29111368043c09db08409
1607,T12948,Inclusion and Disability in Education and Sport,0.011111111111111112,review,Sociology and Political Science,0.09,Education,0.28,10,c40c446d67677ec9cd52894674fdbe8fd0fcc99a53d29111368043c09db08409
1608,T13145,Crime and Detective Fiction Studies,0.011111111111111112,review,Literature and Literary Theory,0.09999999999999999,Sociology and Political Science,0.19999999999999998,10,c40c446d67677ec9cd52894674fdbe8fd0fcc99a53d29111368043c09db08409
1609,T13218,Sesame and Sesamin Research,0.011111111111111112,review,Plant Science,0.09999999999999999,Biochemistry,0.19999999999999998,10,c40c446d67677ec9cd52894674fdbe8fd0fcc99a53d29111368043c09db08409
1610,T13314,Lymphadenopathy Diagnosis and Analysis,0.011111111111111112,review,Surgery,0.09999999999999999,Hepatology,0.19999999999999998,10,c40c446d67677ec9cd52894674fdbe8fd0fcc99a53d29111368043c09db08409
1611,T13502,Community and Sustainable Development,0.011111111111111112,review,Education,0.09999999999999999,Development,0.19999999999999998,10,c40c446d67677ec9cd52894674fdbe8fd0fcc99a53d29111368043c09db08409
1612,T13584,Coal Combustion and Slurry Processing,0.011111111111111112,review,Mechanical Engineering,0.12666666666666668,"Renewable Energy, Sustainability and the Environment",0.25333333333333335,10,c40c446d67677ec9cd52894674fdbe8fd0fcc99a53d29111368043c09db08409
1613,T13599,Architecture and Cultural Influences,0.011111111111111112,review,Archeology,0.09999999999999999,Sociology and Political Science,0.19999999999999998,10,c40c446d67677ec9cd52894674fdbe8fd0fcc99a53d29111368043c09db08409
1614,T13650,Computational Physics and Python Applications,0.011111111111111112,review,Artificial Intelligence,0.11176470588235295,Information Systems,0.2235294117647059,10,c40c446d67677ec9cd52894674fdbe8fd0fcc99a53d29111368043c09db08409
1615,T13665,Legal and cultural studies analysis,0.011111111111111112,review,Anthropology,0.06923076923076923,Cultural Studies,0.2153846153846154,10,c40c446d67677ec9cd52894674fdbe8fd0fcc99a53d29111368043c09db08409
1616,T13924,Internet of Things and Social Network Interactions,0.011111111111111112,review,Computer Networks and Communications,0.09999999999999999,Information Systems,0.19999999999999998,10,c40c446d67677ec9cd52894674fdbe8fd0fcc99a53d29111368043c09db08409
1617,T14025,Educational Technology and Assessment,0.011111111111111112,review,Information Systems,0.09,Artificial Intelligence,0.28,10,c40c446d67677ec9cd52894674fdbe8fd0fcc99a53d29111368043c09db08409
1618,T14090,Health and Conflict Studies,0.011111111111111112,review,General Health Professions,0.09999999999999999,Sociology and Political Science,0.19999999999999998,10,c40c446d67677ec9cd52894674fdbe8fd0fcc99a53d29111368043c09db08409
1619,T14165,Inflammation biomarkers and pathways,0.011111111111111112,review,Immunology,0.11176470588235295,Molecular Biology,0.2235294117647059,10,c40c446d67677ec9cd52894674fdbe8fd0fcc99a53d29111368043c09db08409
1620,T14175,Intuitionistic Fuzzy Systems Applications,0.011111111111111112,review,Artificial Intelligence,0.09999999999999999,Information Systems,0.19999999999999998,10,c40c446d67677ec9cd52894674fdbe8fd0fcc99a53d29111368043c09db08409
1621,T14231,New Zealand Economic and Social Studies,0.011111111111111112,review,Economics and Econometrics,0.09999999999999999,Sociology and Political Science,0.19999999999999998,10,c40c446d67677ec9cd52894674fdbe8fd0fcc99a53d29111368043c09db08409
1622,T14232,Water Resource Management and Quality,0.011111111111111112,review,Water Science and Technology,0.09999999999999999,"Management, Monitoring, Policy and Law",0.19999999999999998,10,c40c446d67677ec9cd52894674fdbe8fd0fcc99a53d29111368043c09db08409
1623,T14319,Currency Recognition and Detection,0.011111111111111112,review,Computer Vision and Pattern Recognition,0.09999999999999999,Signal Processing,0.19999999999999998,10,c40c446d67677ec9cd52894674fdbe8fd0fcc99a53d29111368043c09db08409
1624,T14467,"Public Administration, ICT, and Policy Development",0.011111111111111112,review,Economics and Econometrics,0.09999999999999999,"Management, Monitoring, Policy and Law",0.19999999999999998,10,c40c446d67677ec9cd52894674fdbe8fd0fcc99a53d29111368043c09db08409
1625,T10090,ZnO doping and properties,0.01111111111111111,review,Materials Chemistry,0.075,Electrical and Electronic Engineering,0.23333333333333334,10,c40c446d67677ec9cd52894674fdbe8fd0fcc99a53d29111368043c09db08409
1626,T10134,Inflammatory Bowel Disease,0.01111111111111111,review,Genetics,0.09444444444444444,Epidemiology,0.18888888888888888,10,c40c446d67677ec9cd52894674fdbe8fd0fcc99a53d29111368043c09db08409
1627,T10299,Photonic and Optical Devices,0.01111111111111111,review,Electrical and Electronic Engineering,0.18,Biomedical Engineering,0.37,10,c40c446d67677ec9cd52894674fdbe8fd0fcc99a53d29111368043c09db08409
1628,T10376,Suicide and Self-Harm Studies,0.01111111111111111,review,Clinical Psychology,0.09444444444444444,Epidemiology,0.18888888888888888,10,c40c446d67677ec9cd52894674fdbe8fd0fcc99a53d29111368043c09db08409
1629,T10408,Chronic Kidney Disease and Diabetes,0.01111111111111111,review,Nephrology,0.1357142857142857,Cardiology and Cardiovascular Medicine,0.2714285714285714,10,c40c446d67677ec9cd52894674fdbe8fd0fcc99a53d29111368043c09db08409
1630,T10644,Cryospheric studies and observations,0.01111111111111111,review,Atmospheric Science,0.3,Global and Planetary Change,0.39999999999999997,10,c40c446d67677ec9cd52894674fdbe8fd0fcc99a53d29111368043c09db08409
1631,T10689,Remote-Sensing Image Classification,0.01111111111111111,review,Media Technology,0.09444444444444444,Artificial Intelligence,0.18888888888888888,10,c40c446d67677ec9cd52894674fdbe8fd0fcc99a53d29111368043c09db08409
1632,T10706,Traumatic Brain Injury and Neurovascular Disturbances,0.01111111111111111,review,Neurology,0.09444444444444444,Epidemiology,0.18888888888888888,10,c40c446d67677ec9cd52894674fdbe8fd0fcc99a53d29111368043c09db08409
1633,T11426,Genetically Modified Organisms Research,0.01111111111111111,review,Plant Science,0.16363636363636364,Sociology and Political Science,0.33636363636363636,10,c40c446d67677ec9cd52894674fdbe8fd0fcc99a53d29111368043c09db08409
1634,T11452,Oral Health Pathology and Treatment,0.01111111111111111,review,Periodontics,0.09444444444444444,Infectious Diseases,0.18888888888888888,10,c40c446d67677ec9cd52894674fdbe8fd0fcc99a53d29111368043c09db08409
1635,T11475,French Urban and Social Studies,0.01111111111111111,review,Sociology and Political Science,0.0894736842105263,"Management, Monitoring, Policy and Law",0.1789473684210526,10,c40c446d67677ec9cd52894674fdbe8fd0fcc99a53d29111368043c09db08409
1636,T11529,Refrigeration and Air Conditioning Technologies,0.01111111111111111,review,Mechanical Engineering,0.1357142857142857,"Renewable Energy, Sustainability and the Environment",0.2714285714285714,10,c40c446d67677ec9cd52894674fdbe8fd0fcc99a53d29111368043c09db08409
1637,T11534,Erythropoietin and Anemia Treatment,0.01111111111111111,review,Hematology,0.10555555555555556,Cardiology and Cardiovascular Medicine,0.2111111111111111,10,c40c446d67677ec9cd52894674fdbe8fd0fcc99a53d29111368043c09db08409
1638,T11540,"Gender, Feminism, and Media",0.01111111111111111,review,Gender Studies,0.3,Sociology and Political Science,0.39999999999999997,10,c40c446d67677ec9cd52894674fdbe8fd0fcc99a53d29111368043c09db08409
1639,T11709,Traditional Chinese Medicine Analysis,0.01111111111111111,review,Complementary and alternative medicine,0.1357142857142857,Plant Science,0.2714285714285714,10,c40c446d67677ec9cd52894674fdbe8fd0fcc99a53d29111368043c09db08409
1640,T11730,Autoimmune Bullous Skin Diseases,0.01111111111111111,review,Pathology and Forensic Medicine,0.0894736842105263,Cardiology and Cardiovascular Medicine,0.1789473684210526,10,c40c446d67677ec9cd52894674fdbe8fd0fcc99a53d29111368043c09db08409
1641,T11756,Mentoring and Academic Development,0.01111111111111111,review,Social Psychology,0.075,Education,0.23333333333333334,10,c40c446d67677ec9cd52894674fdbe8fd0fcc99a53d29111368043c09db08409
1642,T12161,Plant Surface Properties and Treatments,0.01111111111111111,review,Plant Science,0.27,Molecular Biology,0.46,10,c40c446d67677ec9cd52894674fdbe8fd0fcc99a53d29111368043c09db08409
1643,T12176,Optimization and Packing Problems,0.01111111111111111,review,Industrial and Manufacturing Engineering,0.18,Control and Systems Engineering,0.37,10,c40c446d67677ec9cd52894674fdbe8fd0fcc99a53d29111368043c09db08409
1644,T12184,Linguistics and Education Research,0.01111111111111111,review,Literature and Literary Theory,0.075,Language and Linguistics,0.23333333333333334,10,c40c446d67677ec9cd52894674fdbe8fd0fcc99a53d29111368043c09db08409
1645,T12246,Chronic Disease Management Strategies,0.01111111111111111,review,Epidemiology,0.09444444444444444,Reproductive Medicine,0.18888888888888888,10,c40c446d67677ec9cd52894674fdbe8fd0fcc99a53d29111368043c09db08409
1646,T12259,Environmental Justice and Health Disparities,0.01111111111111111,review,Sociology and Political Science,0.10555555555555556,"Management, Monitoring, Policy and Law",0.2111111111111111,10,c40c446d67677ec9cd52894674fdbe8fd0fcc99a53d29111368043c09db08409
1647,T12283,Latin American history and culture,0.01111111111111111,review,Visual Arts and Performing Arts,0.16363636363636364,Anthropology,0.33636363636363636,10,c40c446d67677ec9cd52894674fdbe8fd0fcc99a53d29111368043c09db08409
1648,T12519,Cybercrime and Law Enforcement Studies,0.01111111111111111,review,Information Systems,0.1232876712328767,Sociology and Political Science,0.3835616438356164,7,c40c446d67677ec9cd52894674fdbe8fd0fcc99a53d29111368043c09db08409
1649,T12701,Biological Control of Invasive Species,0.01111111111111111,review,Insect Science,0.18888888888888888,Plant Science,0.2833333333333333,10,c40c446d67677ec9cd52894674fdbe8fd0fcc99a53d29111368043c09db08409
1650,T13009,Agroforestry and silvopastoral systems,0.01111111111111111,review,Forestry,0.11875,"Ecology, Evolution, Behavior and Systematics",0.2375,10,c40c446d67677ec9cd52894674fdbe8fd0fcc99a53d29111368043c09db08409
1651,T13165,Agricultural safety and regulations,0.01111111111111111,review,Food Science,0.18,Plant Science,0.37,10,c40c446d67677ec9cd52894674fdbe8fd0fcc99a53d29111368043c09db08409
1652,T13170,Discrimination and Equality Law,0.01111111111111111,review,Law,0.18888888888888888,Political Science and International Relations,0.2833333333333333,10,c40c446d67677ec9cd52894674fdbe8fd0fcc99a53d29111368043c09db08409
1653,T13188,Synthesis and bioactivity of alkaloids,0.01111111111111111,review,Molecular Biology,0.3,Organic Chemistry,0.39999999999999997,10,c40c446d67677ec9cd52894674fdbe8fd0fcc99a53d29111368043c09db08409
1654,T13238,Botanical Studies and Applications,0.01111111111111111,review,Plant Science,0.0894736842105263,Cardiology and Cardiovascular Medicine,0.1789473684210526,10,c40c446d67677ec9cd52894674fdbe8fd0fcc99a53d29111368043c09db08409
1655,T13251,Electrical and Thermal Properties of Materials,0.01111111111111111,review,Electrical and Electronic Engineering,0.1357142857142857,Mechanical Engineering,0.2714285714285714,10,c40c446d67677ec9cd52894674fdbe8fd0fcc99a53d29111368043c09db08409
1656,T13311,Sociology and Cultural Identity Studies,0.01111111111111111,review,Sociology and Political Science,0.0894736842105263,Gender Studies,0.1789473684210526,10,c40c446d67677ec9cd52894674fdbe8fd0fcc99a53d29111368043c09db08409
1657,T13461,Vladimir Nabokov Literary Studies,0.01111111111111111,review,Cultural Studies,0.06405693950177936,Literature and Literary Theory,0.199288256227758,10,c40c446d67677ec9cd52894674fdbe8fd0fcc99a53d29111368043c09db08409
1658,T13655,Canadian Policy and Governance,0.01111111111111111,review,Political Science and International Relations,0.18,Sociology and Political Science,0.37,10,c40c446d67677ec9cd52894674fdbe8fd0fcc99a53d29111368043c09db08409
1659,T13766,"Media, Journalism, and Communication History",0.01111111111111111,review,History,0.1357142857142857,History and Philosophy of Science,0.2714285714285714,10,c40c446d67677ec9cd52894674fdbe8fd0fcc99a53d29111368043c09db08409
1660,T13903,Innovative Educational Techniques,0.01111111111111111,review,Education,0.09444444444444444,Information Systems,0.18888888888888888,10,c40c446d67677ec9cd52894674fdbe8fd0fcc99a53d29111368043c09db08409
1661,T14169,Public Health and Environmental Issues,0.01111111111111111,review,"Health, Toxicology and Mutagenesis",0.09444444444444444,"Management, Monitoring, Policy and Law",0.18888888888888888,10,c40c446d67677ec9cd52894674fdbe8fd0fcc99a53d29111368043c09db08409
1662,T10335,Colorectal Cancer Surgical Treatments,0.011111111111111108,review,Oncology,0.08181818181818182,Surgery,0.2545454545454545,10,c40c446d67677ec9cd52894674fdbe8fd0fcc99a53d29111368043c09db08409
1663,T10602,Glycosylation and Glycoproteins Research,0.011111111111111108,review,Molecular Biology,0.08181818181818182,Cancer Research,0.2545454545454545,10,c40c446d67677ec9cd52894674fdbe8fd0fcc99a53d29111368043c09db08409
1664,T10670,Aluminum Alloy Microstructure Properties,0.011111111111111108,review,Aerospace Engineering,0.08181818181818182,Mechanical Engineering,0.2545454545454545,10,c40c446d67677ec9cd52894674fdbe8fd0fcc99a53d29111368043c09db08409
1665,T10834,Welding Techniques and Residual Stresses,0.011111111111111108,review,Mechanical Engineering,0.4,Computational Mechanics,0.5357142857142857,10,c40c446d67677ec9cd52894674fdbe8fd0fcc99a53d29111368043c09db08409
1666,T10875,Pesticide Exposure and Toxicity,0.011111111111111108,review,Plant Science,0.14210526315789473,Pollution,0.23157894736842102,10,c40c446d67677ec9cd52894674fdbe8fd0fcc99a53d29111368043c09db08409
1667,T11006,BIM and Construction Integration,0.011111111111111108,review,Building and Construction,0.08181818181818182,Finance,0.2545454545454545,10,c40c446d67677ec9cd52894674fdbe8fd0fcc99a53d29111368043c09db08409
1668,T11107,Selenium in Biological Systems,0.011111111111111108,review,Nutrition and Dietetics,0.14210526315789473,Pathology and Forensic Medicine,0.23157894736842102,10,c40c446d67677ec9cd52894674fdbe8fd0fcc99a53d29111368043c09db08409
1669,T11108,Municipal Solid Waste Management,0.011111111111111108,review,Waste Management and Disposal,0.10800000000000001,Environmental Engineering,0.176,10,c40c446d67677ec9cd52894674fdbe8fd0fcc99a53d29111368043c09db08409
1670,T11541,Neuroendocrine regulation and behavior,0.011111111111111108,review,Social Psychology,0.08181818181818182,Clinical Psychology,0.2545454545454545,10,c40c446d67677ec9cd52894674fdbe8fd0fcc99a53d29111368043c09db08409
1671,T12149,Nanocluster Synthesis and Applications,0.011111111111111108,review,Materials Chemistry,0.08181818181818182,Biomaterials,0.2545454545454545,10,c40c446d67677ec9cd52894674fdbe8fd0fcc99a53d29111368043c09db08409
1672,T12385,Food Quality and Safety Studies,0.011111111111111108,review,Food Science,0.29375,Plant Science,0.4125,10,c40c446d67677ec9cd52894674fdbe8fd0fcc99a53d29111368043c09db08409
1673,T12403,Seed and Plant Biochemistry,0.011111111111111108,review,Food Science,0.08181818181818182,Pharmacology,0.2545454545454545,10,c40c446d67677ec9cd52894674fdbe8fd0fcc99a53d29111368043c09db08409
1674,T12525,Australian History and Society,0.011111111111111108,review,Sociology and Political Science,0.08181818181818182,Political Science and International Relations,0.2545454545454545,10,c40c446d67677ec9cd52894674fdbe8fd0fcc99a53d29111368043c09db08409
1675,T12539,Pharmacology and Obesity Treatment,0.011111111111111108,review,Pharmacology,0.08181818181818182,Surgery,0.2545454545454545,10,c40c446d67677ec9cd52894674fdbe8fd0fcc99a53d29111368043c09db08409
1676,T12651,Halal products and consumer behavior,0.011111111111111108,review,Sociology and Political Science,0.08181818181818182,Management Information Systems,0.2545454545454545,10,c40c446d67677ec9cd52894674fdbe8fd0fcc99a53d29111368043c09db08409
1677,T12722,Innovation Policy and R&D,0.011111111111111108,review,Economics and Econometrics,0.08181818181818182,"General Economics, Econometrics and Finance",0.2545454545454545,10,c40c446d67677ec9cd52894674fdbe8fd0fcc99a53d29111368043c09db08409
1678,T13112,Nutrition and Health Studies,0.011111111111111108,review,"Public Health, Environmental and Occupational Health",0.1390909090909091,General Health Professions,0.2009090909090909,10,c40c446d67677ec9cd52894674fdbe8fd0fcc99a53d29111368043c09db08409
1679,T13155,Digital Communication and Language,0.011111111111111108,review,Human-Computer Interaction,0.08181818181818182,Language and Linguistics,0.2545454545454545,10,c40c446d67677ec9cd52894674fdbe8fd0fcc99a53d29111368043c09db08409
1680,T13608,Advanced Computational Techniques in Science and Engineering,0.011111111111111108,review,Information Systems,0.15454545454545454,Computer Networks and Communications,0.2594155844155844,10,c40c446d67677ec9cd52894674fdbe8fd0fcc99a53d29111368043c09db08409
1681,T13787,"Globalization, Historical Perspectives, and International Relations",0.011111111111111108,review,Sociology and Political Science,0.1125,History and Philosophy of Science,0.18333333333333332,10,c40c446d67677ec9cd52894674fdbe8fd0fcc99a53d29111368043c09db08409
1682,T13819,Collaborative and Sustainable Housing Initiatives,0.011111111111111108,review,Urban Studies,0.08181818181818182,Building and Construction,0.2545454545454545,10,c40c446d67677ec9cd52894674fdbe8fd0fcc99a53d29111368043c09db08409
1683,T13971,Synthesis and Biological Activity,0.011111111111111108,review,Cancer Research,0.08181818181818182,Molecular Biology,0.2545454545454545,10,c40c446d67677ec9cd52894674fdbe8fd0fcc99a53d29111368043c09db08409
1684,T13979,Communication and COVID-19 Impact,0.011111111111111108,review,Communication,0.14210526315789473,Sociology and Political Science,0.23157894736842102,10,c40c446d67677ec9cd52894674fdbe8fd0fcc99a53d29111368043c09db08409
1685,T14312,Historical Studies in Central America,0.011111111111111108,review,History,0.08181818181818182,Anthropology,0.2545454545454545,10,c40c446d67677ec9cd52894674fdbe8fd0fcc99a53d29111368043c09db08409
1686,T10035,Phytochemicals and Antioxidant Activities,0.011111111111111106,review,Biochemistry,0.135,Organic Chemistry,0.21999999999999997,10,c40c446d67677ec9cd52894674fdbe8fd0fcc99a53d29111368043c09db08409
1687,T13024,Literary Theory and Cultural Hermeneutics,0.011111111111111106,review,Literature and Literary Theory,0.2235294117647059,Sociology and Political Science,0.3352941176470588,10,c40c446d67677ec9cd52894674fdbe8fd0fcc99a53d29111368043c09db08409
1688,T13392,History of Education in Spain,0.011111111111111106,review,History,0.135,Education,0.21999999999999997,10,c40c446d67677ec9cd52894674fdbe8fd0fcc99a53d29111368043c09db08409
1689,T13396,Agriculture and Rural Development Research,0.011111111111111106,review,"Ecology, Evolution, Behavior and Systematics",0.135,"Management, Monitoring, Policy and Law",0.21999999999999997,10,c40c446d67677ec9cd52894674fdbe8fd0fcc99a53d29111368043c09db08409
1690,T13581,New Caledonia Indigenous Studies,0.011111111111111106,review,Sociology and Political Science,0.11739130434782609,Anthropology,0.19130434782608693,10,c40c446d67677ec9cd52894674fdbe8fd0fcc99a53d29111368043c09db08409
1691,T13696,Technology's Impact on Media,0.011111111111111106,review,Information Systems and Management,0.11739130434782609,Industrial and Manufacturing Engineering,0.19130434782608693,10,c40c446d67677ec9cd52894674fdbe8fd0fcc99a53d29111368043c09db08409
1692,T13778,Comparative and World Literature,0.011111111111111106,review,Literature and Literary Theory,0.135,History,0.21999999999999997,10,c40c446d67677ec9cd52894674fdbe8fd0fcc99a53d29111368043c09db08409
1693,T14123,Decolonial Thought and Epistemologies,0.011111111111111106,review,Anthropology,0.135,Literature and Literary Theory,0.21999999999999997,10,c40c446d67677ec9cd52894674fdbe8fd0fcc99a53d29111368043c09db08409
1694,T10165,Classical Antiquity Studies,0.010818713450292398,review,Anthropology,0.0,History,0.5068493150684932,4,c40c446d67677ec9cd52894674fdbe8fd0fcc99a53d29111368043c09db08409
1695,T10755,HER2/EGFR in Cancer Research,0.010526315789473686,review,Oncology,0.23333333333333334,Pulmonary and Respiratory Medicine,0.38333333333333336,10,c40c446d67677ec9cd52894674fdbe8fd0fcc99a53d29111368043c09db08409
1696,T10926,Peripheral Artery Disease Management,0.010526315789473686,review,Surgery,0.075,Cardiology and Cardiovascular Medicine,0.225,10,c40c446d67677ec9cd52894674fdbe8fd0fcc99a53d29111368043c09db08409
1697,T11000,Infection Control in Healthcare,0.010526315789473686,review,Infectious Diseases,0.09,Cardiology and Cardiovascular Medicine,0.27,10,c40c446d67677ec9cd52894674fdbe8fd0fcc99a53d29111368043c09db08409
1698,T11961,Neonatal and Maternal Infections,0.010526315789473686,review,"Public Health, Environmental and Occupational Health",0.09,Epidemiology,0.27,10,c40c446d67677ec9cd52894674fdbe8fd0fcc99a53d29111368043c09db08409
1699,T12196,Community Health and Development,0.010526315789473686,review,General Health Professions,0.09,Sociology and Political Science,0.27,10,c40c446d67677ec9cd52894674fdbe8fd0fcc99a53d29111368043c09db08409
1700,T12239,Construction Management and Sustainability,0.010526315789473686,review,Building and Construction,0.09,Electrical and Electronic Engineering,0.27,10,c40c446d67677ec9cd52894674fdbe8fd0fcc99a53d29111368043c09db08409
1701,T12655,Female Genital Mutilation/Cutting Issues,0.010526315789473686,review,"Public Health, Environmental and Occupational Health",0.09,Clinical Psychology,0.27,10,c40c446d67677ec9cd52894674fdbe8fd0fcc99a53d29111368043c09db08409
1702,T12887,Educational Strategies and Epistemologies,0.010526315789473686,review,Developmental and Educational Psychology,0.1619047619047619,Education,0.3238095238095238,10,c40c446d67677ec9cd52894674fdbe8fd0fcc99a53d29111368043c09db08409
1703,T13702,Machine Learning in Healthcare,0.010526315789473686,review,Artificial Intelligence,0.075,Computer Vision and Pattern Recognition,0.225,10,c40c446d67677ec9cd52894674fdbe8fd0fcc99a53d29111368043c09db08409
1704,T13915,Public Health in Brazil,0.010526315789473686,review,Sociology and Political Science,0.09,General Health Professions,0.27,10,c40c446d67677ec9cd52894674fdbe8fd0fcc99a53d29111368043c09db08409
1705,T10023,Schizophrenia research and treatment,0.010526315789473684,review,Psychiatry and Mental health,0.0,Epidemiology,0.2,10,c40c446d67677ec9cd52894674fdbe8fd0fcc99a53d29111368043c09db08409
1706,T10043,Substance Abuse Treatment and Outcomes,0.010526315789473684,review,Epidemiology,0.0,Clinical Psychology,0.2,10,c40c446d67677ec9cd52894674fdbe8fd0fcc99a53d29111368043c09db08409
1707,T10056,Neurotransmitter Receptor Influence on Behavior,0.010526315789473684,review,Cellular and Molecular Neuroscience,0.0,Cognitive Neuroscience,0.2,10,c40c446d67677ec9cd52894674fdbe8fd0fcc99a53d29111368043c09db08409
1708,T10060,Smoking Behavior and Cessation,0.010526315789473684,review,Physiology,0.0,Pathology and Forensic Medicine,0.2,10,c40c446d67677ec9cd52894674fdbe8fd0fcc99a53d29111368043c09db08409
1709,T10067,Stochastic processes and financial applications,0.010526315789473684,review,Finance,0.0,Biomedical Engineering,0.25,8,c40c446d67677ec9cd52894674fdbe8fd0fcc99a53d29111368043c09db08409
1710,T10102,scientometrics and bibliometrics research,0.010526315789473684,review,"Statistics, Probability and Uncertainty",0.0,Information Systems and Management,0.2,10,c40c446d67677ec9cd52894674fdbe8fd0fcc99a53d29111368043c09db08409
1711,T10113,Dental materials and restorations,0.010526315789473684,review,Orthodontics,0.0,Pulmonary and Respiratory Medicine,0.2,10,c40c446d67677ec9cd52894674fdbe8fd0fcc99a53d29111368043c09db08409
1712,T10114,"Balance, Gait, and Falls Prevention",0.010526315789473684,review,"Physical Therapy, Sports Therapy and Rehabilitation",0.0,Geriatrics and Gerontology,0.2,10,c40c446d67677ec9cd52894674fdbe8fd0fcc99a53d29111368043c09db08409
1713,T10116,Sperm and Testicular Function,0.010526315789473684,review,Reproductive Medicine,0.0,Physiology,0.2,10,c40c446d67677ec9cd52894674fdbe8fd0fcc99a53d29111368043c09db08409
1714,T10117,Advanced Combustion Engine Technologies,0.010526315789473684,review,Fluid Flow and Transfer Processes,0.0,Biomedical Engineering,0.2,10,c40c446d67677ec9cd52894674fdbe8fd0fcc99a53d29111368043c09db08409
1715,T10127,"Banking stability, regulation, efficiency",0.010526315789473684,review,Finance,0.0,Molecular Biology,0.2,10,c40c446d67677ec9cd52894674fdbe8fd0fcc99a53d29111368043c09db08409
1716,T10147,Antibiotic Resistance in Bacteria,0.010526315789473684,review,Molecular Medicine,0.0,Epidemiology,0.2,10,c40c446d67677ec9cd52894674fdbe8fd0fcc99a53d29111368043c09db08409
1717,T10157,Sports Performance and Training,0.010526315789473684,review,Orthopedics and Sports Medicine,0.0,Computer Networks and Communications,0.3333333333333333,6,c40c446d67677ec9cd52894674fdbe8fd0fcc99a53d29111368043c09db08409
1718,T10180,Analytical chemistry methods development,0.010526315789473684,review,Analytical Chemistry,0.0,Organic Chemistry,0.2,10,c40c446d67677ec9cd52894674fdbe8fd0fcc99a53d29111368043c09db08409
1719,T10181,Natural Language Processing Techniques,0.010526315789473684,review,Artificial Intelligence,0.0,Language and Linguistics,0.5,4,c40c446d67677ec9cd52894674fdbe8fd0fcc99a53d29111368043c09db08409
1720,T10194,Nonlinear Partial Differential Equations,0.010526315789473684,review,Applied Mathematics,0.0,Mathematical Physics,0.4,5,c40c446d67677ec9cd52894674fdbe8fd0fcc99a53d29111368043c09db08409
1721,T10204,Microstructure and mechanical properties,0.010526315789473684,review,Materials Chemistry,0.0,Mechanical Engineering,0.5,4,c40c446d67677ec9cd52894674fdbe8fd0fcc99a53d29111368043c09db08409
1722,T10206,Meta-analysis and systematic reviews,0.010526315789473684,review,"Statistics, Probability and Uncertainty",0.0,Surgery,0.2,10,c40c446d67677ec9cd52894674fdbe8fd0fcc99a53d29111368043c09db08409
1723,T10211,Computational Drug Discovery Methods,0.010526315789473684,review,Computational Theory and Mathematics,0.0,Information Systems,0.2,10,c40c446d67677ec9cd52894674fdbe8fd0fcc99a53d29111368043c09db08409
1724,T10214,Psychotherapy Techniques and Applications,0.010526315789473684,review,Clinical Psychology,0.0,Psychiatry and Mental health,0.2,10,c40c446d67677ec9cd52894674fdbe8fd0fcc99a53d29111368043c09db08409
1725,T10243,Statistical Methods and Bayesian Inference,0.010526315789473684,review,Statistics and Probability,0.0,"Statistics, Probability and Uncertainty",0.2,10,c40c446d67677ec9cd52894674fdbe8fd0fcc99a53d29111368043c09db08409
1726,T10249,Distributed Control Multi-Agent Systems,0.010526315789473684,review,Computer Networks and Communications,0.0,Artificial Intelligence,0.2,10,c40c446d67677ec9cd52894674fdbe8fd0fcc99a53d29111368043c09db08409
1727,T10252,Microbial Natural Products and Biosynthesis,0.010526315789473684,review,Pharmacology,0.0,Food Science,0.2,10,c40c446d67677ec9cd52894674fdbe8fd0fcc99a53d29111368043c09db08409
1728,T10255,Oceanographic and Atmospheric Processes,0.010526315789473684,review,Oceanography,0.0,Atmospheric Science,0.2,10,c40c446d67677ec9cd52894674fdbe8fd0fcc99a53d29111368043c09db08409
1729,T10259,Sociology and Education Studies,0.010526315789473684,review,Sociology and Political Science,0.2,Political Science and International Relations,0.4,10,c40c446d67677ec9cd52894674fdbe8fd0fcc99a53d29111368043c09db08409
1730,T10306,Liquid Crystal Research Advancements,0.010526315789473684,review,"Electronic, Optical and Magnetic Materials",0.0,Electrical and Electronic Engineering,0.2,10,c40c446d67677ec9cd52894674fdbe8fd0fcc99a53d29111368043c09db08409
1731,T10313,Surface Modification and Superhydrophobicity,0.010526315789473684,review,"Surfaces, Coatings and Films",0.0,Mechanical Engineering,0.4,5,c40c446d67677ec9cd52894674fdbe8fd0fcc99a53d29111368043c09db08409
1732,T10315,Decision-Making and Behavioral Economics,0.010526315789473684,review,General Decision Sciences,0.0,Literature and Literary Theory,0.2,10,c40c446d67677ec9cd52894674fdbe8fd0fcc99a53d29111368043c09db08409
1733,T10329,Thyroid Cancer Diagnosis and Treatment,0.010526315789473684,review,"Endocrinology, Diabetes and Metabolism",0.0,Surgery,0.25,8,c40c446d67677ec9cd52894674fdbe8fd0fcc99a53d29111368043c09db08409
1734,T10336,Cancer Cells and Metastasis,0.010526315789473684,review,Oncology,0.0,Infectious Diseases,0.2,10,c40c446d67677ec9cd52894674fdbe8fd0fcc99a53d29111368043c09db08409
1735,T10372,Cardiac Imaging and Diagnostics,0.010526315789473684,review,"Radiology, Nuclear Medicine and Imaging",0.2,Cardiology and Cardiovascular Medicine,0.4,10,c40c446d67677ec9cd52894674fdbe8fd0fcc99a53d29111368043c09db08409
1736,T10373,Renal Transplantation Outcomes and Treatments,0.010526315789473684,review,Transplantation,0.0,"Public Health, Environmental and Occupational Health",0.5,4,c40c446d67677ec9cd52894674fdbe8fd0fcc99a53d29111368043c09db08409
1737,T10375,Pharmacogenetics and Drug Metabolism,0.010526315789473684,review,Pharmacology,0.0,Genetics,0.2,10,c40c446d67677ec9cd52894674fdbe8fd0fcc99a53d29111368043c09db08409
1738,T10402,Phase Equilibria and Thermodynamics,0.010526315789473684,review,Biomedical Engineering,0.0,Materials Chemistry,0.2,10,c40c446d67677ec9cd52894674fdbe8fd0fcc99a53d29111368043c09db08409
1739,T10414,Cannabis and Cannabinoid Research,0.010526315789473684,review,Pharmacology,0.0,Neurology,0.2,10,c40c446d67677ec9cd52894674fdbe8fd0fcc99a53d29111368043c09db08409
1740,T10427,Visual perception and processing mechanisms,0.010526315789473684,review,Cognitive Neuroscience,0.0,Experimental and Cognitive Psychology,0.6666666666666666,3,c40c446d67677ec9cd52894674fdbe8fd0fcc99a53d29111368043c09db08409
1741,T10431,Ethnobotanical and Medicinal Plants Studies,0.010526315789473684,review,Plant Science,0.17272727272727273,Molecular Biology,0.33636363636363636,10,c40c446d67677ec9cd52894674fdbe8fd0fcc99a53d29111368043c09db08409
1742,T10448,Memory and Neural Mechanisms,0.010526315789473684,review,Cognitive Neuroscience,0.18,Psychiatry and Mental health,0.36,10,c40c446d67677ec9cd52894674fdbe8fd0fcc99a53d29111368043c09db08409
1743,T10451,Mycorrhizal Fungi and Plant Interactions,0.010526315789473684,review,Plant Science,0.0,"Ecology, Evolution, Behavior and Systematics",0.2,10,c40c446d67677ec9cd52894674fdbe8fd0fcc99a53d29111368043c09db08409
1744,T10468,Photovoltaic System Optimization Techniques,0.010526315789473684,review,"Renewable Energy, Sustainability and the Environment",0.08181818181818182,Electrical and Electronic Engineering,0.24545454545454545,10,c40c446d67677ec9cd52894674fdbe8fd0fcc99a53d29111368043c09db08409
1745,T10474,Material Dynamics and Properties,0.010526315789473684,review,Materials Chemistry,0.0,Computational Mechanics,0.5,4,c40c446d67677ec9cd52894674fdbe8fd0fcc99a53d29111368043c09db08409
1746,T10481,Computer Graphics and Visualization Techniques,0.010526315789473684,review,Computer Graphics and Computer-Aided Design,0.0,Computational Theory and Mathematics,0.2,10,c40c446d67677ec9cd52894674fdbe8fd0fcc99a53d29111368043c09db08409
1747,T10489,Regulation of Appetite and Obesity,0.010526315789473684,review,Endocrine and Autonomic Systems,0.0,Reproductive Medicine,0.2,10,c40c446d67677ec9cd52894674fdbe8fd0fcc99a53d29111368043c09db08409
1748,T10491,Enhanced Oil Recovery Techniques,0.010526315789473684,review,Ocean Engineering,0.0,Computational Mechanics,0.2,10,c40c446d67677ec9cd52894674fdbe8fd0fcc99a53d29111368043c09db08409
1749,T10508,Patient Safety and Medication Errors,0.010526315789473684,review,Emergency Medical Services,0.0,General Health Professions,0.2,10,c40c446d67677ec9cd52894674fdbe8fd0fcc99a53d29111368043c09db08409
1750,T10522,Medical Imaging Techniques and Applications,0.010526315789473684,review,"Radiology, Nuclear Medicine and Imaging",0.0,Cancer Research,0.2,10,c40c446d67677ec9cd52894674fdbe8fd0fcc99a53d29111368043c09db08409
1751,T10534,Structural Health Monitoring Techniques,0.010526315789473684,review,Civil and Structural Engineering,0.0,Computer Networks and Communications,0.2,10,c40c446d67677ec9cd52894674fdbe8fd0fcc99a53d29111368043c09db08409
1752,T10536,Endodontics and Root Canal Treatments,0.010526315789473684,review,Oral Surgery,0.0,Surgery,0.6666666666666666,3,c40c446d67677ec9cd52894674fdbe8fd0fcc99a53d29111368043c09db08409
1753,T10544,Glass properties and applications,0.010526315789473684,review,Ceramics and Composites,0.0,Mechanical Engineering,0.2,10,c40c446d67677ec9cd52894674fdbe8fd0fcc99a53d29111368043c09db08409
1754,T10545,Optimization and Variational Analysis,0.010526315789473684,review,Computational Theory and Mathematics,0.0,Control and Systems Engineering,0.2,10,c40c446d67677ec9cd52894674fdbe8fd0fcc99a53d29111368043c09db08409
1755,T10565,"Psychopathy, Forensic Psychiatry, Sexual Offending",0.010526315789473684,review,Clinical Psychology,0.0,Plant Science,0.2,10,c40c446d67677ec9cd52894674fdbe8fd0fcc99a53d29111368043c09db08409
1756,T10576,Opioid Use Disorder Treatment,0.010526315789473684,review,"Public Health, Environmental and Occupational Health",0.0,Epidemiology,0.3333333333333333,6,c40c446d67677ec9cd52894674fdbe8fd0fcc99a53d29111368043c09db08409
1757,T10582,Ethics in Clinical Research,0.010526315789473684,review,"Public Health, Environmental and Occupational Health",0.0,Pulmonary and Respiratory Medicine,0.2,10,c40c446d67677ec9cd52894674fdbe8fd0fcc99a53d29111368043c09db08409
1758,T10584,Reproductive Physiology in Livestock,0.010526315789473684,review,Agronomy and Crop Science,0.0,Physiology,0.2,10,c40c446d67677ec9cd52894674fdbe8fd0fcc99a53d29111368043c09db08409
1759,T10585,Family Dynamics and Relationships,0.010526315789473684,review,Demography,0.0,Literature and Literary Theory,0.2,10,c40c446d67677ec9cd52894674fdbe8fd0fcc99a53d29111368043c09db08409
1760,T10591,Theoretical and Computational Physics,0.010526315789473684,review,Condensed Matter Physics,0.0,Biomedical Engineering,0.2,10,c40c446d67677ec9cd52894674fdbe8fd0fcc99a53d29111368043c09db08409
1761,T10601,Handwritten Text Recognition Techniques,0.010526315789473684,review,Computer Vision and Pattern Recognition,0.2,Artificial Intelligence,0.4,10,c40c446d67677ec9cd52894674fdbe8fd0fcc99a53d29111368043c09db08409
1762,T10611,Organic Light-Emitting Diodes Research,0.010526315789473684,review,Electrical and Electronic Engineering,0.0,Organic Chemistry,0.5,4,c40c446d67677ec9cd52894674fdbe8fd0fcc99a53d29111368043c09db08409
1763,T10618,Aortic Disease and Treatment Approaches,0.010526315789473684,review,Pulmonary and Respiratory Medicine,0.2,Cardiology and Cardiovascular Medicine,0.4,10,c40c446d67677ec9cd52894674fdbe8fd0fcc99a53d29111368043c09db08409
1764,T10645,Cardiac Arrest and Resuscitation,0.010526315789473684,review,Emergency Medicine,0.0,Critical Care and Intensive Care Medicine,0.4,5,c40c446d67677ec9cd52894674fdbe8fd0fcc99a53d29111368043c09db08409
1765,T10647,Coastal and Marine Dynamics,0.010526315789473684,review,Earth-Surface Processes,0.0,Ecology,0.2,10,c40c446d67677ec9cd52894674fdbe8fd0fcc99a53d29111368043c09db08409
1766,T10663,Advanced Battery Technologies Research,0.010526315789473684,review,Automotive Engineering,0.2,Electrical and Electronic Engineering,0.4,10,c40c446d67677ec9cd52894674fdbe8fd0fcc99a53d29111368043c09db08409
1767,T10665,Cystic Fibrosis Research Advances,0.010526315789473684,review,Pulmonary and Respiratory Medicine,0.0,Insect Science,0.2,10,c40c446d67677ec9cd52894674fdbe8fd0fcc99a53d29111368043c09db08409
1768,T10697,Vasculitis and related conditions,0.010526315789473684,review,Pulmonary and Respiratory Medicine,0.0,Pathology and Forensic Medicine,0.6666666666666666,3,c40c446d67677ec9cd52894674fdbe8fd0fcc99a53d29111368043c09db08409
1769,T10702,Insect and Arachnid Ecology and Behavior,0.010526315789473684,review,Genetics,0.0,Plant Science,0.2,10,c40c446d67677ec9cd52894674fdbe8fd0fcc99a53d29111368043c09db08409
1770,T10709,Social Robot Interaction and HRI,0.010526315789473684,review,Social Psychology,0.0,"Public Health, Environmental and Occupational Health",0.2,10,c40c446d67677ec9cd52894674fdbe8fd0fcc99a53d29111368043c09db08409
1771,T10714,Software-Defined Networks and 5G,0.010526315789473684,review,Computer Networks and Communications,0.25,Electrical and Electronic Engineering,0.75,4,c40c446d67677ec9cd52894674fdbe8fd0fcc99a53d29111368043c09db08409
1772,T10734,Information and Cyber Security,0.010526315789473684,review,Information Systems,0.0,Computer Networks and Communications,0.2,10,c40c446d67677ec9cd52894674fdbe8fd0fcc99a53d29111368043c09db08409
1773,T10761,Vehicular Ad Hoc Networks (VANETs),0.010526315789473684,review,Electrical and Electronic Engineering,0.0,Computer Networks and Communications,0.25,8,c40c446d67677ec9cd52894674fdbe8fd0fcc99a53d29111368043c09db08409
1774,T10792,Matrix Theory and Algorithms,0.010526315789473684,review,Computational Theory and Mathematics,0.0,Artificial Intelligence,0.3333333333333333,6,c40c446d67677ec9cd52894674fdbe8fd0fcc99a53d29111368043c09db08409
1775,T10800,Forensic Toxicology and Drug Analysis,0.010526315789473684,review,Toxicology,0.0,Analytical Chemistry,0.5,4,c40c446d67677ec9cd52894674fdbe8fd0fcc99a53d29111368043c09db08409
1776,T10802,Judicial and Constitutional Studies,0.010526315789473684,review,Law,0.3,Political Science and International Relations,0.5,10,c40c446d67677ec9cd52894674fdbe8fd0fcc99a53d29111368043c09db08409
1777,T10806,Energetic Materials and Combustion,0.010526315789473684,review,Mechanics of Materials,0.0,Mechanical Engineering,0.2,10,c40c446d67677ec9cd52894674fdbe8fd0fcc99a53d29111368043c09db08409
1778,T10826,Behavioral and Psychological Studies,0.010526315789473684,review,Developmental and Educational Psychology,0.0,General Health Professions,0.2,10,c40c446d67677ec9cd52894674fdbe8fd0fcc99a53d29111368043c09db08409
1779,T10829,Interconnection Networks and Systems,0.010526315789473684,review,Computer Networks and Communications,0.2,Electrical and Electronic Engineering,0.4,10,c40c446d67677ec9cd52894674fdbe8fd0fcc99a53d29111368043c09db08409
1780,T10839,Pancreatic function and diabetes,0.010526315789473684,review,Surgery,0.0,Physiology,0.2,10,c40c446d67677ec9cd52894674fdbe8fd0fcc99a53d29111368043c09db08409
1781,T10856,Intellectual Property and Patents,0.010526315789473684,review,Management of Technology and Innovation,0.0,Economics and Econometrics,0.2,10,c40c446d67677ec9cd52894674fdbe8fd0fcc99a53d29111368043c09db08409
1782,T10857,Advanced Electron Microscopy Techniques and Applications,0.010526315789473684,review,Structural Biology,0.0,Computer Vision and Pattern Recognition,0.2,10,c40c446d67677ec9cd52894674fdbe8fd0fcc99a53d29111368043c09db08409
1783,T10892,Drilling and Well Engineering,0.010526315789473684,review,Ocean Engineering,0.0,Materials Chemistry,0.2,10,c40c446d67677ec9cd52894674fdbe8fd0fcc99a53d29111368043c09db08409
1784,T10911,Chemical Synthesis and Analysis,0.010526315789473684,review,Molecular Biology,0.2,Organic Chemistry,0.4,10,c40c446d67677ec9cd52894674fdbe8fd0fcc99a53d29111368043c09db08409
1785,T10945,Lysosomal Storage Disorders Research,0.010526315789473684,review,Physiology,0.125,Neurology,0.375,8,c40c446d67677ec9cd52894674fdbe8fd0fcc99a53d29111368043c09db08409
1786,T10950,Acute Lymphoblastic Leukemia research,0.010526315789473684,review,"Public Health, Environmental and Occupational Health",0.0,Hematology,0.2,10,c40c446d67677ec9cd52894674fdbe8fd0fcc99a53d29111368043c09db08409
1787,T10958,Ultrasound and Hyperthermia Applications,0.010526315789473684,review,Biomedical Engineering,0.0,Biomaterials,0.2,10,c40c446d67677ec9cd52894674fdbe8fd0fcc99a53d29111368043c09db08409
1788,T10963,Advanced Optimization Algorithms Research,0.010526315789473684,review,Numerical Analysis,0.0,Artificial Intelligence,0.3333333333333333,6,c40c446d67677ec9cd52894674fdbe8fd0fcc99a53d29111368043c09db08409
1789,T10991,Game Theory and Voting Systems,0.010526315789473684,review,Economics and Econometrics,0.0,Management Science and Operations Research,0.2,10,c40c446d67677ec9cd52894674fdbe8fd0fcc99a53d29111368043c09db08409
1790,T10995,Methane Hydrates and Related Phenomena,0.010526315789473684,review,Environmental Chemistry,0.0,Soil Science,0.2,10,c40c446d67677ec9cd52894674fdbe8fd0fcc99a53d29111368043c09db08409
1791,T10996,Computational Geometry and Mesh Generation,0.010526315789473684,review,Computer Graphics and Computer-Aided Design,0.0,Computational Theory and Mathematics,0.5,4,c40c446d67677ec9cd52894674fdbe8fd0fcc99a53d29111368043c09db08409
1792,T11012,Gas Dynamics and Kinetic Theory,0.010526315789473684,review,Applied Mathematics,0.0,Computational Mechanics,0.4,5,c40c446d67677ec9cd52894674fdbe8fd0fcc99a53d29111368043c09db08409
1793,T11024,Information Systems Theories and Implementation,0.010526315789473684,review,Sociology and Political Science,0.0,Organizational Behavior and Human Resource Management,0.2,10,c40c446d67677ec9cd52894674fdbe8fd0fcc99a53d29111368043c09db08409
1794,T11036,Antibiotics Pharmacokinetics and Efficacy,0.010526315789473684,review,Pharmacology,0.0,Epidemiology,0.2,10,c40c446d67677ec9cd52894674fdbe8fd0fcc99a53d29111368043c09db08409
1795,T11046,Geotechnical Engineering and Analysis,0.010526315789473684,review,"Safety, Risk, Reliability and Quality",0.0,Environmental Engineering,0.2,10,c40c446d67677ec9cd52894674fdbe8fd0fcc99a53d29111368043c09db08409
1796,T11056,Physiological and biochemical adaptations,0.010526315789473684,review,Ecology,0.08181818181818182,Global and Planetary Change,0.24545454545454545,10,c40c446d67677ec9cd52894674fdbe8fd0fcc99a53d29111368043c09db08409
1797,T11063,Rough Sets and Fuzzy Logic,0.010526315789473684,review,Computational Theory and Mathematics,0.0,Artificial Intelligence,0.3333333333333333,6,c40c446d67677ec9cd52894674fdbe8fd0fcc99a53d29111368043c09db08409
1798,T11065,Insect Pest Control Strategies,0.010526315789473684,review,Plant Science,0.125,Insect Science,0.375,8,c40c446d67677ec9cd52894674fdbe8fd0fcc99a53d29111368043c09db08409
1799,T11073,Metal Extraction and Bioleaching,0.010526315789473684,review,Biomedical Engineering,0.0,Molecular Biology,0.2,10,c40c446d67677ec9cd52894674fdbe8fd0fcc99a53d29111368043c09db08409
1800,T11087,Solidification and crystal growth phenomena,0.010526315789473684,review,Materials Chemistry,0.0,Electrical and Electronic Engineering,0.2,10,c40c446d67677ec9cd52894674fdbe8fd0fcc99a53d29111368043c09db08409
1801,T11096,Aeroelasticity and Vibration Control,0.010526315789473684,review,Aerospace Engineering,0.0,Civil and Structural Engineering,0.25,8,c40c446d67677ec9cd52894674fdbe8fd0fcc99a53d29111368043c09db08409
1802,T11119,Urban Stormwater Management Solutions,0.010526315789473684,review,Environmental Engineering,0.0,Environmental Chemistry,0.2,10,c40c446d67677ec9cd52894674fdbe8fd0fcc99a53d29111368043c09db08409
1803,T11134,Breast Lesions and Carcinomas,0.010526315789473684,review,Pathology and Forensic Medicine,0.0,Genetics,0.2,10,c40c446d67677ec9cd52894674fdbe8fd0fcc99a53d29111368043c09db08409
1804,T11160,Acoustic Wave Resonator Technologies,0.010526315789473684,review,Biomedical Engineering,0.0,Materials Chemistry,0.5,4,c40c446d67677ec9cd52894674fdbe8fd0fcc99a53d29111368043c09db08409
1805,T11172,Dermatologic Treatments and Research,0.010526315789473684,review,Dermatology,0.0,Molecular Biology,0.2,10,c40c446d67677ec9cd52894674fdbe8fd0fcc99a53d29111368043c09db08409
1806,T11197,Digital Games and Media,0.010526315789473684,review,Sociology and Political Science,0.0,Developmental and Educational Psychology,0.2,10,c40c446d67677ec9cd52894674fdbe8fd0fcc99a53d29111368043c09db08409
1807,T11205,Numerical methods in inverse problems,0.010526315789473684,review,Mathematical Physics,0.0,Statistics and Probability,0.25,8,c40c446d67677ec9cd52894674fdbe8fd0fcc99a53d29111368043c09db08409
1808,T11212,Cultural Heritage Materials Analysis,0.010526315789473684,review,Archeology,0.0,Computer Vision and Pattern Recognition,0.2,10,c40c446d67677ec9cd52894674fdbe8fd0fcc99a53d29111368043c09db08409
1809,T11215,Chronic Myeloid Leukemia Treatments,0.010526315789473684,review,Hematology,0.0,Sociology and Political Science,0.2,10,c40c446d67677ec9cd52894674fdbe8fd0fcc99a53d29111368043c09db08409
1810,T11285,Hearing Impairment and Communication,0.010526315789473684,review,Developmental and Educational Psychology,0.2,Cognitive Neuroscience,0.4,10,c40c446d67677ec9cd52894674fdbe8fd0fcc99a53d29111368043c09db08409
1811,T11287,Cancer Genomics and Diagnostics,0.010526315789473684,review,Cancer Research,0.0,"Radiology, Nuclear Medicine and Imaging",0.25,8,c40c446d67677ec9cd52894674fdbe8fd0fcc99a53d29111368043c09db08409
1812,T11304,Advanced Neuroimaging Techniques and Applications,0.010526315789473684,review,"Radiology, Nuclear Medicine and Imaging",0.0,Psychiatry and Mental health,0.2,10,c40c446d67677ec9cd52894674fdbe8fd0fcc99a53d29111368043c09db08409
1813,T11306,Nonmelanoma Skin Cancer Studies,0.010526315789473684,review,Epidemiology,0.0,Cancer Research,0.2,10,c40c446d67677ec9cd52894674fdbe8fd0fcc99a53d29111368043c09db08409
1814,T11339,"Metabolism, Diabetes, and Cancer",0.010526315789473684,review,Molecular Biology,0.0,Pathology and Forensic Medicine,0.2,10,c40c446d67677ec9cd52894674fdbe8fd0fcc99a53d29111368043c09db08409
1815,T11340,Marine Sponges and Natural Products,0.010526315789473684,review,Biotechnology,0.0,Plant Science,0.2,10,c40c446d67677ec9cd52894674fdbe8fd0fcc99a53d29111368043c09db08409
1816,T11353,Venomous Animal Envenomation and Studies,0.010526315789473684,review,Genetics,0.0,Spectroscopy,0.2,10,c40c446d67677ec9cd52894674fdbe8fd0fcc99a53d29111368043c09db08409
1817,T11363,Dental Radiography and Imaging,0.010526315789473684,review,Oral Surgery,0.0,Artificial Intelligence,0.2,10,c40c446d67677ec9cd52894674fdbe8fd0fcc99a53d29111368043c09db08409
1818,T11373,Sleep and Work-Related Fatigue,0.010526315789473684,review,Experimental and Cognitive Psychology,0.0,Epidemiology,0.2,10,c40c446d67677ec9cd52894674fdbe8fd0fcc99a53d29111368043c09db08409
1819,T11408,Advanced Optical Imaging Technologies,0.010526315789473684,review,Media Technology,0.0,Human-Computer Interaction,0.2,10,c40c446d67677ec9cd52894674fdbe8fd0fcc99a53d29111368043c09db08409
1820,T11425,Diverse Music Education Insights,0.010526315789473684,review,Music,0.0,Education,0.2,10,c40c446d67677ec9cd52894674fdbe8fd0fcc99a53d29111368043c09db08409
1821,T11437,Digital Platforms and Economics,0.010526315789473684,review,Strategy and Management,0.0,Economics and Econometrics,0.3333333333333333,6,c40c446d67677ec9cd52894674fdbe8fd0fcc99a53d29111368043c09db08409
1822,T11447,Blind Source Separation Techniques,0.010526315789473684,review,Signal Processing,0.0,Computer Vision and Pattern Recognition,0.4,5,c40c446d67677ec9cd52894674fdbe8fd0fcc99a53d29111368043c09db08409
1823,T11467,Trauma and Emergency Care Studies,0.010526315789473684,review,Emergency Medicine,0.0,"Health, Toxicology and Mutagenesis",0.2,10,c40c446d67677ec9cd52894674fdbe8fd0fcc99a53d29111368043c09db08409
1824,T11487,Automotive and Human Injury Biomechanics,0.010526315789473684,review,Pulmonary and Respiratory Medicine,0.0,Mechanics of Materials,0.2,10,c40c446d67677ec9cd52894674fdbe8fd0fcc99a53d29111368043c09db08409
1825,T11542,Behavioral Health and Interventions,0.010526315789473684,review,Applied Psychology,0.0,Surgery,0.2,10,c40c446d67677ec9cd52894674fdbe8fd0fcc99a53d29111368043c09db08409
1826,T11545,Advanced Banach Space Theory,0.010526315789473684,review,Mathematical Physics,0.0,Applied Mathematics,0.4,5,c40c446d67677ec9cd52894674fdbe8fd0fcc99a53d29111368043c09db08409
1827,T11552,"Global trade, sustainability, and social impact",0.010526315789473684,review,Strategy and Management,0.0,Global and Planetary Change,0.2,10,c40c446d67677ec9cd52894674fdbe8fd0fcc99a53d29111368043c09db08409
1828,T11556,"Poverty, Education, and Child Welfare",0.010526315789473684,review,Safety Research,0.0,Sociology and Political Science,0.2,10,c40c446d67677ec9cd52894674fdbe8fd0fcc99a53d29111368043c09db08409
1829,T11560,Animal Disease Management and Epidemiology,0.010526315789473684,review,Agronomy and Crop Science,0.0,Sociology and Political Science,0.2,10,c40c446d67677ec9cd52894674fdbe8fd0fcc99a53d29111368043c09db08409
1830,T11565,Thermoelastic and Magnetoelastic Phenomena,0.010526315789473684,review,Mechanics of Materials,0.0,Computational Mechanics,0.3333333333333333,6,c40c446d67677ec9cd52894674fdbe8fd0fcc99a53d29111368043c09db08409
1831,T11575,Nonlinear Photonic Systems,0.010526315789473684,review,Statistical and Nonlinear Physics,0.0,"Atomic and Molecular Physics, and Optics",0.6666666666666666,3,c40c446d67677ec9cd52894674fdbe8fd0fcc99a53d29111368043c09db08409
1832,T11585,Exercise and Physiological Responses,0.010526315789473684,review,Rehabilitation,0.0,Molecular Biology,0.2,10,c40c446d67677ec9cd52894674fdbe8fd0fcc99a53d29111368043c09db08409
1833,T11608,Dielectric materials and actuators,0.010526315789473684,review,Biomedical Engineering,0.0,Electrical and Electronic Engineering,0.2,10,c40c446d67677ec9cd52894674fdbe8fd0fcc99a53d29111368043c09db08409
1834,T11609,Geophysical Methods and Applications,0.010526315789473684,review,Ocean Engineering,0.0,Mechanics of Materials,0.5,4,c40c446d67677ec9cd52894674fdbe8fd0fcc99a53d29111368043c09db08409
1835,T11624,Constructed Wetlands for Wastewater Treatment,0.010526315789473684,review,Waste Management and Disposal,0.0,Biomedical Engineering,0.2,10,c40c446d67677ec9cd52894674fdbe8fd0fcc99a53d29111368043c09db08409
1836,T11629,"Birth, Development, and Health",0.010526315789473684,review,"Pediatrics, Perinatology and Child Health",0.0,"Endocrinology, Diabetes and Metabolism",0.2,10,c40c446d67677ec9cd52894674fdbe8fd0fcc99a53d29111368043c09db08409
1837,T11630,Petroleum Processing and Analysis,0.010526315789473684,review,Analytical Chemistry,0.0,Spectroscopy,0.2,10,c40c446d67677ec9cd52894674fdbe8fd0fcc99a53d29111368043c09db08409
1838,T11634,Water Quality and Pollution Assessment,0.010526315789473684,review,Water Science and Technology,0.0,Pollution,0.2,10,c40c446d67677ec9cd52894674fdbe8fd0fcc99a53d29111368043c09db08409
1839,T11640,Linguistic Variation and Morphology,0.010526315789473684,review,Linguistics and Language,0.0,Experimental and Cognitive Psychology,0.2,10,c40c446d67677ec9cd52894674fdbe8fd0fcc99a53d29111368043c09db08409
1840,T11641,Insect and Pesticide Research,0.010526315789473684,review,Insect Science,0.0,Molecular Biology,0.2,10,c40c446d67677ec9cd52894674fdbe8fd0fcc99a53d29111368043c09db08409
1841,T11642,Genomics and Rare Diseases,0.010526315789473684,review,Genetics,0.0,Molecular Biology,0.3333333333333333,6,c40c446d67677ec9cd52894674fdbe8fd0fcc99a53d29111368043c09db08409
1842,T11649,Pharmaceutical industry and healthcare,0.010526315789473684,review,Pharmacology,0.0,Pulmonary and Respiratory Medicine,0.2,10,c40c446d67677ec9cd52894674fdbe8fd0fcc99a53d29111368043c09db08409
1843,T11679,Craniofacial Disorders and Treatments,0.010526315789473684,review,Genetics,0.0,Neurology,0.2,10,c40c446d67677ec9cd52894674fdbe8fd0fcc99a53d29111368043c09db08409
1844,T11685,Zebrafish Biomedical Research Applications,0.010526315789473684,review,Cell Biology,0.0,Plant Science,0.2,10,c40c446d67677ec9cd52894674fdbe8fd0fcc99a53d29111368043c09db08409
1845,T11698,Underwater Acoustics Research,0.010526315789473684,review,Oceanography,0.0,Artificial Intelligence,0.2,10,c40c446d67677ec9cd52894674fdbe8fd0fcc99a53d29111368043c09db08409
1846,T11719,Data Quality and Management,0.010526315789473684,review,Management Science and Operations Research,0.0,Molecular Biology,0.2,10,c40c446d67677ec9cd52894674fdbe8fd0fcc99a53d29111368043c09db08409
1847,T11721,Blood properties and coagulation,0.010526315789473684,review,Pulmonary and Respiratory Medicine,0.0,Hematology,0.2,10,c40c446d67677ec9cd52894674fdbe8fd0fcc99a53d29111368043c09db08409
1848,T11725,Immunodeficiency and Autoimmune Disorders,0.010526315789473684,review,Immunology,0.0,Neurology,0.2,10,c40c446d67677ec9cd52894674fdbe8fd0fcc99a53d29111368043c09db08409
1849,T11733,X-ray Spectroscopy and Fluorescence Analysis,0.010526315789473684,review,Radiation,0.0,"Radiology, Nuclear Medicine and Imaging",0.2,10,c40c446d67677ec9cd52894674fdbe8fd0fcc99a53d29111368043c09db08409
1850,T11741,Flexible and Reconfigurable Manufacturing Systems,0.010526315789473684,review,Industrial and Manufacturing Engineering,0.0,Control and Systems Engineering,0.5,4,c40c446d67677ec9cd52894674fdbe8fd0fcc99a53d29111368043c09db08409
1851,T11768,Music Therapy and Health,0.010526315789473684,review,Social Psychology,0.0,Clinical Psychology,0.2,10,c40c446d67677ec9cd52894674fdbe8fd0fcc99a53d29111368043c09db08409
1852,T11772,Genetics and Neurodevelopmental Disorders,0.010526315789473684,review,Genetics,0.0,Pulmonary and Respiratory Medicine,0.2,10,c40c446d67677ec9cd52894674fdbe8fd0fcc99a53d29111368043c09db08409
1853,T11782,Magnetic Properties of Alloys,0.010526315789473684,review,"Electronic, Optical and Magnetic Materials",0.0,Biomaterials,0.2,10,c40c446d67677ec9cd52894674fdbe8fd0fcc99a53d29111368043c09db08409
1854,T11789,Land Rights and Reforms,0.010526315789473684,review,Soil Science,0.0,Economics and Econometrics,0.2,10,c40c446d67677ec9cd52894674fdbe8fd0fcc99a53d29111368043c09db08409
1855,T11796,Horticultural and Viticultural Research,0.010526315789473684,review,Plant Science,0.0,Global and Planetary Change,0.2,10,c40c446d67677ec9cd52894674fdbe8fd0fcc99a53d29111368043c09db08409
1856,T11807,Infrastructure Resilience and Vulnerability Analysis,0.010526315789473684,review,Civil and Structural Engineering,0.0,Strategy and Management,0.2,10,c40c446d67677ec9cd52894674fdbe8fd0fcc99a53d29111368043c09db08409
1857,T11811,Cutaneous lymphoproliferative disorders research,0.010526315789473684,review,Dermatology,0.0,Pulmonary and Respiratory Medicine,0.2,10,c40c446d67677ec9cd52894674fdbe8fd0fcc99a53d29111368043c09db08409
1858,T11828,Corneal Surgery and Treatments,0.010526315789473684,review,"Radiology, Nuclear Medicine and Imaging",0.0,Biomedical Engineering,0.2,10,c40c446d67677ec9cd52894674fdbe8fd0fcc99a53d29111368043c09db08409
1859,T11829,Mathematical Biology Tumor Growth,0.010526315789473684,review,Modeling and Simulation,0.0,Molecular Biology,0.2,10,c40c446d67677ec9cd52894674fdbe8fd0fcc99a53d29111368043c09db08409
1860,T11863,"Gender, Security, and Conflict",0.010526315789473684,review,Gender Studies,0.2,Sociology and Political Science,0.4,10,c40c446d67677ec9cd52894674fdbe8fd0fcc99a53d29111368043c09db08409
1861,T11900,Fungal Plant Pathogen Control,0.010526315789473684,review,"Ecology, Evolution, Behavior and Systematics",0.0,Pulmonary and Respiratory Medicine,0.2,10,c40c446d67677ec9cd52894674fdbe8fd0fcc99a53d29111368043c09db08409
1862,T11920,Pulsed Power Technology Applications,0.010526315789473684,review,Control and Systems Engineering,0.0,Electrical and Electronic Engineering,0.25,8,c40c446d67677ec9cd52894674fdbe8fd0fcc99a53d29111368043c09db08409
1863,T11921,Electroconvulsive Therapy Studies,0.010526315789473684,review,Psychiatry and Mental health,0.0,"Endocrinology, Diabetes and Metabolism",0.2,10,c40c446d67677ec9cd52894674fdbe8fd0fcc99a53d29111368043c09db08409
1864,T11936,Chemical and Physical Properties in Aqueous Solutions,0.010526315789473684,review,Filtration and Separation,0.0,Biomedical Engineering,0.2,10,c40c446d67677ec9cd52894674fdbe8fd0fcc99a53d29111368043c09db08409
1865,T11937,Research Data Management Practices,0.010526315789473684,review,Information Systems,0.0,"Ecology, Evolution, Behavior and Systematics",0.2,10,c40c446d67677ec9cd52894674fdbe8fd0fcc99a53d29111368043c09db08409
1866,T11943,Pharmacovigilance and Adverse Drug Reactions,0.010526315789473684,review,Toxicology,0.0,Artificial Intelligence,0.2,10,c40c446d67677ec9cd52894674fdbe8fd0fcc99a53d29111368043c09db08409
1867,T11947,Molten salt chemistry and electrochemical processes,0.010526315789473684,review,Fluid Flow and Transfer Processes,0.0,Electrical and Electronic Engineering,0.2,10,c40c446d67677ec9cd52894674fdbe8fd0fcc99a53d29111368043c09db08409
1868,T11960,Relativity and Gravitational Theory,0.010526315789473684,review,Astronomy and Astrophysics,0.0,Statistical and Nonlinear Physics,0.5,4,c40c446d67677ec9cd52894674fdbe8fd0fcc99a53d29111368043c09db08409
1869,T11968,High Altitude and Hypoxia,0.010526315789473684,review,Genetics,0.0,Physiology,0.2,10,c40c446d67677ec9cd52894674fdbe8fd0fcc99a53d29111368043c09db08409
1870,T11976,Capital Investment and Risk Analysis,0.010526315789473684,review,Finance,0.0,General Agricultural and Biological Sciences,0.2,10,c40c446d67677ec9cd52894674fdbe8fd0fcc99a53d29111368043c09db08409
1871,T12008,Solar-Powered Water Purification Methods,0.010526315789473684,review,"Renewable Energy, Sustainability and the Environment",0.0,Materials Chemistry,0.2,10,c40c446d67677ec9cd52894674fdbe8fd0fcc99a53d29111368043c09db08409
1872,T12010,Evaluation and Performance Assessment,0.010526315789473684,review,Management Science and Operations Research,0.0,Computational Theory and Mathematics,0.4,5,c40c446d67677ec9cd52894674fdbe8fd0fcc99a53d29111368043c09db08409
1873,T12013,Sustainable Development and Environmental Policy,0.010526315789473684,review,"Management, Monitoring, Policy and Law",0.17272727272727273,Economics and Econometrics,0.33636363636363636,10,c40c446d67677ec9cd52894674fdbe8fd0fcc99a53d29111368043c09db08409
1874,T12029,DNA and Biological Computing,0.010526315789473684,review,Molecular Biology,0.0,Information Systems,0.25,8,c40c446d67677ec9cd52894674fdbe8fd0fcc99a53d29111368043c09db08409
1875,T12035,Pain Management and Placebo Effect,0.010526315789473684,review,Cognitive Neuroscience,0.0,Pharmacology,0.2,10,c40c446d67677ec9cd52894674fdbe8fd0fcc99a53d29111368043c09db08409
1876,T12037,Algebraic and Geometric Analysis,0.010526315789473684,review,Applied Mathematics,0.0,Nuclear and High Energy Physics,0.6666666666666666,3,c40c446d67677ec9cd52894674fdbe8fd0fcc99a53d29111368043c09db08409
1877,T12067,Renal and Vascular Pathologies,0.010526315789473684,review,Pulmonary and Respiratory Medicine,0.0,Physiology,0.2,10,c40c446d67677ec9cd52894674fdbe8fd0fcc99a53d29111368043c09db08409
1878,T12068,Neonatal Health and Biochemistry,0.010526315789473684,review,"Pediatrics, Perinatology and Child Health",0.0,Molecular Biology,0.2,10,c40c446d67677ec9cd52894674fdbe8fd0fcc99a53d29111368043c09db08409
1879,T12070,Writing and Handwriting Education,0.010526315789473684,review,Education,0.0,Surgery,0.2,10,c40c446d67677ec9cd52894674fdbe8fd0fcc99a53d29111368043c09db08409
1880,T12078,Environmental remediation with nanomaterials,0.010526315789473684,review,Biomedical Engineering,0.0,Electrical and Electronic Engineering,0.2,10,c40c446d67677ec9cd52894674fdbe8fd0fcc99a53d29111368043c09db08409
1881,T12096,Ectopic Pregnancy Diagnosis and Management,0.010526315789473684,review,"Public Health, Environmental and Occupational Health",0.0,Clinical Psychology,0.2,10,c40c446d67677ec9cd52894674fdbe8fd0fcc99a53d29111368043c09db08409
1882,T12134,Insect symbiosis and bacterial influences,0.010526315789473684,review,Insect Science,0.0,Parasitology,0.2,10,c40c446d67677ec9cd52894674fdbe8fd0fcc99a53d29111368043c09db08409
1883,T12135,Fuzzy Systems and Optimization,0.010526315789473684,review,Statistics and Probability,0.0,Control and Systems Engineering,0.2,10,c40c446d67677ec9cd52894674fdbe8fd0fcc99a53d29111368043c09db08409
1884,T12197,Brake Systems and Friction Analysis,0.010526315789473684,review,Automotive Engineering,0.0,Pollution,0.2,10,c40c446d67677ec9cd52894674fdbe8fd0fcc99a53d29111368043c09db08409
1885,T12208,Occupational exposure and asthma,0.010526315789473684,review,"Public Health, Environmental and Occupational Health",0.0,"Health, Toxicology and Mutagenesis",0.2,10,c40c446d67677ec9cd52894674fdbe8fd0fcc99a53d29111368043c09db08409
1886,T12214,Media Influence and Health,0.010526315789473684,review,Literature and Literary Theory,0.0,Social Psychology,0.2,10,c40c446d67677ec9cd52894674fdbe8fd0fcc99a53d29111368043c09db08409
1887,T12229,Pharmacological Effects and Toxicity Studies,0.010526315789473684,review,"Pediatrics, Perinatology and Child Health",0.0,Physiology,0.2,10,c40c446d67677ec9cd52894674fdbe8fd0fcc99a53d29111368043c09db08409
1888,T12237,Congenital gastrointestinal and neural anomalies,0.010526315789473684,review,Surgery,0.0,Molecular Biology,0.2,10,c40c446d67677ec9cd52894674fdbe8fd0fcc99a53d29111368043c09db08409
1889,T12243,Research in Cotton Cultivation,0.010526315789473684,review,Plant Science,0.2,Molecular Biology,0.4,10,c40c446d67677ec9cd52894674fdbe8fd0fcc99a53d29111368043c09db08409
1890,T12247,Microbial Applications in Construction Materials,0.010526315789473684,review,Environmental Engineering,0.0,Civil and Structural Engineering,0.2,10,c40c446d67677ec9cd52894674fdbe8fd0fcc99a53d29111368043c09db08409
1891,T12250,Experimental and Theoretical Physics Studies,0.010526315789473684,review,Statistical and Nonlinear Physics,0.0,Electrical and Electronic Engineering,0.5,4,c40c446d67677ec9cd52894674fdbe8fd0fcc99a53d29111368043c09db08409
1892,T12303,Tensor decomposition and applications,0.010526315789473684,review,Computational Mathematics,0.0,Artificial Intelligence,0.2,10,c40c446d67677ec9cd52894674fdbe8fd0fcc99a53d29111368043c09db08409
1893,T12304,Radiative Heat Transfer Studies,0.010526315789473684,review,Computational Mechanics,0.0,Biomedical Engineering,0.25,8,c40c446d67677ec9cd52894674fdbe8fd0fcc99a53d29111368043c09db08409
1894,T12324,History of Medicine Studies,0.010526315789473684,review,History,0.0,Experimental and Cognitive Psychology,0.2,10,c40c446d67677ec9cd52894674fdbe8fd0fcc99a53d29111368043c09db08409
1895,T12326,Network Packet Processing and Optimization,0.010526315789473684,review,Hardware and Architecture,0.0,Computer Networks and Communications,0.6666666666666666,3,c40c446d67677ec9cd52894674fdbe8fd0fcc99a53d29111368043c09db08409
1896,T12327,Various Chemistry Research Topics,0.010526315789473684,review,Physical and Theoretical Chemistry,0.0,Biomedical Engineering,0.2,10,c40c446d67677ec9cd52894674fdbe8fd0fcc99a53d29111368043c09db08409
1897,T12339,Medical Malpractice and Liability Issues,0.010526315789473684,review,Pharmacy,0.0,Pulmonary and Respiratory Medicine,0.2,10,c40c446d67677ec9cd52894674fdbe8fd0fcc99a53d29111368043c09db08409
1898,T12358,Thermal and Kinetic Analysis,0.010526315789473684,review,Materials Chemistry,0.0,Mechanics of Materials,0.3333333333333333,6,c40c446d67677ec9cd52894674fdbe8fd0fcc99a53d29111368043c09db08409
1899,T12374,European and International Contract Law,0.010526315789473684,review,Law,0.17272727272727273,Political Science and International Relations,0.33636363636363636,10,c40c446d67677ec9cd52894674fdbe8fd0fcc99a53d29111368043c09db08409
1900,T12381,Electron Spin Resonance Studies,0.010526315789473684,review,Biophysics,0.0,Physiology,0.2,10,c40c446d67677ec9cd52894674fdbe8fd0fcc99a53d29111368043c09db08409
1901,T12388,Identification and Quantification in Food,0.010526315789473684,review,Molecular Biology,0.0,"Ecology, Evolution, Behavior and Systematics",0.2,10,c40c446d67677ec9cd52894674fdbe8fd0fcc99a53d29111368043c09db08409
1902,T12423,Software Reliability and Analysis Research,0.010526315789473684,review,Software,0.0,Control and Systems Engineering,0.2,10,c40c446d67677ec9cd52894674fdbe8fd0fcc99a53d29111368043c09db08409
1903,T12428,Global Trade and Competitiveness,0.010526315789473684,review,Strategy and Management,0.0,Sociology and Political Science,0.2,10,c40c446d67677ec9cd52894674fdbe8fd0fcc99a53d29111368043c09db08409
1904,T12442,Thermal Radiation and Cooling Technologies,0.010526315789473684,review,Civil and Structural Engineering,0.0,Biomedical Engineering,0.25,8,c40c446d67677ec9cd52894674fdbe8fd0fcc99a53d29111368043c09db08409
1905,T12492,Zoonotic diseases and public health,0.010526315789473684,review,"Public Health, Environmental and Occupational Health",0.0,Political Science and International Relations,0.2,10,c40c446d67677ec9cd52894674fdbe8fd0fcc99a53d29111368043c09db08409
1906,T12506,Nuclear materials and radiation effects,0.010526315789473684,review,Materials Chemistry,0.0,Electrical and Electronic Engineering,0.5,4,c40c446d67677ec9cd52894674fdbe8fd0fcc99a53d29111368043c09db08409
1907,T12511,Medieval and Classical Philosophy,0.010526315789473684,review,Philosophy,0.0,History,0.6666666666666666,3,c40c446d67677ec9cd52894674fdbe8fd0fcc99a53d29111368043c09db08409
1908,T12526,Antimicrobial agents and applications,0.010526315789473684,review,Organic Chemistry,0.0,Biomedical Engineering,0.2,10,c40c446d67677ec9cd52894674fdbe8fd0fcc99a53d29111368043c09db08409
1909,T12547,Pharmaceutical studies and practices,0.010526315789473684,review,"Pediatrics, Perinatology and Child Health",0.0,Pulmonary and Respiratory Medicine,0.2,10,c40c446d67677ec9cd52894674fdbe8fd0fcc99a53d29111368043c09db08409
1910,T12548,Hemostasis and retained surgical items,0.010526315789473684,review,Hematology,0.0,Molecular Biology,0.2,10,c40c446d67677ec9cd52894674fdbe8fd0fcc99a53d29111368043c09db08409
1911,T12560,Nuclear Engineering Thermal-Hydraulics,0.010526315789473684,review,Aerospace Engineering,0.0,"Safety, Risk, Reliability and Quality",0.4,5,c40c446d67677ec9cd52894674fdbe8fd0fcc99a53d29111368043c09db08409
1912,T12580,Vagus Nerve Stimulation Research,0.010526315789473684,review,Neurology,0.0,Physiology,0.2,10,c40c446d67677ec9cd52894674fdbe8fd0fcc99a53d29111368043c09db08409
1913,T12600,Eosinophilic Disorders and Syndromes,0.010526315789473684,review,Rheumatology,0.0,Artificial Intelligence,0.2,10,c40c446d67677ec9cd52894674fdbe8fd0fcc99a53d29111368043c09db08409
1914,T12602,Medical Education and Admissions,0.010526315789473684,review,"Public Health, Environmental and Occupational Health",0.0,Clinical Psychology,0.2,10,c40c446d67677ec9cd52894674fdbe8fd0fcc99a53d29111368043c09db08409
1915,T12622,Neurosurgical Procedures and Complications,0.010526315789473684,review,Neurology,0.0,Surgery,0.2,10,c40c446d67677ec9cd52894674fdbe8fd0fcc99a53d29111368043c09db08409
1916,T12644,Wildlife-Road Interactions and Conservation,0.010526315789473684,review,Ecology,0.0,Pollution,0.2,10,c40c446d67677ec9cd52894674fdbe8fd0fcc99a53d29111368043c09db08409
1917,T12664,Clinical practice guidelines implementation,0.010526315789473684,review,"Public Health, Environmental and Occupational Health",0.0,Pulmonary and Respiratory Medicine,0.2,10,c40c446d67677ec9cd52894674fdbe8fd0fcc99a53d29111368043c09db08409
1918,T12697,Water Quality Monitoring Technologies,0.010526315789473684,review,Water Science and Technology,0.12666666666666668,Computer Networks and Communications,0.24666666666666667,10,c40c446d67677ec9cd52894674fdbe8fd0fcc99a53d29111368043c09db08409
1919,T12729,Tree Root and Stability Studies,0.010526315789473684,review,Mechanical Engineering,0.0,Biomedical Engineering,0.2,10,c40c446d67677ec9cd52894674fdbe8fd0fcc99a53d29111368043c09db08409
1920,T12748,Molecular spectroscopy and chirality,0.010526315789473684,review,Spectroscopy,0.0,Plant Science,0.2,10,c40c446d67677ec9cd52894674fdbe8fd0fcc99a53d29111368043c09db08409
1921,T12755,Legal Education and Practice Innovations,0.010526315789473684,review,Law,0.0,Sociology and Political Science,0.2,10,c40c446d67677ec9cd52894674fdbe8fd0fcc99a53d29111368043c09db08409
1922,T12790,Nursing Diagnosis and Documentation,0.010526315789473684,review,"Issues, ethics and legal aspects",0.0,General Health Professions,0.2,10,c40c446d67677ec9cd52894674fdbe8fd0fcc99a53d29111368043c09db08409
1923,T12799,Mobile and Web Applications,0.010526315789473684,review,Information Systems,0.0,Computer Networks and Communications,0.5,4,c40c446d67677ec9cd52894674fdbe8fd0fcc99a53d29111368043c09db08409
1924,T12829,Advanced Breast Cancer Therapies,0.010526315789473684,review,Pulmonary and Respiratory Medicine,0.2,Oncology,0.4,10,c40c446d67677ec9cd52894674fdbe8fd0fcc99a53d29111368043c09db08409
1925,T12850,Field-Flow Fractionation Techniques,0.010526315789473684,review,Computational Mechanics,0.0,Materials Chemistry,0.2,10,c40c446d67677ec9cd52894674fdbe8fd0fcc99a53d29111368043c09db08409
1926,T12888,Military Strategy and Technology,0.010526315789473684,review,Control and Systems Engineering,0.0,Management Science and Operations Research,0.2,10,c40c446d67677ec9cd52894674fdbe8fd0fcc99a53d29111368043c09db08409
1927,T12901,Tattoo and Body Piercing Complications,0.010526315789473684,review,Cultural Studies,0.0,Pathology and Forensic Medicine,0.2,10,c40c446d67677ec9cd52894674fdbe8fd0fcc99a53d29111368043c09db08409
1928,T12919,Blood disorders and treatments,0.010526315789473684,review,Genetics,0.0,Hematology,0.2,10,c40c446d67677ec9cd52894674fdbe8fd0fcc99a53d29111368043c09db08409
1929,T12960,Heterotopic Ossification and Related Conditions,0.010526315789473684,review,Rheumatology,0.0,Pulmonary and Respiratory Medicine,0.2,10,c40c446d67677ec9cd52894674fdbe8fd0fcc99a53d29111368043c09db08409
1930,T12965,Wildlife Conservation and Criminology Analyses,0.010526315789473684,review,Nature and Landscape Conservation,0.2,Ecology,0.4,10,c40c446d67677ec9cd52894674fdbe8fd0fcc99a53d29111368043c09db08409
1931,T13096,Family and Matrimonial Law,0.010526315789473684,review,Law,0.0,Political Science and International Relations,0.5,4,c40c446d67677ec9cd52894674fdbe8fd0fcc99a53d29111368043c09db08409
1932,T13101,Legal and Social Justice Studies,0.010526315789473684,review,Law,0.17272727272727273,Political Science and International Relations,0.33636363636363636,10,c40c446d67677ec9cd52894674fdbe8fd0fcc99a53d29111368043c09db08409
1933,T13116,Heat Transfer and Numerical Methods,0.010526315789473684,review,Computational Mechanics,0.2545454545454545,Mechanical Engineering,0.41818181818181815,10,c40c446d67677ec9cd52894674fdbe8fd0fcc99a53d29111368043c09db08409
1934,T13123,Advances in Oncology and Radiotherapy,0.010526315789473684,review,"Radiology, Nuclear Medicine and Imaging",0.0,Pulmonary and Respiratory Medicine,0.2,10,c40c446d67677ec9cd52894674fdbe8fd0fcc99a53d29111368043c09db08409
1935,T13133,Architecture and Art History Studies,0.010526315789473684,review,Visual Arts and Performing Arts,0.0,Archeology,0.2,10,c40c446d67677ec9cd52894674fdbe8fd0fcc99a53d29111368043c09db08409
1936,T13137,Strategic Planning and Analysis,0.010526315789473684,review,Strategy and Management,0.0,Management Science and Operations Research,0.2,10,c40c446d67677ec9cd52894674fdbe8fd0fcc99a53d29111368043c09db08409
1937,T13171,Polymer Science and PVC,0.010526315789473684,review,Polymers and Plastics,0.0,Global and Planetary Change,0.2,10,c40c446d67677ec9cd52894674fdbe8fd0fcc99a53d29111368043c09db08409
1938,T13192,Forensic Fingerprint Detection Methods,0.010526315789473684,review,Safety Research,0.0,Materials Chemistry,0.2,10,c40c446d67677ec9cd52894674fdbe8fd0fcc99a53d29111368043c09db08409
1939,T13197,Spreadsheets and End-User Computing,0.010526315789473684,review,Software,0.0,Electrical and Electronic Engineering,0.3333333333333333,6,c40c446d67677ec9cd52894674fdbe8fd0fcc99a53d29111368043c09db08409
1940,T13207,Youth Substance Use and School Attendance,0.010526315789473684,review,Education,0.0,Clinical Psychology,0.2,10,c40c446d67677ec9cd52894674fdbe8fd0fcc99a53d29111368043c09db08409
1941,T13224,Sports and Physical Education Research,0.010526315789473684,review,"Physical Therapy, Sports Therapy and Rehabilitation",0.0,Developmental and Educational Psychology,0.2,10,c40c446d67677ec9cd52894674fdbe8fd0fcc99a53d29111368043c09db08409
1942,T13276,University-Industry-Government Innovation Models,0.010526315789473684,review,Management of Technology and Innovation,0.0,Sociology and Political Science,0.2,10,c40c446d67677ec9cd52894674fdbe8fd0fcc99a53d29111368043c09db08409
1943,T13284,Psychology Research and Bibliometrics,0.010526315789473684,review,Experimental and Cognitive Psychology,0.0,Organizational Behavior and Human Resource Management,0.2,10,c40c446d67677ec9cd52894674fdbe8fd0fcc99a53d29111368043c09db08409
1944,T13295,Safety Systems Engineering in Autonomy,0.010526315789473684,review,"Safety, Risk, Reliability and Quality",0.0,Plant Science,0.2,10,c40c446d67677ec9cd52894674fdbe8fd0fcc99a53d29111368043c09db08409
1945,T13307,Diverse Scientific and Engineering Research,0.010526315789473684,review,Computational Mechanics,0.0,Organizational Behavior and Human Resource Management,0.2,10,c40c446d67677ec9cd52894674fdbe8fd0fcc99a53d29111368043c09db08409
1946,T13313,Dupuytren's Contracture and Treatments,0.010526315789473684,review,Rheumatology,0.0,Infectious Diseases,0.2,10,c40c446d67677ec9cd52894674fdbe8fd0fcc99a53d29111368043c09db08409
1947,T13342,Art History and Market Analysis,0.010526315789473684,review,Visual Arts and Performing Arts,0.0,Management Science and Operations Research,0.2,10,c40c446d67677ec9cd52894674fdbe8fd0fcc99a53d29111368043c09db08409
1948,T13365,Medical and Biological Ozone Research,0.010526315789473684,review,Pharmacology,0.0,Physiology,0.2,10,c40c446d67677ec9cd52894674fdbe8fd0fcc99a53d29111368043c09db08409
1949,T13374,Hematological disorders and diagnostics,0.010526315789473684,review,Emergency Medicine,0.0,Physiology,0.2,10,c40c446d67677ec9cd52894674fdbe8fd0fcc99a53d29111368043c09db08409
1950,T13390,Cultural and Social Dynamics,0.010526315789473684,review,Plant Science,0.0,Global and Planetary Change,0.2,10,c40c446d67677ec9cd52894674fdbe8fd0fcc99a53d29111368043c09db08409
1951,T13410,Immune responses and vaccinations,0.010526315789473684,review,Immunology,0.0,Molecular Biology,0.2,10,c40c446d67677ec9cd52894674fdbe8fd0fcc99a53d29111368043c09db08409
1952,T13423,Social Policies and Healthcare Reform,0.010526315789473684,review,General Health Professions,0.0,Sociology and Political Science,0.2,10,c40c446d67677ec9cd52894674fdbe8fd0fcc99a53d29111368043c09db08409
1953,T13467,Drug-Induced Ocular Toxicity,0.010526315789473684,review,Ophthalmology,0.0,"Radiology, Nuclear Medicine and Imaging",0.6666666666666666,3,c40c446d67677ec9cd52894674fdbe8fd0fcc99a53d29111368043c09db08409
1954,T13487,Statistical and numerical algorithms,0.010526315789473684,review,Applied Mathematics,0.0,Electrical and Electronic Engineering,0.2,10,c40c446d67677ec9cd52894674fdbe8fd0fcc99a53d29111368043c09db08409
1955,T13492,"Science, Technology, and Education in Latin America",0.010526315789473684,review,Demography,0.0,Sociology and Political Science,0.2,10,c40c446d67677ec9cd52894674fdbe8fd0fcc99a53d29111368043c09db08409
1956,T13500,Probability and Statistical Research,0.010526315789473684,review,Statistics and Probability,0.0,Artificial Intelligence,0.2,10,c40c446d67677ec9cd52894674fdbe8fd0fcc99a53d29111368043c09db08409
1957,T13539,thermodynamics and calorimetric analyses,0.010526315789473684,review,Physical and Theoretical Chemistry,0.0,Molecular Biology,0.2,10,c40c446d67677ec9cd52894674fdbe8fd0fcc99a53d29111368043c09db08409
1958,T13548,Environmental and biological studies,0.010526315789473684,review,Ecology,0.0,Plant Science,0.2,10,c40c446d67677ec9cd52894674fdbe8fd0fcc99a53d29111368043c09db08409
1959,T13568,Wood and Agarwood Research,0.010526315789473684,review,Organic Chemistry,0.0,Plant Science,0.6666666666666666,3,c40c446d67677ec9cd52894674fdbe8fd0fcc99a53d29111368043c09db08409
1960,T13583,Jury Decision Making Processes,0.010526315789473684,review,Law,0.0,Management Science and Operations Research,0.2,10,c40c446d67677ec9cd52894674fdbe8fd0fcc99a53d29111368043c09db08409
1961,T13588,Regional resilience and development,0.010526315789473684,review,Economics and Econometrics,0.0,Genetics,0.2,10,c40c446d67677ec9cd52894674fdbe8fd0fcc99a53d29111368043c09db08409
1962,T13594,Healthcare innovation and challenges,0.010526315789473684,review,Education,0.0,Sociology and Political Science,0.2,10,c40c446d67677ec9cd52894674fdbe8fd0fcc99a53d29111368043c09db08409
1963,T13600,Science Education and Perceptions,0.010526315789473684,review,Developmental and Educational Psychology,0.0,Education,0.6666666666666666,3,c40c446d67677ec9cd52894674fdbe8fd0fcc99a53d29111368043c09db08409
1964,T13624,Social Sciences and Policies,0.010526315789473684,review,General Social Sciences,0.0,Political Science and International Relations,0.2,10,c40c446d67677ec9cd52894674fdbe8fd0fcc99a53d29111368043c09db08409
1965,T13679,Tardigrade Biology and Ecology,0.010526315789473684,review,"Ecology, Evolution, Behavior and Systematics",0.0,Physiology,0.2,10,c40c446d67677ec9cd52894674fdbe8fd0fcc99a53d29111368043c09db08409
1966,T13699,Public Spaces through Art,0.010526315789473684,review,Urban Studies,0.0,Sociology and Political Science,0.2,10,c40c446d67677ec9cd52894674fdbe8fd0fcc99a53d29111368043c09db08409
1967,T13713,Diverse Perspectives in Modern Studies,0.010526315789473684,review,Economics and Econometrics,0.0,Sociology and Political Science,0.2,10,c40c446d67677ec9cd52894674fdbe8fd0fcc99a53d29111368043c09db08409
1968,T13720,Benford’s Law and Fraud Detection,0.010526315789473684,review,Statistics and Probability,0.0,Artificial Intelligence,0.2,10,c40c446d67677ec9cd52894674fdbe8fd0fcc99a53d29111368043c09db08409
1969,T13746,Mechanical Systems and Engineering,0.010526315789473684,review,"Renewable Energy, Sustainability and the Environment",0.08181818181818182,Electrical and Electronic Engineering,0.24545454545454545,10,c40c446d67677ec9cd52894674fdbe8fd0fcc99a53d29111368043c09db08409
1970,T13808,Construction Engineering and Safety,0.010526315789473684,review,Civil and Structural Engineering,0.25,Mechanical Engineering,0.5,8,c40c446d67677ec9cd52894674fdbe8fd0fcc99a53d29111368043c09db08409
1971,T13810,Legal Systems and Institutions,0.010526315789473684,review,Strategy and Management,0.0,Sociology and Political Science,0.2,10,c40c446d67677ec9cd52894674fdbe8fd0fcc99a53d29111368043c09db08409
1972,T13822,Indigenous Health and Education,0.010526315789473684,review,General Health Professions,0.0,Epidemiology,0.2,10,c40c446d67677ec9cd52894674fdbe8fd0fcc99a53d29111368043c09db08409
1973,T13841,Psychology of Social Influence,0.010526315789473684,review,Sociology and Political Science,0.0,Gender Studies,0.2,10,c40c446d67677ec9cd52894674fdbe8fd0fcc99a53d29111368043c09db08409
1974,T13852,Seismic and Structural Analysis of Tall Buildings,0.010526315789473684,review,Civil and Structural Engineering,0.0,Global and Planetary Change,0.2,10,c40c446d67677ec9cd52894674fdbe8fd0fcc99a53d29111368043c09db08409
1975,T13858,Technical Engine Diagnostics and Monitoring,0.010526315789473684,review,Automotive Engineering,0.0,Plant Science,0.2,10,c40c446d67677ec9cd52894674fdbe8fd0fcc99a53d29111368043c09db08409
1976,T13882,Research studies in Vietnam,0.010526315789473684,review,Ecology,0.0,Plant Science,0.2,10,c40c446d67677ec9cd52894674fdbe8fd0fcc99a53d29111368043c09db08409
1977,T13886,Operations Management Techniques,0.010526315789473684,review,Management Science and Operations Research,0.0,Organizational Behavior and Human Resource Management,0.2,10,c40c446d67677ec9cd52894674fdbe8fd0fcc99a53d29111368043c09db08409
1978,T13916,Environmental Policies and Emissions,0.010526315789473684,review,Pollution,0.0,Water Science and Technology,0.6666666666666666,3,c40c446d67677ec9cd52894674fdbe8fd0fcc99a53d29111368043c09db08409
1979,T13923,Nuclear and radioactivity studies,0.010526315789473684,review,"Safety, Risk, Reliability and Quality",0.125,Mechanical Engineering,0.375,8,c40c446d67677ec9cd52894674fdbe8fd0fcc99a53d29111368043c09db08409
1980,T13954,Aerospace Engineering and Applications,0.010526315789473684,review,Control and Systems Engineering,0.2,Computer Vision and Pattern Recognition,0.4,10,c40c446d67677ec9cd52894674fdbe8fd0fcc99a53d29111368043c09db08409
1981,T14056,Safety Warnings and Signage,0.010526315789473684,review,Social Psychology,0.0,Neurology,0.2,10,c40c446d67677ec9cd52894674fdbe8fd0fcc99a53d29111368043c09db08409
1982,T14097,Chemistry Education and Research,0.010526315789473684,review,Education,0.0,Industrial and Manufacturing Engineering,0.2,10,c40c446d67677ec9cd52894674fdbe8fd0fcc99a53d29111368043c09db08409
1983,T14101,Financial Crisis of the 21st Century,0.010526315789473684,review,Finance,0.0,Economics and Econometrics,0.2,10,c40c446d67677ec9cd52894674fdbe8fd0fcc99a53d29111368043c09db08409
1984,T14115,Legal processes and jurisprudence,0.010526315789473684,review,Law,0.3,Political Science and International Relations,0.5,10,c40c446d67677ec9cd52894674fdbe8fd0fcc99a53d29111368043c09db08409
1985,T14116,Aviation History and Innovations,0.010526315789473684,review,History and Philosophy of Science,0.0,Literature and Literary Theory,0.2,10,c40c446d67677ec9cd52894674fdbe8fd0fcc99a53d29111368043c09db08409
1986,T14118,Social and Demographic Issues in Germany,0.010526315789473684,review,General Health Professions,0.08181818181818182,Sociology and Political Science,0.24545454545454545,10,c40c446d67677ec9cd52894674fdbe8fd0fcc99a53d29111368043c09db08409
1987,T14126,Intramuscular injections and effects,0.010526315789473684,review,Emergency Medicine,0.0,Surgery,0.2,10,c40c446d67677ec9cd52894674fdbe8fd0fcc99a53d29111368043c09db08409
1988,T14210,Historical and Linguistic Studies,0.010526315789473684,review,Sociology and Political Science,0.0,History,0.4,5,c40c446d67677ec9cd52894674fdbe8fd0fcc99a53d29111368043c09db08409
1989,T14275,Historical Medical Research and Treatments,0.010526315789473684,review,"Radiology, Nuclear Medicine and Imaging",0.0,Pulmonary and Respiratory Medicine,0.2,10,c40c446d67677ec9cd52894674fdbe8fd0fcc99a53d29111368043c09db08409
1990,T14306,Technology Assessment and Management,0.010526315789473684,review,"Safety, Risk, Reliability and Quality",0.0,Plant Science,0.2,10,c40c446d67677ec9cd52894674fdbe8fd0fcc99a53d29111368043c09db08409
1991,T14320,Optics and Image Analysis,0.010526315789473684,review,Management Information Systems,0.0,Information Systems,0.6666666666666666,3,c40c446d67677ec9cd52894674fdbe8fd0fcc99a53d29111368043c09db08409
1992,T14339,Image Processing and 3D Reconstruction,0.010526315789473684,review,Computer Vision and Pattern Recognition,0.0,Surgery,0.2,10,c40c446d67677ec9cd52894674fdbe8fd0fcc99a53d29111368043c09db08409
1993,T14374,Statistical Methods in Epidemiology,0.010526315789473684,review,Statistics and Probability,0.0,Clinical Psychology,0.2,10,c40c446d67677ec9cd52894674fdbe8fd0fcc99a53d29111368043c09db08409
1994,T14443,"COVID-19, Geopolitics, Technology, Migration",0.010526315789473684,review,Political Science and International Relations,0.0,Strategy and Management,0.2,10,c40c446d67677ec9cd52894674fdbe8fd0fcc99a53d29111368043c09db08409
1995,T14472,Environmental and Cultural Studies in Latin America and Beyond,0.010526315789473684,review,Ecology,0.0,Global and Planetary Change,0.2,10,c40c446d67677ec9cd52894674fdbe8fd0fcc99a53d29111368043c09db08409
1996,T14499,Livestock Farming and Management,0.010526315789473684,review,Agronomy and Crop Science,0.0,Plant Science,0.2,10,c40c446d67677ec9cd52894674fdbe8fd0fcc99a53d29111368043c09db08409
1997,T10049,Magnetic properties of thin films,0.010526315789473682,review,"Atomic and Molecular Physics, and Optics",0.1,Materials Chemistry,0.3,10,c40c446d67677ec9cd52894674fdbe8fd0fcc99a53d29111368043c09db08409
1998,T10054,Parallel Computing and Optimization Techniques,0.010526315789473682,review,Hardware and Architecture,0.0,Artificial Intelligence,0.2222222222222222,9,c40c446d67677ec9cd52894674fdbe8fd0fcc99a53d29111368043c09db08409
1999,T10089,Avian ecology and behavior,0.010526315789473682,review,Ecology,0.1,Global and Planetary Change,0.3,10,c40c446d67677ec9cd52894674fdbe8fd0fcc99a53d29111368043c09db08409
2000,T10260,Software Engineering Research,0.010526315789473682,review,Information Systems,0.1,Artificial Intelligence,0.3,10,c40c446d67677ec9cd52894674fdbe8fd0fcc99a53d29111368043c09db08409
2001,T10288,Fractional Differential Equations Solutions,0.010526315789473682,review,Modeling and Simulation,0.0,Mathematical Physics,0.2857142857142857,7,c40c446d67677ec9cd52894674fdbe8fd0fcc99a53d29111368043c09db08409
2002,T10305,Power System Optimization and Stability,0.010526315789473682,review,Electrical and Electronic Engineering,0.1,Control and Systems Engineering,0.3,10,c40c446d67677ec9cd52894674fdbe8fd0fcc99a53d29111368043c09db08409
2003,T10346,Magnetic confinement fusion research,0.010526315789473682,review,Nuclear and High Energy Physics,0.0,Industrial and Manufacturing Engineering,0.2857142857142857,7,c40c446d67677ec9cd52894674fdbe8fd0fcc99a53d29111368043c09db08409
2004,T10476,Algal biology and biofuel production,0.010526315789473682,review,"Renewable Energy, Sustainability and the Environment",0.0,Plant Science,0.2857142857142857,7,c40c446d67677ec9cd52894674fdbe8fd0fcc99a53d29111368043c09db08409
2005,T10478,Diamond and Carbon-based Materials Research,0.010526315789473682,review,Materials Chemistry,0.1,Biomaterials,0.3,10,c40c446d67677ec9cd52894674fdbe8fd0fcc99a53d29111368043c09db08409
2006,T10500,Sparse and Compressive Sensing Techniques,0.010526315789473682,review,Computational Mechanics,0.0,Computer Vision and Pattern Recognition,0.2222222222222222,9,c40c446d67677ec9cd52894674fdbe8fd0fcc99a53d29111368043c09db08409
2007,T10525,Human-Automation Interaction and Safety,0.010526315789473682,review,Social Psychology,0.1,Sociology and Political Science,0.3,10,c40c446d67677ec9cd52894674fdbe8fd0fcc99a53d29111368043c09db08409
2008,T10573,Power Quality and Harmonics,0.010526315789473682,review,Electrical and Electronic Engineering,0.1,Control and Systems Engineering,0.3,10,c40c446d67677ec9cd52894674fdbe8fd0fcc99a53d29111368043c09db08409
2009,T10581,Neural dynamics and brain function,0.010526315789473682,review,Cognitive Neuroscience,0.0,Computer Networks and Communications,0.2857142857142857,7,c40c446d67677ec9cd52894674fdbe8fd0fcc99a53d29111368043c09db08409
2010,T10626,High-Temperature Coating Behaviors,0.010526315789473682,review,Aerospace Engineering,0.1,Materials Chemistry,0.3,10,c40c446d67677ec9cd52894674fdbe8fd0fcc99a53d29111368043c09db08409
2011,T10757,Geographic Information Systems Studies,0.010526315789473682,review,"Geography, Planning and Development",0.0,Artificial Intelligence,0.2857142857142857,7,c40c446d67677ec9cd52894674fdbe8fd0fcc99a53d29111368043c09db08409
2012,T10798,Crystallography and molecular interactions,0.010526315789473682,review,Physical and Theoretical Chemistry,0.1,Organic Chemistry,0.3,10,c40c446d67677ec9cd52894674fdbe8fd0fcc99a53d29111368043c09db08409
2013,T10822,Acoustic Wave Phenomena Research,0.010526315789473682,review,Biomedical Engineering,0.1111111111111111,Mechanics of Materials,0.3333333333333333,9,c40c446d67677ec9cd52894674fdbe8fd0fcc99a53d29111368043c09db08409
2014,T10858,Clinical Nutrition and Gastroenterology,0.010526315789473682,review,Nutrition and Dietetics,0.0,Critical Care and Intensive Care Medicine,0.2222222222222222,9,c40c446d67677ec9cd52894674fdbe8fd0fcc99a53d29111368043c09db08409
2015,T10863,Voice and Speech Disorders,0.010526315789473682,review,Physiology,0.14285714285714285,Neurology,0.42857142857142855,7,c40c446d67677ec9cd52894674fdbe8fd0fcc99a53d29111368043c09db08409
2016,T10889,Soil erosion and sediment transport,0.010526315789473682,review,Soil Science,0.1,Global and Planetary Change,0.3,10,c40c446d67677ec9cd52894674fdbe8fd0fcc99a53d29111368043c09db08409
2017,T10904,Embedded Systems Design Techniques,0.010526315789473682,review,Hardware and Architecture,0.1232876712328767,Electrical and Electronic Engineering,0.3698630136986301,7,c40c446d67677ec9cd52894674fdbe8fd0fcc99a53d29111368043c09db08409
2018,T10923,Force Microscopy Techniques and Applications,0.010526315789473682,review,"Atomic and Molecular Physics, and Optics",0.0,Electrical and Electronic Engineering,0.2222222222222222,9,c40c446d67677ec9cd52894674fdbe8fd0fcc99a53d29111368043c09db08409
2019,T10949,Genetic Neurodegenerative Diseases,0.010526315789473682,review,Cellular and Molecular Neuroscience,0.1,Molecular Biology,0.3,10,c40c446d67677ec9cd52894674fdbe8fd0fcc99a53d29111368043c09db08409
2020,T11123,Obsessive-Compulsive Spectrum Disorders,0.010526315789473682,review,Clinical Psychology,0.1,Neurology,0.3,10,c40c446d67677ec9cd52894674fdbe8fd0fcc99a53d29111368043c09db08409
2021,T11221,Bone health and treatments,0.010526315789473682,review,Oncology,0.1,Pulmonary and Respiratory Medicine,0.3,10,c40c446d67677ec9cd52894674fdbe8fd0fcc99a53d29111368043c09db08409
2022,T11236,Control Systems and Identification,0.010526315789473682,review,Control and Systems Engineering,0.1,Statistics and Probability,0.3,10,c40c446d67677ec9cd52894674fdbe8fd0fcc99a53d29111368043c09db08409
2023,T11260,Tracheal and airway disorders,0.010526315789473682,review,Pulmonary and Respiratory Medicine,0.1,Biomaterials,0.3,10,c40c446d67677ec9cd52894674fdbe8fd0fcc99a53d29111368043c09db08409
2024,T11272,Nanowire Synthesis and Applications,0.010526315789473682,review,Biomedical Engineering,0.1,"Renewable Energy, Sustainability and the Environment",0.3,10,c40c446d67677ec9cd52894674fdbe8fd0fcc99a53d29111368043c09db08409
2025,T11404,Irrigation Practices and Water Management,0.010526315789473682,review,Soil Science,0.1,Plant Science,0.3,10,c40c446d67677ec9cd52894674fdbe8fd0fcc99a53d29111368043c09db08409
2026,T11406,Cerebrospinal fluid and hydrocephalus,0.010526315789473682,review,Cellular and Molecular Neuroscience,0.1,Neurology,0.3,10,c40c446d67677ec9cd52894674fdbe8fd0fcc99a53d29111368043c09db08409
2027,T11505,Reproductive biology and impacts on aquatic species,0.010526315789473682,review,Physiology,0.0,Political Science and International Relations,0.2857142857142857,7,c40c446d67677ec9cd52894674fdbe8fd0fcc99a53d29111368043c09db08409
2028,T11599,Aviation Industry Analysis and Trends,0.010526315789473682,review,"General Economics, Econometrics and Finance",0.1,Sociology and Political Science,0.3,10,c40c446d67677ec9cd52894674fdbe8fd0fcc99a53d29111368043c09db08409
2029,T11704,Mobile Crowdsensing and Crowdsourcing,0.010526315789473682,review,Computer Science Applications,0.1,Sociology and Political Science,0.3,10,c40c446d67677ec9cd52894674fdbe8fd0fcc99a53d29111368043c09db08409
2030,T11720,Probability and Risk Models,0.010526315789473682,review,Management Science and Operations Research,0.0,Aerospace Engineering,0.2222222222222222,9,c40c446d67677ec9cd52894674fdbe8fd0fcc99a53d29111368043c09db08409
2031,T11727,Advanced Algebra and Logic,0.010526315789473682,review,Computational Theory and Mathematics,0.0,Artificial Intelligence,0.2222222222222222,9,c40c446d67677ec9cd52894674fdbe8fd0fcc99a53d29111368043c09db08409
2032,T11737,Advanced Materials and Mechanics,0.010526315789473682,review,Mechanical Engineering,0.1,Biomedical Engineering,0.3,10,c40c446d67677ec9cd52894674fdbe8fd0fcc99a53d29111368043c09db08409
2033,T11767,Poxvirus research and outbreaks,0.010526315789473682,review,Virology,0.0,Infectious Diseases,0.2857142857142857,7,c40c446d67677ec9cd52894674fdbe8fd0fcc99a53d29111368043c09db08409
2034,T11786,Geomagnetism and Paleomagnetism Studies,0.010526315789473682,review,Molecular Biology,0.0,Materials Chemistry,0.2857142857142857,7,c40c446d67677ec9cd52894674fdbe8fd0fcc99a53d29111368043c09db08409
2035,T11821,Odor and Emission Control Technologies,0.010526315789473682,review,Process Chemistry and Technology,0.0,Environmental Chemistry,0.2857142857142857,7,c40c446d67677ec9cd52894674fdbe8fd0fcc99a53d29111368043c09db08409
2036,T11847,Recycled Aggregate Concrete Performance,0.010526315789473682,review,Building and Construction,0.1,Mechanical Engineering,0.3,10,c40c446d67677ec9cd52894674fdbe8fd0fcc99a53d29111368043c09db08409
2037,T11870,Structural Analysis and Optimization,0.010526315789473682,review,Civil and Structural Engineering,0.1,Mechanics of Materials,0.3,10,c40c446d67677ec9cd52894674fdbe8fd0fcc99a53d29111368043c09db08409
2038,T11894,Radiology practices and education,0.010526315789473682,review,"Radiology, Nuclear Medicine and Imaging",0.1111111111111111,General Health Professions,0.3333333333333333,9,c40c446d67677ec9cd52894674fdbe8fd0fcc99a53d29111368043c09db08409
2039,T11939,Public-Private Partnership Projects,0.010526315789473682,review,Strategy and Management,0.0,Political Science and International Relations,0.2857142857142857,7,c40c446d67677ec9cd52894674fdbe8fd0fcc99a53d29111368043c09db08409
2040,T11949,Nuclear Physics and Applications,0.010526315789473682,review,Radiation,0.1,Molecular Biology,0.3,10,c40c446d67677ec9cd52894674fdbe8fd0fcc99a53d29111368043c09db08409
2041,T11953,"Neuroethics, Human Enhancement, Biomedical Innovations",0.010526315789473682,review,Cognitive Neuroscience,0.0,Complementary and alternative medicine,0.2222222222222222,9,c40c446d67677ec9cd52894674fdbe8fd0fcc99a53d29111368043c09db08409
2042,T12302,Advanced Nanomaterials in Catalysis,0.010526315789473682,review,Materials Chemistry,0.1,Biomaterials,0.3,10,c40c446d67677ec9cd52894674fdbe8fd0fcc99a53d29111368043c09db08409
2043,T12305,Cassava research and cyanide,0.010526315789473682,review,Plant Science,0.0,Molecular Biology,0.2857142857142857,7,c40c446d67677ec9cd52894674fdbe8fd0fcc99a53d29111368043c09db08409
2044,T12400,Neurogenetic and Muscular Disorders Research,0.010526315789473682,review,Genetics,0.0,Neurology,0.2222222222222222,9,c40c446d67677ec9cd52894674fdbe8fd0fcc99a53d29111368043c09db08409
2045,T12415,Employer Branding and e-HRM,0.010526315789473682,review,Organizational Behavior and Human Resource Management,0.1,Sociology and Political Science,0.3,10,c40c446d67677ec9cd52894674fdbe8fd0fcc99a53d29111368043c09db08409
2046,T12443,Delphi Technique in Research,0.010526315789473682,review,Sociology and Political Science,0.0,Environmental Engineering,0.2857142857142857,7,c40c446d67677ec9cd52894674fdbe8fd0fcc99a53d29111368043c09db08409
2047,T12677,Sports Dynamics and Biomechanics,0.010526315789473682,review,Biomedical Engineering,0.0,"Public Health, Environmental and Occupational Health",0.2857142857142857,7,c40c446d67677ec9cd52894674fdbe8fd0fcc99a53d29111368043c09db08409
2048,T12690,Cross-Border Cooperation and Integration,0.010526315789473682,review,Political Science and International Relations,0.1,Urban Studies,0.3,10,c40c446d67677ec9cd52894674fdbe8fd0fcc99a53d29111368043c09db08409
2049,T12719,Aerospace Engineering and Energy Systems,0.010526315789473682,review,Aerospace Engineering,0.1,Control and Systems Engineering,0.3,10,c40c446d67677ec9cd52894674fdbe8fd0fcc99a53d29111368043c09db08409
2050,T12806,Ocean Acidification Effects and Responses,0.010526315789473682,review,Oceanography,0.1,Ecology,0.3,10,c40c446d67677ec9cd52894674fdbe8fd0fcc99a53d29111368043c09db08409
2051,T12832,Biocrusts and Microbial Ecology,0.010526315789473682,review,"Ecology, Evolution, Behavior and Systematics",0.1,Ecology,0.3,10,c40c446d67677ec9cd52894674fdbe8fd0fcc99a53d29111368043c09db08409
2052,T12870,Seedling growth and survival studies,0.010526315789473682,review,Nature and Landscape Conservation,0.0,Ecology,0.2857142857142857,7,c40c446d67677ec9cd52894674fdbe8fd0fcc99a53d29111368043c09db08409
2053,T12878,Pharmaceutical Quality and Counterfeiting,0.010526315789473682,review,"Public Health, Environmental and Occupational Health",0.0,Physiology,0.2857142857142857,7,c40c446d67677ec9cd52894674fdbe8fd0fcc99a53d29111368043c09db08409
2054,T12908,"Media, Gender, and Advertising",0.010526315789473682,review,Gender Studies,0.1,Sociology and Political Science,0.3,10,c40c446d67677ec9cd52894674fdbe8fd0fcc99a53d29111368043c09db08409
2055,T12929,Animal Genetics and Reproduction,0.010526315789473682,review,Genetics,0.1,Molecular Biology,0.3,10,c40c446d67677ec9cd52894674fdbe8fd0fcc99a53d29111368043c09db08409
2056,T13072,Contemporary Christian Leadership and Education,0.010526315789473682,review,Religious studies,0.1,Education,0.3,10,c40c446d67677ec9cd52894674fdbe8fd0fcc99a53d29111368043c09db08409
2057,T13129,Material Properties and Applications,0.010526315789473682,review,General Materials Science,0.0,Biomedical Engineering,0.2222222222222222,9,c40c446d67677ec9cd52894674fdbe8fd0fcc99a53d29111368043c09db08409
2058,T13261,Elasticity and Wave Propagation,0.010526315789473682,review,Mechanics of Materials,0.1,"Renewable Energy, Sustainability and the Environment",0.3,10,c40c446d67677ec9cd52894674fdbe8fd0fcc99a53d29111368043c09db08409
2059,T13263,Building energy efficiency and sustainability,0.010526315789473682,review,Building and Construction,0.1,Electrical and Electronic Engineering,0.3,10,c40c446d67677ec9cd52894674fdbe8fd0fcc99a53d29111368043c09db08409
2060,T13357,Property Rights and Legal Doctrine,0.010526315789473682,review,Law,0.1,Economics and Econometrics,0.3,10,c40c446d67677ec9cd52894674fdbe8fd0fcc99a53d29111368043c09db08409
2061,T13439,Transport and Economic Policies,0.010526315789473682,review,Strategy and Management,0.1,Electrical and Electronic Engineering,0.3,10,c40c446d67677ec9cd52894674fdbe8fd0fcc99a53d29111368043c09db08409
2062,T13443,Mineralogy and Gemology Studies,0.010526315789473682,review,Geochemistry and Petrology,0.1111111111111111,Materials Chemistry,0.3333333333333333,9,c40c446d67677ec9cd52894674fdbe8fd0fcc99a53d29111368043c09db08409
2063,T13576,"Cyprus History, Politics, Society",0.010526315789473682,review,Sociology and Political Science,0.1,Political Science and International Relations,0.3,10,c40c446d67677ec9cd52894674fdbe8fd0fcc99a53d29111368043c09db08409
2064,T13591,Pasture and Agricultural Systems,0.010526315789473682,review,Forestry,0.0,Ecology,0.2222222222222222,9,c40c446d67677ec9cd52894674fdbe8fd0fcc99a53d29111368043c09db08409
2065,T13716,Communication Studies and Media,0.010526315789473682,review,Communication,0.1,Sociology and Political Science,0.3,10,c40c446d67677ec9cd52894674fdbe8fd0fcc99a53d29111368043c09db08409
2066,T13801,Urban Arborization and Environmental Studies,0.010526315789473682,review,"Management, Monitoring, Policy and Law",0.1,Global and Planetary Change,0.3,10,c40c446d67677ec9cd52894674fdbe8fd0fcc99a53d29111368043c09db08409
2067,T14117,Integrated Circuits and Semiconductor Failure Analysis,0.010526315789473682,review,Electrical and Electronic Engineering,0.2222222222222222,Mechanical Engineering,0.4444444444444444,9,c40c446d67677ec9cd52894674fdbe8fd0fcc99a53d29111368043c09db08409
2068,T14230,Occupational and Professional Licensing Regulation,0.010526315789473682,review,Economics and Econometrics,0.1,Sociology and Political Science,0.3,10,c40c446d67677ec9cd52894674fdbe8fd0fcc99a53d29111368043c09db08409
2069,T14362,Diverse Legal and Medical Studies,0.010526315789473682,review,Strategy and Management,0.1,Accounting,0.3,10,c40c446d67677ec9cd52894674fdbe8fd0fcc99a53d29111368043c09db08409
2070,T14437,Ethics and Legal Issues in Pediatric Healthcare,0.010526315789473682,review,"Pediatrics, Perinatology and Child Health",0.1,Sociology and Political Science,0.3,10,c40c446d67677ec9cd52894674fdbe8fd0fcc99a53d29111368043c09db08409
2071,T14488,Chemical and Physical Studies,0.010526315789473682,review,Biophysics,0.0,Organic Chemistry,0.2222222222222222,9,c40c446d67677ec9cd52894674fdbe8fd0fcc99a53d29111368043c09db08409
2072,T13508,Agricultural Economics and Practices,0.010294117647058829,review,General Agricultural and Biological Sciences,0.12142857142857141,Economics and Econometrics,0.17142857142857143,10,c40c446d67677ec9cd52894674fdbe8fd0fcc99a53d29111368043c09db08409
2073,T14345,Scientific Research and Philosophical Inquiry,0.010294117647058827,review,Information Systems,0.1654054054054054,Education,0.23351351351351354,10,c40c446d67677ec9cd52894674fdbe8fd0fcc99a53d29111368043c09db08409
2074,T12915,Biochemical Acid Research Studies,0.010294117647058825,review,Biochemistry,0.14502369668246445,Clinical Biochemistry,0.204739336492891,10,c40c446d67677ec9cd52894674fdbe8fd0fcc99a53d29111368043c09db08409
2075,T10379,Cellular Mechanics and Interactions,0.009941520467836256,review,Cell Biology,0.14484304932735426,Molecular Biology,0.27443946188340806,10,c40c446d67677ec9cd52894674fdbe8fd0fcc99a53d29111368043c09db08409
2076,T10553,Combustion and flame dynamics,0.009941520467836256,review,Computational Mechanics,0.17272727272727273,Mechanical Engineering,0.32727272727272727,10,c40c446d67677ec9cd52894674fdbe8fd0fcc99a53d29111368043c09db08409
2077,T10903,Porphyrin and Phthalocyanine Chemistry,0.009941520467836256,review,Materials Chemistry,0.28,Organic Chemistry,0.45,10,c40c446d67677ec9cd52894674fdbe8fd0fcc99a53d29111368043c09db08409
2078,T12761,Data Stream Mining Techniques,0.009941520467836256,review,Artificial Intelligence,0.19,Education,0.36,10,c40c446d67677ec9cd52894674fdbe8fd0fcc99a53d29111368043c09db08409
2079,T13139,Polish Legal and Social Issues,0.009941520467836256,review,Law,0.17272727272727273,Political Science and International Relations,0.32727272727272727,10,c40c446d67677ec9cd52894674fdbe8fd0fcc99a53d29111368043c09db08409
2080,T13189,Physical Education and Training Studies,0.009941520467836256,review,"Physical Therapy, Sports Therapy and Rehabilitation",0.15833333333333333,Clinical Psychology,0.3,10,c40c446d67677ec9cd52894674fdbe8fd0fcc99a53d29111368043c09db08409
2081,T13336,Religious Freedom and Discrimination,0.009941520467836256,review,Law,0.17272727272727273,Sociology and Political Science,0.32727272727272727,10,c40c446d67677ec9cd52894674fdbe8fd0fcc99a53d29111368043c09db08409
2082,T14050,Forest Ecology and Conservation,0.009838321293429653,review,Forestry,0.21375000000000002,Plant Science,0.3329166666666667,10,c40c446d67677ec9cd52894674fdbe8fd0fcc99a53d29111368043c09db08409
2083,T10011,"Literature: history, themes, analysis",0.009523809523809509,review,Literature and Literary Theory,0.2916666666666667,Cultural Studies,0.3194444444444444,10,c40c446d67677ec9cd52894674fdbe8fd0fcc99a53d29111368043c09db08409
2084,T13837,Diverse Cultural and Social Studies,0.009313725490196089,review,Literature and Literary Theory,0.23798627002288328,Sociology and Political Science,0.28146453089244855,10,c40c446d67677ec9cd52894674fdbe8fd0fcc99a53d29111368043c09db08409
2085,T12964,"Diet, Metabolism, and Disease",0.009313725490196085,review,"Endocrinology, Diabetes and Metabolism",0.19136960600375233,Epidemiology,0.24484052532833023,10,c40c446d67677ec9cd52894674fdbe8fd0fcc99a53d29111368043c09db08409
2086,T11855,Gastrointestinal disorders and treatments,0.009313725490196084,review,Surgery,0.16707616707616707,Epidemiology,0.21375921375921378,10,c40c446d67677ec9cd52894674fdbe8fd0fcc99a53d29111368043c09db08409
2087,T13119,Philosophy and Social Theory,0.008333333333333328,review,Sociology and Political Science,0.27655310621242485,Literature and Literary Theory,0.3106212424849699,10,c40c446d67677ec9cd52894674fdbe8fd0fcc99a53d29111368043c09db08409
2088,T13179,"Literature, Culture, and Criticism",0.008333333333333326,review,Literature and Literary Theory,0.29032258064516125,Cultural Studies,0.32258064516129026,10,c40c446d67677ec9cd52894674fdbe8fd0fcc99a53d29111368043c09db08409
2089,T13626,Educational and Organizational Development,0.007563025210084029,review,Organizational Behavior and Human Resource Management,0.2625,Strategy and Management,0.3,10,c40c446d67677ec9cd52894674fdbe8fd0fcc99a53d29111368043c09db08409
2090,T11088,Marine Bivalve and Aquaculture Studies,0.007352941176470592,review,Global and Planetary Change,0.17512437810945272,"Ecology, Evolution, Behavior and Systematics",0.21990049751243781,10,c40c446d67677ec9cd52894674fdbe8fd0fcc99a53d29111368043c09db08409
2091,T11318,Phytoestrogen effects and research,0.007352941176470591,review,Pathology and Forensic Medicine,0.22756039469207212,Nutrition and Dietetics,0.2857434501531133,10,c40c446d67677ec9cd52894674fdbe8fd0fcc99a53d29111368043c09db08409
2092,T14442,Historical Studies in Science,0.007142857142857144,review,History and Philosophy of Science,0.16864149903554698,Visual Arts and Performing Arts,0.1967484155414715,10,c40c446d67677ec9cd52894674fdbe8fd0fcc99a53d29111368043c09db08409
2093,T12986,Administrative Law and Governance,0.007120743034055734,review,Political Science and International Relations,0.34744525547445254,Law,0.42299270072992706,10,c40c446d67677ec9cd52894674fdbe8fd0fcc99a53d29111368043c09db08409
2094,T11333,Climate change and permafrost,0.006535947712418307,review,Atmospheric Science,0.31089494163424125,Ecology,0.3848249027237355,10,c40c446d67677ec9cd52894674fdbe8fd0fcc99a53d29111368043c09db08409
2095,T13893,Sustainable Development and Policies,0.006535947712418307,review,"Management, Monitoring, Policy and Law",0.176,"Renewable Energy, Sustainability and the Environment",0.21600000000000003,10,c40c446d67677ec9cd52894674fdbe8fd0fcc99a53d29111368043c09db08409
2096,T11411,Tea Polyphenols and Effects,0.006535947712418305,review,Pathology and Forensic Medicine,0.19027027027027027,Nutrition and Dietetics,0.23351351351351354,10,c40c446d67677ec9cd52894674fdbe8fd0fcc99a53d29111368043c09db08409
2097,T14009,Ecology and Conservation Studies,0.006535947712418305,review,Plant Science,0.2383177570093458,Ecology,0.28504672897196265,10,c40c446d67677ec9cd52894674fdbe8fd0fcc99a53d29111368043c09db08409
2098,T12721,Moringa oleifera research and applications,0.0065359477124183035,review,Plant Science,0.17372262773722627,Complementary and alternative medicine,0.24306569343065695,10,c40c446d67677ec9cd52894674fdbe8fd0fcc99a53d29111368043c09db08409
2099,T13747,Sociopolitical Dynamics in Russia,0.0065359477124183035,review,Sociology and Political Science,0.18333333333333332,Cultural Studies,0.225,10,c40c446d67677ec9cd52894674fdbe8fd0fcc99a53d29111368043c09db08409
2100,T13300,Contemporary Social and Educational Issues,0.006535947712418303,review,Sociology and Political Science,0.16221198156682026,Literature and Literary Theory,0.19907834101382488,10,c40c446d67677ec9cd52894674fdbe8fd0fcc99a53d29111368043c09db08409
2101,T13667,French Literature and Criticism,0.006535947712418303,review,Literature and Literary Theory,0.2318181818181818,Philosophy,0.2772727272727273,10,c40c446d67677ec9cd52894674fdbe8fd0fcc99a53d29111368043c09db08409
2102,T14282,"Security, Politics, and Digital Transformation",0.006535947712418303,review,Political Science and International Relations,0.21345291479820627,"General Economics, Econometrics and Finance",0.2986547085201794,10,c40c446d67677ec9cd52894674fdbe8fd0fcc99a53d29111368043c09db08409
2103,T12846,Ginkgo biloba and Cashew Applications,0.006535947712418301,review,Complementary and alternative medicine,0.16190476190476188,Plant Science,0.2095238095238095,10,c40c446d67677ec9cd52894674fdbe8fd0fcc99a53d29111368043c09db08409
2104,T11364,Cholangiocarcinoma and Gallbladder Cancer Studies,0.0065359477124183,review,Surgery,0.2219931271477663,Epidemiology,0.2872852233676976,10,c40c446d67677ec9cd52894674fdbe8fd0fcc99a53d29111368043c09db08409
2105,T12332,Comparative constitutional jurisprudence studies,0.0065359477124183,review,Political Science and International Relations,0.305,Law,0.355,10,c40c446d67677ec9cd52894674fdbe8fd0fcc99a53d29111368043c09db08409
2106,T13693,Smart Systems and Machine Learning,0.0065359477124183,review,Computer Networks and Communications,0.16999999999999998,Information Systems,0.21999999999999997,10,c40c446d67677ec9cd52894674fdbe8fd0fcc99a53d29111368043c09db08409
2107,T14397,Legal and Policy Analysis in Indonesia,0.0065359477124183,review,Law,0.38999999999999996,Political Science and International Relations,0.43999999999999995,10,c40c446d67677ec9cd52894674fdbe8fd0fcc99a53d29111368043c09db08409
2108,T12912,"Shakespeare, Adaptation, and Literary Criticism",0.006535947712418297,review,Literature and Literary Theory,0.28400000000000003,Cultural Studies,0.324,10,c40c446d67677ec9cd52894674fdbe8fd0fcc99a53d29111368043c09db08409
2109,T10291,Dialysis and Renal Disease Management,0.0065359477124182965,review,Nephrology,0.18888888888888888,Nutrition and Dietetics,0.2444444444444444,10,c40c446d67677ec9cd52894674fdbe8fd0fcc99a53d29111368043c09db08409
2110,T10546,Higher Education Governance and Development,0.0065359477124182965,review,Political Science and International Relations,0.18888888888888888,Education,0.2444444444444444,10,c40c446d67677ec9cd52894674fdbe8fd0fcc99a53d29111368043c09db08409
2111,T10659,Marine animal studies overview,0.0065359477124182965,review,Ecology,0.18888888888888888,Nature and Landscape Conservation,0.2444444444444444,10,c40c446d67677ec9cd52894674fdbe8fd0fcc99a53d29111368043c09db08409
2112,T11594,Tree-ring climate responses,0.0065359477124182965,review,Atmospheric Science,0.18888888888888888,Global and Planetary Change,0.2444444444444444,10,c40c446d67677ec9cd52894674fdbe8fd0fcc99a53d29111368043c09db08409
2113,T12939,Polish Law and Legal System,0.0065359477124182965,review,Political Science and International Relations,0.37777777777777777,Law,0.4333333333333333,10,c40c446d67677ec9cd52894674fdbe8fd0fcc99a53d29111368043c09db08409
2114,T13490,Aquatic Ecosystems and Biodiversity,0.0065359477124182965,review,Ecology,0.18888888888888888,Environmental Chemistry,0.2444444444444444,10,c40c446d67677ec9cd52894674fdbe8fd0fcc99a53d29111368043c09db08409
2115,T12610,RNA regulation and disease,0.006432748538011696,review,Molecular Biology,0.24545454545454545,Immunology,0.34545454545454546,10,c40c446d67677ec9cd52894674fdbe8fd0fcc99a53d29111368043c09db08409
2116,T10918,Memory Processes and Influences,0.00584795321637427,review,Cognitive Neuroscience,0.18,Experimental and Cognitive Psychology,0.28,10,c40c446d67677ec9cd52894674fdbe8fd0fcc99a53d29111368043c09db08409
2117,T11060,Infant Development and Preterm Care,0.00584795321637427,review,"Pediatrics, Perinatology and Child Health",0.18,Epidemiology,0.28,10,c40c446d67677ec9cd52894674fdbe8fd0fcc99a53d29111368043c09db08409
2118,T11163,Organ Donation and Transplantation,0.00584795321637427,review,"Public Health, Environmental and Occupational Health",0.18,Transplantation,0.28,10,c40c446d67677ec9cd52894674fdbe8fd0fcc99a53d29111368043c09db08409
2119,T11237,Plant Gene Expression Analysis,0.00584795321637427,review,Molecular Biology,0.18,Cancer Research,0.28,10,c40c446d67677ec9cd52894674fdbe8fd0fcc99a53d29111368043c09db08409
2120,T11457,Adipose Tissue and Metabolism,0.00584795321637427,review,Physiology,0.18,Molecular Biology,0.28,10,c40c446d67677ec9cd52894674fdbe8fd0fcc99a53d29111368043c09db08409
2121,T11477,"Epistemology, Ethics, and Metaphysics",0.00584795321637427,review,Philosophy,0.18,Experimental and Cognitive Psychology,0.28,10,c40c446d67677ec9cd52894674fdbe8fd0fcc99a53d29111368043c09db08409
2122,T11586,Congenital Diaphragmatic Hernia Studies,0.00584795321637427,review,Surgery,0.21951219512195122,"Public Health, Environmental and Occupational Health",0.34146341463414637,8,c40c446d67677ec9cd52894674fdbe8fd0fcc99a53d29111368043c09db08409
2123,T11962,Cardiac Fibrosis and Remodeling,0.00584795321637427,review,Cardiology and Cardiovascular Medicine,0.18,Immunology,0.28,10,c40c446d67677ec9cd52894674fdbe8fd0fcc99a53d29111368043c09db08409
2124,T12313,Emotions and Moral Behavior,0.00584795321637427,review,Social Psychology,0.18,Clinical Psychology,0.28,10,c40c446d67677ec9cd52894674fdbe8fd0fcc99a53d29111368043c09db08409
2125,T12561,bioluminescence and chemiluminescence research,0.00584795321637427,review,Molecular Biology,0.18,Biomedical Engineering,0.28,10,c40c446d67677ec9cd52894674fdbe8fd0fcc99a53d29111368043c09db08409
2126,T12754,Plant Growth and Agriculture Techniques,0.00584795321637427,review,Soil Science,0.24474708171206225,Plant Science,0.31089494163424125,10,c40c446d67677ec9cd52894674fdbe8fd0fcc99a53d29111368043c09db08409
2127,T13235,Management Theory and Practice,0.00584795321637427,review,Organizational Behavior and Human Resource Management,0.18,Strategy and Management,0.28,10,c40c446d67677ec9cd52894674fdbe8fd0fcc99a53d29111368043c09db08409
2128,T13509,Accounting and Financial Management,0.00584795321637427,review,Accounting,0.18,Strategy and Management,0.28,10,c40c446d67677ec9cd52894674fdbe8fd0fcc99a53d29111368043c09db08409
2129,T13739,Medieval and Early Modern Justice,0.00584795321637427,review,Political Science and International Relations,0.36,Law,0.46,10,c40c446d67677ec9cd52894674fdbe8fd0fcc99a53d29111368043c09db08409
2130,T11618,Cholesterol and Lipid Metabolism,0.0058479532163742695,review,Surgery,0.15,"Endocrinology, Diabetes and Metabolism",0.23333333333333334,10,c40c446d67677ec9cd52894674fdbe8fd0fcc99a53d29111368043c09db08409
2131,T11915,Pickering emulsions and particle stabilization,0.0058479532163742695,review,Materials Chemistry,0.15,Organic Chemistry,0.23333333333333334,10,c40c446d67677ec9cd52894674fdbe8fd0fcc99a53d29111368043c09db08409
2132,T12632,Visual Culture and Art Theory,0.0058479532163742695,review,Visual Arts and Performing Arts,0.16470588235294117,Literature and Literary Theory,0.2235294117647059,10,c40c446d67677ec9cd52894674fdbe8fd0fcc99a53d29111368043c09db08409
2133,T13164,Quality and Management Systems,0.0058479532163742695,review,Strategy and Management,0.18666666666666668,Sociology and Political Science,0.25333333333333335,10,c40c446d67677ec9cd52894674fdbe8fd0fcc99a53d29111368043c09db08409
2134,T13721,Political Science Research and Education,0.0058479532163742695,review,Political Science and International Relations,0.16470588235294117,Education,0.2235294117647059,10,c40c446d67677ec9cd52894674fdbe8fd0fcc99a53d29111368043c09db08409
2135,T14281,Islamic Finance and Communication,0.0058479532163742695,review,Sociology and Political Science,0.154120123037073,Information Systems,0.20916302412174195,10,c40c446d67677ec9cd52894674fdbe8fd0fcc99a53d29111368043c09db08409
2136,T10026,"Galaxies: Formation, Evolution, Phenomena",0.005847953216374269,review,Astronomy and Astrophysics,0.32926829268292684,Nuclear and High Energy Physics,0.45121951219512196,8,c40c446d67677ec9cd52894674fdbe8fd0fcc99a53d29111368043c09db08409
2137,T10166,Mosquito-borne diseases and control,0.005847953216374269,review,"Public Health, Environmental and Occupational Health",0.29375,Epidemiology,0.35625,10,c40c446d67677ec9cd52894674fdbe8fd0fcc99a53d29111368043c09db08409
2138,T11277,Thermal properties of materials,0.005847953216374269,review,Materials Chemistry,0.2153846153846154,Mechanics of Materials,0.2923076923076923,10,c40c446d67677ec9cd52894674fdbe8fd0fcc99a53d29111368043c09db08409
2139,T11839,Hormonal Regulation and Hypertension,0.005847953216374269,review,"Endocrinology, Diabetes and Metabolism",0.2153846153846154,Cardiology and Cardiovascular Medicine,0.2923076923076923,10,c40c446d67677ec9cd52894674fdbe8fd0fcc99a53d29111368043c09db08409
2140,T12038,Covalent Organic Framework Applications,0.005847953216374269,review,Materials Chemistry,0.24545454545454545,Inorganic Chemistry,0.33636363636363636,10,c40c446d67677ec9cd52894674fdbe8fd0fcc99a53d29111368043c09db08409
2141,T13002,Southeast Asian Sociopolitical Studies,0.005847953216374269,review,Political Science and International Relations,0.24545454545454545,Sociology and Political Science,0.33636363636363636,10,c40c446d67677ec9cd52894674fdbe8fd0fcc99a53d29111368043c09db08409
2142,T13634,Middle East and Rwanda Conflicts,0.005847953216374269,review,Sociology and Political Science,0.24545454545454545,Political Science and International Relations,0.33636363636363636,10,c40c446d67677ec9cd52894674fdbe8fd0fcc99a53d29111368043c09db08409
2143,T14244,Consumer Behavior and Marketing Influence,0.005847953216374269,review,Marketing,0.19833333333333333,Organizational Behavior and Human Resource Management,0.26916666666666667,10,c40c446d67677ec9cd52894674fdbe8fd0fcc99a53d29111368043c09db08409
2144,T11572,Information Technology Governance and Strategy,0.005847953216374268,review,Management Information Systems,0.23333333333333334,Organizational Behavior and Human Resource Management,0.31666666666666665,10,c40c446d67677ec9cd52894674fdbe8fd0fcc99a53d29111368043c09db08409
2145,T13141,Statistical Methods and Applications,0.005847953216374268,review,Statistics and Probability,0.23333333333333334,Artificial Intelligence,0.31666666666666665,10,c40c446d67677ec9cd52894674fdbe8fd0fcc99a53d29111368043c09db08409
2146,T13884,Educational Leadership and Practices,0.005847953216374268,review,Education,0.27,Organizational Behavior and Human Resource Management,0.37,10,c40c446d67677ec9cd52894674fdbe8fd0fcc99a53d29111368043c09db08409
2147,T10347,Atmospheric aerosols and clouds,0.005847953216374267,review,Global and Planetary Change,0.16363636363636364,Environmental Engineering,0.2545454545454545,10,c40c446d67677ec9cd52894674fdbe8fd0fcc99a53d29111368043c09db08409
2148,T10511,High voltage insulation and dielectric phenomena,0.005847953216374267,review,Materials Chemistry,0.16363636363636364,Mechanics of Materials,0.2545454545454545,10,c40c446d67677ec9cd52894674fdbe8fd0fcc99a53d29111368043c09db08409
2149,T11185,Integrated Energy Systems Optimization,0.005847953216374267,review,Electrical and Electronic Engineering,0.16363636363636364,"Renewable Energy, Sustainability and the Environment",0.2545454545454545,10,c40c446d67677ec9cd52894674fdbe8fd0fcc99a53d29111368043c09db08409
2150,T11905,Veterinary Pharmacology and Anesthesia,0.005847953216374267,review,Small Animals,0.16363636363636364,Anesthesiology and Pain Medicine,0.2545454545454545,10,c40c446d67677ec9cd52894674fdbe8fd0fcc99a53d29111368043c09db08409
2151,T12340,Anodic Oxide Films and Nanostructures,0.005847953216374267,review,Materials Chemistry,0.16363636363636364,Biomaterials,0.2545454545454545,10,c40c446d67677ec9cd52894674fdbe8fd0fcc99a53d29111368043c09db08409
2152,T12994,Infrared Thermography in Medicine,0.005847953216374267,review,"Radiology, Nuclear Medicine and Imaging",0.16363636363636364,Biomedical Engineering,0.2545454545454545,10,c40c446d67677ec9cd52894674fdbe8fd0fcc99a53d29111368043c09db08409
2153,T11146,Hormonal and reproductive studies,0.005847953216374266,review,"Endocrinology, Diabetes and Metabolism",0.2,Surgery,0.2714285714285714,10,c40c446d67677ec9cd52894674fdbe8fd0fcc99a53d29111368043c09db08409
2154,T11783,Turkey's Politics and Society,0.005847953216374266,review,Political Science and International Relations,0.4,Sociology and Political Science,0.4714285714285714,10,c40c446d67677ec9cd52894674fdbe8fd0fcc99a53d29111368043c09db08409
2155,T11913,Animal Ecology and Behavior Studies,0.005847953216374266,review,Ecology,0.2,Insect Science,0.2714285714285714,10,c40c446d67677ec9cd52894674fdbe8fd0fcc99a53d29111368043c09db08409
2156,T13845,Classical Studies and Legal History,0.005555555555555556,review,History,0.09999999999999999,Sociology and Political Science,0.19999999999999998,10,c40c446d67677ec9cd52894674fdbe8fd0fcc99a53d29111368043c09db08409
2157,T10811,Hydrogen Storage and Materials,0.005263157894736844,review,Materials Chemistry,0.2545454545454545,"Renewable Energy, Sustainability and the Environment",0.33636363636363636,10,c40c446d67677ec9cd52894674fdbe8fd0fcc99a53d29111368043c09db08409
2158,T11148,"Language, Metaphor, and Cognition",0.005263157894736844,review,Experimental and Cognitive Psychology,0.2545454545454545,Cognitive Neuroscience,0.33636363636363636,10,c40c446d67677ec9cd52894674fdbe8fd0fcc99a53d29111368043c09db08409
2159,T11274,Botulinum Toxin and Related Neurological Disorders,0.005263157894736844,review,Neurology,0.1357142857142857,Physiology,0.2,10,c40c446d67677ec9cd52894674fdbe8fd0fcc99a53d29111368043c09db08409
2160,T11884,Redox biology and oxidative stress,0.005263157894736844,review,Molecular Biology,0.1357142857142857,Biochemistry,0.2,10,c40c446d67677ec9cd52894674fdbe8fd0fcc99a53d29111368043c09db08409
2161,T12619,Political Systems and Governance,0.005263157894736844,review,Political Science and International Relations,0.3,Sociology and Political Science,0.4,10,c40c446d67677ec9cd52894674fdbe8fd0fcc99a53d29111368043c09db08409
2162,T13969,Flooding and Environmental Impact,0.005263157894736844,review,Sociology and Political Science,0.1357142857142857,Education,0.2,10,c40c446d67677ec9cd52894674fdbe8fd0fcc99a53d29111368043c09db08409
2163,T14103,Educational Management and Quality,0.005263157894736844,review,Information Systems,0.1357142857142857,Education,0.2,10,c40c446d67677ec9cd52894674fdbe8fd0fcc99a53d29111368043c09db08409
2164,T14295,Families in Therapy and Culture,0.005263157894736844,review,Social Psychology,0.3,Clinical Psychology,0.4,10,c40c446d67677ec9cd52894674fdbe8fd0fcc99a53d29111368043c09db08409
2165,T10188,Advanced machining processes and optimization,0.005263157894736843,review,Mechanical Engineering,0.18,Mechanics of Materials,0.27,10,c40c446d67677ec9cd52894674fdbe8fd0fcc99a53d29111368043c09db08409
2166,T10217,Cardiac electrophysiology and arrhythmias,0.005263157894736843,review,Cardiology and Cardiovascular Medicine,0.18,Molecular Biology,0.27,10,c40c446d67677ec9cd52894674fdbe8fd0fcc99a53d29111368043c09db08409
2167,T11067,Colorectal Cancer Treatments and Studies,0.005263157894736843,review,Oncology,0.18,Pulmonary and Respiratory Medicine,0.27,10,c40c446d67677ec9cd52894674fdbe8fd0fcc99a53d29111368043c09db08409
2168,T11722,Patient Satisfaction in Healthcare,0.005263157894736843,review,General Health Professions,0.15833333333333333,Emergency Medicine,0.23333333333333334,10,c40c446d67677ec9cd52894674fdbe8fd0fcc99a53d29111368043c09db08409
2169,T11766,Iron-based superconductors research,0.005263157894736843,review,"Electronic, Optical and Magnetic Materials",0.23333333333333334,Materials Chemistry,0.30833333333333335,10,c40c446d67677ec9cd52894674fdbe8fd0fcc99a53d29111368043c09db08409
2170,T11856,Thermography and Photoacoustic Techniques,0.005263157894736843,review,Mechanics of Materials,0.18,Mechanical Engineering,0.27,10,c40c446d67677ec9cd52894674fdbe8fd0fcc99a53d29111368043c09db08409
2171,T11987,COVID-19 Impact on Reproduction,0.005263157894736843,review,Obstetrics and Gynecology,0.23333333333333334,Infectious Diseases,0.30833333333333335,10,c40c446d67677ec9cd52894674fdbe8fd0fcc99a53d29111368043c09db08409
2172,T12175,Social Representations and Identity,0.005263157894736843,review,Social Psychology,0.15833333333333333,Sociology and Political Science,0.23333333333333334,10,c40c446d67677ec9cd52894674fdbe8fd0fcc99a53d29111368043c09db08409
2173,T12265,Gun Ownership and Violence Research,0.005263157894736843,review,Health,0.18,Clinical Psychology,0.27,10,c40c446d67677ec9cd52894674fdbe8fd0fcc99a53d29111368043c09db08409
2174,T12401,Scheduling and Timetabling Solutions,0.005263157894736843,review,Management Science and Operations Research,0.15833333333333333,Control and Systems Engineering,0.23333333333333334,10,c40c446d67677ec9cd52894674fdbe8fd0fcc99a53d29111368043c09db08409
2175,T12736,Criminal Justice and Penology,0.005263157894736843,review,Law,0.15833333333333333,Sociology and Political Science,0.23333333333333334,10,c40c446d67677ec9cd52894674fdbe8fd0fcc99a53d29111368043c09db08409
2176,T12891,Medicinal Plants and Neuroprotection,0.005263157894736843,review,Complementary and alternative medicine,0.15833333333333333,Food Science,0.23333333333333334,10,c40c446d67677ec9cd52894674fdbe8fd0fcc99a53d29111368043c09db08409
2177,T13763,Historical Legal Studies and Society,0.005263157894736843,review,Political Science and International Relations,0.18,History,0.27,10,c40c446d67677ec9cd52894674fdbe8fd0fcc99a53d29111368043c09db08409
2178,T14455,Technology and Education Systems,0.005263157894736843,review,Computer Networks and Communications,0.15833333333333333,Information Systems,0.23333333333333334,10,c40c446d67677ec9cd52894674fdbe8fd0fcc99a53d29111368043c09db08409
2179,T10020,Quantum Information and Cryptography,0.005263157894736842,review,Artificial Intelligence,0.1,"Atomic and Molecular Physics, and Optics",0.2,10,c40c446d67677ec9cd52894674fdbe8fd0fcc99a53d29111368043c09db08409
2180,T10066,Gut microbiota and health,0.005263157894736842,review,Molecular Biology,0.1,Pollution,0.2,10,c40c446d67677ec9cd52894674fdbe8fd0fcc99a53d29111368043c09db08409
2181,T10196,Pain Mechanisms and Treatments,0.005263157894736842,review,Physiology,0.1,Surgery,0.2,10,c40c446d67677ec9cd52894674fdbe8fd0fcc99a53d29111368043c09db08409
2182,T10205,Advanced Fiber Optic Sensors,0.005263157894736842,review,Electrical and Electronic Engineering,0.2,Civil and Structural Engineering,0.4,5,c40c446d67677ec9cd52894674fdbe8fd0fcc99a53d29111368043c09db08409
2183,T10209,Global Maternal and Child Health,0.005263157894736842,review,"Pediatrics, Perinatology and Child Health",0.1,Obstetrics and Gynecology,0.2,10,c40c446d67677ec9cd52894674fdbe8fd0fcc99a53d29111368043c09db08409
2184,T10300,Congenital Heart Disease Studies,0.005263157894736842,review,Epidemiology,0.1,"Pediatrics, Perinatology and Child Health",0.2,10,c40c446d67677ec9cd52894674fdbe8fd0fcc99a53d29111368043c09db08409
2185,T10308,Systemic Lupus Erythematosus Research,0.005263157894736842,review,Rheumatology,0.1,Neurology,0.2,10,c40c446d67677ec9cd52894674fdbe8fd0fcc99a53d29111368043c09db08409
2186,T10309,Acute Myeloid Leukemia Research,0.005263157894736842,review,Hematology,0.1,Pulmonary and Respiratory Medicine,0.2,10,c40c446d67677ec9cd52894674fdbe8fd0fcc99a53d29111368043c09db08409
2187,T10327,Adolescent Sexual and Reproductive Health,0.005263157894736842,review,General Health Professions,0.1,Clinical Psychology,0.2,10,c40c446d67677ec9cd52894674fdbe8fd0fcc99a53d29111368043c09db08409
2188,T10338,Advanced Sensor and Energy Harvesting Materials,0.005263157894736842,review,Biomedical Engineering,0.125,Computer Networks and Communications,0.25,8,c40c446d67677ec9cd52894674fdbe8fd0fcc99a53d29111368043c09db08409
2189,T10344,Management and Organizational Studies,0.005263157894736842,review,Organizational Behavior and Human Resource Management,0.1,Strategy and Management,0.2,10,c40c446d67677ec9cd52894674fdbe8fd0fcc99a53d29111368043c09db08409
2190,T10362,Biblical Studies and Interpretation,0.005263157894736842,review,Religious studies,0.2,Philosophy,0.4,5,c40c446d67677ec9cd52894674fdbe8fd0fcc99a53d29111368043c09db08409
2191,T10381,Ophthalmology and Visual Impairment Studies,0.005263157894736842,review,Epidemiology,0.1,Infectious Diseases,0.2,10,c40c446d67677ec9cd52894674fdbe8fd0fcc99a53d29111368043c09db08409
2192,T10382,Quantum and electron transport phenomena,0.005263157894736842,review,"Atomic and Molecular Physics, and Optics",0.16666666666666666,"Electronic, Optical and Magnetic Materials",0.3333333333333333,6,c40c446d67677ec9cd52894674fdbe8fd0fcc99a53d29111368043c09db08409
2193,T10423,Neurobiology and Insect Physiology Research,0.005263157894736842,review,Cellular and Molecular Neuroscience,0.1,Molecular Biology,0.2,10,c40c446d67677ec9cd52894674fdbe8fd0fcc99a53d29111368043c09db08409
2194,T10464,Crystal structures of chemical compounds,0.005263157894736842,review,Inorganic Chemistry,0.1,Organic Chemistry,0.2,10,c40c446d67677ec9cd52894674fdbe8fd0fcc99a53d29111368043c09db08409
2195,T10503,Global Financial Crisis and Policies,0.005263157894736842,review,Finance,0.3333333333333333,Economics and Econometrics,0.6666666666666666,3,c40c446d67677ec9cd52894674fdbe8fd0fcc99a53d29111368043c09db08409
2196,T10551,Scheduling and Optimization Algorithms,0.005263157894736842,review,Industrial and Manufacturing Engineering,0.1,Management Science and Operations Research,0.2,10,c40c446d67677ec9cd52894674fdbe8fd0fcc99a53d29111368043c09db08409
2197,T10568,Thermodynamic and Exergetic Analyses of Power and Cooling Systems,0.005263157894736842,review,Mechanical Engineering,0.1,Electrical and Electronic Engineering,0.2,10,c40c446d67677ec9cd52894674fdbe8fd0fcc99a53d29111368043c09db08409
2198,T10588,Mathematical Dynamics and Fractals,0.005263157894736842,review,Mathematical Physics,0.16666666666666666,Statistical and Nonlinear Physics,0.3333333333333333,6,c40c446d67677ec9cd52894674fdbe8fd0fcc99a53d29111368043c09db08409
2199,T10613,Virus-based gene therapy research,0.005263157894736842,review,Genetics,0.16666666666666666,Biotechnology,0.3333333333333333,6,c40c446d67677ec9cd52894674fdbe8fd0fcc99a53d29111368043c09db08409
2200,T10632,Housing Market and Economics,0.005263157894736842,review,Economics and Econometrics,0.1,History,0.2,10,c40c446d67677ec9cd52894674fdbe8fd0fcc99a53d29111368043c09db08409
2201,T10633,Metallic Glasses and Amorphous Alloys,0.005263157894736842,review,Mechanical Engineering,0.16666666666666666,Mechanics of Materials,0.3333333333333333,6,c40c446d67677ec9cd52894674fdbe8fd0fcc99a53d29111368043c09db08409
2202,T10687,Innovative concrete reinforcement materials,0.005263157894736842,review,Civil and Structural Engineering,0.1,Mechanics of Materials,0.2,10,c40c446d67677ec9cd52894674fdbe8fd0fcc99a53d29111368043c09db08409
2203,T10794,Islamic Studies and History,0.005263157894736842,review,Political Science and International Relations,0.1,Sociology and Political Science,0.2,10,c40c446d67677ec9cd52894674fdbe8fd0fcc99a53d29111368043c09db08409
2204,T10824,Image Retrieval and Classification Techniques,0.005263157894736842,review,Computer Vision and Pattern Recognition,0.1,Artificial Intelligence,0.2,10,c40c446d67677ec9cd52894674fdbe8fd0fcc99a53d29111368043c09db08409
2205,T10836,Metabolomics and Mass Spectrometry Studies,0.005263157894736842,review,Molecular Biology,0.1,Epidemiology,0.2,10,c40c446d67677ec9cd52894674fdbe8fd0fcc99a53d29111368043c09db08409
2206,T10855,Amyotrophic Lateral Sclerosis Research,0.005263157894736842,review,Neurology,0.1,Physiology,0.2,10,c40c446d67677ec9cd52894674fdbe8fd0fcc99a53d29111368043c09db08409
2207,T10882,Cardiomyopathy and Myosin Studies,0.005263157894736842,review,Cardiology and Cardiovascular Medicine,0.1,Neurology,0.2,10,c40c446d67677ec9cd52894674fdbe8fd0fcc99a53d29111368043c09db08409
2208,T10931,Direction-of-Arrival Estimation Techniques,0.005263157894736842,review,Signal Processing,0.25,Electrical and Electronic Engineering,0.5,4,c40c446d67677ec9cd52894674fdbe8fd0fcc99a53d29111368043c09db08409
2209,T10956,Fullerene Chemistry and Applications,0.005263157894736842,review,Organic Chemistry,0.1,Biomaterials,0.2,10,c40c446d67677ec9cd52894674fdbe8fd0fcc99a53d29111368043c09db08409
2210,T10985,Sleep and Wakefulness Research,0.005263157894736842,review,Cognitive Neuroscience,0.1,Education,0.2,10,c40c446d67677ec9cd52894674fdbe8fd0fcc99a53d29111368043c09db08409
2211,T11037,Fungal Infections and Studies,0.005263157894736842,review,Epidemiology,0.1,Infectious Diseases,0.2,10,c40c446d67677ec9cd52894674fdbe8fd0fcc99a53d29111368043c09db08409
2212,T11075,Insect Resistance and Genetics,0.005263157894736842,review,Molecular Biology,0.1,Pollution,0.2,10,c40c446d67677ec9cd52894674fdbe8fd0fcc99a53d29111368043c09db08409
2213,T11110,Stability and Controllability of Differential Equations,0.005263157894736842,review,Control and Systems Engineering,0.1,Applied Mathematics,0.2,10,c40c446d67677ec9cd52894674fdbe8fd0fcc99a53d29111368043c09db08409
2214,T11129,Photochemistry and Electron Transfer Studies,0.005263157894736842,review,Physical and Theoretical Chemistry,0.16666666666666666,Organic Chemistry,0.3333333333333333,6,c40c446d67677ec9cd52894674fdbe8fd0fcc99a53d29111368043c09db08409
2215,T11166,Analytic Number Theory Research,0.005263157894736842,review,Algebra and Number Theory,0.2923076923076923,Mathematical Physics,0.4307692307692308,5,c40c446d67677ec9cd52894674fdbe8fd0fcc99a53d29111368043c09db08409
2216,T11173,Neurofibromatosis and Schwannoma Cases,0.005263157894736842,review,Neurology,0.1,Genetics,0.2,10,c40c446d67677ec9cd52894674fdbe8fd0fcc99a53d29111368043c09db08409
2217,T11177,Spectroscopy and Quantum Chemical Studies,0.005263157894736842,review,"Atomic and Molecular Physics, and Optics",0.1,Physical and Theoretical Chemistry,0.2,10,c40c446d67677ec9cd52894674fdbe8fd0fcc99a53d29111368043c09db08409
2218,T11181,Advanced Data Storage Technologies,0.005263157894736842,review,Computer Networks and Communications,0.16666666666666666,Artificial Intelligence,0.3333333333333333,6,c40c446d67677ec9cd52894674fdbe8fd0fcc99a53d29111368043c09db08409
2219,T11183,Advanced X-ray Imaging Techniques,0.005263157894736842,review,Radiation,0.16666666666666666,Geophysics,0.3333333333333333,6,c40c446d67677ec9cd52894674fdbe8fd0fcc99a53d29111368043c09db08409
2220,T11196,Non-Invasive Vital Sign Monitoring,0.005263157894736842,review,Biomedical Engineering,0.1,Cardiology and Cardiovascular Medicine,0.2,10,c40c446d67677ec9cd52894674fdbe8fd0fcc99a53d29111368043c09db08409
2221,T11213,Genomic variations and chromosomal abnormalities,0.005263157894736842,review,Genetics,0.16666666666666666,"Pediatrics, Perinatology and Child Health",0.3333333333333333,6,c40c446d67677ec9cd52894674fdbe8fd0fcc99a53d29111368043c09db08409
2222,T11219,Bone Metabolism and Diseases,0.005263157894736842,review,Molecular Biology,0.1,Physiology,0.2,10,c40c446d67677ec9cd52894674fdbe8fd0fcc99a53d29111368043c09db08409
2223,T11226,Milk Quality and Mastitis in Dairy Cows,0.005263157894736842,review,Agronomy and Crop Science,0.1,Epidemiology,0.2,10,c40c446d67677ec9cd52894674fdbe8fd0fcc99a53d29111368043c09db08409
2224,T11302,CO2 Sequestration and Geologic Interactions,0.005263157894736842,review,Environmental Engineering,0.16666666666666666,Ocean Engineering,0.3333333333333333,6,c40c446d67677ec9cd52894674fdbe8fd0fcc99a53d29111368043c09db08409
2225,T11424,Security and Verification in Computing,0.005263157894736842,review,Artificial Intelligence,0.25,Information Systems,0.5,4,c40c446d67677ec9cd52894674fdbe8fd0fcc99a53d29111368043c09db08409
2226,T11443,Advanced Statistical Process Monitoring,0.005263157894736842,review,"Statistics, Probability and Uncertainty",0.1,Education,0.2,10,c40c446d67677ec9cd52894674fdbe8fd0fcc99a53d29111368043c09db08409
2227,T11455,Microbial Inactivation Methods,0.005263157894736842,review,Biotechnology,0.1,Food Science,0.2,10,c40c446d67677ec9cd52894674fdbe8fd0fcc99a53d29111368043c09db08409
2228,T11577,Cognitive Abilities and Testing,0.005263157894736842,review,Experimental and Cognitive Psychology,0.1,Psychiatry and Mental health,0.2,10,c40c446d67677ec9cd52894674fdbe8fd0fcc99a53d29111368043c09db08409
2229,T11588,Atmospheric and Environmental Gas Dynamics,0.005263157894736842,review,Global and Planetary Change,0.1,"Health, Toxicology and Mutagenesis",0.2,10,c40c446d67677ec9cd52894674fdbe8fd0fcc99a53d29111368043c09db08409
2230,T11701,Space Satellite Systems and Control,0.005263157894736842,review,Aerospace Engineering,0.3333333333333333,Computer Vision and Pattern Recognition,0.6666666666666666,3,c40c446d67677ec9cd52894674fdbe8fd0fcc99a53d29111368043c09db08409
2231,T11757,Seismic Waves and Analysis,0.005263157894736842,review,Geophysics,0.25,Radiation,0.5,4,c40c446d67677ec9cd52894674fdbe8fd0fcc99a53d29111368043c09db08409
2232,T11802,Chemical Looping and Thermochemical Processes,0.005263157894736842,review,Biomedical Engineering,0.1,Mechanical Engineering,0.2,10,c40c446d67677ec9cd52894674fdbe8fd0fcc99a53d29111368043c09db08409
2233,T11804,Quantum many-body systems,0.005263157894736842,review,"Atomic and Molecular Physics, and Optics",0.1,Information Systems,0.2,10,c40c446d67677ec9cd52894674fdbe8fd0fcc99a53d29111368043c09db08409
2234,T11806,Service-Learning and Community Engagement,0.005263157894736842,review,Education,0.25333333333333335,Sociology and Political Science,0.31333333333333335,10,c40c446d67677ec9cd52894674fdbe8fd0fcc99a53d29111368043c09db08409
2235,T11818,Nicotinic Acetylcholine Receptors Study,0.005263157894736842,review,Molecular Biology,0.1,Psychiatry and Mental health,0.2,10,c40c446d67677ec9cd52894674fdbe8fd0fcc99a53d29111368043c09db08409
2236,T11826,Ocular Infections and Treatments,0.005263157894736842,review,Ophthalmology,0.1,Epidemiology,0.2,10,c40c446d67677ec9cd52894674fdbe8fd0fcc99a53d29111368043c09db08409
2237,T11849,Intellectual Capital and Performance Analysis,0.005263157894736842,review,Strategy and Management,0.18666666666666668,Accounting,0.24666666666666667,10,c40c446d67677ec9cd52894674fdbe8fd0fcc99a53d29111368043c09db08409
2238,T11850,Concrete Corrosion and Durability,0.005263157894736842,review,Civil and Structural Engineering,0.16666666666666666,Materials Chemistry,0.3333333333333333,6,c40c446d67677ec9cd52894674fdbe8fd0fcc99a53d29111368043c09db08409
2239,T11864,Supply Chain Resilience and Risk Management,0.005263157894736842,review,Strategy and Management,0.1,Management Science and Operations Research,0.2,10,c40c446d67677ec9cd52894674fdbe8fd0fcc99a53d29111368043c09db08409
2240,T11879,Protist diversity and phylogeny,0.005263157894736842,review,Molecular Biology,0.1,Plant Science,0.2,10,c40c446d67677ec9cd52894674fdbe8fd0fcc99a53d29111368043c09db08409
2241,T11881,Crystallization and Solubility Studies,0.005263157894736842,review,Materials Chemistry,0.1,Inorganic Chemistry,0.2,10,c40c446d67677ec9cd52894674fdbe8fd0fcc99a53d29111368043c09db08409
2242,T11940,Layered Double Hydroxides Synthesis and Applications,0.005263157894736842,review,Materials Chemistry,0.1,Biomaterials,0.2,10,c40c446d67677ec9cd52894674fdbe8fd0fcc99a53d29111368043c09db08409
2243,T11956,Sexual Differentiation and Disorders,0.005263157894736842,review,Molecular Biology,0.1,Gender Studies,0.2,10,c40c446d67677ec9cd52894674fdbe8fd0fcc99a53d29111368043c09db08409
2244,T11984,Anatomy and Medical Technology,0.005263157894736842,review,Biomedical Engineering,0.1,Computer Vision and Pattern Recognition,0.2,10,c40c446d67677ec9cd52894674fdbe8fd0fcc99a53d29111368043c09db08409
2245,T12007,Plasma and Flow Control in Aerodynamics,0.005263157894736842,review,Aerospace Engineering,0.125,Computational Mechanics,0.25,8,c40c446d67677ec9cd52894674fdbe8fd0fcc99a53d29111368043c09db08409
2246,T12050,Optical Polarization and Ellipsometry,0.005263157894736842,review,Biomedical Engineering,0.1,Global and Planetary Change,0.2,10,c40c446d67677ec9cd52894674fdbe8fd0fcc99a53d29111368043c09db08409
2247,T12056,Markov Chains and Monte Carlo Methods,0.005263157894736842,review,Statistics and Probability,0.1,Computational Theory and Mathematics,0.2,10,c40c446d67677ec9cd52894674fdbe8fd0fcc99a53d29111368043c09db08409
2248,T12081,Aerodynamics and Fluid Dynamics Research,0.005263157894736842,review,Aerospace Engineering,0.25,Mechanical Engineering,0.375,8,c40c446d67677ec9cd52894674fdbe8fd0fcc99a53d29111368043c09db08409
2249,T12100,Advanced Mathematical Modeling in Engineering,0.005263157894736842,review,Computational Theory and Mathematics,0.16666666666666666,Computational Mechanics,0.3333333333333333,6,c40c446d67677ec9cd52894674fdbe8fd0fcc99a53d29111368043c09db08409
2250,T12101,Advanced Bandit Algorithms Research,0.005263157894736842,review,Management Science and Operations Research,0.1,Computer Science Applications,0.2,10,c40c446d67677ec9cd52894674fdbe8fd0fcc99a53d29111368043c09db08409
2251,T12140,Renal and related cancers,0.005263157894736842,review,Molecular Biology,0.3333333333333333,Surgery,0.6666666666666666,3,c40c446d67677ec9cd52894674fdbe8fd0fcc99a53d29111368043c09db08409
2252,T12141,Fluid Dynamics and Thin Films,0.005263157894736842,review,Computational Mechanics,0.1,Materials Chemistry,0.2,10,c40c446d67677ec9cd52894674fdbe8fd0fcc99a53d29111368043c09db08409
2253,T12151,Interpreting and Communication in Healthcare,0.005263157894736842,review,General Health Professions,0.1,Social Psychology,0.2,10,c40c446d67677ec9cd52894674fdbe8fd0fcc99a53d29111368043c09db08409
2254,T12158,Guidance and Control Systems,0.005263157894736842,review,Aerospace Engineering,0.1,Mechanical Engineering,0.2,10,c40c446d67677ec9cd52894674fdbe8fd0fcc99a53d29111368043c09db08409
2255,T12227,Environmental and Social Impact Assessments,0.005263157894736842,review,"Management, Monitoring, Policy and Law",0.1,Environmental Engineering,0.2,10,c40c446d67677ec9cd52894674fdbe8fd0fcc99a53d29111368043c09db08409
2256,T12241,Children's Physical and Motor Development,0.005263157894736842,review,Developmental and Educational Psychology,0.1,"Public Health, Environmental and Occupational Health",0.2,10,c40c446d67677ec9cd52894674fdbe8fd0fcc99a53d29111368043c09db08409
2257,T12249,Veterinary Orthopedics and Neurology,0.005263157894736842,review,Small Animals,0.1,Biomedical Engineering,0.2,10,c40c446d67677ec9cd52894674fdbe8fd0fcc99a53d29111368043c09db08409
2258,T12266,Byzantine Studies and History,0.005263157894736842,review,Classics,0.1,History,0.2,10,c40c446d67677ec9cd52894674fdbe8fd0fcc99a53d29111368043c09db08409
2259,T12268,Deception detection and forensic psychology,0.005263157894736842,review,Social Psychology,0.1,Cognitive Neuroscience,0.2,10,c40c446d67677ec9cd52894674fdbe8fd0fcc99a53d29111368043c09db08409
2260,T12321,Insect Pheromone Research and Control,0.005263157894736842,review,Insect Science,0.16666666666666666,Plant Science,0.3333333333333333,6,c40c446d67677ec9cd52894674fdbe8fd0fcc99a53d29111368043c09db08409
2261,T12436,Agronomic Practices and Intercropping Systems,0.005263157894736842,review,Agronomy and Crop Science,0.1,General Agricultural and Biological Sciences,0.2,10,c40c446d67677ec9cd52894674fdbe8fd0fcc99a53d29111368043c09db08409
2262,T12440,Karl Barth and Christian Theology,0.005263157894736842,review,Philosophy,0.2,Political Science and International Relations,0.4,5,c40c446d67677ec9cd52894674fdbe8fd0fcc99a53d29111368043c09db08409
2263,T12460,Pediatric Hepatobiliary Diseases and Treatments,0.005263157894736842,review,Surgery,0.1,Physiology,0.2,10,c40c446d67677ec9cd52894674fdbe8fd0fcc99a53d29111368043c09db08409
2264,T12494,Alcoholism and Thiamine Deficiency,0.005263157894736842,review,Neurology,0.1,Physiology,0.2,10,c40c446d67677ec9cd52894674fdbe8fd0fcc99a53d29111368043c09db08409
2265,T12510,Magneto-Optical Properties and Applications,0.005263157894736842,review,Electrical and Electronic Engineering,0.3333333333333333,"Atomic and Molecular Physics, and Optics",0.6666666666666666,3,c40c446d67677ec9cd52894674fdbe8fd0fcc99a53d29111368043c09db08409
2266,T12516,Advanced Mathematical Theories and Applications,0.005263157894736842,review,Statistical and Nonlinear Physics,0.25,Astronomy and Astrophysics,0.5,4,c40c446d67677ec9cd52894674fdbe8fd0fcc99a53d29111368043c09db08409
2267,T12599,Retinal and Optic Conditions,0.005263157894736842,review,Ophthalmology,0.1,Infectious Diseases,0.2,10,c40c446d67677ec9cd52894674fdbe8fd0fcc99a53d29111368043c09db08409
2268,T12611,Neural Networks and Reservoir Computing,0.005263157894736842,review,Artificial Intelligence,0.1,Information Systems,0.2,10,c40c446d67677ec9cd52894674fdbe8fd0fcc99a53d29111368043c09db08409
2269,T12628,Polymer Foaming and Composites,0.005263157894736842,review,Polymers and Plastics,0.125,Biomaterials,0.25,8,c40c446d67677ec9cd52894674fdbe8fd0fcc99a53d29111368043c09db08409
2270,T12698,3D Modeling in Geospatial Applications,0.005263157894736842,review,Building and Construction,0.1,History,0.2,10,c40c446d67677ec9cd52894674fdbe8fd0fcc99a53d29111368043c09db08409
2271,T12715,Pregnancy-related medical research,0.005263157894736842,review,"Public Health, Environmental and Occupational Health",0.1,Clinical Psychology,0.2,10,c40c446d67677ec9cd52894674fdbe8fd0fcc99a53d29111368043c09db08409
2272,T12737,Electrical Fault Detection and Protection,0.005263157894736842,review,Electrical and Electronic Engineering,0.1,Aerospace Engineering,0.2,10,c40c446d67677ec9cd52894674fdbe8fd0fcc99a53d29111368043c09db08409
2273,T12747,Moyamoya disease diagnosis and treatment,0.005263157894736842,review,Rheumatology,0.1,Pulmonary and Respiratory Medicine,0.2,10,c40c446d67677ec9cd52894674fdbe8fd0fcc99a53d29111368043c09db08409
2274,T12798,Religious Tourism and Spaces,0.005263157894736842,review,"Geography, Planning and Development",0.1,History,0.2,10,c40c446d67677ec9cd52894674fdbe8fd0fcc99a53d29111368043c09db08409
2275,T12813,Plant and Biological Electrophysiology Studies,0.005263157894736842,review,Plant Science,0.1,Molecular Biology,0.2,10,c40c446d67677ec9cd52894674fdbe8fd0fcc99a53d29111368043c09db08409
2276,T12854,Neurology and Historical Studies,0.005263157894736842,review,Neurology,0.1,Neurology,0.2,10,c40c446d67677ec9cd52894674fdbe8fd0fcc99a53d29111368043c09db08409
2277,T12886,Historical and Cultural Studies of Poland,0.005263157894736842,review,History,0.1,Sociology and Political Science,0.2,10,c40c446d67677ec9cd52894674fdbe8fd0fcc99a53d29111368043c09db08409
2278,T12930,Biomedical and Chemical Research,0.005263157894736842,review,Surgery,0.1,Molecular Biology,0.2,10,c40c446d67677ec9cd52894674fdbe8fd0fcc99a53d29111368043c09db08409
2279,T12989,Ocular Disorders and Treatments,0.005263157894736842,review,Genetics,0.1,Neurology,0.2,10,c40c446d67677ec9cd52894674fdbe8fd0fcc99a53d29111368043c09db08409
2280,T12999,Medieval History and Crusades,0.005263157894736842,review,History,0.1,Archeology,0.2,10,c40c446d67677ec9cd52894674fdbe8fd0fcc99a53d29111368043c09db08409
2281,T13022,Health and Medical Studies,0.005263157894736842,review,General Health Professions,0.14615384615384616,"Public Health, Environmental and Occupational Health",0.2153846153846154,10,c40c446d67677ec9cd52894674fdbe8fd0fcc99a53d29111368043c09db08409
2282,T13102,Soil and Environmental Studies,0.005263157894736842,review,Soil Science,0.1,Molecular Biology,0.2,10,c40c446d67677ec9cd52894674fdbe8fd0fcc99a53d29111368043c09db08409
2283,T13215,Global Maritime and Colonial Histories,0.005263157894736842,review,Anthropology,0.1,Archeology,0.2,10,c40c446d67677ec9cd52894674fdbe8fd0fcc99a53d29111368043c09db08409
2284,T13293,Engineering and Test Systems,0.005263157894736842,review,Control and Systems Engineering,0.25,Artificial Intelligence,0.375,8,c40c446d67677ec9cd52894674fdbe8fd0fcc99a53d29111368043c09db08409
2285,T13328,Osteomyelitis and Bone Disorders Research,0.005263157894736842,review,Rheumatology,0.1,Neurology,0.2,10,c40c446d67677ec9cd52894674fdbe8fd0fcc99a53d29111368043c09db08409
2286,T13363,Soft tissue tumors and treatment,0.005263157894736842,review,Pathology and Forensic Medicine,0.1,Pulmonary and Respiratory Medicine,0.2,10,c40c446d67677ec9cd52894674fdbe8fd0fcc99a53d29111368043c09db08409
2287,T13371,Military Defense Systems Analysis,0.005263157894736842,review,Aerospace Engineering,0.14615384615384616,Industrial and Manufacturing Engineering,0.2153846153846154,10,c40c446d67677ec9cd52894674fdbe8fd0fcc99a53d29111368043c09db08409
2288,T13372,Archaeology and Historical Studies,0.005263157894736842,review,Archeology,0.1,History,0.2,10,c40c446d67677ec9cd52894674fdbe8fd0fcc99a53d29111368043c09db08409
2289,T13441,Ottoman Empire History and Society,0.005263157894736842,review,Sociology and Political Science,0.1,"Management, Monitoring, Policy and Law",0.2,10,c40c446d67677ec9cd52894674fdbe8fd0fcc99a53d29111368043c09db08409
2290,T13463,Nanoporous metals and alloys,0.005263157894736842,review,Materials Chemistry,0.1,Inorganic Chemistry,0.2,10,c40c446d67677ec9cd52894674fdbe8fd0fcc99a53d29111368043c09db08409
2291,T13582,"Stalking, Cyberstalking, and Harassment",0.005263157894736842,review,Sociology and Political Science,0.12666666666666668,Epidemiology,0.18666666666666668,10,c40c446d67677ec9cd52894674fdbe8fd0fcc99a53d29111368043c09db08409
2292,T13620,Education for Peace and Conflict Resolution,0.005263157894736842,review,Sociology and Political Science,0.31333333333333335,Political Science and International Relations,0.37333333333333335,10,c40c446d67677ec9cd52894674fdbe8fd0fcc99a53d29111368043c09db08409
2293,T13657,Aortic Thrombus and Embolism,0.005263157894736842,review,Pulmonary and Respiratory Medicine,0.2,Neurology,0.4,5,c40c446d67677ec9cd52894674fdbe8fd0fcc99a53d29111368043c09db08409
2294,T13664,Genome Rearrangement Algorithms,0.005263157894736842,review,Genetics,0.1,Molecular Biology,0.2,10,c40c446d67677ec9cd52894674fdbe8fd0fcc99a53d29111368043c09db08409
2295,T13735,History of Medical Practice,0.005263157894736842,review,Neurology,0.1,General Health Professions,0.2,10,c40c446d67677ec9cd52894674fdbe8fd0fcc99a53d29111368043c09db08409
2296,T13750,"Mormonism, Religion, and History",0.005263157894736842,review,History,0.1,Language and Linguistics,0.2,10,c40c446d67677ec9cd52894674fdbe8fd0fcc99a53d29111368043c09db08409
2297,T13842,Intellectual Property Law,0.005263157894736842,review,Law,0.1,"General Economics, Econometrics and Finance",0.2,10,c40c446d67677ec9cd52894674fdbe8fd0fcc99a53d29111368043c09db08409
2298,T13921,Biological Stains and Phytochemicals,0.005263157894736842,review,Pharmacology,0.12666666666666668,Plant Science,0.18666666666666668,10,c40c446d67677ec9cd52894674fdbe8fd0fcc99a53d29111368043c09db08409
2299,T13972,Business Law and Ethics,0.005263157894736842,review,Accounting,0.1,Organizational Behavior and Human Resource Management,0.2,10,c40c446d67677ec9cd52894674fdbe8fd0fcc99a53d29111368043c09db08409
2300,T13992,Cynara cardunculus studies,0.005263157894736842,review,Plant Science,0.14615384615384616,Nutrition and Dietetics,0.2153846153846154,10,c40c446d67677ec9cd52894674fdbe8fd0fcc99a53d29111368043c09db08409
2301,T14015,Otitis Media and Relapsing Polychondritis,0.005263157894736842,review,Rheumatology,0.2,Surgery,0.4,5,c40c446d67677ec9cd52894674fdbe8fd0fcc99a53d29111368043c09db08409
2302,T14044,Medical and Agricultural Research Studies,0.005263157894736842,review,Development,0.14615384615384616,General Agricultural and Biological Sciences,0.2153846153846154,10,c40c446d67677ec9cd52894674fdbe8fd0fcc99a53d29111368043c09db08409
2303,T14072,Immunotoxicology and immune responses,0.005263157894736842,review,Immunology,0.1,Plant Science,0.2,10,c40c446d67677ec9cd52894674fdbe8fd0fcc99a53d29111368043c09db08409
2304,T14160,Water management and technologies,0.005263157894736842,review,"Ecology, Evolution, Behavior and Systematics",0.1,Sociology and Political Science,0.2,10,c40c446d67677ec9cd52894674fdbe8fd0fcc99a53d29111368043c09db08409
2305,T14173,"Education, Healthcare and Sociology Research",0.005263157894736842,review,Social Psychology,0.1,Philosophy,0.2,10,c40c446d67677ec9cd52894674fdbe8fd0fcc99a53d29111368043c09db08409
2306,T14318,Polydiacetylene-based materials and applications,0.005263157894736842,review,Organic Chemistry,0.1,Materials Chemistry,0.2,10,c40c446d67677ec9cd52894674fdbe8fd0fcc99a53d29111368043c09db08409
2307,T14415,Biomedical Research and Pathophysiology,0.005263157894736842,review,Pathology and Forensic Medicine,0.1,Molecular Biology,0.2,10,c40c446d67677ec9cd52894674fdbe8fd0fcc99a53d29111368043c09db08409
2308,T10001,Geological and Geochemical Analysis,0.005263157894736841,review,Geophysics,0.14285714285714285,Geology,0.2857142857142857,7,c40c446d67677ec9cd52894674fdbe8fd0fcc99a53d29111368043c09db08409
2309,T10521,RNA and protein synthesis mechanisms,0.005263157894736841,review,Molecular Biology,0.14285714285714285,Literature and Literary Theory,0.2857142857142857,7,c40c446d67677ec9cd52894674fdbe8fd0fcc99a53d29111368043c09db08409
2310,T10567,Vehicle Routing Optimization Methods,0.005263157894736841,review,Industrial and Manufacturing Engineering,0.14285714285714285,Artificial Intelligence,0.2857142857142857,7,c40c446d67677ec9cd52894674fdbe8fd0fcc99a53d29111368043c09db08409
2311,T10623,Thin-Film Transistor Technologies,0.005263157894736841,review,Electrical and Electronic Engineering,0.2222222222222222,Biomedical Engineering,0.3333333333333333,9,c40c446d67677ec9cd52894674fdbe8fd0fcc99a53d29111368043c09db08409
2312,T10691,Retinal Development and Disorders,0.005263157894736841,review,Molecular Biology,0.14285714285714285,Biotechnology,0.2857142857142857,7,c40c446d67677ec9cd52894674fdbe8fd0fcc99a53d29111368043c09db08409
2313,T10974,Advanced Queuing Theory Analysis,0.005263157894736841,review,Management Information Systems,0.14285714285714285,Computer Networks and Communications,0.2857142857142857,7,c40c446d67677ec9cd52894674fdbe8fd0fcc99a53d29111368043c09db08409
2314,T10988,Advanced Fiber Laser Technologies,0.005263157894736841,review,"Atomic and Molecular Physics, and Optics",0.3783783783783784,Electrical and Electronic Engineering,0.5,6,c40c446d67677ec9cd52894674fdbe8fd0fcc99a53d29111368043c09db08409
2315,T11232,Urinary Tract Infections Management,0.005263157894736841,review,Epidemiology,0.11176470588235295,Infectious Diseases,0.16470588235294117,10,c40c446d67677ec9cd52894674fdbe8fd0fcc99a53d29111368043c09db08409
2316,T11315,Phase-change materials and chalcogenides,0.005263157894736841,review,Materials Chemistry,0.14285714285714285,Inorganic Chemistry,0.2857142857142857,7,c40c446d67677ec9cd52894674fdbe8fd0fcc99a53d29111368043c09db08409
2317,T11521,Salivary Gland Disorders and Functions,0.005263157894736841,review,Physiology,0.11875,Psychiatry and Mental health,0.175,10,c40c446d67677ec9cd52894674fdbe8fd0fcc99a53d29111368043c09db08409
2318,T11554,Vascular Procedures and Complications,0.005263157894736841,review,Pulmonary and Respiratory Medicine,0.14285714285714285,Hematology,0.2857142857142857,7,c40c446d67677ec9cd52894674fdbe8fd0fcc99a53d29111368043c09db08409
2319,T11883,Embodied and Extended Cognition,0.005263157894736841,review,Cognitive Neuroscience,0.1111111111111111,Developmental and Educational Psychology,0.2222222222222222,9,c40c446d67677ec9cd52894674fdbe8fd0fcc99a53d29111368043c09db08409
2320,T11890,Scientific Measurement and Uncertainty Evaluation,0.005263157894736841,review,"Statistics, Probability and Uncertainty",0.1111111111111111,Education,0.2222222222222222,9,c40c446d67677ec9cd52894674fdbe8fd0fcc99a53d29111368043c09db08409
2321,T11988,Sustainable Building Design and Assessment,0.005263157894736841,review,Building and Construction,0.1111111111111111,Urban Studies,0.2222222222222222,9,c40c446d67677ec9cd52894674fdbe8fd0fcc99a53d29111368043c09db08409
2322,T12462,Elder Abuse and Neglect,0.005263157894736841,review,Demography,0.11875,Clinical Psychology,0.175,10,c40c446d67677ec9cd52894674fdbe8fd0fcc99a53d29111368043c09db08409
2323,T12849,Parvovirus B19 Infection Studies,0.005263157894736841,review,Infectious Diseases,0.1111111111111111,Epidemiology,0.2222222222222222,9,c40c446d67677ec9cd52894674fdbe8fd0fcc99a53d29111368043c09db08409
2324,T13113,Engineering Technology and Methodologies,0.005263157894736841,review,Industrial and Manufacturing Engineering,0.1111111111111111,Mechanical Engineering,0.2222222222222222,9,c40c446d67677ec9cd52894674fdbe8fd0fcc99a53d29111368043c09db08409
2325,T13309,Reliability and Agreement in Measurement,0.005263157894736841,review,"Statistics, Probability and Uncertainty",0.1111111111111111,Education,0.2222222222222222,9,c40c446d67677ec9cd52894674fdbe8fd0fcc99a53d29111368043c09db08409
2326,T13532,Education Systems and Policy,0.005263157894736841,review,Education,0.14285714285714285,Demography,0.2857142857142857,7,c40c446d67677ec9cd52894674fdbe8fd0fcc99a53d29111368043c09db08409
2327,T13533,Medical Case Reports and Studies,0.005263157894736841,review,Surgery,0.11176470588235295,"Public Health, Environmental and Occupational Health",0.16470588235294117,10,c40c446d67677ec9cd52894674fdbe8fd0fcc99a53d29111368043c09db08409
2328,T13815,Islamic Thought and Society Studies,0.005263157894736841,review,Religious studies,0.14285714285714285,Philosophy,0.2857142857142857,7,c40c446d67677ec9cd52894674fdbe8fd0fcc99a53d29111368043c09db08409
2329,T13928,Advanced Sensor Technologies Research,0.005263157894736841,review,Biomedical Engineering,0.14285714285714285,Electrical and Electronic Engineering,0.2857142857142857,7,c40c446d67677ec9cd52894674fdbe8fd0fcc99a53d29111368043c09db08409
2330,T14386,"Libraries, Manuscripts, and Books",0.005263157894736841,review,History,0.14285714285714285,Sociology and Political Science,0.2857142857142857,7,c40c446d67677ec9cd52894674fdbe8fd0fcc99a53d29111368043c09db08409
2331,T10017,Geology and Paleoclimatology Research,0.00526315789473684,review,Atmospheric Science,0.17272727272727273,Oceanography,0.2545454545454545,10,c40c446d67677ec9cd52894674fdbe8fd0fcc99a53d29111368043c09db08409
2332,T10123,DNA Repair Mechanisms,0.00526315789473684,review,Molecular Biology,0.2,Cancer Research,0.3,10,c40c446d67677ec9cd52894674fdbe8fd0fcc99a53d29111368043c09db08409
2333,T10405,Advanced Polymer Synthesis and Characterization,0.00526315789473684,review,Organic Chemistry,0.33636363636363636,Materials Chemistry,0.41818181818181815,10,c40c446d67677ec9cd52894674fdbe8fd0fcc99a53d29111368043c09db08409
2334,T10413,High-pressure geophysics and materials,0.00526315789473684,review,Geophysics,0.2,Condensed Matter Physics,0.3,10,c40c446d67677ec9cd52894674fdbe8fd0fcc99a53d29111368043c09db08409
2335,T10465,Neurobiology of Language and Bilingualism,0.00526315789473684,review,Cognitive Neuroscience,0.2,Language and Linguistics,0.3,10,c40c446d67677ec9cd52894674fdbe8fd0fcc99a53d29111368043c09db08409
2336,T10479,Structural Behavior of Reinforced Concrete,0.00526315789473684,review,Building and Construction,0.2,Mechanical Engineering,0.3,10,c40c446d67677ec9cd52894674fdbe8fd0fcc99a53d29111368043c09db08409
2337,T10728,Pulmonary Hypertension Research and Treatments,0.00526315789473684,review,Pulmonary and Respiratory Medicine,0.2,Nephrology,0.3,10,c40c446d67677ec9cd52894674fdbe8fd0fcc99a53d29111368043c09db08409
2338,T10731,Educational Games and Gamification,0.00526315789473684,review,Developmental and Educational Psychology,0.2153846153846154,Education,0.2846153846153846,10,c40c446d67677ec9cd52894674fdbe8fd0fcc99a53d29111368043c09db08409
2339,T10807,Synthesis and characterization of novel inorganic/organometallic compounds,0.00526315789473684,review,Inorganic Chemistry,0.2,Organic Chemistry,0.3,10,c40c446d67677ec9cd52894674fdbe8fd0fcc99a53d29111368043c09db08409
2340,T10934,Heat shock proteins research,0.00526315789473684,review,Molecular Biology,0.2,Immunology,0.3,10,c40c446d67677ec9cd52894674fdbe8fd0fcc99a53d29111368043c09db08409
2341,T10972,Power Systems Fault Detection,0.00526315789473684,review,Control and Systems Engineering,0.2,Electrical and Electronic Engineering,0.3,10,c40c446d67677ec9cd52894674fdbe8fd0fcc99a53d29111368043c09db08409
2342,T10981,Cytomegalovirus and herpesvirus research,0.00526315789473684,review,Epidemiology,0.2,"Public Health, Environmental and Occupational Health",0.3,10,c40c446d67677ec9cd52894674fdbe8fd0fcc99a53d29111368043c09db08409
2343,T10997,Ocular Surface and Contact Lens,0.00526315789473684,review,"Public Health, Environmental and Occupational Health",0.2,Infectious Diseases,0.3,10,c40c446d67677ec9cd52894674fdbe8fd0fcc99a53d29111368043c09db08409
2344,T11137,Historical Philosophy and Science,0.00526315789473684,review,History and Philosophy of Science,0.17272727272727273,Classics,0.2545454545454545,10,c40c446d67677ec9cd52894674fdbe8fd0fcc99a53d29111368043c09db08409
2345,T11187,Nonlinear Dynamics and Pattern Formation,0.00526315789473684,review,Computer Networks and Communications,0.17272727272727273,Statistical and Nonlinear Physics,0.2545454545454545,10,c40c446d67677ec9cd52894674fdbe8fd0fcc99a53d29111368043c09db08409
2346,T11262,Quantum Mechanics and Non-Hermitian Physics,0.00526315789473684,review,"Atomic and Molecular Physics, and Optics",0.2,Control and Systems Engineering,0.3,10,c40c446d67677ec9cd52894674fdbe8fd0fcc99a53d29111368043c09db08409
2347,T11267,Abdominal Trauma and Injuries,0.00526315789473684,review,Surgery,0.2,Cardiology and Cardiovascular Medicine,0.3,10,c40c446d67677ec9cd52894674fdbe8fd0fcc99a53d29111368043c09db08409
2348,T11360,Flame retardant materials and properties,0.00526315789473684,review,Polymers and Plastics,0.2,Biomaterials,0.3,10,c40c446d67677ec9cd52894674fdbe8fd0fcc99a53d29111368043c09db08409
2349,T11436,Entomopathogenic Microorganisms in Pest Control,0.00526315789473684,review,Insect Science,0.2,Plant Science,0.3,10,c40c446d67677ec9cd52894674fdbe8fd0fcc99a53d29111368043c09db08409
2350,T11441,Organoboron and organosilicon chemistry,0.00526315789473684,review,Organic Chemistry,0.2,Inorganic Chemistry,0.3,10,c40c446d67677ec9cd52894674fdbe8fd0fcc99a53d29111368043c09db08409
2351,T11449,Mechanical and Optical Resonators,0.00526315789473684,review,"Atomic and Molecular Physics, and Optics",0.2,Biomedical Engineering,0.3,10,c40c446d67677ec9cd52894674fdbe8fd0fcc99a53d29111368043c09db08409
2352,T11506,Children's Rights and Participation,0.00526315789473684,review,Sociology and Political Science,0.2,"Public Health, Environmental and Occupational Health",0.3,10,c40c446d67677ec9cd52894674fdbe8fd0fcc99a53d29111368043c09db08409
2353,T11659,Advanced Image Fusion Techniques,0.00526315789473684,review,Media Technology,0.17272727272727273,Electrical and Electronic Engineering,0.2545454545454545,10,c40c446d67677ec9cd52894674fdbe8fd0fcc99a53d29111368043c09db08409
2354,T11795,Humor Studies and Applications,0.00526315789473684,review,Social Psychology,0.17272727272727273,Human-Computer Interaction,0.2545454545454545,10,c40c446d67677ec9cd52894674fdbe8fd0fcc99a53d29111368043c09db08409
2355,T11908,Protein Interaction Studies and Fluorescence Analysis,0.00526315789473684,review,Molecular Biology,0.2,Plant Science,0.3,10,c40c446d67677ec9cd52894674fdbe8fd0fcc99a53d29111368043c09db08409
2356,T12143,Place Attachment and Urban Studies,0.00526315789473684,review,Sociology and Political Science,0.2,Urban Studies,0.3,10,c40c446d67677ec9cd52894674fdbe8fd0fcc99a53d29111368043c09db08409
2357,T12271,Renewable energy and sustainable power systems,0.00526315789473684,review,"Renewable Energy, Sustainability and the Environment",0.17272727272727273,Building and Construction,0.2545454545454545,10,c40c446d67677ec9cd52894674fdbe8fd0fcc99a53d29111368043c09db08409
2358,T12585,North African History and Literature,0.00526315789473684,review,History,0.2,Sociology and Political Science,0.3,10,c40c446d67677ec9cd52894674fdbe8fd0fcc99a53d29111368043c09db08409
2359,T12596,Cephalopods and Marine Biology,0.00526315789473684,review,"Ecology, Evolution, Behavior and Systematics",0.2,Psychiatry and Mental health,0.3,10,c40c446d67677ec9cd52894674fdbe8fd0fcc99a53d29111368043c09db08409
2360,T12971,Material Properties and Processing,0.00526315789473684,review,Mechanics of Materials,0.2,Control and Systems Engineering,0.3,10,c40c446d67677ec9cd52894674fdbe8fd0fcc99a53d29111368043c09db08409
2361,T12982,Legal principles and applications,0.00526315789473684,review,Law,0.2,Economics and Econometrics,0.3,10,c40c446d67677ec9cd52894674fdbe8fd0fcc99a53d29111368043c09db08409
2362,T13262,Semiotics and Cultural Interpretation,0.00526315789473684,review,Clinical Psychology,0.2,Cognitive Neuroscience,0.3,10,c40c446d67677ec9cd52894674fdbe8fd0fcc99a53d29111368043c09db08409
2363,T13495,Biographical and Historical Analysis,0.00526315789473684,review,History,0.2,Organic Chemistry,0.3,10,c40c446d67677ec9cd52894674fdbe8fd0fcc99a53d29111368043c09db08409
2364,T13646,Qur’anic Interpretation Studies,0.00526315789473684,review,Education,0.2153846153846154,Sociology and Political Science,0.2846153846153846,10,c40c446d67677ec9cd52894674fdbe8fd0fcc99a53d29111368043c09db08409
2365,T13718,Media Influence and Politics,0.00526315789473684,review,Sociology and Political Science,0.2,Political Science and International Relations,0.3,10,c40c446d67677ec9cd52894674fdbe8fd0fcc99a53d29111368043c09db08409
2366,T13976,Web visibility and informetrics,0.00526315789473684,review,Information Systems,0.2,Sociology and Political Science,0.3,10,c40c446d67677ec9cd52894674fdbe8fd0fcc99a53d29111368043c09db08409
2367,T14011,Elevator Systems and Control,0.00526315789473684,review,Control and Systems Engineering,0.17272727272727273,Artificial Intelligence,0.2545454545454545,10,c40c446d67677ec9cd52894674fdbe8fd0fcc99a53d29111368043c09db08409
2368,T14299,Complex Systems and Dynamics,0.00526315789473684,review,Statistical and Nonlinear Physics,0.17272727272727273,Computational Theory and Mathematics,0.2545454545454545,10,c40c446d67677ec9cd52894674fdbe8fd0fcc99a53d29111368043c09db08409
2369,T14504,Diverse Academic Research Analysis,0.00526315789473684,review,Sociology and Political Science,0.17272727272727273,"General Economics, Econometrics and Finance",0.2545454545454545,10,c40c446d67677ec9cd52894674fdbe8fd0fcc99a53d29111368043c09db08409
2370,T11610,Food Security and Health in Diverse Populations,0.004678362573099418,review,General Health Professions,0.31666666666666665,Clinical Psychology,0.38333333333333336,10,c40c446d67677ec9cd52894674fdbe8fd0fcc99a53d29111368043c09db08409
2371,T10765,Marine Biology and Ecology Research,0.004678362573099416,review,Oceanography,0.19,"Ecology, Evolution, Behavior and Systematics",0.27,10,c40c446d67677ec9cd52894674fdbe8fd0fcc99a53d29111368043c09db08409
2372,T10936,Millimeter-Wave Propagation and Modeling,0.004678362573099416,review,Electrical and Electronic Engineering,0.37,Computer Networks and Communications,0.45,10,c40c446d67677ec9cd52894674fdbe8fd0fcc99a53d29111368043c09db08409
2373,T11347,Neural Networks Stability and Synchronization,0.004678362573099416,review,Computer Networks and Communications,0.19,Artificial Intelligence,0.27,10,c40c446d67677ec9cd52894674fdbe8fd0fcc99a53d29111368043c09db08409
2374,T11546,Plant Physiology and Cultivation Studies,0.004678362573099416,review,Plant Science,0.19,Global and Planetary Change,0.27,10,c40c446d67677ec9cd52894674fdbe8fd0fcc99a53d29111368043c09db08409
2375,T11569,Optical Coherence Tomography Applications,0.004678362573099416,review,Biomedical Engineering,0.19,Biomaterials,0.27,10,c40c446d67677ec9cd52894674fdbe8fd0fcc99a53d29111368043c09db08409
2376,T12647,Traditional Chinese Medicine Studies,0.004678362573099416,review,Complementary and alternative medicine,0.19,Genetics,0.27,10,c40c446d67677ec9cd52894674fdbe8fd0fcc99a53d29111368043c09db08409
2377,T13353,Flow Experience in Various Fields,0.004678362573099416,review,Developmental and Educational Psychology,0.19,Social Psychology,0.27,10,c40c446d67677ec9cd52894674fdbe8fd0fcc99a53d29111368043c09db08409
2378,T14255,European Law and Migration,0.004678362573099416,review,Law,0.2545454545454545,Political Science and International Relations,0.32727272727272727,10,c40c446d67677ec9cd52894674fdbe8fd0fcc99a53d29111368043c09db08409
2379,T11946,Antenna Design and Optimization,0.004678362573099415,review,Aerospace Engineering,0.14615384615384616,Control and Systems Engineering,0.2076923076923077,10,c40c446d67677ec9cd52894674fdbe8fd0fcc99a53d29111368043c09db08409
2380,T11035,Salivary Gland Tumors Diagnosis and Treatment,0.004678362573099414,review,Surgery,0.17272727272727273,Pulmonary and Respiratory Medicine,0.24545454545454545,10,c40c446d67677ec9cd52894674fdbe8fd0fcc99a53d29111368043c09db08409
2381,T12015,Photoacoustic and Ultrasonic Imaging,0.004678362573099414,review,Biomedical Engineering,0.17272727272727273,Biomaterials,0.24545454545454545,10,c40c446d67677ec9cd52894674fdbe8fd0fcc99a53d29111368043c09db08409
2382,T14460,"Literary, Cultural, Historical Analysis",0.004678362573099414,review,Philosophy,0.17272727272727273,Sociology and Political Science,0.24545454545454545,10,c40c446d67677ec9cd52894674fdbe8fd0fcc99a53d29111368043c09db08409
2383,T10378,Advanced MRI Techniques and Applications,0.004678362573099413,review,"Radiology, Nuclear Medicine and Imaging",0.28,Computer Vision and Pattern Recognition,0.36,10,c40c446d67677ec9cd52894674fdbe8fd0fcc99a53d29111368043c09db08409
2384,T10808,Electric and Hybrid Vehicle Technologies,0.004678362573099413,review,Automotive Engineering,0.28,Electrical and Electronic Engineering,0.36,10,c40c446d67677ec9cd52894674fdbe8fd0fcc99a53d29111368043c09db08409
2385,T12879,Distributed Sensor Networks and Detection Algorithms,0.004678362573099413,review,Computer Networks and Communications,0.28,Electrical and Electronic Engineering,0.36,10,c40c446d67677ec9cd52894674fdbe8fd0fcc99a53d29111368043c09db08409
2386,T12895,Environmental law and policy,0.004575163398692814,review,Law,0.2444444444444444,Political Science and International Relations,0.2833333333333333,10,c40c446d67677ec9cd52894674fdbe8fd0fcc99a53d29111368043c09db08409
2387,T13172,Economic Issues in Ukraine,0.004575163398692814,review,"General Economics, Econometrics and Finance",0.23157894736842102,Economics and Econometrics,0.26842105263157895,10,c40c446d67677ec9cd52894674fdbe8fd0fcc99a53d29111368043c09db08409
2388,T13259,American Jewish Fiction Analysis,0.004575163398692814,review,Literature and Literary Theory,0.2444444444444444,Sociology and Political Science,0.2833333333333333,10,c40c446d67677ec9cd52894674fdbe8fd0fcc99a53d29111368043c09db08409
2389,T13337,Korean Peninsula Historical and Political Studies,0.004575163398692814,review,Sociology and Political Science,0.23157894736842102,Political Science and International Relations,0.26842105263157895,10,c40c446d67677ec9cd52894674fdbe8fd0fcc99a53d29111368043c09db08409
2390,T11503,Cytokine Signaling Pathways and Interactions,0.004575163398692811,review,Oncology,0.15,Molecular Biology,0.18888888888888888,10,c40c446d67677ec9cd52894674fdbe8fd0fcc99a53d29111368043c09db08409
2391,T12273,Latin American Urban Studies,0.004575163398692811,review,Urban Studies,0.15,Sociology and Political Science,0.18888888888888888,10,c40c446d67677ec9cd52894674fdbe8fd0fcc99a53d29111368043c09db08409
2392,T12955,Atherosclerosis and Cardiovascular Diseases,0.004575163398692811,review,Immunology,0.15,Molecular Biology,0.18888888888888888,10,c40c446d67677ec9cd52894674fdbe8fd0fcc99a53d29111368043c09db08409
2393,T13226,Appreciative Inquiry and Organizational Change,0.004575163398692811,review,Organizational Behavior and Human Resource Management,0.15,Education,0.18888888888888888,10,c40c446d67677ec9cd52894674fdbe8fd0fcc99a53d29111368043c09db08409
2394,T10162,Online and Blended Learning,0.004575163398692807,review,Education,0.36818181818181817,Information Systems,0.39999999999999997,10,c40c446d67677ec9cd52894674fdbe8fd0fcc99a53d29111368043c09db08409
2395,T12215,Phytochemical Studies and Bioactivities,0.004575163398692807,review,Molecular Biology,0.2714285714285714,Plant Science,0.31461038961038956,10,c40c446d67677ec9cd52894674fdbe8fd0fcc99a53d29111368043c09db08409
2396,T12298,Phytochemicals and Medicinal Plants,0.004575163398692807,review,Complementary and alternative medicine,0.12272727272727274,Molecular Biology,0.15454545454545454,10,c40c446d67677ec9cd52894674fdbe8fd0fcc99a53d29111368043c09db08409
2397,T13012,Coenzyme Q10 studies and effects,0.004575163398692807,review,Molecular Biology,0.14210526315789473,Pathology and Forensic Medicine,0.1789473684210526,10,c40c446d67677ec9cd52894674fdbe8fd0fcc99a53d29111368043c09db08409
2398,T13424,"Ukraine: War, Education, Health",0.004575163398692806,review,Global and Planetary Change,0.1285714285714286,"Ecology, Evolution, Behavior and Systematics",0.16190476190476188,10,c40c446d67677ec9cd52894674fdbe8fd0fcc99a53d29111368043c09db08409
2399,T10010,"Obesity, Physical Activity, Diet",0.003758169934640521,review,"Public Health, Environmental and Occupational Health",0.17288135593220338,Clinical Psychology,0.19887005649717512,10,c40c446d67677ec9cd52894674fdbe8fd0fcc99a53d29111368043c09db08409
2400,T10038,Tuberculosis Research and Epidemiology,0.0029411764705882366,review,Infectious Diseases,0.24285714285714283,Epidemiology,0.2571428571428571,10,c40c446d67677ec9cd52894674fdbe8fd0fcc99a53d29111368043c09db08409
2401,T13195,Medieval Iberian Studies,0.001960784313725498,review,Classics,0.27464788732394363,Literature and Literary Theory,0.2852112676056338,10,c40c446d67677ec9cd52894674fdbe8fd0fcc99a53d29111368043c09db08409
2402,T10893,Chinese history and philosophy,0.0019607843137254915,review,Sociology and Political Science,0.2217391304347826,Classics,0.23478260869565218,10,c40c446d67677ec9cd52894674fdbe8fd0fcc99a53d29111368043c09db08409
2403,T11133,UAV Applications and Optimization,0.0018796992481203009,review,Aerospace Engineering,0.17439446366782005,Electrical and Electronic Engineering,0.20553633217993078,10,c40c446d67677ec9cd52894674fdbe8fd0fcc99a53d29111368043c09db08409
2404,T12109,"Race, Identity, and Education in Brazil",0.0015651874785001713,review,Sociology and Political Science,0.24206272849720992,History,0.25957283047912255,10,c40c446d67677ec9cd52894674fdbe8fd0fcc99a53d29111368043c09db08409
2405,T14129,Economic and Business Studies,0.0008169934640522837,review,Economics and Econometrics,0.21386138613861388,Strategy and Management,0.2188118811881188,10,c40c446d67677ec9cd52894674fdbe8fd0fcc99a53d29111368043c09db08409
2406,T10735,Mesoporous Materials and Catalysis,0.000584795321637429,review,Materials Chemistry,0.2846153846153846,Inorganic Chemistry,0.2923076923076923,10,c40c446d67677ec9cd52894674fdbe8fd0fcc99a53d29111368043c09db08409
2407,T11959,Employment and Welfare Studies,0.000584795321637429,review,General Health Professions,0.2846153846153846,Economics and Econometrics,0.2923076923076923,10,c40c446d67677ec9cd52894674fdbe8fd0fcc99a53d29111368043c09db08409
2408,T10762,"Migration, Health and Trauma",0.0005847953216374282,review,Clinical Psychology,0.24666666666666667,Social Psychology,0.25333333333333335,10,c40c446d67677ec9cd52894674fdbe8fd0fcc99a53d29111368043c09db08409
2409,T13649,Advanced Synthetic Organic Chemistry,0.0005847953216374278,review,Organic Chemistry,0.29670329670329665,Pharmacology,0.30769230769230765,9,c40c446d67677ec9cd52894674fdbe8fd0fcc99a53d29111368043c09db08409
2410,T12474,Education Discipline and Inequality,0.0005847953216374275,review,Education,0.32926829268292684,Law,0.34146341463414637,8,c40c446d67677ec9cd52894674fdbe8fd0fcc99a53d29111368043c09db08409
2411,T10444,Context-Aware Activity Recognition Systems,0.0005847953216374273,review,Computer Vision and Pattern Recognition,0.27,Biomedical Engineering,0.28,10,c40c446d67677ec9cd52894674fdbe8fd0fcc99a53d29111368043c09db08409
2412,T10886,Multiferroics and related materials,0.0005847953216374273,review,"Electronic, Optical and Magnetic Materials",0.27,Electrical and Electronic Engineering,0.28,10,c40c446d67677ec9cd52894674fdbe8fd0fcc99a53d29111368043c09db08409
2413,T11040,Personality Traits and Psychology,0.0005847953216374273,review,Clinical Psychology,0.36,Social Psychology,0.37,10,c40c446d67677ec9cd52894674fdbe8fd0fcc99a53d29111368043c09db08409
2414,T11859,Educator Training and Historical Pedagogy,0.0005847953216374273,review,Sociology and Political Science,0.36,Education,0.37,10,c40c446d67677ec9cd52894674fdbe8fd0fcc99a53d29111368043c09db08409
2415,T12819,Environmental Philosophy and Ethics,0.0005847953216374273,review,Nature and Landscape Conservation,0.27,Sociology and Political Science,0.28,10,c40c446d67677ec9cd52894674fdbe8fd0fcc99a53d29111368043c09db08409
2416,T14402,Political and Social Issues,0.0005847953216374273,review,Political Science and International Relations,0.27,Urban Studies,0.28,10,c40c446d67677ec9cd52894674fdbe8fd0fcc99a53d29111368043c09db08409
2417,T11169,Silicon Nanostructures and Photoluminescence,0.0005847953216374269,review,Materials Chemistry,0.2076923076923077,Inorganic Chemistry,0.2153846153846154,10,c40c446d67677ec9cd52894674fdbe8fd0fcc99a53d29111368043c09db08409
2418,T11736,Histone Deacetylase Inhibitors Research,0.0005847953216374253,review,Molecular Biology,0.24545454545454545,Plant Science,0.2545454545454545,10,c40c446d67677ec9cd52894674fdbe8fd0fcc99a53d29111368043c09db08409
2419,T12113,Growth and nutrition in plants,0.0005847953216374253,review,Plant Science,0.24545454545454545,Soil Science,0.2545454545454545,10,c40c446d67677ec9cd52894674fdbe8fd0fcc99a53d29111368043c09db08409
2420,T10002,Advanced Chemical Physics Studies,0.0,insufficient_evidence,"Atomic and Molecular Physics, and Optics",0.0,Organic Chemistry,0.16666666666666666,6,c40c446d67677ec9cd52894674fdbe8fd0fcc99a53d29111368043c09db08409
2421,T10006,Job Satisfaction and Organizational Behavior,0.0,consistent,Organizational Behavior and Human Resource Management,0.4016260162601626,Organizational Behavior and Human Resource Management,0.4016260162601626,10,c40c446d67677ec9cd52894674fdbe8fd0fcc99a53d29111368043c09db08409
2422,T10008,Teacher Education and Leadership Studies,0.0,consistent,Education,0.5416666666666666,Education,0.5416666666666666,10,c40c446d67677ec9cd52894674fdbe8fd0fcc99a53d29111368043c09db08409
2423,T10009,Dementia and Cognitive Impairment Research,0.0,insufficient_evidence,Psychiatry and Mental health,0.0,Complementary and alternative medicine,0.17272727272727273,10,c40c446d67677ec9cd52894674fdbe8fd0fcc99a53d29111368043c09db08409
2424,T10012,Genetic diversity and population structure,0.0,consistent,Genetics,0.23333333333333334,Genetics,0.23333333333333334,10,c40c446d67677ec9cd52894674fdbe8fd0fcc99a53d29111368043c09db08409
2425,T10013,Asymmetric Synthesis and Catalysis,0.0,consistent,Organic Chemistry,0.625,Organic Chemistry,0.625,10,c40c446d67677ec9cd52894674fdbe8fd0fcc99a53d29111368043c09db08409
2426,T10015,Genomics and Phylogenetic Studies,0.0,consistent,Molecular Biology,0.2,Molecular Biology,0.2,10,c40c446d67677ec9cd52894674fdbe8fd0fcc99a53d29111368043c09db08409
2427,T10016,Adsorption and biosorption for pollutant removal,0.0,consistent,Water Science and Technology,0.2923076923076923,Water Science and Technology,0.2923076923076923,10,c40c446d67677ec9cd52894674fdbe8fd0fcc99a53d29111368043c09db08409
2428,T10018,Advancements in Battery Materials,0.0,consistent,Electrical and Electronic Engineering,0.39757281553398066,Electrical and Electronic Engineering,0.39757281553398066,10,c40c446d67677ec9cd52894674fdbe8fd0fcc99a53d29111368043c09db08409
2429,T10019,Corporate Finance and Governance,0.0,consistent,Accounting,0.33636363636363636,Accounting,0.33636363636363636,10,c40c446d67677ec9cd52894674fdbe8fd0fcc99a53d29111368043c09db08409
2430,T10021,EFL/ESL Teaching and Learning,0.0,consistent,Language and Linguistics,0.3333333333333333,Language and Linguistics,0.3333333333333333,9,c40c446d67677ec9cd52894674fdbe8fd0fcc99a53d29111368043c09db08409
2431,T10024,TiO2 Photocatalysis and Solar Cells,0.0,consistent,"Renewable Energy, Sustainability and the Environment",0.3982817869415808,"Renewable Energy, Sustainability and the Environment",0.3982817869415808,10,c40c446d67677ec9cd52894674fdbe8fd0fcc99a53d29111368043c09db08409
2432,T10027,"Diabetes, Cardiovascular Risks, and Lipoproteins",0.0,consistent,"Endocrinology, Diabetes and Metabolism",0.24593128390596744,"Endocrinology, Diabetes and Metabolism",0.24593128390596744,10,c40c446d67677ec9cd52894674fdbe8fd0fcc99a53d29111368043c09db08409
2433,T10028,Topic Modeling,0.0,consistent,Artificial Intelligence,0.37,Artificial Intelligence,0.37,10,c40c446d67677ec9cd52894674fdbe8fd0fcc99a53d29111368043c09db08409
2434,T10030,Electrocatalysts for Energy Conversion,0.0,consistent,"Renewable Energy, Sustainability and the Environment",0.35625,"Renewable Energy, Sustainability and the Environment",0.35625,10,c40c446d67677ec9cd52894674fdbe8fd0fcc99a53d29111368043c09db08409
2435,T10031,T-cell and B-cell Immunology,0.0,consistent,Immunology,0.5,Immunology,0.5,8,c40c446d67677ec9cd52894674fdbe8fd0fcc99a53d29111368043c09db08409
2436,T10033,Concrete and Cement Materials Research,0.0,insufficient_evidence,Civil and Structural Engineering,0.0,Geochemistry and Petrology,0.14615384615384616,10,c40c446d67677ec9cd52894674fdbe8fd0fcc99a53d29111368043c09db08409
2437,T10034,"Syntax, Semantics, Linguistic Variation",0.0,consistent,Language and Linguistics,0.37,Language and Linguistics,0.37,10,c40c446d67677ec9cd52894674fdbe8fd0fcc99a53d29111368043c09db08409
2438,T10036,Advanced Neural Network Applications,0.0,consistent,Computer Vision and Pattern Recognition,0.3,Computer Vision and Pattern Recognition,0.3,10,c40c446d67677ec9cd52894674fdbe8fd0fcc99a53d29111368043c09db08409
2439,T10037,Physics of Superconductivity and Magnetism,0.0,insufficient_evidence,Condensed Matter Physics,0.0,"Atomic and Molecular Physics, and Optics",1.0,1,c40c446d67677ec9cd52894674fdbe8fd0fcc99a53d29111368043c09db08409
2440,T10039,"Stellar, planetary, and galactic studies",0.0,insufficient_evidence,Astronomy and Astrophysics,0.0,,0,0,c40c446d67677ec9cd52894674fdbe8fd0fcc99a53d29111368043c09db08409
2441,T10040,Adaptive Control of Nonlinear Systems,0.0,consistent,Control and Systems Engineering,0.4434977578475337,Control and Systems Engineering,0.4434977578475337,10,c40c446d67677ec9cd52894674fdbe8fd0fcc99a53d29111368043c09db08409
2442,T10042,Neural and Behavioral Psychology Studies,0.0,consistent,Cognitive Neuroscience,0.3,Cognitive Neuroscience,0.3,10,c40c446d67677ec9cd52894674fdbe8fd0fcc99a53d29111368043c09db08409
2443,T10044,Protein Structure and Dynamics,0.0,consistent,Molecular Biology,0.28,Molecular Biology,0.28,10,c40c446d67677ec9cd52894674fdbe8fd0fcc99a53d29111368043c09db08409
2444,T10045,Organic Electronics and Photovoltaics,0.0,consistent,Electrical and Electronic Engineering,0.25,Electrical and Electronic Engineering,0.25,4,c40c446d67677ec9cd52894674fdbe8fd0fcc99a53d29111368043c09db08409
2445,T10046,Stability and Control of Uncertain Systems,0.0,consistent,Control and Systems Engineering,0.5142857142857142,Control and Systems Engineering,0.5142857142857142,10,c40c446d67677ec9cd52894674fdbe8fd0fcc99a53d29111368043c09db08409
2446,T10048,Particle physics theoretical and experimental studies,0.0,consistent,Nuclear and High Energy Physics,0.5135135135135135,Nuclear and High Energy Physics,0.5135135135135135,3,c40c446d67677ec9cd52894674fdbe8fd0fcc99a53d29111368043c09db08409
2447,T10050,Multi-Criteria Decision Making,0.0,consistent,Management Science and Operations Research,0.25,Management Science and Operations Research,0.25,4,c40c446d67677ec9cd52894674fdbe8fd0fcc99a53d29111368043c09db08409
2448,T10052,Medical Image Segmentation Techniques,0.0,consistent,Computer Vision and Pattern Recognition,0.2,Computer Vision and Pattern Recognition,0.2,10,c40c446d67677ec9cd52894674fdbe8fd0fcc99a53d29111368043c09db08409
2449,T10053,International Relations and Foreign Policy,0.0,consistent,Political Science and International Relations,0.19999999999999998,Political Science and International Relations,0.19999999999999998,10,c40c446d67677ec9cd52894674fdbe8fd0fcc99a53d29111368043c09db08409
2450,T10055,Diverse Aspects of Tourism Research,0.0,consistent,Sociology and Political Science,0.2,Sociology and Political Science,0.2,10,c40c446d67677ec9cd52894674fdbe8fd0fcc99a53d29111368043c09db08409
2451,T10057,Face and Expression Recognition,0.0,consistent,Computer Vision and Pattern Recognition,0.3,Computer Vision and Pattern Recognition,0.3,10,c40c446d67677ec9cd52894674fdbe8fd0fcc99a53d29111368043c09db08409
2452,T10061,Algebraic Geometry and Number Theory,0.0,insufficient_evidence,Geometry and Topology,0.0,Computational Theory and Mathematics,0.5,2,c40c446d67677ec9cd52894674fdbe8fd0fcc99a53d29111368043c09db08409
2453,T10064,Complex Network Analysis Techniques,0.0,consistent,Statistical and Nonlinear Physics,0.2602739726027397,Statistical and Nonlinear Physics,0.2602739726027397,7,c40c446d67677ec9cd52894674fdbe8fd0fcc99a53d29111368043c09db08409
2454,T10065,Atrial Fibrillation Management and Outcomes,0.0,consistent,Cardiology and Cardiovascular Medicine,0.3,Cardiology and Cardiovascular Medicine,0.3,10,c40c446d67677ec9cd52894674fdbe8fd0fcc99a53d29111368043c09db08409
2455,T10068,Technology Adoption and User Behaviour,0.0,insufficient_evidence,Information Systems and Management,0.0,Management of Technology and Innovation,0.1,10,c40c446d67677ec9cd52894674fdbe8fd0fcc99a53d29111368043c09db08409
2456,T10072,Science Education and Pedagogy,0.0,consistent,Education,0.2,Education,0.2,10,c40c446d67677ec9cd52894674fdbe8fd0fcc99a53d29111368043c09db08409
2457,T10074,Carbon Nanotubes in Composites,0.0,consistent,Materials Chemistry,0.3145924453280318,Materials Chemistry,0.3145924453280318,10,c40c446d67677ec9cd52894674fdbe8fd0fcc99a53d29111368043c09db08409
2458,T10076,Plant-Microbe Interactions and Immunity,0.0,consistent,Plant Science,0.2857142857142857,Plant Science,0.2857142857142857,7,c40c446d67677ec9cd52894674fdbe8fd0fcc99a53d29111368043c09db08409
2459,T10077,Neuroscience and Neuropharmacology Research,0.0,consistent,Cellular and Molecular Neuroscience,0.2,Cellular and Molecular Neuroscience,0.2,10,c40c446d67677ec9cd52894674fdbe8fd0fcc99a53d29111368043c09db08409
2460,T10078,Advanced Photocatalysis Techniques,0.0,consistent,"Renewable Energy, Sustainability and the Environment",0.32529182879377433,"Renewable Energy, Sustainability and the Environment",0.32529182879377433,10,c40c446d67677ec9cd52894674fdbe8fd0fcc99a53d29111368043c09db08409
2461,T10079,Nanoparticles: synthesis and applications,0.0,consistent,Materials Chemistry,0.2235294117647059,Materials Chemistry,0.2235294117647059,10,c40c446d67677ec9cd52894674fdbe8fd0fcc99a53d29111368043c09db08409
2462,T10080,Energy Efficient Wireless Sensor Networks,0.0,consistent,Computer Networks and Communications,0.33636363636363636,Computer Networks and Communications,0.33636363636363636,10,c40c446d67677ec9cd52894674fdbe8fd0fcc99a53d29111368043c09db08409
2463,T10081,"Auditing, Earnings Management, Governance",0.0,insufficient_evidence,Accounting,0.22281553398058251,Management Information Systems,0.24902912621359227,10,c40c446d67677ec9cd52894674fdbe8fd0fcc99a53d29111368043c09db08409
2464,T10082,HIV/AIDS Research and Interventions,0.0,consistent,Infectious Diseases,0.25,Infectious Diseases,0.25,8,c40c446d67677ec9cd52894674fdbe8fd0fcc99a53d29111368043c09db08409
2465,T10083,Graphene research and applications,0.0,consistent,Materials Chemistry,0.24474708171206225,Materials Chemistry,0.24474708171206225,10,c40c446d67677ec9cd52894674fdbe8fd0fcc99a53d29111368043c09db08409
2466,T10086,Alzheimer's disease research and treatments,0.0,insufficient_evidence,Physiology,0.06923076923076923,Neurology,0.14615384615384616,10,c40c446d67677ec9cd52894674fdbe8fd0fcc99a53d29111368043c09db08409
2467,T10087,Archaeology and ancient environmental studies,0.0,insufficient_evidence,Paleontology,0.0,,0,0,c40c446d67677ec9cd52894674fdbe8fd0fcc99a53d29111368043c09db08409
2468,T10088,Thermochemical Biomass Conversion Processes,0.0,consistent,Biomedical Engineering,0.37,Biomedical Engineering,0.37,10,c40c446d67677ec9cd52894674fdbe8fd0fcc99a53d29111368043c09db08409
2469,T10091,Malaria Research and Control,0.0,consistent,"Public Health, Environmental and Occupational Health",0.3,"Public Health, Environmental and Occupational Health",0.3,10,c40c446d67677ec9cd52894674fdbe8fd0fcc99a53d29111368043c09db08409
2470,T10092,Organometallic Complex Synthesis and Catalysis,0.0,consistent,Organic Chemistry,0.31666666666666665,Organic Chemistry,0.31666666666666665,10,c40c446d67677ec9cd52894674fdbe8fd0fcc99a53d29111368043c09db08409
2471,T10093,Nuclear physics research studies,0.0,insufficient_evidence,Nuclear and High Energy Physics,0.5,Nuclear and High Energy Physics,0.5,2,c40c446d67677ec9cd52894674fdbe8fd0fcc99a53d29111368043c09db08409
2472,T10094,Epilepsy research and treatment,0.0,consistent,Psychiatry and Mental health,0.32529182879377433,Psychiatry and Mental health,0.32529182879377433,10,c40c446d67677ec9cd52894674fdbe8fd0fcc99a53d29111368043c09db08409
2473,T10095,Cosmology and Gravitation Theories,0.0,consistent,Astronomy and Astrophysics,0.6666666666666666,Astronomy and Astrophysics,0.6666666666666666,3,c40c446d67677ec9cd52894674fdbe8fd0fcc99a53d29111368043c09db08409
2474,T10097,Luminescence Properties of Advanced Materials,0.0,insufficient_evidence,Materials Chemistry,0.0,Inorganic Chemistry,0.25,4,c40c446d67677ec9cd52894674fdbe8fd0fcc99a53d29111368043c09db08409
2475,T10098,Ruminant Nutrition and Digestive Physiology,0.0,consistent,Agronomy and Crop Science,0.16666666666666666,Agronomy and Crop Science,0.16666666666666666,6,c40c446d67677ec9cd52894674fdbe8fd0fcc99a53d29111368043c09db08409
2476,T10100,Metaheuristic Optimization Algorithms Research,0.0,insufficient_evidence,Artificial Intelligence,0.16363636363636364,Computational Theory and Mathematics,0.17272727272727273,10,c40c446d67677ec9cd52894674fdbe8fd0fcc99a53d29111368043c09db08409
2477,T10101,Cloud Computing and Resource Management,0.0,consistent,Information Systems,0.32277992277992273,Information Systems,0.32277992277992273,10,c40c446d67677ec9cd52894674fdbe8fd0fcc99a53d29111368043c09db08409
2478,T10103,Reading and Literacy Development,0.0,consistent,Developmental and Educational Psychology,0.5714285714285714,Developmental and Educational Psychology,0.5714285714285714,7,c40c446d67677ec9cd52894674fdbe8fd0fcc99a53d29111368043c09db08409
2479,T10105,Osteoarthritis Treatment and Mechanisms,0.0,insufficient_evidence,Rheumatology,0.075,Genetics,0.15833333333333333,10,c40c446d67677ec9cd52894674fdbe8fd0fcc99a53d29111368043c09db08409
2480,T10107,Ferroelectric and Piezoelectric Materials,0.0,insufficient_evidence,Materials Chemistry,0.0,,0,0,c40c446d67677ec9cd52894674fdbe8fd0fcc99a53d29111368043c09db08409
2481,T10109,Paleontology and Stratigraphy of Fossils,0.0,insufficient_evidence,Paleontology,0.0,Oceanography,0.5,2,c40c446d67677ec9cd52894674fdbe8fd0fcc99a53d29111368043c09db08409
2482,T10110,earthquake and tectonic studies,0.0,consistent,Geophysics,0.6666666666666666,Geophysics,0.6666666666666666,3,c40c446d67677ec9cd52894674fdbe8fd0fcc99a53d29111368043c09db08409
2483,T10111,Remote Sensing in Agriculture,0.0,insufficient_evidence,Ecology,0.0,Artificial Intelligence,0.1357142857142857,10,c40c446d67677ec9cd52894674fdbe8fd0fcc99a53d29111368043c09db08409
2484,T10115,Corporate Social Responsibility Reporting,0.0,consistent,Strategy and Management,0.39166666666666666,Strategy and Management,0.39166666666666666,10,c40c446d67677ec9cd52894674fdbe8fd0fcc99a53d29111368043c09db08409
2485,T10118,SARS-CoV-2 and COVID-19 Research,0.0,consistent,Infectious Diseases,0.24130434782608698,Infectious Diseases,0.24130434782608698,10,c40c446d67677ec9cd52894674fdbe8fd0fcc99a53d29111368043c09db08409
2486,T10119,Sustainability and Climate Change Governance,0.0,insufficient_evidence,Global and Planetary Change,0.08181818181818182,Electrical and Electronic Engineering,0.17272727272727273,10,c40c446d67677ec9cd52894674fdbe8fd0fcc99a53d29111368043c09db08409
2487,T10122,Toxic Organic Pollutants Impact,0.0,consistent,"Health, Toxicology and Mutagenesis",0.3,"Health, Toxicology and Mutagenesis",0.3,10,c40c446d67677ec9cd52894674fdbe8fd0fcc99a53d29111368043c09db08409
2488,T10124,Prostate Cancer Diagnosis and Treatment,0.0,consistent,Pulmonary and Respiratory Medicine,0.3,Pulmonary and Respiratory Medicine,0.3,10,c40c446d67677ec9cd52894674fdbe8fd0fcc99a53d29111368043c09db08409
2489,T10125,Advanced Wireless Communication Techniques,0.0,consistent,Electrical and Electronic Engineering,0.3545683151718357,Electrical and Electronic Engineering,0.3545683151718357,8,c40c446d67677ec9cd52894674fdbe8fd0fcc99a53d29111368043c09db08409
2490,T10126,"Logic, programming, and type systems",0.0,consistent,Artificial Intelligence,0.3333333333333333,Artificial Intelligence,0.3333333333333333,3,c40c446d67677ec9cd52894674fdbe8fd0fcc99a53d29111368043c09db08409
2491,T10130,Mathematics Education and Teaching Techniques,0.0,consistent,Education,0.41818181818181815,Education,0.41818181818181815,10,c40c446d67677ec9cd52894674fdbe8fd0fcc99a53d29111368043c09db08409
2492,T10133,Media Studies and Communication,0.0,consistent,Communication,0.28,Communication,0.28,10,c40c446d67677ec9cd52894674fdbe8fd0fcc99a53d29111368043c09db08409
2493,T10135,Insect-Plant Interactions and Control,0.0,consistent,Insect Science,0.4,Insect Science,0.4,10,c40c446d67677ec9cd52894674fdbe8fd0fcc99a53d29111368043c09db08409
2494,T10136,Statistical Methods and Inference,0.0,consistent,Statistics and Probability,0.1,Statistics and Probability,0.1,10,c40c446d67677ec9cd52894674fdbe8fd0fcc99a53d29111368043c09db08409
2495,T10138,Network Traffic and Congestion Control,0.0,consistent,Computer Networks and Communications,0.75,Computer Networks and Communications,0.75,8,c40c446d67677ec9cd52894674fdbe8fd0fcc99a53d29111368043c09db08409
2496,T10139,Heavy metals in environment,0.0,consistent,Pollution,0.3848249027237355,Pollution,0.3848249027237355,10,c40c446d67677ec9cd52894674fdbe8fd0fcc99a53d29111368043c09db08409
2497,T10140,Food composition and properties,0.0,consistent,Nutrition and Dietetics,0.28,Nutrition and Dietetics,0.28,10,c40c446d67677ec9cd52894674fdbe8fd0fcc99a53d29111368043c09db08409
2498,T10141,Probiotics and Fermented Foods,0.0,insufficient_evidence,Food Science,0.0,Gastroenterology,0.19,10,c40c446d67677ec9cd52894674fdbe8fd0fcc99a53d29111368043c09db08409
2499,T10144,Blood Pressure and Hypertension Studies,0.0,consistent,Cardiology and Cardiovascular Medicine,0.32105263157894737,Cardiology and Cardiovascular Medicine,0.32105263157894737,10,c40c446d67677ec9cd52894674fdbe8fd0fcc99a53d29111368043c09db08409
2500,T10145,Consumer Behavior in Brand Consumption and Identification,0.0,consistent,Marketing,0.4,Marketing,0.4,10,c40c446d67677ec9cd52894674fdbe8fd0fcc99a53d29111368043c09db08409
2501,T10148,Advanced MIMO Systems Optimization,0.0,consistent,Electrical and Electronic Engineering,0.3,Electrical and Electronic Engineering,0.3,10,c40c446d67677ec9cd52894674fdbe8fd0fcc99a53d29111368043c09db08409
2502,T10152,Animal Nutrition and Physiology,0.0,insufficient_evidence,Animal Science and Zoology,0.09,Immunology,0.19,10,c40c446d67677ec9cd52894674fdbe8fd0fcc99a53d29111368043c09db08409
2503,T10153,"Education, sociology, and vocational training",0.0,consistent,Sociology and Political Science,0.2,Sociology and Political Science,0.2,10,c40c446d67677ec9cd52894674fdbe8fd0fcc99a53d29111368043c09db08409
2504,T10154,Customer Service Quality and Loyalty,0.0,insufficient_evidence,Organizational Behavior and Human Resource Management,0.08181818181818182,Marketing,0.17272727272727273,10,c40c446d67677ec9cd52894674fdbe8fd0fcc99a53d29111368043c09db08409
2505,T10155,Nitric Oxide and Endothelin Effects,0.0,insufficient_evidence,Physiology,0.0,Biochemistry,0.18106508875739646,10,c40c446d67677ec9cd52894674fdbe8fd0fcc99a53d29111368043c09db08409
2506,T10158,Cancer Immunotherapy and Biomarkers,0.0,consistent,Oncology,0.5714285714285714,Oncology,0.5714285714285714,7,c40c446d67677ec9cd52894674fdbe8fd0fcc99a53d29111368043c09db08409
2507,T10159,Ionosphere and magnetosphere dynamics,0.0,insufficient_evidence,Astronomy and Astrophysics,0.5,Astronomy and Astrophysics,0.5,2,c40c446d67677ec9cd52894674fdbe8fd0fcc99a53d29111368043c09db08409
2508,T10160,Seismic Performance and Analysis,0.0,insufficient_evidence,Civil and Structural Engineering,0.0,Signal Processing,0.25,4,c40c446d67677ec9cd52894674fdbe8fd0fcc99a53d29111368043c09db08409
2509,T10161,Rock Mechanics and Modeling,0.0,consistent,Mechanics of Materials,0.625,Mechanics of Materials,0.625,8,c40c446d67677ec9cd52894674fdbe8fd0fcc99a53d29111368043c09db08409
2510,T10164,Quality and Supply Management,0.0,insufficient_evidence,Management Information Systems,0.1619047619047619,Strategy and Management,0.27142857142857146,10,c40c446d67677ec9cd52894674fdbe8fd0fcc99a53d29111368043c09db08409
2511,T10168,COVID-19 and Mental Health,0.0,consistent,Clinical Psychology,0.1789473684210526,Clinical Psychology,0.1789473684210526,10,c40c446d67677ec9cd52894674fdbe8fd0fcc99a53d29111368043c09db08409
2512,T10169,Protein Kinase Regulation and GTPase Signaling,0.0,consistent,Molecular Biology,0.509090909090909,Molecular Biology,0.509090909090909,10,c40c446d67677ec9cd52894674fdbe8fd0fcc99a53d29111368043c09db08409
2513,T10171,Biofuel production and bioconversion,0.0,insufficient_evidence,Biomedical Engineering,0.5,Biomedical Engineering,0.5,2,c40c446d67677ec9cd52894674fdbe8fd0fcc99a53d29111368043c09db08409
2514,T10172,Cardiac Valve Diseases and Treatments,0.0,insufficient_evidence,Cardiology and Cardiovascular Medicine,0.0,,0,0,c40c446d67677ec9cd52894674fdbe8fd0fcc99a53d29111368043c09db08409
2515,T10173,Computational Fluid Dynamics and Aerodynamics,0.0,insufficient_evidence,Computational Mechanics,0.6785714285714286,Computational Mechanics,0.6785714285714286,2,c40c446d67677ec9cd52894674fdbe8fd0fcc99a53d29111368043c09db08409
2516,T10175,Advanced DC-DC Converters,0.0,consistent,Electrical and Electronic Engineering,0.6636363636363637,Electrical and Electronic Engineering,0.6636363636363637,10,c40c446d67677ec9cd52894674fdbe8fd0fcc99a53d29111368043c09db08409
2517,T10176,Mesenchymal stem cell research,0.0,insufficient_evidence,Genetics,0.0,Rheumatology,0.19,10,c40c446d67677ec9cd52894674fdbe8fd0fcc99a53d29111368043c09db08409
2518,T10177,Palliative Care and End-of-Life Issues,0.0,consistent,"Public Health, Environmental and Occupational Health",0.4666666666666667,"Public Health, Environmental and Occupational Health",0.4666666666666667,10,c40c446d67677ec9cd52894674fdbe8fd0fcc99a53d29111368043c09db08409
2519,T10182,Child and Adolescent Psychosocial and Emotional Development,0.0,consistent,Clinical Psychology,0.48957055214723927,Clinical Psychology,0.48957055214723927,10,c40c446d67677ec9cd52894674fdbe8fd0fcc99a53d29111368043c09db08409
2520,T10187,Radio Frequency Integrated Circuit Design,0.0,consistent,Electrical and Electronic Engineering,0.6,Electrical and Electronic Engineering,0.6,5,c40c446d67677ec9cd52894674fdbe8fd0fcc99a53d29111368043c09db08409
2521,T10189,Anesthesia and Pain Management,0.0,consistent,Surgery,0.225,Surgery,0.225,10,c40c446d67677ec9cd52894674fdbe8fd0fcc99a53d29111368043c09db08409
2522,T10190,Air Quality and Health Impacts,0.0,insufficient_evidence,"Health, Toxicology and Mutagenesis",0.0,Clinical Biochemistry,0.11176470588235295,10,c40c446d67677ec9cd52894674fdbe8fd0fcc99a53d29111368043c09db08409
2523,T10192,Catalytic Processes in Materials Science,0.0,consistent,Materials Chemistry,0.36153846153846153,Materials Chemistry,0.36153846153846153,10,c40c446d67677ec9cd52894674fdbe8fd0fcc99a53d29111368043c09db08409
2524,T10193,Coronary Interventions and Diagnostics,0.0,consistent,Surgery,0.2,Surgery,0.2,10,c40c446d67677ec9cd52894674fdbe8fd0fcc99a53d29111368043c09db08409
2525,T10197,Membrane Separation Technologies,0.0,insufficient_evidence,Water Science and Technology,0.0,Inorganic Chemistry,0.5,2,c40c446d67677ec9cd52894674fdbe8fd0fcc99a53d29111368043c09db08409
2526,T10199,Wildlife Ecology and Conservation,0.0,consistent,Ecology,0.3,Ecology,0.3,10,c40c446d67677ec9cd52894674fdbe8fd0fcc99a53d29111368043c09db08409
2527,T10202,Lung Cancer Diagnosis and Treatment,0.0,consistent,Pulmonary and Respiratory Medicine,0.36153846153846153,Pulmonary and Respiratory Medicine,0.36153846153846153,10,c40c446d67677ec9cd52894674fdbe8fd0fcc99a53d29111368043c09db08409
2528,T10208,Labor market dynamics and wage inequality,0.0,consistent,Economics and Econometrics,0.2153846153846154,Economics and Econometrics,0.2153846153846154,10,c40c446d67677ec9cd52894674fdbe8fd0fcc99a53d29111368043c09db08409
2529,T10210,Advanced oxidation water treatment,0.0,consistent,Water Science and Technology,0.2,Water Science and Technology,0.2,10,c40c446d67677ec9cd52894674fdbe8fd0fcc99a53d29111368043c09db08409
2530,T10215,Semantic Web and Ontologies,0.0,consistent,Artificial Intelligence,0.36153846153846153,Artificial Intelligence,0.36153846153846153,10,c40c446d67677ec9cd52894674fdbe8fd0fcc99a53d29111368043c09db08409
2531,T10216,"Migration, Refugees, and Integration",0.0,consistent,Sociology and Political Science,0.4333333333333333,Sociology and Political Science,0.4333333333333333,10,c40c446d67677ec9cd52894674fdbe8fd0fcc99a53d29111368043c09db08409
2532,T10218,Sepsis Diagnosis and Treatment,0.0,insufficient_evidence,Epidemiology,0.0894736842105263,"Endocrinology, Diabetes and Metabolism",0.14210526315789473,10,c40c446d67677ec9cd52894674fdbe8fd0fcc99a53d29111368043c09db08409
2533,T10222,Genomics and Chromatin Dynamics,0.0,consistent,Molecular Biology,0.4,Molecular Biology,0.4,10,c40c446d67677ec9cd52894674fdbe8fd0fcc99a53d29111368043c09db08409
2534,T10224,Quantum Chromodynamics and Particle Interactions,0.0,insufficient_evidence,Nuclear and High Energy Physics,0.5,Nuclear and High Energy Physics,0.5,2,c40c446d67677ec9cd52894674fdbe8fd0fcc99a53d29111368043c09db08409
2535,T10226,Land Use and Ecosystem Services,0.0,consistent,Global and Planetary Change,0.3133333333333333,Global and Planetary Change,0.3133333333333333,10,c40c446d67677ec9cd52894674fdbe8fd0fcc99a53d29111368043c09db08409
2536,T10227,Acute Ischemic Stroke Management,0.0,insufficient_evidence,Epidemiology,0.06923076923076923,Cardiology and Cardiovascular Medicine,0.14615384615384616,10,c40c446d67677ec9cd52894674fdbe8fd0fcc99a53d29111368043c09db08409
2537,T10228,Multilevel Inverters and Converters,0.0,consistent,Electrical and Electronic Engineering,0.41818181818181815,Electrical and Electronic Engineering,0.41818181818181815,10,c40c446d67677ec9cd52894674fdbe8fd0fcc99a53d29111368043c09db08409
2538,T10229,Geometric Analysis and Curvature Flows,0.0,insufficient_evidence,Applied Mathematics,0.0,,0,0,c40c446d67677ec9cd52894674fdbe8fd0fcc99a53d29111368043c09db08409
2539,T10230,Marine and fisheries research,0.0,insufficient_evidence,Global and Planetary Change,0.16363636363636364,"Management, Monitoring, Policy and Law",0.17272727272727273,10,c40c446d67677ec9cd52894674fdbe8fd0fcc99a53d29111368043c09db08409
2540,T10231,Pancreatic and Hepatic Oncology Research,0.0,consistent,Oncology,0.3796116504854369,Oncology,0.3796116504854369,10,c40c446d67677ec9cd52894674fdbe8fd0fcc99a53d29111368043c09db08409
2541,T10232,Optical Network Technologies,0.0,consistent,Electrical and Electronic Engineering,0.6666666666666666,Electrical and Electronic Engineering,0.6666666666666666,3,c40c446d67677ec9cd52894674fdbe8fd0fcc99a53d29111368043c09db08409
2542,T10233,Geotechnical Engineering and Soil Mechanics,0.0,insufficient_evidence,Civil and Structural Engineering,0.0,,0,0,c40c446d67677ec9cd52894674fdbe8fd0fcc99a53d29111368043c09db08409
2543,T10237,Cryptography and Data Security,0.0,insufficient_evidence,Artificial Intelligence,0.0,,0,0,c40c446d67677ec9cd52894674fdbe8fd0fcc99a53d29111368043c09db08409
2544,T10240,Plant tissue culture and regeneration,0.0,consistent,Molecular Biology,0.3,Molecular Biology,0.3,10,c40c446d67677ec9cd52894674fdbe8fd0fcc99a53d29111368043c09db08409
2545,T10242,Posttraumatic Stress Disorder Research,0.0,consistent,Clinical Psychology,0.586038961038961,Clinical Psychology,0.586038961038961,10,c40c446d67677ec9cd52894674fdbe8fd0fcc99a53d29111368043c09db08409
2546,T10244,Chaos control and synchronization,0.0,consistent,Statistical and Nonlinear Physics,0.17272727272727273,Statistical and Nonlinear Physics,0.17272727272727273,10,c40c446d67677ec9cd52894674fdbe8fd0fcc99a53d29111368043c09db08409
2547,T10246,Mobile Ad Hoc Networks,0.0,consistent,Computer Networks and Communications,0.7567567567567568,Computer Networks and Communications,0.7567567567567568,6,c40c446d67677ec9cd52894674fdbe8fd0fcc99a53d29111368043c09db08409
2548,T10247,Perovskite Materials and Applications,0.0,consistent,Electrical and Electronic Engineering,0.27,Electrical and Electronic Engineering,0.27,10,c40c446d67677ec9cd52894674fdbe8fd0fcc99a53d29111368043c09db08409
2549,T10250,Glaucoma and retinal disorders,0.0,insufficient_evidence,Ophthalmology,0.0,"Radiology, Nuclear Medicine and Imaging",0.17272727272727273,10,c40c446d67677ec9cd52894674fdbe8fd0fcc99a53d29111368043c09db08409
2550,T10251,Solar and Space Plasma Dynamics,0.0,insufficient_evidence,Astronomy and Astrophysics,1.0,Astronomy and Astrophysics,1.0,1,c40c446d67677ec9cd52894674fdbe8fd0fcc99a53d29111368043c09db08409
2551,T10253,Sarcoma Diagnosis and Treatment,0.0,consistent,Pulmonary and Respiratory Medicine,0.39166666666666666,Pulmonary and Respiratory Medicine,0.39166666666666666,10,c40c446d67677ec9cd52894674fdbe8fd0fcc99a53d29111368043c09db08409
2552,T10256,Drug Solubulity and Delivery Systems,0.0,insufficient_evidence,Pharmaceutical Science,0.0,Organic Chemistry,0.5,2,c40c446d67677ec9cd52894674fdbe8fd0fcc99a53d29111368043c09db08409
2553,T10257,Oral microbiology and periodontitis research,0.0,insufficient_evidence,Periodontics,0.09,Ecology,0.19,10,c40c446d67677ec9cd52894674fdbe8fd0fcc99a53d29111368043c09db08409
2554,T10258,Philosophy and Theoretical Science,0.0,insufficient_evidence,Experimental and Cognitive Psychology,0.15,History and Philosophy of Science,0.15833333333333333,10,c40c446d67677ec9cd52894674fdbe8fd0fcc99a53d29111368043c09db08409
2555,T10261,Genetic Associations and Epidemiology,0.0,consistent,Genetics,0.28,Genetics,0.28,10,c40c446d67677ec9cd52894674fdbe8fd0fcc99a53d29111368043c09db08409
2556,T10265,Multilingual Education and Policy,0.0,consistent,Linguistics and Language,0.3818532818532819,Linguistics and Language,0.3818532818532819,10,c40c446d67677ec9cd52894674fdbe8fd0fcc99a53d29111368043c09db08409
2557,T10266,Plant Water Relations and Carbon Dynamics,0.0,consistent,Global and Planetary Change,0.47583333333333333,Global and Planetary Change,0.47583333333333333,10,c40c446d67677ec9cd52894674fdbe8fd0fcc99a53d29111368043c09db08409
2558,T10267,Higher Education Research Studies,0.0,insufficient_evidence,Education,0.09,Demography,0.19,10,c40c446d67677ec9cd52894674fdbe8fd0fcc99a53d29111368043c09db08409
2559,T10268,Developmental Biology and Gene Regulation,0.0,consistent,Molecular Biology,0.554368932038835,Molecular Biology,0.554368932038835,10,c40c446d67677ec9cd52894674fdbe8fd0fcc99a53d29111368043c09db08409
2560,T10269,Epigenetics and DNA Methylation,0.0,insufficient_evidence,Molecular Biology,0.0,Genetics,0.3333333333333333,3,c40c446d67677ec9cd52894674fdbe8fd0fcc99a53d29111368043c09db08409
2561,T10270,Blockchain Technology Applications and Security,0.0,consistent,Information Systems,0.3388888888888889,Information Systems,0.3388888888888889,10,c40c446d67677ec9cd52894674fdbe8fd0fcc99a53d29111368043c09db08409
2562,T10271,Seismic Imaging and Inversion Techniques,0.0,insufficient_evidence,Geophysics,0.0,Mechanics of Materials,0.16666666666666666,6,c40c446d67677ec9cd52894674fdbe8fd0fcc99a53d29111368043c09db08409
2563,T10274,Synthesis and biological activity,0.0,consistent,Organic Chemistry,0.6104166666666667,Organic Chemistry,0.6104166666666667,10,c40c446d67677ec9cd52894674fdbe8fd0fcc99a53d29111368043c09db08409
2564,T10275,2D Materials and Applications,0.0,consistent,Materials Chemistry,0.5,Materials Chemistry,0.5,10,c40c446d67677ec9cd52894674fdbe8fd0fcc99a53d29111368043c09db08409
2565,T10276,Helicobacter pylori-related gastroenterology studies,0.0,insufficient_evidence,Surgery,0.0,Dermatology,0.24902912621359227,10,c40c446d67677ec9cd52894674fdbe8fd0fcc99a53d29111368043c09db08409
2566,T10279,Urinary Bladder and Prostate Research,0.0,insufficient_evidence,Urology,0.0,Rheumatology,1.0,1,c40c446d67677ec9cd52894674fdbe8fd0fcc99a53d29111368043c09db08409
2567,T10280,Shoulder Injury and Treatment,0.0,consistent,Surgery,0.2,Surgery,0.2,10,c40c446d67677ec9cd52894674fdbe8fd0fcc99a53d29111368043c09db08409
2568,T10281,Advanced Battery Materials and Technologies,0.0,consistent,Electrical and Electronic Engineering,0.5,Electrical and Electronic Engineering,0.5,4,c40c446d67677ec9cd52894674fdbe8fd0fcc99a53d29111368043c09db08409
2569,T10282,Financial Risk and Volatility Modeling,0.0,consistent,Finance,0.19,Finance,0.19,10,c40c446d67677ec9cd52894674fdbe8fd0fcc99a53d29111368043c09db08409
2570,T10283,Hearing Loss and Rehabilitation,0.0,insufficient_evidence,Cognitive Neuroscience,0.0,Oncology,0.19,10,c40c446d67677ec9cd52894674fdbe8fd0fcc99a53d29111368043c09db08409
2571,T10286,Information Retrieval and Search Behavior,0.0,consistent,Information Systems,0.6,Information Systems,0.6,5,c40c446d67677ec9cd52894674fdbe8fd0fcc99a53d29111368043c09db08409
2572,T10287,Algebraic structures and combinatorial models,0.0,insufficient_evidence,Geometry and Topology,0.0,Mathematical Physics,1.0,1,c40c446d67677ec9cd52894674fdbe8fd0fcc99a53d29111368043c09db08409
2573,T10289,European Union Policy and Governance,0.0,consistent,Political Science and International Relations,0.41818181818181815,Political Science and International Relations,0.41818181818181815,10,c40c446d67677ec9cd52894674fdbe8fd0fcc99a53d29111368043c09db08409
2574,T10292,Acute Myocardial Infarction Research,0.0,consistent,Cardiology and Cardiovascular Medicine,0.33636363636363636,Cardiology and Cardiovascular Medicine,0.33636363636363636,10,c40c446d67677ec9cd52894674fdbe8fd0fcc99a53d29111368043c09db08409
2575,T10293,Thyroid Disorders and Treatments,0.0,consistent,"Endocrinology, Diabetes and Metabolism",0.1,"Endocrinology, Diabetes and Metabolism",0.1,10,c40c446d67677ec9cd52894674fdbe8fd0fcc99a53d29111368043c09db08409
2576,T10294,Cell death mechanisms and regulation,0.0,consistent,Molecular Biology,0.2872852233676976,Molecular Biology,0.2872852233676976,10,c40c446d67677ec9cd52894674fdbe8fd0fcc99a53d29111368043c09db08409
2577,T10296,Vector-borne infectious diseases,0.0,consistent,Parasitology,0.19999999999999998,Parasitology,0.19999999999999998,10,c40c446d67677ec9cd52894674fdbe8fd0fcc99a53d29111368043c09db08409
2578,T10297,Philosophical Ethics and Theory,0.0,consistent,Philosophy,0.2923076923076923,Philosophy,0.2923076923076923,10,c40c446d67677ec9cd52894674fdbe8fd0fcc99a53d29111368043c09db08409
2579,T10298,Urban Transport and Accessibility,0.0,insufficient_evidence,Transportation,0.0,Literature and Literary Theory,0.1,10,c40c446d67677ec9cd52894674fdbe8fd0fcc99a53d29111368043c09db08409
2580,T10301,Mitochondrial Function and Pathology,0.0,consistent,Molecular Biology,0.27,Molecular Biology,0.27,10,c40c446d67677ec9cd52894674fdbe8fd0fcc99a53d29111368043c09db08409
2581,T10303,Photosynthetic Processes and Mechanisms,0.0,insufficient_evidence,Molecular Biology,0.0,Electrical and Electronic Engineering,0.5,2,c40c446d67677ec9cd52894674fdbe8fd0fcc99a53d29111368043c09db08409
2582,T10304,Geometric and Algebraic Topology,0.0,insufficient_evidence,Geometry and Topology,0.0,,0,0,c40c446d67677ec9cd52894674fdbe8fd0fcc99a53d29111368043c09db08409
2583,T10310,Corrosion Behavior and Inhibition,0.0,insufficient_evidence,Materials Chemistry,0.0,Spectroscopy,0.25,4,c40c446d67677ec9cd52894674fdbe8fd0fcc99a53d29111368043c09db08409
2584,T10311,Advancements in Solid Oxide Fuel Cells,0.0,consistent,Materials Chemistry,0.5,Materials Chemistry,0.5,6,c40c446d67677ec9cd52894674fdbe8fd0fcc99a53d29111368043c09db08409
2585,T10312,"Health, Nursing, Elderly Care",0.0,consistent,General Health Professions,0.46315789473684205,General Health Professions,0.46315789473684205,10,c40c446d67677ec9cd52894674fdbe8fd0fcc99a53d29111368043c09db08409
2586,T10314,Social and Intergroup Psychology,0.0,consistent,Sociology and Political Science,0.25,Sociology and Political Science,0.25,8,c40c446d67677ec9cd52894674fdbe8fd0fcc99a53d29111368043c09db08409
2587,T10316,Sleep and related disorders,0.0,insufficient_evidence,Experimental and Cognitive Psychology,0.0,Surgery,0.17272727272727273,10,c40c446d67677ec9cd52894674fdbe8fd0fcc99a53d29111368043c09db08409
2588,T10317,Advanced Database Systems and Queries,0.0,insufficient_evidence,Computer Networks and Communications,0.0,,0,0,c40c446d67677ec9cd52894674fdbe8fd0fcc99a53d29111368043c09db08409
2589,T10318,Criminal Justice and Corrections Analysis,0.0,insufficient_evidence,Sociology and Political Science,0.18,Law,0.19,10,c40c446d67677ec9cd52894674fdbe8fd0fcc99a53d29111368043c09db08409
2590,T10319,"Conservation, Biodiversity, and Resource Management",0.0,consistent,Global and Planetary Change,0.2833333333333333,Global and Planetary Change,0.2833333333333333,10,c40c446d67677ec9cd52894674fdbe8fd0fcc99a53d29111368043c09db08409
2591,T10322,Respiratory Support and Mechanisms,0.0,insufficient_evidence,Pulmonary and Respiratory Medicine,1.0,Pulmonary and Respiratory Medicine,1.0,1,c40c446d67677ec9cd52894674fdbe8fd0fcc99a53d29111368043c09db08409
2592,T10325,Astro and Planetary Science,0.0,insufficient_evidence,Astronomy and Astrophysics,0.0,,0,0,c40c446d67677ec9cd52894674fdbe8fd0fcc99a53d29111368043c09db08409
2593,T10331,Video Surveillance and Tracking Methods,0.0,consistent,Computer Vision and Pattern Recognition,0.3,Computer Vision and Pattern Recognition,0.3,10,c40c446d67677ec9cd52894674fdbe8fd0fcc99a53d29111368043c09db08409
2594,T10334,"Hearing, Cochlea, Tinnitus, Genetics",0.0,insufficient_evidence,Sensory Systems,0.0,Epidemiology,0.14285714285714285,7,c40c446d67677ec9cd52894674fdbe8fd0fcc99a53d29111368043c09db08409
2595,T10337,Liver Disease and Transplantation,0.0,insufficient_evidence,Hepatology,0.0,Critical Care and Intensive Care Medicine,1.0,1,c40c446d67677ec9cd52894674fdbe8fd0fcc99a53d29111368043c09db08409
2596,T10339,Advanced Numerical Methods in Computational Mathematics,0.0,consistent,Computational Mechanics,0.859375,Computational Mechanics,0.859375,6,c40c446d67677ec9cd52894674fdbe8fd0fcc99a53d29111368043c09db08409
2597,T10345,Hematopoietic Stem Cell Transplantation,0.0,consistent,Hematology,0.25,Hematology,0.25,4,c40c446d67677ec9cd52894674fdbe8fd0fcc99a53d29111368043c09db08409
2598,T10348,"Indigenous Health, Education, and Rights",0.0,insufficient_evidence,Health,0.09,Education,0.19,10,c40c446d67677ec9cd52894674fdbe8fd0fcc99a53d29111368043c09db08409
2599,T10350,Electronic Health Records Systems,0.0,insufficient_evidence,Health Information Management,0.0,Artificial Intelligence,0.16666666666666666,6,c40c446d67677ec9cd52894674fdbe8fd0fcc99a53d29111368043c09db08409
2600,T10354,Catalytic C–H Functionalization Methods,0.0,consistent,Organic Chemistry,1.0,Organic Chemistry,1.0,10,c40c446d67677ec9cd52894674fdbe8fd0fcc99a53d29111368043c09db08409
2601,T10355,Impact of Technology on Adolescents,0.0,insufficient_evidence,Sociology and Political Science,0.09,Communication,0.19,10,c40c446d67677ec9cd52894674fdbe8fd0fcc99a53d29111368043c09db08409
2602,T10356,Orthodontics and Dentofacial Orthopedics,0.0,insufficient_evidence,Orthodontics,0.0,Economics and Econometrics,0.1,10,c40c446d67677ec9cd52894674fdbe8fd0fcc99a53d29111368043c09db08409
2603,T10359,Dental Implant Techniques and Outcomes,0.0,insufficient_evidence,Oral Surgery,0.0,Biomedical Engineering,1.0,1,c40c446d67677ec9cd52894674fdbe8fd0fcc99a53d29111368043c09db08409
2604,T10360,Fluid Dynamics and Turbulent Flows,0.0,consistent,Computational Mechanics,0.43846153846153846,Computational Mechanics,0.43846153846153846,10,c40c446d67677ec9cd52894674fdbe8fd0fcc99a53d29111368043c09db08409
2605,T10361,Silicon Carbide Semiconductor Technologies,0.0,consistent,Electrical and Electronic Engineering,0.3,Electrical and Electronic Engineering,0.3,10,c40c446d67677ec9cd52894674fdbe8fd0fcc99a53d29111368043c09db08409
2606,T10363,Low-power high-performance VLSI design,0.0,consistent,Electrical and Electronic Engineering,0.4,Electrical and Electronic Engineering,0.4,10,c40c446d67677ec9cd52894674fdbe8fd0fcc99a53d29111368043c09db08409
2607,T10364,Reproductive Biology and Fertility,0.0,insufficient_evidence,"Public Health, Environmental and Occupational Health",0.0,,0,0,c40c446d67677ec9cd52894674fdbe8fd0fcc99a53d29111368043c09db08409
2608,T10365,Gastrointestinal motility and disorders,0.0,insufficient_evidence,Gastroenterology,0.0,Food Science,0.15833333333333333,10,c40c446d67677ec9cd52894674fdbe8fd0fcc99a53d29111368043c09db08409
2609,T10367,Agricultural Innovations and Practices,0.0,consistent,General Agricultural and Biological Sciences,0.1357142857142857,General Agricultural and Biological Sciences,0.1357142857142857,10,c40c446d67677ec9cd52894674fdbe8fd0fcc99a53d29111368043c09db08409
2610,T10369,Advanced MEMS and NEMS Technologies,0.0,consistent,Electrical and Electronic Engineering,0.55,Electrical and Electronic Engineering,0.55,10,c40c446d67677ec9cd52894674fdbe8fd0fcc99a53d29111368043c09db08409
2611,T10370,Traffic and Road Safety,0.0,insufficient_evidence,"Safety, Risk, Reliability and Quality",0.0,Safety Research,0.19,10,c40c446d67677ec9cd52894674fdbe8fd0fcc99a53d29111368043c09db08409
2612,T10371,Immune Response and Inflammation,0.0,insufficient_evidence,Immunology,0.0,Cell Biology,0.17272727272727273,10,c40c446d67677ec9cd52894674fdbe8fd0fcc99a53d29111368043c09db08409
2613,T10374,Advanced Graph Theory Research,0.0,consistent,Computational Theory and Mathematics,0.296875,Computational Theory and Mathematics,0.296875,6,c40c446d67677ec9cd52894674fdbe8fd0fcc99a53d29111368043c09db08409
2614,T10377,Metal and Thin Film Mechanics,0.0,consistent,Mechanics of Materials,0.36153846153846153,Mechanics of Materials,0.36153846153846153,10,c40c446d67677ec9cd52894674fdbe8fd0fcc99a53d29111368043c09db08409
2615,T10384,Laser-Plasma Interactions and Diagnostics,0.0,insufficient_evidence,Nuclear and High Energy Physics,0.0,,0,0,c40c446d67677ec9cd52894674fdbe8fd0fcc99a53d29111368043c09db08409
2616,T10385,Plant Diversity and Evolution,0.0,consistent,"Ecology, Evolution, Behavior and Systematics",0.6222222222222221,"Ecology, Evolution, Behavior and Systematics",0.6222222222222221,10,c40c446d67677ec9cd52894674fdbe8fd0fcc99a53d29111368043c09db08409
2617,T10386,Microstructure and Mechanical Properties of Steels,0.0,consistent,Mechanical Engineering,0.5,Mechanical Engineering,0.5,10,c40c446d67677ec9cd52894674fdbe8fd0fcc99a53d29111368043c09db08409
2618,T10387,Fatty Acid Research and Health,0.0,consistent,Nutrition and Dietetics,0.19999999999999998,Nutrition and Dietetics,0.19999999999999998,10,c40c446d67677ec9cd52894674fdbe8fd0fcc99a53d29111368043c09db08409
2619,T10388,Advanced Steganography and Watermarking Techniques,0.0,consistent,Computer Vision and Pattern Recognition,0.3,Computer Vision and Pattern Recognition,0.3,10,c40c446d67677ec9cd52894674fdbe8fd0fcc99a53d29111368043c09db08409
2620,T10392,Cutaneous Melanoma Detection and Management,0.0,insufficient_evidence,Oncology,0.0,Genetics,0.14615384615384616,10,c40c446d67677ec9cd52894674fdbe8fd0fcc99a53d29111368043c09db08409
2621,T10393,Economic Growth and Productivity,0.0,consistent,Economics and Econometrics,0.31089494163424125,Economics and Econometrics,0.31089494163424125,10,c40c446d67677ec9cd52894674fdbe8fd0fcc99a53d29111368043c09db08409
2622,T10395,Construction Project Management and Performance,0.0,consistent,Management Science and Operations Research,0.17272727272727273,Management Science and Operations Research,0.17272727272727273,10,c40c446d67677ec9cd52894674fdbe8fd0fcc99a53d29111368043c09db08409
2623,T10396,Fatigue and fracture mechanics,0.0,insufficient_evidence,Mechanics of Materials,0.0,,0,0,c40c446d67677ec9cd52894674fdbe8fd0fcc99a53d29111368043c09db08409
2624,T10397,Nutrition and Health in Aging,0.0,consistent,Physiology,0.4,Physiology,0.4,10,c40c446d67677ec9cd52894674fdbe8fd0fcc99a53d29111368043c09db08409
2625,T10399,Hydrocarbon exploration and reservoir analysis,0.0,insufficient_evidence,Mechanics of Materials,0.0,Biomedical Engineering,0.2,5,c40c446d67677ec9cd52894674fdbe8fd0fcc99a53d29111368043c09db08409
2626,T10401,Diabetes Treatment and Management,0.0,consistent,"Endocrinology, Diabetes and Metabolism",0.34545454545454546,"Endocrinology, Diabetes and Metabolism",0.34545454545454546,10,c40c446d67677ec9cd52894674fdbe8fd0fcc99a53d29111368043c09db08409
2627,T10406,Planetary Science and Exploration,0.0,insufficient_evidence,Astronomy and Astrophysics,0.0,,0,0,c40c446d67677ec9cd52894674fdbe8fd0fcc99a53d29111368043c09db08409
2628,T10407,Lipid Membrane Structure and Behavior,0.0,consistent,Molecular Biology,0.14285714285714285,Molecular Biology,0.14285714285714285,7,c40c446d67677ec9cd52894674fdbe8fd0fcc99a53d29111368043c09db08409
2629,T10409,Fuel Cells and Related Materials,0.0,insufficient_evidence,Electrical and Electronic Engineering,0.0,,0,0,c40c446d67677ec9cd52894674fdbe8fd0fcc99a53d29111368043c09db08409
2630,T10412,Microfluidic and Capillary Electrophoresis Applications,0.0,consistent,Biomedical Engineering,0.37,Biomedical Engineering,0.37,10,c40c446d67677ec9cd52894674fdbe8fd0fcc99a53d29111368043c09db08409
2631,T10416,Traumatic Brain Injury Research,0.0,insufficient_evidence,Epidemiology,0.09,Pathology and Forensic Medicine,0.19,10,c40c446d67677ec9cd52894674fdbe8fd0fcc99a53d29111368043c09db08409
2632,T10417,Lung Cancer Treatments and Mutations,0.0,consistent,Pulmonary and Respiratory Medicine,0.2545454545454545,Pulmonary and Respiratory Medicine,0.2545454545454545,10,c40c446d67677ec9cd52894674fdbe8fd0fcc99a53d29111368043c09db08409
2633,T10419,Pharmaceutical and Antibiotic Environmental Impacts,0.0,consistent,Pollution,0.2,Pollution,0.2,10,c40c446d67677ec9cd52894674fdbe8fd0fcc99a53d29111368043c09db08409
2634,T10420,Intracranial Aneurysms: Treatment and Complications,0.0,insufficient_evidence,Neurology,0.5,Neurology,0.5,2,c40c446d67677ec9cd52894674fdbe8fd0fcc99a53d29111368043c09db08409
2635,T10421,Pleistocene-Era Hominins and Archaeology,0.0,insufficient_evidence,Anthropology,0.0,,0,0,c40c446d67677ec9cd52894674fdbe8fd0fcc99a53d29111368043c09db08409
2636,T10422,Angiogenesis and VEGF in Cancer,0.0,insufficient_evidence,Molecular Biology,0.0,Ophthalmology,0.25,4,c40c446d67677ec9cd52894674fdbe8fd0fcc99a53d29111368043c09db08409
2637,T10424,Electric Power System Optimization,0.0,consistent,Electrical and Electronic Engineering,0.3,Electrical and Electronic Engineering,0.3,10,c40c446d67677ec9cd52894674fdbe8fd0fcc99a53d29111368043c09db08409
2638,T10425,Cold Atom Physics and Bose-Einstein Condensates,0.0,consistent,"Atomic and Molecular Physics, and Optics",0.5625,"Atomic and Molecular Physics, and Optics",0.5625,6,c40c446d67677ec9cd52894674fdbe8fd0fcc99a53d29111368043c09db08409
2639,T10426,Child Abuse and Trauma,0.0,consistent,Clinical Psychology,0.5105058365758754,Clinical Psychology,0.5105058365758754,10,c40c446d67677ec9cd52894674fdbe8fd0fcc99a53d29111368043c09db08409
2640,T10428,Reproductive tract infections research,0.0,insufficient_evidence,Microbiology,0.0,Infectious Diseases,0.5,2,c40c446d67677ec9cd52894674fdbe8fd0fcc99a53d29111368043c09db08409
2641,T10429,EEG and Brain-Computer Interfaces,0.0,insufficient_evidence,Cognitive Neuroscience,0.0,Developmental and Educational Psychology,1.0,1,c40c446d67677ec9cd52894674fdbe8fd0fcc99a53d29111368043c09db08409
2642,T10430,Software Engineering Techniques and Practices,0.0,insufficient_evidence,Information Systems,0.0,Artificial Intelligence,0.5,2,c40c446d67677ec9cd52894674fdbe8fd0fcc99a53d29111368043c09db08409
2643,T10432,DNA and Nucleic Acid Chemistry,0.0,consistent,Molecular Biology,0.2,Molecular Biology,0.2,10,c40c446d67677ec9cd52894674fdbe8fd0fcc99a53d29111368043c09db08409
2644,T10433,Carcinogens and Genotoxicity Assessment,0.0,insufficient_evidence,Cancer Research,0.0,Conservation,0.17272727272727273,10,c40c446d67677ec9cd52894674fdbe8fd0fcc99a53d29111368043c09db08409
2645,T10434,Chromosomal and Genetic Variations,0.0,consistent,Plant Science,0.3,Plant Science,0.3,10,c40c446d67677ec9cd52894674fdbe8fd0fcc99a53d29111368043c09db08409
2646,T10436,Anesthesia and Sedative Agents,0.0,insufficient_evidence,Anesthesiology and Pain Medicine,0.0,Small Animals,0.19,10,c40c446d67677ec9cd52894674fdbe8fd0fcc99a53d29111368043c09db08409
2647,T10437,Educational theories and practices,0.0,consistent,Education,0.34140969162995594,Education,0.34140969162995594,10,c40c446d67677ec9cd52894674fdbe8fd0fcc99a53d29111368043c09db08409
2648,T10440,Advanced Thermoelectric Materials and Devices,0.0,consistent,Materials Chemistry,0.3,Materials Chemistry,0.3,10,c40c446d67677ec9cd52894674fdbe8fd0fcc99a53d29111368043c09db08409
2649,T10441,Muscle Physiology and Disorders,0.0,consistent,Molecular Biology,0.3,Molecular Biology,0.3,10,c40c446d67677ec9cd52894674fdbe8fd0fcc99a53d29111368043c09db08409
2650,T10442,Knee injuries and reconstruction techniques,0.0,insufficient_evidence,Surgery,0.0,"Physical Therapy, Sports Therapy and Rehabilitation",1.0,1,c40c446d67677ec9cd52894674fdbe8fd0fcc99a53d29111368043c09db08409
2651,T10443,Social Policy and Reform Studies,0.0,consistent,Political Science and International Relations,0.3813953488372093,Political Science and International Relations,0.3813953488372093,10,c40c446d67677ec9cd52894674fdbe8fd0fcc99a53d29111368043c09db08409
2652,T10445,Antioxidant Activity and Oxidative Stress,0.0,insufficient_evidence,Biochemistry,0.10693069306930694,Clinical Biochemistry,0.15148514851485148,10,c40c446d67677ec9cd52894674fdbe8fd0fcc99a53d29111368043c09db08409
2653,T10447,Environmental Toxicology and Ecotoxicology,0.0,consistent,"Health, Toxicology and Mutagenesis",0.2923076923076923,"Health, Toxicology and Mutagenesis",0.2923076923076923,10,c40c446d67677ec9cd52894674fdbe8fd0fcc99a53d29111368043c09db08409
2654,T10449,Renal cell carcinoma treatment,0.0,insufficient_evidence,Pulmonary and Respiratory Medicine,0.18521400778210118,Neurology,0.19961089494163425,10,c40c446d67677ec9cd52894674fdbe8fd0fcc99a53d29111368043c09db08409
2655,T10453,Maternal and Perinatal Health Interventions,0.0,insufficient_evidence,Obstetrics and Gynecology,0.6785714285714286,Obstetrics and Gynecology,0.6785714285714286,2,c40c446d67677ec9cd52894674fdbe8fd0fcc99a53d29111368043c09db08409
2656,T10454,Optimal Power Flow Distribution,0.0,consistent,Electrical and Electronic Engineering,0.17272727272727273,Electrical and Electronic Engineering,0.17272727272727273,10,c40c446d67677ec9cd52894674fdbe8fd0fcc99a53d29111368043c09db08409
2657,T10455,Foot and Ankle Surgery,0.0,insufficient_evidence,Orthopedics and Sports Medicine,0.0,Epidemiology,0.14615384615384616,10,c40c446d67677ec9cd52894674fdbe8fd0fcc99a53d29111368043c09db08409
2658,T10456,Multi-Agent Systems and Negotiation,0.0,insufficient_evidence,Artificial Intelligence,0.08181818181818182,Management Information Systems,0.17272727272727273,10,c40c446d67677ec9cd52894674fdbe8fd0fcc99a53d29111368043c09db08409
2659,T10457,Education Pedagogy and Practices,0.0,consistent,Education,0.66,Education,0.66,10,c40c446d67677ec9cd52894674fdbe8fd0fcc99a53d29111368043c09db08409
2660,T10460,Electronic Packaging and Soldering Technologies,0.0,consistent,Electrical and Electronic Engineering,0.2,Electrical and Electronic Engineering,0.2,10,c40c446d67677ec9cd52894674fdbe8fd0fcc99a53d29111368043c09db08409
2661,T10462,Reinforcement Learning in Robotics,0.0,consistent,Artificial Intelligence,0.2444444444444444,Artificial Intelligence,0.2444444444444444,10,c40c446d67677ec9cd52894674fdbe8fd0fcc99a53d29111368043c09db08409
2662,T10463,Pulsars and Gravitational Waves Research,0.0,insufficient_evidence,Astronomy and Astrophysics,0.5,Astronomy and Astrophysics,0.5,2,c40c446d67677ec9cd52894674fdbe8fd0fcc99a53d29111368043c09db08409
2663,T10466,Meteorological Phenomena and Simulations,0.0,insufficient_evidence,Atmospheric Science,0.0,Ocean Engineering,0.23170731707317074,8,c40c446d67677ec9cd52894674fdbe8fd0fcc99a53d29111368043c09db08409
2664,T10467,Psychometric Methodologies and Testing,0.0,insufficient_evidence,Management Science and Operations Research,0.0,"Ecology, Evolution, Behavior and Systematics",0.2,5,c40c446d67677ec9cd52894674fdbe8fd0fcc99a53d29111368043c09db08409
2665,T10469,Psoriasis: Treatment and Pathogenesis,0.0,consistent,Immunology,0.2,Immunology,0.2,10,c40c446d67677ec9cd52894674fdbe8fd0fcc99a53d29111368043c09db08409
2666,T10470,Usability and User Interface Design,0.0,insufficient_evidence,Human-Computer Interaction,0.18,Philosophy,0.19,10,c40c446d67677ec9cd52894674fdbe8fd0fcc99a53d29111368043c09db08409
2667,T10472,Semiconductor materials and devices,0.0,insufficient_evidence,Electrical and Electronic Engineering,0.5,Electrical and Electronic Engineering,0.5,2,c40c446d67677ec9cd52894674fdbe8fd0fcc99a53d29111368043c09db08409
2668,T10473,Postharvest Quality and Shelf Life Management,0.0,consistent,Plant Science,0.4,Plant Science,0.4,10,c40c446d67677ec9cd52894674fdbe8fd0fcc99a53d29111368043c09db08409
2669,T10477,Astrophysics and Star Formation Studies,0.0,consistent,Astronomy and Astrophysics,0.3835616438356164,Astronomy and Astrophysics,0.3835616438356164,7,c40c446d67677ec9cd52894674fdbe8fd0fcc99a53d29111368043c09db08409
2670,T10483,Nerve injury and regeneration,0.0,insufficient_evidence,Cellular and Molecular Neuroscience,0.09,Pharmacology,0.19,10,c40c446d67677ec9cd52894674fdbe8fd0fcc99a53d29111368043c09db08409
2671,T10488,Nanocomposite Films for Food Packaging,0.0,consistent,Biomaterials,0.5434782608695652,Biomaterials,0.5434782608695652,10,c40c446d67677ec9cd52894674fdbe8fd0fcc99a53d29111368043c09db08409
2672,T10490,Orbital Angular Momentum in Optics,0.0,insufficient_evidence,"Atomic and Molecular Physics, and Optics",0.0,Computer Vision and Pattern Recognition,1.0,1,c40c446d67677ec9cd52894674fdbe8fd0fcc99a53d29111368043c09db08409
2673,T10493,Ion channel regulation and function,0.0,consistent,Molecular Biology,0.3,Molecular Biology,0.3,10,c40c446d67677ec9cd52894674fdbe8fd0fcc99a53d29111368043c09db08409
2674,T10494,Plant Virus Research Studies,0.0,consistent,Plant Science,0.6666666666666666,Plant Science,0.6666666666666666,3,c40c446d67677ec9cd52894674fdbe8fd0fcc99a53d29111368043c09db08409
2675,T10496,Pharmaceutical Practices and Patient Outcomes,0.0,insufficient_evidence,Geriatrics and Gerontology,0.0,"Public Health, Environmental and Occupational Health",0.14285714285714285,7,c40c446d67677ec9cd52894674fdbe8fd0fcc99a53d29111368043c09db08409
2676,T10497,Fungal and yeast genetics research,0.0,consistent,Molecular Biology,0.33636363636363636,Molecular Biology,0.33636363636363636,10,c40c446d67677ec9cd52894674fdbe8fd0fcc99a53d29111368043c09db08409
2677,T10499,Folate and B Vitamins Research,0.0,insufficient_evidence,Rheumatology,0.0,Surgery,0.19,10,c40c446d67677ec9cd52894674fdbe8fd0fcc99a53d29111368043c09db08409
2678,T10505,Pluripotent Stem Cells Research,0.0,consistent,Molecular Biology,0.7,Molecular Biology,0.7,10,c40c446d67677ec9cd52894674fdbe8fd0fcc99a53d29111368043c09db08409
2679,T10506,Aquaculture disease management and microbiota,0.0,insufficient_evidence,Immunology,0.0,Animal Science and Zoology,0.17272727272727273,10,c40c446d67677ec9cd52894674fdbe8fd0fcc99a53d29111368043c09db08409
2680,T10510,Stroke Rehabilitation and Recovery,0.0,insufficient_evidence,Rehabilitation,0.0,Pathology and Forensic Medicine,0.14285714285714285,7,c40c446d67677ec9cd52894674fdbe8fd0fcc99a53d29111368043c09db08409
2681,T10512,Orthopaedic implants and arthroplasty,0.0,insufficient_evidence,Surgery,1.0,Surgery,1.0,1,c40c446d67677ec9cd52894674fdbe8fd0fcc99a53d29111368043c09db08409
2682,T10514,Numerical methods in engineering,0.0,consistent,Mechanics of Materials,0.6666666666666666,Mechanics of Materials,0.6666666666666666,3,c40c446d67677ec9cd52894674fdbe8fd0fcc99a53d29111368043c09db08409
2683,T10516,Parathyroid Disorders and Treatments,0.0,consistent,Nephrology,0.4,Nephrology,0.4,10,c40c446d67677ec9cd52894674fdbe8fd0fcc99a53d29111368043c09db08409
2684,T10518,Gallbladder and Bile Duct Disorders,0.0,insufficient_evidence,Pulmonary and Respiratory Medicine,0.0,Surgery,1.0,1,c40c446d67677ec9cd52894674fdbe8fd0fcc99a53d29111368043c09db08409
2685,T10519,Advanced Proteomics Techniques and Applications,0.0,consistent,Spectroscopy,0.19,Spectroscopy,0.19,10,c40c446d67677ec9cd52894674fdbe8fd0fcc99a53d29111368043c09db08409
2686,T10520,Mycotoxins in Agriculture and Food,0.0,consistent,Plant Science,0.1872262773722628,Plant Science,0.1872262773722628,10,c40c446d67677ec9cd52894674fdbe8fd0fcc99a53d29111368043c09db08409
2687,T10523,Atomic and Molecular Physics,0.0,insufficient_evidence,"Atomic and Molecular Physics, and Optics",1.0,"Atomic and Molecular Physics, and Optics",1.0,1,c40c446d67677ec9cd52894674fdbe8fd0fcc99a53d29111368043c09db08409
2688,T10524,Traffic control and management,0.0,insufficient_evidence,Control and Systems Engineering,0.0,Building and Construction,0.296875,6,c40c446d67677ec9cd52894674fdbe8fd0fcc99a53d29111368043c09db08409
2689,T10526,HIV/AIDS drug development and treatment,0.0,insufficient_evidence,Infectious Diseases,0.16363636363636364,Emergency Medicine,0.17272727272727273,10,c40c446d67677ec9cd52894674fdbe8fd0fcc99a53d29111368043c09db08409
2690,T10527,High-Energy Particle Collisions Research,0.0,consistent,Nuclear and High Energy Physics,0.3333333333333333,Nuclear and High Energy Physics,0.3333333333333333,3,c40c446d67677ec9cd52894674fdbe8fd0fcc99a53d29111368043c09db08409
2691,T10531,Advanced Vision and Imaging,0.0,consistent,Computer Vision and Pattern Recognition,0.6,Computer Vision and Pattern Recognition,0.6,5,c40c446d67677ec9cd52894674fdbe8fd0fcc99a53d29111368043c09db08409
2692,T10533,Teaching and Learning Programming,0.0,insufficient_evidence,Computer Science Applications,0.09,Automotive Engineering,0.19,10,c40c446d67677ec9cd52894674fdbe8fd0fcc99a53d29111368043c09db08409
2693,T10535,Landslides and related hazards,0.0,insufficient_evidence,"Management, Monitoring, Policy and Law",0.0,Building and Construction,0.19,10,c40c446d67677ec9cd52894674fdbe8fd0fcc99a53d29111368043c09db08409
2694,T10540,Advanced Fluorescence Microscopy Techniques,0.0,insufficient_evidence,Biophysics,0.0,Biomedical Engineering,1.0,1,c40c446d67677ec9cd52894674fdbe8fd0fcc99a53d29111368043c09db08409
2695,T10543,Prostate Cancer Treatment and Research,0.0,consistent,Pulmonary and Respiratory Medicine,0.25136186770428015,Pulmonary and Respiratory Medicine,0.25136186770428015,10,c40c446d67677ec9cd52894674fdbe8fd0fcc99a53d29111368043c09db08409
2696,T10548,Catalytic Cross-Coupling Reactions,0.0,consistent,Organic Chemistry,1.0,Organic Chemistry,1.0,10,c40c446d67677ec9cd52894674fdbe8fd0fcc99a53d29111368043c09db08409
2697,T10549,Neonatal Respiratory Health Research,0.0,insufficient_evidence,Pulmonary and Respiratory Medicine,0.140625,"Radiology, Nuclear Medicine and Imaging",0.296875,6,c40c446d67677ec9cd52894674fdbe8fd0fcc99a53d29111368043c09db08409
2698,T10555,Fire effects on ecosystems,0.0,consistent,Global and Planetary Change,0.37777777777777777,Global and Planetary Change,0.37777777777777777,10,c40c446d67677ec9cd52894674fdbe8fd0fcc99a53d29111368043c09db08409
2699,T10558,Advancements in Semiconductor Devices and Circuit Design,0.0,insufficient_evidence,Electrical and Electronic Engineering,1.0,Electrical and Electronic Engineering,1.0,1,c40c446d67677ec9cd52894674fdbe8fd0fcc99a53d29111368043c09db08409
2700,T10559,Particle Accelerators and Free-Electron Lasers,0.0,insufficient_evidence,Electrical and Electronic Engineering,0.0,Archeology,0.25,4,c40c446d67677ec9cd52894674fdbe8fd0fcc99a53d29111368043c09db08409
2701,T10560,Diabetes Management and Research,0.0,consistent,"Endocrinology, Diabetes and Metabolism",0.5066666666666667,"Endocrinology, Diabetes and Metabolism",0.5066666666666667,10,c40c446d67677ec9cd52894674fdbe8fd0fcc99a53d29111368043c09db08409
2702,T10561,Educational Research and Methods,0.0,consistent,Education,0.3714285714285714,Education,0.3714285714285714,10,c40c446d67677ec9cd52894674fdbe8fd0fcc99a53d29111368043c09db08409
2703,T10562,Total Knee Arthroplasty Outcomes,0.0,consistent,Surgery,0.4222222222222222,Surgery,0.4222222222222222,10,c40c446d67677ec9cd52894674fdbe8fd0fcc99a53d29111368043c09db08409
2704,T10563,Corneal surgery and disorders,0.0,insufficient_evidence,"Radiology, Nuclear Medicine and Imaging",0.0,Ophthalmology,1.0,1,c40c446d67677ec9cd52894674fdbe8fd0fcc99a53d29111368043c09db08409
2705,T10566,Laser-Matter Interactions and Applications,0.0,consistent,"Atomic and Molecular Physics, and Optics",0.3,"Atomic and Molecular Physics, and Optics",0.3,10,c40c446d67677ec9cd52894674fdbe8fd0fcc99a53d29111368043c09db08409
2706,T10571,Robotic Mechanisms and Dynamics,0.0,consistent,Control and Systems Engineering,0.28,Control and Systems Engineering,0.28,10,c40c446d67677ec9cd52894674fdbe8fd0fcc99a53d29111368043c09db08409
2707,T10572,Geophysical and Geoelectrical Methods,0.0,insufficient_evidence,Geophysics,0.0,,0,0,c40c446d67677ec9cd52894674fdbe8fd0fcc99a53d29111368043c09db08409
2708,T10574,Crime Patterns and Interventions,0.0,consistent,Sociology and Political Science,0.3,Sociology and Political Science,0.3,10,c40c446d67677ec9cd52894674fdbe8fd0fcc99a53d29111368043c09db08409
2709,T10575,Wireless Communication Networks Research,0.0,consistent,Computer Networks and Communications,0.5818181818181818,Computer Networks and Communications,0.5818181818181818,10,c40c446d67677ec9cd52894674fdbe8fd0fcc99a53d29111368043c09db08409
2710,T10577,Hydrology and Sediment Transport Processes,0.0,consistent,Ecology,0.42857142857142855,Ecology,0.42857142857142855,7,c40c446d67677ec9cd52894674fdbe8fd0fcc99a53d29111368043c09db08409
2711,T10578,Supramolecular Chemistry and Complexes,0.0,insufficient_evidence,Organic Chemistry,0.18,Molecular Biology,0.19,10,c40c446d67677ec9cd52894674fdbe8fd0fcc99a53d29111368043c09db08409
2712,T10579,Cognitive Radio Networks and Spectrum Sensing,0.0,consistent,Computer Networks and Communications,0.5,Computer Networks and Communications,0.5,10,c40c446d67677ec9cd52894674fdbe8fd0fcc99a53d29111368043c09db08409
2713,T10580,Immunotherapy and Immune Responses,0.0,consistent,Immunology,0.2,Immunology,0.2,10,c40c446d67677ec9cd52894674fdbe8fd0fcc99a53d29111368043c09db08409
2714,T10589,Early Childhood Education and Development,0.0,consistent,Education,0.2545454545454545,Education,0.2545454545454545,10,c40c446d67677ec9cd52894674fdbe8fd0fcc99a53d29111368043c09db08409
2715,T10590,Chalcogenide Semiconductor Thin Films,0.0,consistent,Electrical and Electronic Engineering,0.23333333333333334,Electrical and Electronic Engineering,0.23333333333333334,10,c40c446d67677ec9cd52894674fdbe8fd0fcc99a53d29111368043c09db08409
2716,T10592,Fusion materials and technologies,0.0,insufficient_evidence,Materials Chemistry,0.0,Mechanics of Materials,1.0,1,c40c446d67677ec9cd52894674fdbe8fd0fcc99a53d29111368043c09db08409
2717,T10593,Bacterial biofilms and quorum sensing,0.0,insufficient_evidence,Molecular Biology,0.08181818181818182,Applied Microbiology and Biotechnology,0.17272727272727273,10,c40c446d67677ec9cd52894674fdbe8fd0fcc99a53d29111368043c09db08409
2718,T10594,Genetic and phenotypic traits in livestock,0.0,consistent,Genetics,0.509090909090909,Genetics,0.509090909090909,10,c40c446d67677ec9cd52894674fdbe8fd0fcc99a53d29111368043c09db08409
2719,T10595,Medieval Literature and History,0.0,consistent,Classics,0.23880597014925373,Classics,0.23880597014925373,10,c40c446d67677ec9cd52894674fdbe8fd0fcc99a53d29111368043c09db08409
2720,T10597,Nuclear reactor physics and engineering,0.0,insufficient_evidence,Aerospace Engineering,0.0,,0,0,c40c446d67677ec9cd52894674fdbe8fd0fcc99a53d29111368043c09db08409
2721,T10598,Cardiac pacing and defibrillation studies,0.0,consistent,Cardiology and Cardiovascular Medicine,0.46,Cardiology and Cardiovascular Medicine,0.46,10,c40c446d67677ec9cd52894674fdbe8fd0fcc99a53d29111368043c09db08409
2722,T10599,Reconstructive Surgery and Microvascular Techniques,0.0,consistent,Surgery,0.46,Surgery,0.46,10,c40c446d67677ec9cd52894674fdbe8fd0fcc99a53d29111368043c09db08409
2723,T10600,Reproductive Health and Contraception,0.0,insufficient_evidence,"Public Health, Environmental and Occupational Health",0.24324324324324326,General Health Professions,0.5135135135135135,3,c40c446d67677ec9cd52894674fdbe8fd0fcc99a53d29111368043c09db08409
2724,T10603,Smart Grid Energy Management,0.0,consistent,Electrical and Electronic Engineering,0.2153846153846154,Electrical and Electronic Engineering,0.2153846153846154,10,c40c446d67677ec9cd52894674fdbe8fd0fcc99a53d29111368043c09db08409
2725,T10604,RNA Research and Splicing,0.0,insufficient_evidence,Molecular Biology,0.0,"Electronic, Optical and Magnetic Materials",1.0,1,c40c446d67677ec9cd52894674fdbe8fd0fcc99a53d29111368043c09db08409
2726,T10607,Magnetic and transport properties of perovskites and related materials,0.0,consistent,"Electronic, Optical and Magnetic Materials",0.3333333333333333,"Electronic, Optical and Magnetic Materials",0.3333333333333333,9,c40c446d67677ec9cd52894674fdbe8fd0fcc99a53d29111368043c09db08409
2727,T10608,Neurogenesis and neuroplasticity mechanisms,0.0,consistent,Developmental Neuroscience,0.16666666666666666,Developmental Neuroscience,0.16666666666666666,6,c40c446d67677ec9cd52894674fdbe8fd0fcc99a53d29111368043c09db08409
2728,T10609,Digital Marketing and Social Media,0.0,consistent,Sociology and Political Science,0.2,Sociology and Political Science,0.2,10,c40c446d67677ec9cd52894674fdbe8fd0fcc99a53d29111368043c09db08409
2729,T10610,Advanced Cellulose Research Studies,0.0,insufficient_evidence,Biomaterials,0.18,Building and Construction,0.19,10,c40c446d67677ec9cd52894674fdbe8fd0fcc99a53d29111368043c09db08409
2730,T10612,Magnetism in coordination complexes,0.0,insufficient_evidence,"Electronic, Optical and Magnetic Materials",0.0,Molecular Biology,0.2,5,c40c446d67677ec9cd52894674fdbe8fd0fcc99a53d29111368043c09db08409
2731,T10614,Transcranial Magnetic Stimulation Studies,0.0,consistent,Neurology,0.16666666666666666,Neurology,0.16666666666666666,6,c40c446d67677ec9cd52894674fdbe8fd0fcc99a53d29111368043c09db08409
2732,T10615,Granular flow and fluidized beds,0.0,consistent,Computational Mechanics,0.125,Computational Mechanics,0.125,8,c40c446d67677ec9cd52894674fdbe8fd0fcc99a53d29111368043c09db08409
2733,T10617,Cellular transport and secretion,0.0,insufficient_evidence,Cell Biology,1.0,Cell Biology,1.0,1,c40c446d67677ec9cd52894674fdbe8fd0fcc99a53d29111368043c09db08409
2734,T10619,Esophageal Cancer Research and Treatment,0.0,insufficient_evidence,Surgery,0.0,History,0.1357142857142857,10,c40c446d67677ec9cd52894674fdbe8fd0fcc99a53d29111368043c09db08409
2735,T10621,Gene Regulatory Network Analysis,0.0,consistent,Molecular Biology,0.3333333333333333,Molecular Biology,0.3333333333333333,3,c40c446d67677ec9cd52894674fdbe8fd0fcc99a53d29111368043c09db08409
2736,T10622,Quantum Mechanics and Applications,0.0,consistent,"Atomic and Molecular Physics, and Optics",0.6,"Atomic and Molecular Physics, and Optics",0.6,5,c40c446d67677ec9cd52894674fdbe8fd0fcc99a53d29111368043c09db08409
2737,T10624,Silicon and Solar Cell Technologies,0.0,consistent,Electrical and Electronic Engineering,0.38333333333333336,Electrical and Electronic Engineering,0.38333333333333336,10,c40c446d67677ec9cd52894674fdbe8fd0fcc99a53d29111368043c09db08409
2738,T10627,Advanced Image and Video Retrieval Techniques,0.0,consistent,Computer Vision and Pattern Recognition,0.4,Computer Vision and Pattern Recognition,0.4,10,c40c446d67677ec9cd52894674fdbe8fd0fcc99a53d29111368043c09db08409
2739,T10628,China's Socioeconomic Reforms and Governance,0.0,consistent,Political Science and International Relations,0.37777777777777777,Political Science and International Relations,0.37777777777777777,10,c40c446d67677ec9cd52894674fdbe8fd0fcc99a53d29111368043c09db08409
2740,T10630,Orthopedic Surgery and Rehabilitation,0.0,insufficient_evidence,Surgery,0.0,,0,0,c40c446d67677ec9cd52894674fdbe8fd0fcc99a53d29111368043c09db08409
2741,T10635,Hydraulic Fracturing and Reservoir Analysis,0.0,insufficient_evidence,Mechanical Engineering,0.0,Global and Planetary Change,1.0,1,c40c446d67677ec9cd52894674fdbe8fd0fcc99a53d29111368043c09db08409
2742,T10637,Advanced Clustering Algorithms Research,0.0,consistent,Artificial Intelligence,0.32926829268292684,Artificial Intelligence,0.32926829268292684,8,c40c446d67677ec9cd52894674fdbe8fd0fcc99a53d29111368043c09db08409
2743,T10638,Optical measurement and interference techniques,0.0,insufficient_evidence,Computer Vision and Pattern Recognition,0.0,Environmental Engineering,0.5,2,c40c446d67677ec9cd52894674fdbe8fd0fcc99a53d29111368043c09db08409
2744,T10639,Advanced Software Engineering Methodologies,0.0,insufficient_evidence,Artificial Intelligence,0.0,Human-Computer Interaction,0.3333333333333333,3,c40c446d67677ec9cd52894674fdbe8fd0fcc99a53d29111368043c09db08409
2745,T10640,Spectroscopy and Chemometric Analyses,0.0,insufficient_evidence,Analytical Chemistry,0.0,"Radiology, Nuclear Medicine and Imaging",0.19,10,c40c446d67677ec9cd52894674fdbe8fd0fcc99a53d29111368043c09db08409
2746,T10641,Central Venous Catheters and Hemodialysis,0.0,insufficient_evidence,Emergency Medical Services,0.0,,0,0,c40c446d67677ec9cd52894674fdbe8fd0fcc99a53d29111368043c09db08409
2747,T10643,Marine and coastal plant biology,0.0,consistent,Oceanography,0.28,Oceanography,0.28,10,c40c446d67677ec9cd52894674fdbe8fd0fcc99a53d29111368043c09db08409
2748,T10649,Multiple Myeloma Research and Treatments,0.0,insufficient_evidence,Hematology,0.0,Molecular Biology,0.3333333333333333,3,c40c446d67677ec9cd52894674fdbe8fd0fcc99a53d29111368043c09db08409
2749,T10650,Food Drying and Modeling,0.0,insufficient_evidence,Food Science,0.0,Biotechnology,0.1,10,c40c446d67677ec9cd52894674fdbe8fd0fcc99a53d29111368043c09db08409
2750,T10651,"IPv6, Mobility, Handover, Networks, Security",0.0,insufficient_evidence,Electrical and Electronic Engineering,0.0,Computer Networks and Communications,1.0,1,c40c446d67677ec9cd52894674fdbe8fd0fcc99a53d29111368043c09db08409
2751,T10654,Pneumonia and Respiratory Infections,0.0,consistent,Epidemiology,0.2111111111111111,Epidemiology,0.2111111111111111,10,c40c446d67677ec9cd52894674fdbe8fd0fcc99a53d29111368043c09db08409
2752,T10655,GNSS positioning and interference,0.0,insufficient_evidence,Aerospace Engineering,0.5,Aerospace Engineering,0.5,2,c40c446d67677ec9cd52894674fdbe8fd0fcc99a53d29111368043c09db08409
2753,T10656,Child and Animal Learning Development,0.0,consistent,Developmental and Educational Psychology,0.2545454545454545,Developmental and Educational Psychology,0.2545454545454545,10,c40c446d67677ec9cd52894674fdbe8fd0fcc99a53d29111368043c09db08409
2754,T10657,Topological Materials and Phenomena,0.0,insufficient_evidence,"Atomic and Molecular Physics, and Optics",0.0,Condensed Matter Physics,1.0,1,c40c446d67677ec9cd52894674fdbe8fd0fcc99a53d29111368043c09db08409
2755,T10661,biodegradable polymer synthesis and properties,0.0,consistent,Biomaterials,0.5466666666666666,Biomaterials,0.5466666666666666,10,c40c446d67677ec9cd52894674fdbe8fd0fcc99a53d29111368043c09db08409
2756,T10662,Ultrasonics and Acoustic Wave Propagation,0.0,consistent,Mechanics of Materials,0.25,Mechanics of Materials,0.25,8,c40c446d67677ec9cd52894674fdbe8fd0fcc99a53d29111368043c09db08409
2757,T10664,Sentiment Analysis and Opinion Mining,0.0,consistent,Artificial Intelligence,0.23157894736842102,Artificial Intelligence,0.23157894736842102,10,c40c446d67677ec9cd52894674fdbe8fd0fcc99a53d29111368043c09db08409
2758,T10666,Photonic Crystals and Applications,0.0,consistent,"Atomic and Molecular Physics, and Optics",0.25,"Atomic and Molecular Physics, and Optics",0.25,8,c40c446d67677ec9cd52894674fdbe8fd0fcc99a53d29111368043c09db08409
2759,T10669,Freshwater macroinvertebrate diversity and ecology,0.0,consistent,Ecology,0.1,Ecology,0.1,10,c40c446d67677ec9cd52894674fdbe8fd0fcc99a53d29111368043c09db08409
2760,T10674,School Choice and Performance,0.0,consistent,Education,0.3,Education,0.3,10,c40c446d67677ec9cd52894674fdbe8fd0fcc99a53d29111368043c09db08409
2761,T10679,Service-Oriented Architecture and Web Services,0.0,insufficient_evidence,Information Systems,0.0,Information Systems and Management,1.0,1,c40c446d67677ec9cd52894674fdbe8fd0fcc99a53d29111368043c09db08409
2762,T10681,Rare-earth and actinide compounds,0.0,consistent,Condensed Matter Physics,0.2222222222222222,Condensed Matter Physics,0.2222222222222222,9,c40c446d67677ec9cd52894674fdbe8fd0fcc99a53d29111368043c09db08409
2763,T10682,Quantum Computing Algorithms and Architecture,0.0,insufficient_evidence,Artificial Intelligence,0.0,"Atomic and Molecular Physics, and Optics",1.0,2,c40c446d67677ec9cd52894674fdbe8fd0fcc99a53d29111368043c09db08409
2764,T10683,Mass Spectrometry Techniques and Applications,0.0,consistent,Spectroscopy,0.19,Spectroscopy,0.19,10,c40c446d67677ec9cd52894674fdbe8fd0fcc99a53d29111368043c09db08409
2765,T10684,Acute Kidney Injury Research,0.0,insufficient_evidence,Nephrology,0.21345291479820627,Epidemiology,0.23004484304932737,10,c40c446d67677ec9cd52894674fdbe8fd0fcc99a53d29111368043c09db08409
2766,T10685,Viral-associated cancers and disorders,0.0,consistent,Oncology,0.3,Oncology,0.3,10,c40c446d67677ec9cd52894674fdbe8fd0fcc99a53d29111368043c09db08409
2767,T10686,Effects and risks of endocrine disrupting chemicals,0.0,consistent,"Health, Toxicology and Mutagenesis",0.3,"Health, Toxicology and Mutagenesis",0.3,10,c40c446d67677ec9cd52894674fdbe8fd0fcc99a53d29111368043c09db08409
2768,T10688,Image and Signal Denoising Methods,0.0,consistent,Computer Vision and Pattern Recognition,0.39999999999999997,Computer Vision and Pattern Recognition,0.39999999999999997,10,c40c446d67677ec9cd52894674fdbe8fd0fcc99a53d29111368043c09db08409
2769,T10690,Vibration Control and Rheological Fluids,0.0,insufficient_evidence,Civil and Structural Engineering,0.0,,0,0,c40c446d67677ec9cd52894674fdbe8fd0fcc99a53d29111368043c09db08409
2770,T10696,Gastric Cancer Management and Outcomes,0.0,consistent,Pulmonary and Respiratory Medicine,0.35625,Pulmonary and Respiratory Medicine,0.35625,10,c40c446d67677ec9cd52894674fdbe8fd0fcc99a53d29111368043c09db08409
2771,T10698,Transportation Planning and Optimization,0.0,consistent,Transportation,0.28,Transportation,0.28,10,c40c446d67677ec9cd52894674fdbe8fd0fcc99a53d29111368043c09db08409
2772,T10699,Primate Behavior and Ecology,0.0,insufficient_evidence,Social Psychology,0.0,General Arts and Humanities,0.14615384615384616,10,c40c446d67677ec9cd52894674fdbe8fd0fcc99a53d29111368043c09db08409
2773,T10700,Metal Forming Simulation Techniques,0.0,insufficient_evidence,Mechanical Engineering,0.0,,0,0,c40c446d67677ec9cd52894674fdbe8fd0fcc99a53d29111368043c09db08409
2774,T10701,Radical Photochemical Reactions,0.0,consistent,Organic Chemistry,0.4,Organic Chemistry,0.4,10,c40c446d67677ec9cd52894674fdbe8fd0fcc99a53d29111368043c09db08409
2775,T10703,Business Process Modeling and Analysis,0.0,insufficient_evidence,Management Information Systems,0.0,,0,0,c40c446d67677ec9cd52894674fdbe8fd0fcc99a53d29111368043c09db08409
2776,T10704,Advancements in Transdermal Drug Delivery,0.0,insufficient_evidence,Pharmaceutical Science,0.0,Speech and Hearing,1.0,1,c40c446d67677ec9cd52894674fdbe8fd0fcc99a53d29111368043c09db08409
2777,T10705,Additive Manufacturing Materials and Processes,0.0,consistent,Mechanical Engineering,0.6,Mechanical Engineering,0.6,10,c40c446d67677ec9cd52894674fdbe8fd0fcc99a53d29111368043c09db08409
2778,T10707,Cellular and Composite Structures,0.0,consistent,Mechanical Engineering,0.37,Mechanical Engineering,0.37,10,c40c446d67677ec9cd52894674fdbe8fd0fcc99a53d29111368043c09db08409
2779,T10708,Mindfulness and Compassion Interventions,0.0,consistent,Clinical Psychology,0.37,Clinical Psychology,0.37,10,c40c446d67677ec9cd52894674fdbe8fd0fcc99a53d29111368043c09db08409
2780,T10711,Target Tracking and Data Fusion in Sensor Networks,0.0,consistent,Artificial Intelligence,0.2857142857142857,Artificial Intelligence,0.2857142857142857,7,c40c446d67677ec9cd52894674fdbe8fd0fcc99a53d29111368043c09db08409
2781,T10713,Structural Load-Bearing Analysis,0.0,insufficient_evidence,Civil and Structural Engineering,0.5,Civil and Structural Engineering,0.5,2,c40c446d67677ec9cd52894674fdbe8fd0fcc99a53d29111368043c09db08409
2782,T10715,Distributed and Parallel Computing Systems,0.0,consistent,Computer Networks and Communications,0.36,Computer Networks and Communications,0.36,10,c40c446d67677ec9cd52894674fdbe8fd0fcc99a53d29111368043c09db08409
2783,T10716,Soil and Unsaturated Flow,0.0,insufficient_evidence,Civil and Structural Engineering,0.0,Waste Management and Disposal,1.0,1,c40c446d67677ec9cd52894674fdbe8fd0fcc99a53d29111368043c09db08409
2784,T10717,Aluminum Alloys Composites Properties,0.0,consistent,Mechanical Engineering,0.525,Mechanical Engineering,0.525,10,c40c446d67677ec9cd52894674fdbe8fd0fcc99a53d29111368043c09db08409
2785,T10718,Political Philosophy and Ethics,0.0,consistent,Political Science and International Relations,0.41052631578947363,Political Science and International Relations,0.41052631578947363,10,c40c446d67677ec9cd52894674fdbe8fd0fcc99a53d29111368043c09db08409
2786,T10720,Complexity and Algorithms in Graphs,0.0,consistent,Computational Theory and Mathematics,0.34146341463414637,Computational Theory and Mathematics,0.34146341463414637,8,c40c446d67677ec9cd52894674fdbe8fd0fcc99a53d29111368043c09db08409
2787,T10721,Surfactants and Colloidal Systems,0.0,consistent,Organic Chemistry,0.2545454545454545,Organic Chemistry,0.2545454545454545,10,c40c446d67677ec9cd52894674fdbe8fd0fcc99a53d29111368043c09db08409
2788,T10723,Advanced Welding Techniques Analysis,0.0,consistent,Mechanical Engineering,0.5277777777777778,Mechanical Engineering,0.5277777777777778,10,c40c446d67677ec9cd52894674fdbe8fd0fcc99a53d29111368043c09db08409
2789,T10724,Ion Transport and Channel Regulation,0.0,consistent,Molecular Biology,0.19,Molecular Biology,0.19,10,c40c446d67677ec9cd52894674fdbe8fd0fcc99a53d29111368043c09db08409
2790,T10725,RNA Interference and Gene Delivery,0.0,consistent,Molecular Biology,0.2857142857142857,Molecular Biology,0.2857142857142857,7,c40c446d67677ec9cd52894674fdbe8fd0fcc99a53d29111368043c09db08409
2791,T10727,Ultrasound Imaging and Elastography,0.0,insufficient_evidence,"Radiology, Nuclear Medicine and Imaging",0.0,Pulmonary and Respiratory Medicine,1.0,2,c40c446d67677ec9cd52894674fdbe8fd0fcc99a53d29111368043c09db08409
2792,T10729,Electrospun Nanofibers in Biomedical Applications,0.0,consistent,Biomaterials,0.458128078817734,Biomaterials,0.458128078817734,10,c40c446d67677ec9cd52894674fdbe8fd0fcc99a53d29111368043c09db08409
2793,T10730,Language Development and Disorders,0.0,consistent,Developmental and Educational Psychology,0.28,Developmental and Educational Psychology,0.28,10,c40c446d67677ec9cd52894674fdbe8fd0fcc99a53d29111368043c09db08409
2794,T10732,Laser Material Processing Techniques,0.0,insufficient_evidence,Computational Mechanics,0.0,Biomedical Engineering,0.3333333333333333,3,c40c446d67677ec9cd52894674fdbe8fd0fcc99a53d29111368043c09db08409
2795,T10733,Wheat and Barley Genetics and Pathology,0.0,consistent,Plant Science,0.5428571428571428,Plant Science,0.5428571428571428,10,c40c446d67677ec9cd52894674fdbe8fd0fcc99a53d29111368043c09db08409
2796,T10737,Health Literacy and Information Accessibility,0.0,insufficient_evidence,General Health Professions,0.16363636363636364,"Public Health, Environmental and Occupational Health",0.17272727272727273,10,c40c446d67677ec9cd52894674fdbe8fd0fcc99a53d29111368043c09db08409
2797,T10739,Electromagnetic Scattering and Analysis,0.0,insufficient_evidence,"Atomic and Molecular Physics, and Optics",0.0,Computational Mechanics,0.5,2,c40c446d67677ec9cd52894674fdbe8fd0fcc99a53d29111368043c09db08409
2798,T10740,Wind Turbine Control Systems,0.0,insufficient_evidence,Electrical and Electronic Engineering,0.11906614785992219,Energy Engineering and Power Technology,0.19961089494163425,10,c40c446d67677ec9cd52894674fdbe8fd0fcc99a53d29111368043c09db08409
2799,T10741,Video Coding and Compression Technologies,0.0,insufficient_evidence,Signal Processing,0.0,Computer Vision and Pattern Recognition,1.0,2,c40c446d67677ec9cd52894674fdbe8fd0fcc99a53d29111368043c09db08409
2800,T10742,Peer-to-Peer Network Technologies,0.0,consistent,Computer Networks and Communications,0.7032967032967032,Computer Networks and Communications,0.7032967032967032,9,c40c446d67677ec9cd52894674fdbe8fd0fcc99a53d29111368043c09db08409
2801,T10743,Software Testing and Debugging Techniques,0.0,insufficient_evidence,Software,0.0,,0,0,c40c446d67677ec9cd52894674fdbe8fd0fcc99a53d29111368043c09db08409
2802,T10744,Astrophysical Phenomena and Observations,0.0,consistent,Astronomy and Astrophysics,0.4375,Astronomy and Astrophysics,0.4375,6,c40c446d67677ec9cd52894674fdbe8fd0fcc99a53d29111368043c09db08409
2803,T10745,Heart Rate Variability and Autonomic Control,0.0,consistent,Cardiology and Cardiovascular Medicine,0.3,Cardiology and Cardiovascular Medicine,0.3,10,c40c446d67677ec9cd52894674fdbe8fd0fcc99a53d29111368043c09db08409
2804,T10746,Platelet Disorders and Treatments,0.0,insufficient_evidence,Hematology,0.13458333333333333,Oncology,0.21375000000000002,10,c40c446d67677ec9cd52894674fdbe8fd0fcc99a53d29111368043c09db08409
2805,T10747,Disaster Management and Resilience,0.0,consistent,Sociology and Political Science,0.15833333333333333,Sociology and Political Science,0.15833333333333333,10,c40c446d67677ec9cd52894674fdbe8fd0fcc99a53d29111368043c09db08409
2806,T10749,International Law and Human Rights,0.0,consistent,Political Science and International Relations,0.37777777777777777,Political Science and International Relations,0.37777777777777777,10,c40c446d67677ec9cd52894674fdbe8fd0fcc99a53d29111368043c09db08409
2807,T10750,Fermentation and Sensory Analysis,0.0,consistent,Food Science,0.33636363636363636,Food Science,0.33636363636363636,10,c40c446d67677ec9cd52894674fdbe8fd0fcc99a53d29111368043c09db08409
2808,T10751,Forensic and Genetic Research,0.0,insufficient_evidence,Genetics,0.08181818181818182,Animal Science and Zoology,0.17272727272727273,10,c40c446d67677ec9cd52894674fdbe8fd0fcc99a53d29111368043c09db08409
2809,T10758,Cinema and Media Studies,0.0,insufficient_evidence,Economics and Econometrics,0.0,Organizational Behavior and Human Resource Management,0.3333333333333333,3,c40c446d67677ec9cd52894674fdbe8fd0fcc99a53d29111368043c09db08409
2810,T10759,Translation Studies and Practices,0.0,insufficient_evidence,Language and Linguistics,0.0,Communication,0.19,10,c40c446d67677ec9cd52894674fdbe8fd0fcc99a53d29111368043c09db08409
2811,T10763,Digital Transformation in Industry,0.0,insufficient_evidence,Industrial and Manufacturing Engineering,0.11675675675675677,Management Science and Operations Research,0.1654054054054054,10,c40c446d67677ec9cd52894674fdbe8fd0fcc99a53d29111368043c09db08409
2812,T10764,Privacy-Preserving Technologies in Data,0.0,consistent,Artificial Intelligence,0.39999999999999997,Artificial Intelligence,0.39999999999999997,10,c40c446d67677ec9cd52894674fdbe8fd0fcc99a53d29111368043c09db08409
2813,T10767,Advanced Photonic Communication Systems,0.0,insufficient_evidence,Electrical and Electronic Engineering,0.0,"Atomic and Molecular Physics, and Optics",1.0,1,c40c446d67677ec9cd52894674fdbe8fd0fcc99a53d29111368043c09db08409
2814,T10768,Electric Vehicles and Infrastructure,0.0,consistent,Electrical and Electronic Engineering,0.2076923076923077,Electrical and Electronic Engineering,0.2076923076923077,10,c40c446d67677ec9cd52894674fdbe8fd0fcc99a53d29111368043c09db08409
2815,T10769,BRCA gene mutations in cancer,0.0,insufficient_evidence,Genetics,0.08181818181818182,"Endocrinology, Diabetes and Metabolism",0.17272727272727273,10,c40c446d67677ec9cd52894674fdbe8fd0fcc99a53d29111368043c09db08409
2816,T10771,Wound Healing and Treatments,0.0,insufficient_evidence,Rehabilitation,0.0,Hepatology,0.15,10,c40c446d67677ec9cd52894674fdbe8fd0fcc99a53d29111368043c09db08409
2817,T10772,Distributed systems and fault tolerance,0.0,consistent,Computer Networks and Communications,0.55,Computer Networks and Communications,0.55,10,c40c446d67677ec9cd52894674fdbe8fd0fcc99a53d29111368043c09db08409
2818,T10773,Extracellular vesicles in disease,0.0,insufficient_evidence,Molecular Biology,0.08095238095238096,Cancer Research,0.27142857142857146,10,c40c446d67677ec9cd52894674fdbe8fd0fcc99a53d29111368043c09db08409
2819,T10774,Weed Control and Herbicide Applications,0.0,consistent,Plant Science,0.5,Plant Science,0.5,6,c40c446d67677ec9cd52894674fdbe8fd0fcc99a53d29111368043c09db08409
2820,T10778,Philosophy and History of Science,0.0,consistent,History and Philosophy of Science,0.4,History and Philosophy of Science,0.4,5,c40c446d67677ec9cd52894674fdbe8fd0fcc99a53d29111368043c09db08409
2821,T10780,Reliability and Maintenance Optimization,0.0,insufficient_evidence,"Safety, Risk, Reliability and Quality",0.0,Geochemistry and Petrology,0.5,2,c40c446d67677ec9cd52894674fdbe8fd0fcc99a53d29111368043c09db08409
2822,T10781,Plasma Diagnostics and Applications,0.0,insufficient_evidence,Electrical and Electronic Engineering,0.0,Global and Planetary Change,1.0,1,c40c446d67677ec9cd52894674fdbe8fd0fcc99a53d29111368043c09db08409
2823,T10782,Nanoplatforms for cancer theranostics,0.0,insufficient_evidence,Biomedical Engineering,0.0,Pulmonary and Respiratory Medicine,0.21375000000000002,10,c40c446d67677ec9cd52894674fdbe8fd0fcc99a53d29111368043c09db08409
2824,T10784,Muscle activation and electromyography studies,0.0,insufficient_evidence,Biomedical Engineering,0.5,Biomedical Engineering,0.5,2,c40c446d67677ec9cd52894674fdbe8fd0fcc99a53d29111368043c09db08409
2825,T10788,Neuroscience and Music Perception,0.0,consistent,Cognitive Neuroscience,0.4444444444444444,Cognitive Neuroscience,0.4444444444444444,9,c40c446d67677ec9cd52894674fdbe8fd0fcc99a53d29111368043c09db08409
2826,T10789,Interactive and Immersive Displays,0.0,consistent,Human-Computer Interaction,0.3333333333333333,Human-Computer Interaction,0.3333333333333333,3,c40c446d67677ec9cd52894674fdbe8fd0fcc99a53d29111368043c09db08409
2827,T10790,Heavy Metal Exposure and Toxicity,0.0,consistent,"Health, Toxicology and Mutagenesis",0.28,"Health, Toxicology and Mutagenesis",0.28,10,c40c446d67677ec9cd52894674fdbe8fd0fcc99a53d29111368043c09db08409
2828,T10791,Advanced Control Systems Optimization,0.0,consistent,Control and Systems Engineering,0.3523809523809524,Control and Systems Engineering,0.3523809523809524,10,c40c446d67677ec9cd52894674fdbe8fd0fcc99a53d29111368043c09db08409
2829,T10793,Diabetes Management and Education,0.0,consistent,"Endocrinology, Diabetes and Metabolism",0.33636363636363636,"Endocrinology, Diabetes and Metabolism",0.33636363636363636,10,c40c446d67677ec9cd52894674fdbe8fd0fcc99a53d29111368043c09db08409
2830,T10796,Cooperative Communication and Network Coding,0.0,consistent,Computer Networks and Communications,0.7,Computer Networks and Communications,0.7,10,c40c446d67677ec9cd52894674fdbe8fd0fcc99a53d29111368043c09db08409
2831,T10801,Synthetic Aperture Radar (SAR) Applications and Techniques,0.0,insufficient_evidence,Aerospace Engineering,0.0,,0,0,c40c446d67677ec9cd52894674fdbe8fd0fcc99a53d29111368043c09db08409
2832,T10804,"Health Systems, Economic Evaluations, Quality of Life",0.0,insufficient_evidence,Economics and Econometrics,0.0,Immunology and Allergy,0.1,10,c40c446d67677ec9cd52894674fdbe8fd0fcc99a53d29111368043c09db08409
2833,T10805,Vehicle Dynamics and Control Systems,0.0,consistent,Automotive Engineering,0.28,Automotive Engineering,0.28,10,c40c446d67677ec9cd52894674fdbe8fd0fcc99a53d29111368043c09db08409
2834,T10809,Occupational Health and Safety Research,0.0,insufficient_evidence,Radiological and Ultrasound Technology,0.0,Chemical Health and Safety,0.19,10,c40c446d67677ec9cd52894674fdbe8fd0fcc99a53d29111368043c09db08409
2835,T10812,Human Pose and Action Recognition,0.0,consistent,Computer Vision and Pattern Recognition,0.5909090909090909,Computer Vision and Pattern Recognition,0.5909090909090909,10,c40c446d67677ec9cd52894674fdbe8fd0fcc99a53d29111368043c09db08409
2836,T10815,Parasite Biology and Host Interactions,0.0,consistent,Ecology,0.2723214285714286,Ecology,0.2723214285714286,10,c40c446d67677ec9cd52894674fdbe8fd0fcc99a53d29111368043c09db08409
2837,T10817,Multicomponent Synthesis of Heterocycles,0.0,consistent,Organic Chemistry,0.7347930208689702,Organic Chemistry,0.7347930208689702,10,c40c446d67677ec9cd52894674fdbe8fd0fcc99a53d29111368043c09db08409
2838,T10818,Astrophysics and Cosmic Phenomena,0.0,insufficient_evidence,Nuclear and High Energy Physics,1.0,Nuclear and High Energy Physics,1.0,1,c40c446d67677ec9cd52894674fdbe8fd0fcc99a53d29111368043c09db08409
2839,T10819,Mercury impact and mitigation studies,0.0,consistent,"Health, Toxicology and Mutagenesis",0.4358744394618834,"Health, Toxicology and Mutagenesis",0.4358744394618834,10,c40c446d67677ec9cd52894674fdbe8fd0fcc99a53d29111368043c09db08409
2840,T10820,Fuzzy Logic and Control Systems,0.0,consistent,Artificial Intelligence,0.28,Artificial Intelligence,0.28,10,c40c446d67677ec9cd52894674fdbe8fd0fcc99a53d29111368043c09db08409
2841,T10821,Cardiovascular Function and Risk Factors,0.0,consistent,Cardiology and Cardiovascular Medicine,0.2545454545454545,Cardiology and Cardiovascular Medicine,0.2545454545454545,10,c40c446d67677ec9cd52894674fdbe8fd0fcc99a53d29111368043c09db08409
2842,T10827,Patient-Provider Communication in Healthcare,0.0,consistent,General Health Professions,0.25,General Health Professions,0.25,4,c40c446d67677ec9cd52894674fdbe8fd0fcc99a53d29111368043c09db08409
2843,T10832,Pituitary Gland Disorders and Treatments,0.0,consistent,"Endocrinology, Diabetes and Metabolism",0.3333333333333333,"Endocrinology, Diabetes and Metabolism",0.3333333333333333,3,c40c446d67677ec9cd52894674fdbe8fd0fcc99a53d29111368043c09db08409
2844,T10835,Carbohydrate Chemistry and Synthesis,0.0,insufficient_evidence,Organic Chemistry,0.0,,0,0,c40c446d67677ec9cd52894674fdbe8fd0fcc99a53d29111368043c09db08409
2845,T10837,Dermatology and Skin Diseases,0.0,insufficient_evidence,Dermatology,0.0,Immunology,0.5,2,c40c446d67677ec9cd52894674fdbe8fd0fcc99a53d29111368043c09db08409
2846,T10838,Animal Behavior and Welfare Studies,0.0,consistent,Small Animals,0.25,Small Animals,0.25,4,c40c446d67677ec9cd52894674fdbe8fd0fcc99a53d29111368043c09db08409
2847,T10840,High Temperature Alloys and Creep,0.0,consistent,Mechanical Engineering,0.64,Mechanical Engineering,0.64,10,c40c446d67677ec9cd52894674fdbe8fd0fcc99a53d29111368043c09db08409
2848,T10841,Economic and Environmental Valuation,0.0,insufficient_evidence,Economics and Econometrics,0.0,Strategy and Management,0.14285714285714285,7,c40c446d67677ec9cd52894674fdbe8fd0fcc99a53d29111368043c09db08409
2849,T10842,Railway Engineering and Dynamics,0.0,consistent,Mechanical Engineering,0.5,Mechanical Engineering,0.5,4,c40c446d67677ec9cd52894674fdbe8fd0fcc99a53d29111368043c09db08409
2850,T10843,Diversity and Career in Medicine,0.0,insufficient_evidence,Gender Studies,0.18,"Physical Therapy, Sports Therapy and Rehabilitation",0.19,10,c40c446d67677ec9cd52894674fdbe8fd0fcc99a53d29111368043c09db08409
2851,T10844,Radiation Dose and Imaging,0.0,insufficient_evidence,"Radiology, Nuclear Medicine and Imaging",0.09,Occupational Therapy,0.19,10,c40c446d67677ec9cd52894674fdbe8fd0fcc99a53d29111368043c09db08409
2852,T10845,Advanced Causal Inference Techniques,0.0,insufficient_evidence,Statistics and Probability,0.0,Organizational Behavior and Human Resource Management,0.5,2,c40c446d67677ec9cd52894674fdbe8fd0fcc99a53d29111368043c09db08409
2853,T10847,Advanced Optical Network Technologies,0.0,consistent,Electrical and Electronic Engineering,0.4,Electrical and Electronic Engineering,0.4,10,c40c446d67677ec9cd52894674fdbe8fd0fcc99a53d29111368043c09db08409
2854,T10849,Finite Group Theory Research,0.0,insufficient_evidence,Discrete Mathematics and Combinatorics,0.0,Mathematical Physics,1.0,1,c40c446d67677ec9cd52894674fdbe8fd0fcc99a53d29111368043c09db08409
2855,T10850,Heat Transfer and Boiling Studies,0.0,consistent,Mechanical Engineering,0.37,Mechanical Engineering,0.37,10,c40c446d67677ec9cd52894674fdbe8fd0fcc99a53d29111368043c09db08409
2856,T10851,Optical Wireless Communication Technologies,0.0,consistent,Electrical and Electronic Engineering,0.6,Electrical and Electronic Engineering,0.6,5,c40c446d67677ec9cd52894674fdbe8fd0fcc99a53d29111368043c09db08409
2857,T10852,Temporomandibular Joint Disorders,0.0,insufficient_evidence,Complementary and Manual Therapy,0.0,Psychiatry and Mental health,0.23004484304932737,10,c40c446d67677ec9cd52894674fdbe8fd0fcc99a53d29111368043c09db08409
2858,T10854,Bipolar Disorder and Treatment,0.0,consistent,Psychiatry and Mental health,0.40238907849829353,Psychiatry and Mental health,0.40238907849829353,10,c40c446d67677ec9cd52894674fdbe8fd0fcc99a53d29111368043c09db08409
2859,T10861,Ear Surgery and Otitis Media,0.0,insufficient_evidence,Otorhinolaryngology,0.0,Molecular Biology,0.25,4,c40c446d67677ec9cd52894674fdbe8fd0fcc99a53d29111368043c09db08409
2860,T10871,Catalytic Alkyne Reactions,0.0,consistent,Organic Chemistry,1.0,Organic Chemistry,1.0,10,c40c446d67677ec9cd52894674fdbe8fd0fcc99a53d29111368043c09db08409
2861,T10872,Veterinary Equine Medical Research,0.0,insufficient_evidence,Equine,0.0,Biomedical Engineering,0.5,2,c40c446d67677ec9cd52894674fdbe8fd0fcc99a53d29111368043c09db08409
2862,T10878,CRISPR and Genetic Engineering,0.0,insufficient_evidence,Molecular Biology,0.0,,0,0,c40c446d67677ec9cd52894674fdbe8fd0fcc99a53d29111368043c09db08409
2863,T10879,Robotic Locomotion and Control,0.0,insufficient_evidence,Biomedical Engineering,0.0,,0,0,c40c446d67677ec9cd52894674fdbe8fd0fcc99a53d29111368043c09db08409
2864,T10880,Environmental Sustainability in Business,0.0,consistent,Marketing,0.3,Marketing,0.3,10,c40c446d67677ec9cd52894674fdbe8fd0fcc99a53d29111368043c09db08409
2865,T10881,Blood Coagulation and Thrombosis Mechanisms,0.0,consistent,Hematology,0.19,Hematology,0.19,10,c40c446d67677ec9cd52894674fdbe8fd0fcc99a53d29111368043c09db08409
2866,T10884,Holomorphic and Operator Theory,0.0,insufficient_evidence,Applied Mathematics,0.0,Mathematical Physics,0.5,2,c40c446d67677ec9cd52894674fdbe8fd0fcc99a53d29111368043c09db08409
2867,T10885,Gene expression and cancer classification,0.0,consistent,Molecular Biology,0.2572307692307692,Molecular Biology,0.2572307692307692,10,c40c446d67677ec9cd52894674fdbe8fd0fcc99a53d29111368043c09db08409
2868,T10887,Bioinformatics and Genomic Networks,0.0,insufficient_evidence,Molecular Biology,0.0,,0,0,c40c446d67677ec9cd52894674fdbe8fd0fcc99a53d29111368043c09db08409
2869,T10891,Radar Systems and Signal Processing,0.0,consistent,Aerospace Engineering,0.2,Aerospace Engineering,0.2,10,c40c446d67677ec9cd52894674fdbe8fd0fcc99a53d29111368043c09db08409
2870,T10894,Groundwater flow and contamination studies,0.0,insufficient_evidence,Environmental Engineering,0.5,Environmental Engineering,0.5,2,c40c446d67677ec9cd52894674fdbe8fd0fcc99a53d29111368043c09db08409
2871,T10896,Homotopy and Cohomology in Algebraic Topology,0.0,insufficient_evidence,Mathematical Physics,0.5,Mathematical Physics,0.5,2,c40c446d67677ec9cd52894674fdbe8fd0fcc99a53d29111368043c09db08409
2872,T10897,Antibiotic Use and Resistance,0.0,insufficient_evidence,Applied Microbiology and Biotechnology,0.0,"Pediatrics, Perinatology and Child Health",0.12272727272727274,10,c40c446d67677ec9cd52894674fdbe8fd0fcc99a53d29111368043c09db08409
2873,T10898,Environmental Education and Sustainability,0.0,consistent,"Management, Monitoring, Policy and Law",0.3,"Management, Monitoring, Policy and Law",0.3,10,c40c446d67677ec9cd52894674fdbe8fd0fcc99a53d29111368043c09db08409
2874,T10899,Advanced Operator Algebra Research,0.0,consistent,Mathematical Physics,0.3333333333333333,Mathematical Physics,0.3333333333333333,3,c40c446d67677ec9cd52894674fdbe8fd0fcc99a53d29111368043c09db08409
2875,T10901,Advanced Data Compression Techniques,0.0,consistent,Computer Vision and Pattern Recognition,0.55,Computer Vision and Pattern Recognition,0.55,10,c40c446d67677ec9cd52894674fdbe8fd0fcc99a53d29111368043c09db08409
2876,T10902,Complementary and Alternative Medicine Studies,0.0,consistent,Complementary and alternative medicine,0.2,Complementary and alternative medicine,0.2,10,c40c446d67677ec9cd52894674fdbe8fd0fcc99a53d29111368043c09db08409
2877,T10905,Solar Thermal and Photovoltaic Systems,0.0,insufficient_evidence,"Renewable Energy, Sustainability and the Environment",0.0,Mechanical Engineering,0.5,2,c40c446d67677ec9cd52894674fdbe8fd0fcc99a53d29111368043c09db08409
2878,T10906,AI-based Problem Solving and Planning,0.0,consistent,Artificial Intelligence,0.25,Artificial Intelligence,0.25,4,c40c446d67677ec9cd52894674fdbe8fd0fcc99a53d29111368043c09db08409
2879,T10907,International Student and Expatriate Challenges,0.0,insufficient_evidence,Communication,0.0,Language and Linguistics,0.5,2,c40c446d67677ec9cd52894674fdbe8fd0fcc99a53d29111368043c09db08409
2880,T10908,Analytical Chemistry and Chromatography,0.0,insufficient_evidence,Spectroscopy,0.0,Food Science,0.25,4,c40c446d67677ec9cd52894674fdbe8fd0fcc99a53d29111368043c09db08409
2881,T10913,Molecular Junctions and Nanostructures,0.0,consistent,Electrical and Electronic Engineering,0.1,Electrical and Electronic Engineering,0.1,10,c40c446d67677ec9cd52894674fdbe8fd0fcc99a53d29111368043c09db08409
2882,T10914,Tactile and Sensory Interactions,0.0,insufficient_evidence,Cognitive Neuroscience,0.0,Mechanical Engineering,1.0,1,c40c446d67677ec9cd52894674fdbe8fd0fcc99a53d29111368043c09db08409
2883,T10915,Trace Elements in Health,0.0,consistent,Nutrition and Dietetics,0.2444444444444444,Nutrition and Dietetics,0.2444444444444444,10,c40c446d67677ec9cd52894674fdbe8fd0fcc99a53d29111368043c09db08409
2884,T10916,Surgical Simulation and Training,0.0,consistent,Surgery,0.1,Surgery,0.1,10,c40c446d67677ec9cd52894674fdbe8fd0fcc99a53d29111368043c09db08409
2885,T10919,Neurological disorders and treatments,0.0,consistent,Neurology,0.3523809523809524,Neurology,0.3523809523809524,10,c40c446d67677ec9cd52894674fdbe8fd0fcc99a53d29111368043c09db08409
2886,T10921,Neutrino Physics Research,0.0,insufficient_evidence,Nuclear and High Energy Physics,0.0,,0,0,c40c446d67677ec9cd52894674fdbe8fd0fcc99a53d29111368043c09db08409
2887,T10922,Magnetic Properties and Synthesis of Ferrites,0.0,consistent,Materials Chemistry,0.39166666666666666,Materials Chemistry,0.39166666666666666,10,c40c446d67677ec9cd52894674fdbe8fd0fcc99a53d29111368043c09db08409
2888,T10924,Cardiovascular Health and Disease Prevention,0.0,consistent,Cardiology and Cardiovascular Medicine,0.2153846153846154,Cardiology and Cardiovascular Medicine,0.2153846153846154,10,c40c446d67677ec9cd52894674fdbe8fd0fcc99a53d29111368043c09db08409
2889,T10925,Spinal Cord Injury Research,0.0,insufficient_evidence,Pathology and Forensic Medicine,0.0,Molecular Biology,0.09999999999999999,10,c40c446d67677ec9cd52894674fdbe8fd0fcc99a53d29111368043c09db08409
2890,T10928,Probabilistic and Robust Engineering Design,0.0,insufficient_evidence,"Statistics, Probability and Uncertainty",0.0,Finance,0.1,10,c40c446d67677ec9cd52894674fdbe8fd0fcc99a53d29111368043c09db08409
2891,T10929,Wnt/β-catenin signaling in development and cancer,0.0,consistent,Molecular Biology,0.5618556701030928,Molecular Biology,0.5618556701030928,10,c40c446d67677ec9cd52894674fdbe8fd0fcc99a53d29111368043c09db08409
2892,T10930,Flood Risk Assessment and Management,0.0,consistent,Global and Planetary Change,0.3,Global and Planetary Change,0.3,10,c40c446d67677ec9cd52894674fdbe8fd0fcc99a53d29111368043c09db08409
2893,T10932,Microbial Metabolic Engineering and Bioproduction,0.0,consistent,Molecular Biology,0.8,Molecular Biology,0.8,5,c40c446d67677ec9cd52894674fdbe8fd0fcc99a53d29111368043c09db08409
2894,T10937,"Telomeres, Telomerase, and Senescence",0.0,consistent,Physiology,0.4,Physiology,0.4,10,c40c446d67677ec9cd52894674fdbe8fd0fcc99a53d29111368043c09db08409
2895,T10938,Phase Change Materials Research,0.0,consistent,Mechanical Engineering,0.19,Mechanical Engineering,0.19,10,c40c446d67677ec9cd52894674fdbe8fd0fcc99a53d29111368043c09db08409
2896,T10939,Crystal Structures and Properties,0.0,consistent,"Electronic, Optical and Magnetic Materials",0.3523809523809524,"Electronic, Optical and Magnetic Materials",0.3523809523809524,10,c40c446d67677ec9cd52894674fdbe8fd0fcc99a53d29111368043c09db08409
2897,T10940,Navier-Stokes equation solutions,0.0,consistent,Applied Mathematics,0.6666666666666666,Applied Mathematics,0.6666666666666666,3,c40c446d67677ec9cd52894674fdbe8fd0fcc99a53d29111368043c09db08409
2898,T10941,Musicology and Musical Analysis,0.0,consistent,Music,0.25,Music,0.25,4,c40c446d67677ec9cd52894674fdbe8fd0fcc99a53d29111368043c09db08409
2899,T10942,"Sports, Gender, and Society",0.0,consistent,Gender Studies,0.32105263157894737,Gender Studies,0.32105263157894737,10,c40c446d67677ec9cd52894674fdbe8fd0fcc99a53d29111368043c09db08409
2900,T10943,Escherichia coli research studies,0.0,insufficient_evidence,Endocrinology,0.0,Parasitology,0.2119834710743802,10,c40c446d67677ec9cd52894674fdbe8fd0fcc99a53d29111368043c09db08409
2901,T10948,Advanced Combinatorial Mathematics,0.0,insufficient_evidence,Discrete Mathematics and Combinatorics,0.0,,0,0,c40c446d67677ec9cd52894674fdbe8fd0fcc99a53d29111368043c09db08409
2902,T10951,Cryptographic Implementations and Security,0.0,insufficient_evidence,Artificial Intelligence,0.10843373493975904,Computer Vision and Pattern Recognition,0.2289156626506024,7,c40c446d67677ec9cd52894674fdbe8fd0fcc99a53d29111368043c09db08409
2903,T10952,PI3K/AKT/mTOR signaling in cancer,0.0,consistent,Molecular Biology,0.5553846153846155,Molecular Biology,0.5553846153846155,10,c40c446d67677ec9cd52894674fdbe8fd0fcc99a53d29111368043c09db08409
2904,T10954,Peripheral Nerve Disorders,0.0,insufficient_evidence,"Radiology, Nuclear Medicine and Imaging",0.0,,0,0,c40c446d67677ec9cd52894674fdbe8fd0fcc99a53d29111368043c09db08409
2905,T10957,Photodynamic Therapy Research Studies,0.0,insufficient_evidence,Pulmonary and Respiratory Medicine,0.0,Biomedical Engineering,0.23004484304932737,10,c40c446d67677ec9cd52894674fdbe8fd0fcc99a53d29111368043c09db08409
2906,T10959,Student Assessment and Feedback,0.0,consistent,Education,0.37,Education,0.37,10,c40c446d67677ec9cd52894674fdbe8fd0fcc99a53d29111368043c09db08409
2907,T10960,Hypothalamic control of reproductive hormones,0.0,insufficient_evidence,Reproductive Medicine,0.0,"Endocrinology, Diabetes and Metabolism",0.5,2,c40c446d67677ec9cd52894674fdbe8fd0fcc99a53d29111368043c09db08409
2908,T10961,Hernia repair and management,0.0,consistent,Surgery,0.4,Surgery,0.4,10,c40c446d67677ec9cd52894674fdbe8fd0fcc99a53d29111368043c09db08409
2909,T10962,Thermodynamic properties of mixtures,0.0,insufficient_evidence,Fluid Flow and Transfer Processes,0.0,Spectroscopy,0.29497716894977166,10,c40c446d67677ec9cd52894674fdbe8fd0fcc99a53d29111368043c09db08409
2910,T10965,Geological formations and processes,0.0,insufficient_evidence,Earth-Surface Processes,0.0,Geology,0.3333333333333333,3,c40c446d67677ec9cd52894674fdbe8fd0fcc99a53d29111368043c09db08409
2911,T10966,Liver physiology and pathology,0.0,insufficient_evidence,Hepatology,0.0,Rehabilitation,0.15,10,c40c446d67677ec9cd52894674fdbe8fd0fcc99a53d29111368043c09db08409
2912,T10967,Carbon Dioxide Capture Technologies,0.0,insufficient_evidence,Mechanical Engineering,0.0,Materials Chemistry,1.0,1,c40c446d67677ec9cd52894674fdbe8fd0fcc99a53d29111368043c09db08409
2913,T10971,Olfactory and Sensory Function Studies,0.0,insufficient_evidence,Sensory Systems,0.0,Modeling and Simulation,0.1,10,c40c446d67677ec9cd52894674fdbe8fd0fcc99a53d29111368043c09db08409
2914,T10975,Bone Tumor Diagnosis and Treatments,0.0,insufficient_evidence,Rheumatology,0.0,,0,0,c40c446d67677ec9cd52894674fdbe8fd0fcc99a53d29111368043c09db08409
2915,T10977,Optical Imaging and Spectroscopy Techniques,0.0,insufficient_evidence,"Radiology, Nuclear Medicine and Imaging",0.0,Analytical Chemistry,0.19,10,c40c446d67677ec9cd52894674fdbe8fd0fcc99a53d29111368043c09db08409
2916,T10978,Prenatal Screening and Diagnostics,0.0,consistent,"Pediatrics, Perinatology and Child Health",0.2,"Pediatrics, Perinatology and Child Health",0.2,10,c40c446d67677ec9cd52894674fdbe8fd0fcc99a53d29111368043c09db08409
2917,T10979,Breastfeeding Practices and Influences,0.0,insufficient_evidence,Epidemiology,0.0,"Pediatrics, Perinatology and Child Health",0.19,10,c40c446d67677ec9cd52894674fdbe8fd0fcc99a53d29111368043c09db08409
2918,T10980,Vascular Malformations and Hemangiomas,0.0,insufficient_evidence,Surgery,0.0,,0,0,c40c446d67677ec9cd52894674fdbe8fd0fcc99a53d29111368043c09db08409
2919,T10983,Aortic aneurysm repair treatments,0.0,consistent,Pulmonary and Respiratory Medicine,0.19,Pulmonary and Respiratory Medicine,0.19,10,c40c446d67677ec9cd52894674fdbe8fd0fcc99a53d29111368043c09db08409
2920,T10989,Uterine Myomas and Treatments,0.0,insufficient_evidence,Obstetrics and Gynecology,0.0,Surgery,0.19,10,c40c446d67677ec9cd52894674fdbe8fd0fcc99a53d29111368043c09db08409
2921,T10992,Forensic Anthropology and Bioarchaeology Studies,0.0,insufficient_evidence,Archeology,0.0,Genetics,0.5,2,c40c446d67677ec9cd52894674fdbe8fd0fcc99a53d29111368043c09db08409
2922,T10993,Complement system in diseases,0.0,insufficient_evidence,Immunology,0.0,Cell Biology,0.19,10,c40c446d67677ec9cd52894674fdbe8fd0fcc99a53d29111368043c09db08409
2923,T10994,"Terrorism, Counterterrorism, and Political Violence",0.0,insufficient_evidence,Sociology and Political Science,0.18,Management Science and Operations Research,0.19,10,c40c446d67677ec9cd52894674fdbe8fd0fcc99a53d29111368043c09db08409
2924,T10999,Organ Transplantation Techniques and Outcomes,0.0,consistent,Surgery,0.375,Surgery,0.375,8,c40c446d67677ec9cd52894674fdbe8fd0fcc99a53d29111368043c09db08409
2925,T11002,Indoor Air Quality and Microbial Exposure,0.0,consistent,"Health, Toxicology and Mutagenesis",0.3,"Health, Toxicology and Mutagenesis",0.3,10,c40c446d67677ec9cd52894674fdbe8fd0fcc99a53d29111368043c09db08409
2926,T11004,Crustacean biology and ecology,0.0,consistent,Ecology,0.18888888888888888,Ecology,0.18888888888888888,10,c40c446d67677ec9cd52894674fdbe8fd0fcc99a53d29111368043c09db08409
2927,T11005,Radiation Effects in Electronics,0.0,consistent,Electrical and Electronic Engineering,0.5,Electrical and Electronic Engineering,0.5,10,c40c446d67677ec9cd52894674fdbe8fd0fcc99a53d29111368043c09db08409
2928,T11010,"Logic, Reasoning, and Knowledge",0.0,consistent,Artificial Intelligence,0.5,Artificial Intelligence,0.5,8,c40c446d67677ec9cd52894674fdbe8fd0fcc99a53d29111368043c09db08409
2929,T11014,Regional Economics and Spatial Analysis,0.0,consistent,Economics and Econometrics,0.27,Economics and Econometrics,0.27,10,c40c446d67677ec9cd52894674fdbe8fd0fcc99a53d29111368043c09db08409
2930,T11017,Chaos-based Image/Signal Encryption,0.0,insufficient_evidence,Computer Vision and Pattern Recognition,0.0,Artificial Intelligence,0.2602739726027397,7,c40c446d67677ec9cd52894674fdbe8fd0fcc99a53d29111368043c09db08409
2931,T11018,Lower Extremity Biomechanics and Pathologies,0.0,consistent,Biomedical Engineering,0.37,Biomedical Engineering,0.37,10,c40c446d67677ec9cd52894674fdbe8fd0fcc99a53d29111368043c09db08409
2932,T11019,Image Enhancement Techniques,0.0,consistent,Computer Vision and Pattern Recognition,0.2846153846153846,Computer Vision and Pattern Recognition,0.2846153846153846,10,c40c446d67677ec9cd52894674fdbe8fd0fcc99a53d29111368043c09db08409
2933,T11020,Immune Cell Function and Interaction,0.0,insufficient_evidence,Immunology,0.0,,0,0,c40c446d67677ec9cd52894674fdbe8fd0fcc99a53d29111368043c09db08409
2934,T11022,Spectral Theory in Mathematical Physics,0.0,insufficient_evidence,Mathematical Physics,0.0,Aerospace Engineering,0.2,5,c40c446d67677ec9cd52894674fdbe8fd0fcc99a53d29111368043c09db08409
2935,T11023,Prosthetics and Rehabilitation Robotics,0.0,insufficient_evidence,Biomedical Engineering,0.0,Mechanical Engineering,0.19,10,c40c446d67677ec9cd52894674fdbe8fd0fcc99a53d29111368043c09db08409
2936,T11025,Nonlinear Optical Materials Research,0.0,consistent,"Electronic, Optical and Magnetic Materials",0.24902912621359227,"Electronic, Optical and Magnetic Materials",0.24902912621359227,10,c40c446d67677ec9cd52894674fdbe8fd0fcc99a53d29111368043c09db08409
2937,T11026,Occupational and environmental lung diseases,0.0,consistent,Pulmonary and Respiratory Medicine,0.4,Pulmonary and Respiratory Medicine,0.4,10,c40c446d67677ec9cd52894674fdbe8fd0fcc99a53d29111368043c09db08409
2938,T11029,Renal Diseases and Glomerulopathies,0.0,insufficient_evidence,Nephrology,0.0,,0,0,c40c446d67677ec9cd52894674fdbe8fd0fcc99a53d29111368043c09db08409
2939,T11030,Scoliosis diagnosis and treatment,0.0,insufficient_evidence,Surgery,0.0,Pathology and Forensic Medicine,1.0,1,c40c446d67677ec9cd52894674fdbe8fd0fcc99a53d29111368043c09db08409
2940,T11032,VLSI and Analog Circuit Testing,0.0,insufficient_evidence,Hardware and Architecture,0.0,,0,0,c40c446d67677ec9cd52894674fdbe8fd0fcc99a53d29111368043c09db08409
2941,T11034,Digital Filter Design and Implementation,0.0,insufficient_evidence,Signal Processing,0.0,Numerical Analysis,1.0,1,c40c446d67677ec9cd52894674fdbe8fd0fcc99a53d29111368043c09db08409
2942,T11039,Evaluation of Teaching Practices,0.0,consistent,Education,0.5,Education,0.5,10,c40c446d67677ec9cd52894674fdbe8fd0fcc99a53d29111368043c09db08409
2943,T11041,Ubiquitin and proteasome pathways,0.0,consistent,Molecular Biology,0.4,Molecular Biology,0.4,10,c40c446d67677ec9cd52894674fdbe8fd0fcc99a53d29111368043c09db08409
2944,T11043,Merger and Competition Analysis,0.0,consistent,Economics and Econometrics,0.3333333333333333,Economics and Econometrics,0.3333333333333333,9,c40c446d67677ec9cd52894674fdbe8fd0fcc99a53d29111368043c09db08409
2945,T11045,"Privacy, Security, and Data Protection",0.0,consistent,Sociology and Political Science,0.2,Sociology and Political Science,0.2,10,c40c446d67677ec9cd52894674fdbe8fd0fcc99a53d29111368043c09db08409
2946,T11048,Bacteriophages and microbial interactions,0.0,insufficient_evidence,Ecology,0.0,Genetics,0.15833333333333333,10,c40c446d67677ec9cd52894674fdbe8fd0fcc99a53d29111368043c09db08409
2947,T11049,Advanced Harmonic Analysis Research,0.0,insufficient_evidence,Applied Mathematics,0.0,,0,0,c40c446d67677ec9cd52894674fdbe8fd0fcc99a53d29111368043c09db08409
2948,T11050,Photorefractive and Nonlinear Optics,0.0,consistent,"Atomic and Molecular Physics, and Optics",0.46,"Atomic and Molecular Physics, and Optics",0.46,10,c40c446d67677ec9cd52894674fdbe8fd0fcc99a53d29111368043c09db08409
2949,T11052,Energy Load and Power Forecasting,0.0,insufficient_evidence,Electrical and Electronic Engineering,0.0,Building and Construction,0.25,10,c40c446d67677ec9cd52894674fdbe8fd0fcc99a53d29111368043c09db08409
2950,T11053,Process Optimization and Integration,0.0,insufficient_evidence,Control and Systems Engineering,0.11788321167883212,Mechanics of Materials,0.1872262773722628,10,c40c446d67677ec9cd52894674fdbe8fd0fcc99a53d29111368043c09db08409
2951,T11054,Adrenal and Paraganglionic Tumors,0.0,insufficient_evidence,Surgery,0.09,Neurology,0.19,10,c40c446d67677ec9cd52894674fdbe8fd0fcc99a53d29111368043c09db08409
2952,T11055,Cardiac and Coronary Surgery Techniques,0.0,insufficient_evidence,Surgery,0.0,Biomedical Engineering,0.2,5,c40c446d67677ec9cd52894674fdbe8fd0fcc99a53d29111368043c09db08409
2953,T11059,Market Dynamics and Volatility,0.0,consistent,Economics and Econometrics,0.37,Economics and Econometrics,0.37,10,c40c446d67677ec9cd52894674fdbe8fd0fcc99a53d29111368043c09db08409
2954,T11061,Ocean Waves and Remote Sensing,0.0,insufficient_evidence,Oceanography,0.0,Atmospheric Science,0.3333333333333333,3,c40c446d67677ec9cd52894674fdbe8fd0fcc99a53d29111368043c09db08409
2955,T11064,Antiplatelet Therapy and Cardiovascular Diseases,0.0,consistent,Cardiology and Cardiovascular Medicine,0.2222222222222222,Cardiology and Cardiovascular Medicine,0.2222222222222222,9,c40c446d67677ec9cd52894674fdbe8fd0fcc99a53d29111368043c09db08409
2956,T11072,Peroxisome Proliferator-Activated Receptors,0.0,insufficient_evidence,Molecular Biology,0.0,Cellular and Molecular Neuroscience,0.15,10,c40c446d67677ec9cd52894674fdbe8fd0fcc99a53d29111368043c09db08409
2957,T11077,Genetic and Clinical Aspects of Sex Determination and Chromosomal Abnormalities,0.0,insufficient_evidence,Genetics,0.0,Archeology,0.5,2,c40c446d67677ec9cd52894674fdbe8fd0fcc99a53d29111368043c09db08409
2958,T11078,Inflammasome and immune disorders,0.0,consistent,Molecular Biology,0.38,Molecular Biology,0.38,10,c40c446d67677ec9cd52894674fdbe8fd0fcc99a53d29111368043c09db08409
2959,T11081,Advanced Control Systems Design,0.0,consistent,Control and Systems Engineering,0.3,Control and Systems Engineering,0.3,10,c40c446d67677ec9cd52894674fdbe8fd0fcc99a53d29111368043c09db08409
2960,T11082,Spacecraft Dynamics and Control,0.0,consistent,Aerospace Engineering,0.3333333333333333,Aerospace Engineering,0.3333333333333333,6,c40c446d67677ec9cd52894674fdbe8fd0fcc99a53d29111368043c09db08409
2961,T11086,Parasitic Infections and Diagnostics,0.0,consistent,Parasitology,0.19999999999999998,Parasitology,0.19999999999999998,10,c40c446d67677ec9cd52894674fdbe8fd0fcc99a53d29111368043c09db08409
2962,T11090,Dark Matter and Cosmic Phenomena,0.0,consistent,Nuclear and High Energy Physics,0.40860215053763443,Nuclear and High Energy Physics,0.40860215053763443,7,c40c446d67677ec9cd52894674fdbe8fd0fcc99a53d29111368043c09db08409
2963,T11091,Extraction and Separation Processes,0.0,consistent,Mechanical Engineering,0.15833333333333333,Mechanical Engineering,0.15833333333333333,10,c40c446d67677ec9cd52894674fdbe8fd0fcc99a53d29111368043c09db08409
2964,T11092,Spondyloarthritis Studies and Treatments,0.0,insufficient_evidence,Rheumatology,0.0,,0,0,c40c446d67677ec9cd52894674fdbe8fd0fcc99a53d29111368043c09db08409
2965,T11093,Personality Disorders and Psychopathology,0.0,consistent,Clinical Psychology,0.5,Clinical Psychology,0.5,10,c40c446d67677ec9cd52894674fdbe8fd0fcc99a53d29111368043c09db08409
2966,T11094,Face Recognition and Perception,0.0,consistent,Cognitive Neuroscience,0.27,Cognitive Neuroscience,0.27,10,c40c446d67677ec9cd52894674fdbe8fd0fcc99a53d29111368043c09db08409
2967,T11097,Cerebral Palsy and Movement Disorders,0.0,insufficient_evidence,Psychiatry and Mental health,0.0,Epidemiology,0.15833333333333333,10,c40c446d67677ec9cd52894674fdbe8fd0fcc99a53d29111368043c09db08409
2968,T11098,Seed Germination and Physiology,0.0,consistent,Plant Science,0.3,Plant Science,0.3,10,c40c446d67677ec9cd52894674fdbe8fd0fcc99a53d29111368043c09db08409
2969,T11100,Intermetallics and Advanced Alloy Properties,0.0,consistent,Mechanical Engineering,0.5277777777777778,Mechanical Engineering,0.5277777777777778,10,c40c446d67677ec9cd52894674fdbe8fd0fcc99a53d29111368043c09db08409
2970,T11101,Online Learning Methods and Innovations,0.0,consistent,Education,0.4722222222222222,Education,0.4722222222222222,10,c40c446d67677ec9cd52894674fdbe8fd0fcc99a53d29111368043c09db08409
2971,T11102,HVDC Systems and Fault Protection,0.0,consistent,Electrical and Electronic Engineering,0.5,Electrical and Electronic Engineering,0.5,10,c40c446d67677ec9cd52894674fdbe8fd0fcc99a53d29111368043c09db08409
2972,T11104,"Memory, Trauma, and Commemoration",0.0,consistent,Social Psychology,0.28,Social Psychology,0.28,10,c40c446d67677ec9cd52894674fdbe8fd0fcc99a53d29111368043c09db08409
2973,T11105,Advanced Image Processing Techniques,0.0,consistent,Computer Vision and Pattern Recognition,0.2444444444444444,Computer Vision and Pattern Recognition,0.2444444444444444,10,c40c446d67677ec9cd52894674fdbe8fd0fcc99a53d29111368043c09db08409
2974,T11106,Data Management and Algorithms,0.0,insufficient_evidence,Signal Processing,0.0,Artificial Intelligence,0.5,2,c40c446d67677ec9cd52894674fdbe8fd0fcc99a53d29111368043c09db08409
2975,T11109,Thermoregulation and physiological responses,0.0,consistent,Physiology,0.2,Physiology,0.2,5,c40c446d67677ec9cd52894674fdbe8fd0fcc99a53d29111368043c09db08409
2976,T11111,Spectroscopy and Laser Applications,0.0,insufficient_evidence,Spectroscopy,0.0,Biomedical Engineering,0.5,2,c40c446d67677ec9cd52894674fdbe8fd0fcc99a53d29111368043c09db08409
2977,T11112,Viral Infections and Immunology Research,0.0,consistent,Cardiology and Cardiovascular Medicine,0.14615384615384616,Cardiology and Cardiovascular Medicine,0.14615384615384616,10,c40c446d67677ec9cd52894674fdbe8fd0fcc99a53d29111368043c09db08409
2978,T11114,Service and Product Innovation,0.0,consistent,Marketing,0.3,Marketing,0.3,10,c40c446d67677ec9cd52894674fdbe8fd0fcc99a53d29111368043c09db08409
2979,T11117,Drug-Induced Adverse Reactions,0.0,insufficient_evidence,Pharmacology,0.0,,0,0,c40c446d67677ec9cd52894674fdbe8fd0fcc99a53d29111368043c09db08409
2980,T11118,Evolutionary Psychology and Human Behavior,0.0,insufficient_evidence,Experimental and Cognitive Psychology,0.0,"Ecology, Evolution, Behavior and Systematics",0.1,10,c40c446d67677ec9cd52894674fdbe8fd0fcc99a53d29111368043c09db08409
2981,T11120,Nonprofit Sector and Volunteering,0.0,consistent,Sociology and Political Science,0.2,Sociology and Political Science,0.2,10,c40c446d67677ec9cd52894674fdbe8fd0fcc99a53d29111368043c09db08409
2982,T11121,Public Relations and Crisis Communication,0.0,insufficient_evidence,Communication,0.09,Transportation,0.19,10,c40c446d67677ec9cd52894674fdbe8fd0fcc99a53d29111368043c09db08409
2983,T11124,Protein purification and stability,0.0,insufficient_evidence,Molecular Biology,0.06860986547085202,Immunology,0.23004484304932737,10,c40c446d67677ec9cd52894674fdbe8fd0fcc99a53d29111368043c09db08409
2984,T11126,Metallurgical Processes and Thermodynamics,0.0,insufficient_evidence,Mechanical Engineering,0.0,Biomedical Engineering,1.0,1,c40c446d67677ec9cd52894674fdbe8fd0fcc99a53d29111368043c09db08409
2985,T11127,Solid State Laser Technologies,0.0,consistent,Electrical and Electronic Engineering,0.2,Electrical and Electronic Engineering,0.2,10,c40c446d67677ec9cd52894674fdbe8fd0fcc99a53d29111368043c09db08409
2986,T11130,Coding theory and cryptography,0.0,consistent,Artificial Intelligence,0.5,Artificial Intelligence,0.5,4,c40c446d67677ec9cd52894674fdbe8fd0fcc99a53d29111368043c09db08409
2987,T11132,Psychoanalysis and Psychopathology Research,0.0,consistent,Clinical Psychology,0.48116883116883113,Clinical Psychology,0.48116883116883113,10,c40c446d67677ec9cd52894674fdbe8fd0fcc99a53d29111368043c09db08409
2988,T11138,Tribology and Lubrication Engineering,0.0,insufficient_evidence,Mechanical Engineering,0.0,Mechanics of Materials,1.0,1,c40c446d67677ec9cd52894674fdbe8fd0fcc99a53d29111368043c09db08409
2989,T11141,Childhood Cancer Survivors' Quality of Life,0.0,insufficient_evidence,"Pediatrics, Perinatology and Child Health",0.0,Obstetrics and Gynecology,0.16666666666666666,6,c40c446d67677ec9cd52894674fdbe8fd0fcc99a53d29111368043c09db08409
2990,T11142,Advanced Glycation End Products research,0.0,insufficient_evidence,Clinical Biochemistry,0.0,Biochemistry,0.135,10,c40c446d67677ec9cd52894674fdbe8fd0fcc99a53d29111368043c09db08409
2991,T11143,High Entropy Alloys Studies,0.0,consistent,Mechanical Engineering,0.6,Mechanical Engineering,0.6,10,c40c446d67677ec9cd52894674fdbe8fd0fcc99a53d29111368043c09db08409
2992,T11144,melanin and skin pigmentation,0.0,insufficient_evidence,Cell Biology,0.0,Immunology,0.19,10,c40c446d67677ec9cd52894674fdbe8fd0fcc99a53d29111368043c09db08409
2993,T11145,Epoxy Resin Curing Processes,0.0,consistent,Mechanical Engineering,0.2,Mechanical Engineering,0.2,10,c40c446d67677ec9cd52894674fdbe8fd0fcc99a53d29111368043c09db08409
2994,T11147,Misinformation and Its Impacts,0.0,consistent,Sociology and Political Science,0.2,Sociology and Political Science,0.2,10,c40c446d67677ec9cd52894674fdbe8fd0fcc99a53d29111368043c09db08409
2995,T11149,Veterinary Oncology Research,0.0,insufficient_evidence,Pulmonary and Respiratory Medicine,0.18,Reproductive Medicine,0.19,10,c40c446d67677ec9cd52894674fdbe8fd0fcc99a53d29111368043c09db08409
2996,T11151,Advanced Topology and Set Theory,0.0,insufficient_evidence,Geometry and Topology,0.0,,0,0,c40c446d67677ec9cd52894674fdbe8fd0fcc99a53d29111368043c09db08409
2997,T11152,Stochastic processes and statistical mechanics,0.0,insufficient_evidence,Mathematical Physics,0.0,,0,0,c40c446d67677ec9cd52894674fdbe8fd0fcc99a53d29111368043c09db08409
2998,T11158,Wireless Networks and Protocols,0.0,consistent,Computer Networks and Communications,0.5054945054945055,Computer Networks and Communications,0.5054945054945055,9,c40c446d67677ec9cd52894674fdbe8fd0fcc99a53d29111368043c09db08409
2999,T11159,Manufacturing Process and Optimization,0.0,insufficient_evidence,Industrial and Manufacturing Engineering,0.0,Control and Systems Engineering,1.0,1,c40c446d67677ec9cd52894674fdbe8fd0fcc99a53d29111368043c09db08409
3000,T11161,Consumer Market Behavior and Pricing,0.0,insufficient_evidence,Marketing,0.18,Health Information Management,0.19,10,c40c446d67677ec9cd52894674fdbe8fd0fcc99a53d29111368043c09db08409
3001,T11162,Enzyme Structure and Function,0.0,insufficient_evidence,Materials Chemistry,0.0,Molecular Biology,0.3333333333333333,3,c40c446d67677ec9cd52894674fdbe8fd0fcc99a53d29111368043c09db08409
3002,T11164,Remote Sensing and LiDAR Applications,0.0,insufficient_evidence,Environmental Engineering,0.0,Nature and Landscape Conservation,0.5135135135135135,3,c40c446d67677ec9cd52894674fdbe8fd0fcc99a53d29111368043c09db08409
3003,T11165,Image and Video Quality Assessment,0.0,consistent,Computer Vision and Pattern Recognition,0.4,Computer Vision and Pattern Recognition,0.4,10,c40c446d67677ec9cd52894674fdbe8fd0fcc99a53d29111368043c09db08409
3004,T11170,Biomimetic flight and propulsion mechanisms,0.0,consistent,Aerospace Engineering,0.2857142857142857,Aerospace Engineering,0.2857142857142857,7,c40c446d67677ec9cd52894674fdbe8fd0fcc99a53d29111368043c09db08409
3005,T11171,Diabetes and associated disorders,0.0,consistent,Genetics,0.19999999999999998,Genetics,0.19999999999999998,10,c40c446d67677ec9cd52894674fdbe8fd0fcc99a53d29111368043c09db08409
3006,T11175,Gyrotron and Vacuum Electronics Research,0.0,insufficient_evidence,"Atomic and Molecular Physics, and Optics",0.0,Spectroscopy,1.0,1,c40c446d67677ec9cd52894674fdbe8fd0fcc99a53d29111368043c09db08409
3007,T11176,Radiation Therapy and Dosimetry,0.0,consistent,Pulmonary and Respiratory Medicine,0.2,Pulmonary and Respiratory Medicine,0.2,5,c40c446d67677ec9cd52894674fdbe8fd0fcc99a53d29111368043c09db08409
3008,T11178,Receptor Mechanisms and Signaling,0.0,insufficient_evidence,Molecular Biology,0.18,Toxicology,0.19,10,c40c446d67677ec9cd52894674fdbe8fd0fcc99a53d29111368043c09db08409
3009,T11180,Pesticide and Herbicide Environmental Studies,0.0,consistent,Pollution,0.31461038961038956,Pollution,0.31461038961038956,10,c40c446d67677ec9cd52894674fdbe8fd0fcc99a53d29111368043c09db08409
3010,T11182,Auction Theory and Applications,0.0,insufficient_evidence,Management Science and Operations Research,0.0,Accounting,0.25,4,c40c446d67677ec9cd52894674fdbe8fd0fcc99a53d29111368043c09db08409
3011,T11186,Hydrology and Drought Analysis,0.0,consistent,Global and Planetary Change,0.5526315789473684,Global and Planetary Change,0.5526315789473684,10,c40c446d67677ec9cd52894674fdbe8fd0fcc99a53d29111368043c09db08409
3012,T11190,3D Printing in Biomedical Research,0.0,insufficient_evidence,Biomedical Engineering,0.13457943925233642,Molecular Medicine,0.31962616822429907,10,c40c446d67677ec9cd52894674fdbe8fd0fcc99a53d29111368043c09db08409
3013,T11191,Mathematical functions and polynomials,0.0,insufficient_evidence,Applied Mathematics,0.0,Algebra and Number Theory,0.25,4,c40c446d67677ec9cd52894674fdbe8fd0fcc99a53d29111368043c09db08409
3014,T11194,Ocular Diseases and Behçet’s Syndrome,0.0,insufficient_evidence,Ophthalmology,0.0,Cardiology and Cardiovascular Medicine,0.15833333333333333,10,c40c446d67677ec9cd52894674fdbe8fd0fcc99a53d29111368043c09db08409
3015,T11195,Simulation Techniques and Applications,0.0,consistent,Management Science and Operations Research,0.1,Management Science and Operations Research,0.1,10,c40c446d67677ec9cd52894674fdbe8fd0fcc99a53d29111368043c09db08409
3016,T11199,Pain Management and Opioid Use,0.0,insufficient_evidence,Anesthesiology and Pain Medicine,0.0,"Pediatrics, Perinatology and Child Health",0.17272727272727273,10,c40c446d67677ec9cd52894674fdbe8fd0fcc99a53d29111368043c09db08409
3017,T11201,Metallurgy and Material Forming,0.0,insufficient_evidence,Mechanics of Materials,0.0,Materials Chemistry,0.19,10,c40c446d67677ec9cd52894674fdbe8fd0fcc99a53d29111368043c09db08409
3018,T11203,Jewish and Middle Eastern Studies,0.0,consistent,Sociology and Political Science,0.41818181818181815,Sociology and Political Science,0.41818181818181815,10,c40c446d67677ec9cd52894674fdbe8fd0fcc99a53d29111368043c09db08409
3019,T11208,Lignin and Wood Chemistry,0.0,insufficient_evidence,Biomedical Engineering,0.0,Organic Chemistry,0.25,4,c40c446d67677ec9cd52894674fdbe8fd0fcc99a53d29111368043c09db08409
3020,T11211,3D Surveying and Cultural Heritage,0.0,insufficient_evidence,Geology,0.0,Space and Planetary Science,0.17272727272727273,10,c40c446d67677ec9cd52894674fdbe8fd0fcc99a53d29111368043c09db08409
3021,T11214,Human-Animal Interaction Studies,0.0,consistent,Genetics,0.2,Genetics,0.2,10,c40c446d67677ec9cd52894674fdbe8fd0fcc99a53d29111368043c09db08409
3022,T11217,Cardiac Arrhythmias and Treatments,0.0,consistent,Cardiology and Cardiovascular Medicine,0.5,Cardiology and Cardiovascular Medicine,0.5,6,c40c446d67677ec9cd52894674fdbe8fd0fcc99a53d29111368043c09db08409
3023,T11218,Hip disorders and treatments,0.0,insufficient_evidence,Surgery,0.0,Complementary and alternative medicine,0.2,5,c40c446d67677ec9cd52894674fdbe8fd0fcc99a53d29111368043c09db08409
3024,T11222,Magnetic Properties and Applications,0.0,insufficient_evidence,"Electronic, Optical and Magnetic Materials",0.0,,0,0,c40c446d67677ec9cd52894674fdbe8fd0fcc99a53d29111368043c09db08409
3025,T11225,Geothermal Energy Systems and Applications,0.0,consistent,"Renewable Energy, Sustainability and the Environment",0.19999999999999998,"Renewable Energy, Sustainability and the Environment",0.19999999999999998,10,c40c446d67677ec9cd52894674fdbe8fd0fcc99a53d29111368043c09db08409
3026,T11227,Diabetic Foot Ulcer Assessment and Management,0.0,insufficient_evidence,"Endocrinology, Diabetes and Metabolism",0.0,Epidemiology,0.15,10,c40c446d67677ec9cd52894674fdbe8fd0fcc99a53d29111368043c09db08409
3027,T11230,Innovative Energy Harvesting Technologies,0.0,insufficient_evidence,Mechanical Engineering,0.0,Nuclear Energy and Engineering,0.2,5,c40c446d67677ec9cd52894674fdbe8fd0fcc99a53d29111368043c09db08409
3028,T11231,Microbial Fuel Cells and Bioremediation,0.0,insufficient_evidence,Environmental Engineering,0.0,"Renewable Energy, Sustainability and the Environment",0.1,10,c40c446d67677ec9cd52894674fdbe8fd0fcc99a53d29111368043c09db08409
3029,T11233,Advanced Adaptive Filtering Techniques,0.0,insufficient_evidence,Computational Mechanics,0.0,,0,0,c40c446d67677ec9cd52894674fdbe8fd0fcc99a53d29111368043c09db08409
3030,T11235,Statistical Methods in Clinical Trials,0.0,consistent,Statistics and Probability,0.1,Statistics and Probability,0.1,10,c40c446d67677ec9cd52894674fdbe8fd0fcc99a53d29111368043c09db08409
3031,T11238,Simulation-Based Education in Healthcare,0.0,insufficient_evidence,Physiology,0.0,Artificial Intelligence,0.1,10,c40c446d67677ec9cd52894674fdbe8fd0fcc99a53d29111368043c09db08409
3032,T11239,Social Capital and Networks,0.0,consistent,Sociology and Political Science,0.20974025974025973,Sociology and Political Science,0.20974025974025973,10,c40c446d67677ec9cd52894674fdbe8fd0fcc99a53d29111368043c09db08409
3033,T11240,Luminescence and Fluorescent Materials,0.0,consistent,Materials Chemistry,0.3,Materials Chemistry,0.3,10,c40c446d67677ec9cd52894674fdbe8fd0fcc99a53d29111368043c09db08409
3034,T11242,Nuclear Materials and Properties,0.0,consistent,Materials Chemistry,0.2,Materials Chemistry,0.2,10,c40c446d67677ec9cd52894674fdbe8fd0fcc99a53d29111368043c09db08409
3035,T11245,Advanced Numerical Analysis Techniques,0.0,consistent,Computational Mechanics,0.4,Computational Mechanics,0.4,10,c40c446d67677ec9cd52894674fdbe8fd0fcc99a53d29111368043c09db08409
3036,T11248,Advanced Power Amplifier Design,0.0,consistent,Electrical and Electronic Engineering,0.6666666666666666,Electrical and Electronic Engineering,0.6666666666666666,3,c40c446d67677ec9cd52894674fdbe8fd0fcc99a53d29111368043c09db08409
3037,T11249,Wireless Power Transfer Systems,0.0,consistent,Electrical and Electronic Engineering,0.4,Electrical and Electronic Engineering,0.4,5,c40c446d67677ec9cd52894674fdbe8fd0fcc99a53d29111368043c09db08409
3038,T11252,Evolutionary Game Theory and Cooperation,0.0,insufficient_evidence,Sociology and Political Science,0.08181818181818182,Social Psychology,0.17272727272727273,10,c40c446d67677ec9cd52894674fdbe8fd0fcc99a53d29111368043c09db08409
3039,T11253,Nail Diseases and Treatments,0.0,consistent,Epidemiology,0.19999999999999998,Epidemiology,0.19999999999999998,10,c40c446d67677ec9cd52894674fdbe8fd0fcc99a53d29111368043c09db08409
3040,T11254,Fluid Dynamics and Vibration Analysis,0.0,consistent,Computational Mechanics,0.4381443298969072,Computational Mechanics,0.4381443298969072,10,c40c446d67677ec9cd52894674fdbe8fd0fcc99a53d29111368043c09db08409
3041,T11255,Microfluidic and Bio-sensing Technologies,0.0,insufficient_evidence,Biomedical Engineering,0.4722222222222222,Electrical and Electronic Engineering,0.5277777777777779,4,c40c446d67677ec9cd52894674fdbe8fd0fcc99a53d29111368043c09db08409
3042,T11257,Taxation and Compliance Studies,0.0,consistent,Economics and Econometrics,0.3357142857142857,Economics and Econometrics,0.3357142857142857,10,c40c446d67677ec9cd52894674fdbe8fd0fcc99a53d29111368043c09db08409
3043,T11258,Breast Implant and Reconstruction,0.0,consistent,Surgery,0.43846153846153846,Surgery,0.43846153846153846,10,c40c446d67677ec9cd52894674fdbe8fd0fcc99a53d29111368043c09db08409
3044,T11261,Quantum chaos and dynamical systems,0.0,insufficient_evidence,Statistical and Nonlinear Physics,0.0,Computer Networks and Communications,0.3333333333333333,3,c40c446d67677ec9cd52894674fdbe8fd0fcc99a53d29111368043c09db08409
3045,T11266,Neuroinflammation and Neurodegeneration Mechanisms,0.0,insufficient_evidence,Neurology,0.0,Biological Psychiatry,0.21375000000000002,10,c40c446d67677ec9cd52894674fdbe8fd0fcc99a53d29111368043c09db08409
3046,T11268,Light effects on plants,0.0,consistent,Plant Science,0.3,Plant Science,0.3,10,c40c446d67677ec9cd52894674fdbe8fd0fcc99a53d29111368043c09db08409
3047,T11269,Algorithms and Data Compression,0.0,insufficient_evidence,Artificial Intelligence,0.0,Computational Theory and Mathematics,0.3333333333333333,3,c40c446d67677ec9cd52894674fdbe8fd0fcc99a53d29111368043c09db08409
3048,T11271,Myasthenia Gravis and Thymoma,0.0,consistent,Neurology,0.35625,Neurology,0.35625,10,c40c446d67677ec9cd52894674fdbe8fd0fcc99a53d29111368043c09db08409
3049,T11273,Advanced Graph Neural Networks,0.0,consistent,Artificial Intelligence,0.2923076923076923,Artificial Intelligence,0.2923076923076923,10,c40c446d67677ec9cd52894674fdbe8fd0fcc99a53d29111368043c09db08409
3050,T11275,Composting and Vermicomposting Techniques,0.0,insufficient_evidence,Soil Science,0.0,Waste Management and Disposal,0.19,10,c40c446d67677ec9cd52894674fdbe8fd0fcc99a53d29111368043c09db08409
3051,T11279,Lanthanide and Transition Metal Complexes,0.0,insufficient_evidence,Materials Chemistry,0.0,Biomedical Engineering,0.3333333333333333,3,c40c446d67677ec9cd52894674fdbe8fd0fcc99a53d29111368043c09db08409
3052,T11282,Fibromyalgia and Chronic Fatigue Syndrome Research,0.0,insufficient_evidence,Psychiatry and Mental health,0.09444444444444444,Complementary and Manual Therapy,0.15,10,c40c446d67677ec9cd52894674fdbe8fd0fcc99a53d29111368043c09db08409
3053,T11284,Coal Properties and Utilization,0.0,consistent,Ocean Engineering,0.16666666666666666,Ocean Engineering,0.16666666666666666,6,c40c446d67677ec9cd52894674fdbe8fd0fcc99a53d29111368043c09db08409
3054,T11286,Polyoxometalates: Synthesis and Applications,0.0,consistent,Materials Chemistry,0.35661538461538467,Materials Chemistry,0.35661538461538467,10,c40c446d67677ec9cd52894674fdbe8fd0fcc99a53d29111368043c09db08409
3055,T11289,Single-cell and spatial transcriptomics,0.0,consistent,Molecular Biology,0.3,Molecular Biology,0.3,10,c40c446d67677ec9cd52894674fdbe8fd0fcc99a53d29111368043c09db08409
3056,T11291,Intraocular Surgery and Lenses,0.0,consistent,Ophthalmology,0.25,Ophthalmology,0.25,4,c40c446d67677ec9cd52894674fdbe8fd0fcc99a53d29111368043c09db08409
3057,T11293,Orthopedic Infections and Treatments,0.0,consistent,Surgery,0.5909090909090909,Surgery,0.5909090909090909,10,c40c446d67677ec9cd52894674fdbe8fd0fcc99a53d29111368043c09db08409
3058,T11294,Infant Nutrition and Health,0.0,insufficient_evidence,Nutrition and Dietetics,0.0,Animal Science and Zoology,0.1,10,c40c446d67677ec9cd52894674fdbe8fd0fcc99a53d29111368043c09db08409
3059,T11296,COVID-19 and healthcare impacts,0.0,insufficient_evidence,Oncology,0.0,Molecular Medicine,0.09999999999999999,10,c40c446d67677ec9cd52894674fdbe8fd0fcc99a53d29111368043c09db08409
3060,T11298,Synthesis and Properties of Aromatic Compounds,0.0,insufficient_evidence,Organic Chemistry,0.0,,0,0,c40c446d67677ec9cd52894674fdbe8fd0fcc99a53d29111368043c09db08409
3061,T11299,Problem and Project Based Learning,0.0,consistent,Education,0.676986301369863,Education,0.676986301369863,10,c40c446d67677ec9cd52894674fdbe8fd0fcc99a53d29111368043c09db08409
3062,T11301,Advanced Surface Polishing Techniques,0.0,insufficient_evidence,Biomedical Engineering,0.0,Atmospheric Science,0.25,4,c40c446d67677ec9cd52894674fdbe8fd0fcc99a53d29111368043c09db08409
3063,T11303,Bayesian Modeling and Causal Inference,0.0,consistent,Artificial Intelligence,0.25,Artificial Intelligence,0.25,4,c40c446d67677ec9cd52894674fdbe8fd0fcc99a53d29111368043c09db08409
3064,T11307,Domain Adaptation and Few-Shot Learning,0.0,consistent,Artificial Intelligence,0.4457831325301205,Artificial Intelligence,0.4457831325301205,7,c40c446d67677ec9cd52894674fdbe8fd0fcc99a53d29111368043c09db08409
3065,T11308,Sphingolipid Metabolism and Signaling,0.0,consistent,Molecular Biology,0.31666666666666665,Molecular Biology,0.31666666666666665,10,c40c446d67677ec9cd52894674fdbe8fd0fcc99a53d29111368043c09db08409
3066,T11310,Connective tissue disorders research,0.0,insufficient_evidence,Genetics,0.0,Pulmonary and Respiratory Medicine,1.0,1,c40c446d67677ec9cd52894674fdbe8fd0fcc99a53d29111368043c09db08409
3067,T11311,Soil and Water Nutrient Dynamics,0.0,consistent,Environmental Chemistry,0.15833333333333333,Environmental Chemistry,0.15833333333333333,10,c40c446d67677ec9cd52894674fdbe8fd0fcc99a53d29111368043c09db08409
3068,T11314,Clinical Laboratory Practices and Quality Control,0.0,insufficient_evidence,Physiology,0.5,Physiology,0.5,2,c40c446d67677ec9cd52894674fdbe8fd0fcc99a53d29111368043c09db08409
3069,T11317,Fire dynamics and safety research,0.0,insufficient_evidence,"Safety, Risk, Reliability and Quality",0.0,Building and Construction,1.0,1,c40c446d67677ec9cd52894674fdbe8fd0fcc99a53d29111368043c09db08409
3070,T11320,Atmospheric Ozone and Climate,0.0,insufficient_evidence,Atmospheric Science,0.0,,0,0,c40c446d67677ec9cd52894674fdbe8fd0fcc99a53d29111368043c09db08409
3071,T11321,Error Correcting Code Techniques,0.0,insufficient_evidence,Computer Networks and Communications,0.0,Electrical and Electronic Engineering,1.0,2,c40c446d67677ec9cd52894674fdbe8fd0fcc99a53d29111368043c09db08409
3072,T11323,Gamma-ray bursts and supernovae,0.0,consistent,Astronomy and Astrophysics,0.5,Astronomy and Astrophysics,0.5,4,c40c446d67677ec9cd52894674fdbe8fd0fcc99a53d29111368043c09db08409
3073,T11325,Inertial Sensor and Navigation,0.0,consistent,Aerospace Engineering,0.25,Aerospace Engineering,0.25,4,c40c446d67677ec9cd52894674fdbe8fd0fcc99a53d29111368043c09db08409
3074,T11329,Limits and Structures in Graph Theory,0.0,insufficient_evidence,Discrete Mathematics and Combinatorics,0.0,,0,0,c40c446d67677ec9cd52894674fdbe8fd0fcc99a53d29111368043c09db08409
3075,T11330,Systemic Sclerosis and Related Diseases,0.0,consistent,Pathology and Forensic Medicine,0.15833333333333333,Pathology and Forensic Medicine,0.15833333333333333,10,c40c446d67677ec9cd52894674fdbe8fd0fcc99a53d29111368043c09db08409
3076,T11331,Fecal contamination and water quality,0.0,insufficient_evidence,Water Science and Technology,0.0,,0,0,c40c446d67677ec9cd52894674fdbe8fd0fcc99a53d29111368043c09db08409
3077,T11332,"Genomics, phytochemicals, and oxidative stress",0.0,insufficient_evidence,Molecular Biology,0.0,Pharmacology,0.15,10,c40c446d67677ec9cd52894674fdbe8fd0fcc99a53d29111368043c09db08409
3078,T11335,Prion Diseases and Protein Misfolding,0.0,consistent,Molecular Biology,0.5,Molecular Biology,0.5,8,c40c446d67677ec9cd52894674fdbe8fd0fcc99a53d29111368043c09db08409
3079,T11337,Tryptophan and brain disorders,0.0,insufficient_evidence,Biological Psychiatry,0.0,Neurology,0.24902912621359227,10,c40c446d67677ec9cd52894674fdbe8fd0fcc99a53d29111368043c09db08409
3080,T11338,Advancements in Photolithography Techniques,0.0,insufficient_evidence,Electrical and Electronic Engineering,0.0,Biomedical Engineering,0.3333333333333333,3,c40c446d67677ec9cd52894674fdbe8fd0fcc99a53d29111368043c09db08409
3081,T11341,Boron and Carbon Nanomaterials Research,0.0,consistent,Materials Chemistry,0.45,Materials Chemistry,0.45,10,c40c446d67677ec9cd52894674fdbe8fd0fcc99a53d29111368043c09db08409
3082,T11342,Carbon and Quantum Dots Applications,0.0,consistent,Materials Chemistry,0.3,Materials Chemistry,0.3,10,c40c446d67677ec9cd52894674fdbe8fd0fcc99a53d29111368043c09db08409
3083,T11343,Power Transformer Diagnostics and Insulation,0.0,insufficient_evidence,Electrical and Electronic Engineering,0.0,Surgery,1.0,1,c40c446d67677ec9cd52894674fdbe8fd0fcc99a53d29111368043c09db08409
3084,T11346,Mast cells and histamine,0.0,consistent,Immunology,0.21375000000000002,Immunology,0.21375000000000002,10,c40c446d67677ec9cd52894674fdbe8fd0fcc99a53d29111368043c09db08409
3085,T11350,Sex work and related issues,0.0,consistent,Sociology and Political Science,0.44,Sociology and Political Science,0.44,10,c40c446d67677ec9cd52894674fdbe8fd0fcc99a53d29111368043c09db08409
3086,T11351,Catalysis and Hydrodesulfurization Studies,0.0,insufficient_evidence,Mechanical Engineering,0.09,Biomedical Engineering,0.19,10,c40c446d67677ec9cd52894674fdbe8fd0fcc99a53d29111368043c09db08409
3087,T11352,Masonry and Concrete Structural Analysis,0.0,insufficient_evidence,Civil and Structural Engineering,1.0,Civil and Structural Engineering,1.0,1,c40c446d67677ec9cd52894674fdbe8fd0fcc99a53d29111368043c09db08409
3088,T11356,Pleural and Pulmonary Diseases,0.0,insufficient_evidence,Pulmonary and Respiratory Medicine,1.0,Pulmonary and Respiratory Medicine,1.0,1,c40c446d67677ec9cd52894674fdbe8fd0fcc99a53d29111368043c09db08409
3089,T11357,Risk and Safety Analysis,0.0,insufficient_evidence,"Statistics, Probability and Uncertainty",0.0,Artificial Intelligence,1.0,2,c40c446d67677ec9cd52894674fdbe8fd0fcc99a53d29111368043c09db08409
3090,T11361,Digital Radiography and Breast Imaging,0.0,insufficient_evidence,Pulmonary and Respiratory Medicine,0.0,,0,0,c40c446d67677ec9cd52894674fdbe8fd0fcc99a53d29111368043c09db08409
3091,T11362,Membrane Separation and Gas Transport,0.0,insufficient_evidence,Mechanical Engineering,0.0,Molecular Biology,0.2,5,c40c446d67677ec9cd52894674fdbe8fd0fcc99a53d29111368043c09db08409
3092,T11367,Particle accelerators and beam dynamics,0.0,insufficient_evidence,Aerospace Engineering,0.0,,0,0,c40c446d67677ec9cd52894674fdbe8fd0fcc99a53d29111368043c09db08409
3093,T11368,Long-Term Effects of COVID-19,0.0,consistent,Neurology,0.2,Neurology,0.2,10,c40c446d67677ec9cd52894674fdbe8fd0fcc99a53d29111368043c09db08409
3094,T11369,Genetic factors in colorectal cancer,0.0,insufficient_evidence,Pathology and Forensic Medicine,0.09,Genetics,0.19,10,c40c446d67677ec9cd52894674fdbe8fd0fcc99a53d29111368043c09db08409
3095,T11372,Hydraulic and Pneumatic Systems,0.0,consistent,Mechanical Engineering,0.14615384615384616,Mechanical Engineering,0.14615384615384616,10,c40c446d67677ec9cd52894674fdbe8fd0fcc99a53d29111368043c09db08409
3096,T11374,Cleft Lip and Palate Research,0.0,consistent,Genetics,0.19999999999999998,Genetics,0.19999999999999998,10,c40c446d67677ec9cd52894674fdbe8fd0fcc99a53d29111368043c09db08409
3097,T11375,Geotechnical Engineering and Soil Stabilization,0.0,consistent,Civil and Structural Engineering,0.2,Civil and Structural Engineering,0.2,5,c40c446d67677ec9cd52894674fdbe8fd0fcc99a53d29111368043c09db08409
3098,T11376,Geriatric Care and Nursing Homes,0.0,consistent,General Health Professions,0.2,General Health Professions,0.2,10,c40c446d67677ec9cd52894674fdbe8fd0fcc99a53d29111368043c09db08409
3099,T11377,Retinal and Macular Surgery,0.0,insufficient_evidence,"Radiology, Nuclear Medicine and Imaging",0.0,Epidemiology,0.5,2,c40c446d67677ec9cd52894674fdbe8fd0fcc99a53d29111368043c09db08409
3100,T11378,Gastrointestinal Bleeding Diagnosis and Treatment,0.0,insufficient_evidence,Gastroenterology,0.0,,0,0,c40c446d67677ec9cd52894674fdbe8fd0fcc99a53d29111368043c09db08409
3101,T11379,Rheology and Fluid Dynamics Studies,0.0,insufficient_evidence,Fluid Flow and Transfer Processes,0.0,Food Science,0.1,10,c40c446d67677ec9cd52894674fdbe8fd0fcc99a53d29111368043c09db08409
3102,T11381,Infectious Diseases and Tuberculosis,0.0,consistent,Surgery,0.2923076923076923,Surgery,0.2923076923076923,10,c40c446d67677ec9cd52894674fdbe8fd0fcc99a53d29111368043c09db08409
3103,T11382,Fluid Dynamics and Heat Transfer,0.0,consistent,Computational Mechanics,0.4,Computational Mechanics,0.4,10,c40c446d67677ec9cd52894674fdbe8fd0fcc99a53d29111368043c09db08409
3104,T11383,Advanced Antenna and Metasurface Technologies,0.0,insufficient_evidence,Aerospace Engineering,0.0,,0,0,c40c446d67677ec9cd52894674fdbe8fd0fcc99a53d29111368043c09db08409
3105,T11388,"Grief, Bereavement, and Mental Health",0.0,consistent,Clinical Psychology,0.5066666666666667,Clinical Psychology,0.5066666666666667,10,c40c446d67677ec9cd52894674fdbe8fd0fcc99a53d29111368043c09db08409
3106,T11389,Maternal and fetal healthcare,0.0,consistent,"Pediatrics, Perinatology and Child Health",0.3,"Pediatrics, Perinatology and Child Health",0.3,10,c40c446d67677ec9cd52894674fdbe8fd0fcc99a53d29111368043c09db08409
3107,T11392,Energy Harvesting in Wireless Networks,0.0,consistent,Electrical and Electronic Engineering,0.36,Electrical and Electronic Engineering,0.36,10,c40c446d67677ec9cd52894674fdbe8fd0fcc99a53d29111368043c09db08409
3108,T11393,Biosensors and Analytical Detection,0.0,consistent,Biomedical Engineering,0.55,Biomedical Engineering,0.55,10,c40c446d67677ec9cd52894674fdbe8fd0fcc99a53d29111368043c09db08409
3109,T11394,Dynamics and Control of Mechanical Systems,0.0,consistent,Control and Systems Engineering,0.6666666666666666,Control and Systems Engineering,0.6666666666666666,6,c40c446d67677ec9cd52894674fdbe8fd0fcc99a53d29111368043c09db08409
3110,T11400,Motivation and Self-Concept in Sports,0.0,consistent,Social Psychology,0.2,Social Psychology,0.2,10,c40c446d67677ec9cd52894674fdbe8fd0fcc99a53d29111368043c09db08409
3111,T11401,Minerals Flotation and Separation Techniques,0.0,consistent,Water Science and Technology,0.2,Water Science and Technology,0.2,10,c40c446d67677ec9cd52894674fdbe8fd0fcc99a53d29111368043c09db08409
3112,T11402,Vascular Malformations Diagnosis and Treatment,0.0,insufficient_evidence,Neurology,0.18,Surgery,0.19,10,c40c446d67677ec9cd52894674fdbe8fd0fcc99a53d29111368043c09db08409
3113,T11403,Invertebrate Immune Response Mechanisms,0.0,insufficient_evidence,Immunology,0.09,Microbiology,0.19,10,c40c446d67677ec9cd52894674fdbe8fd0fcc99a53d29111368043c09db08409
3114,T11409,Advanced Wireless Network Optimization,0.0,consistent,Electrical and Electronic Engineering,0.38333333333333336,Electrical and Electronic Engineering,0.38333333333333336,10,c40c446d67677ec9cd52894674fdbe8fd0fcc99a53d29111368043c09db08409
3115,T11412,Genetic and Kidney Cyst Diseases,0.0,insufficient_evidence,Genetics,0.0,Molecular Biology,1.0,1,c40c446d67677ec9cd52894674fdbe8fd0fcc99a53d29111368043c09db08409
3116,T11413,Risk and Portfolio Optimization,0.0,insufficient_evidence,Management Science and Operations Research,0.09,Accounting,0.19,10,c40c446d67677ec9cd52894674fdbe8fd0fcc99a53d29111368043c09db08409
3117,T11414,Quantum optics and atomic interactions,0.0,insufficient_evidence,"Atomic and Molecular Physics, and Optics",0.5,"Atomic and Molecular Physics, and Optics",0.5,2,c40c446d67677ec9cd52894674fdbe8fd0fcc99a53d29111368043c09db08409
3118,T11415,Noncommutative and Quantum Gravity Theories,0.0,consistent,Statistical and Nonlinear Physics,0.3333333333333333,Statistical and Nonlinear Physics,0.3333333333333333,3,c40c446d67677ec9cd52894674fdbe8fd0fcc99a53d29111368043c09db08409
3119,T11416,Numerical methods for differential equations,0.0,consistent,Numerical Analysis,0.3333333333333333,Numerical Analysis,0.3333333333333333,3,c40c446d67677ec9cd52894674fdbe8fd0fcc99a53d29111368043c09db08409
3120,T11417,Advancements in PLL and VCO Technologies,0.0,consistent,Electrical and Electronic Engineering,0.6666666666666666,Electrical and Electronic Engineering,0.6666666666666666,6,c40c446d67677ec9cd52894674fdbe8fd0fcc99a53d29111368043c09db08409
3121,T11418,Plant Micronutrient Interactions and Effects,0.0,consistent,Plant Science,0.3,Plant Science,0.3,10,c40c446d67677ec9cd52894674fdbe8fd0fcc99a53d29111368043c09db08409
3122,T11421,Labor Movements and Unions,0.0,insufficient_evidence,Public Administration,0.0,Safety Research,0.19,10,c40c446d67677ec9cd52894674fdbe8fd0fcc99a53d29111368043c09db08409
3123,T11422,Burn Injury Management and Outcomes,0.0,consistent,Epidemiology,0.09999999999999999,Epidemiology,0.09999999999999999,10,c40c446d67677ec9cd52894674fdbe8fd0fcc99a53d29111368043c09db08409
3124,T11427,Elbow and Forearm Trauma Treatment,0.0,insufficient_evidence,Rehabilitation,0.0,,0,0,c40c446d67677ec9cd52894674fdbe8fd0fcc99a53d29111368043c09db08409
3125,T11428,Advanced Mathematical Identities,0.0,consistent,Algebra and Number Theory,0.5135135135135135,Algebra and Number Theory,0.5135135135135135,3,c40c446d67677ec9cd52894674fdbe8fd0fcc99a53d29111368043c09db08409
3126,T11429,Semiconductor Lasers and Optical Devices,0.0,insufficient_evidence,Electrical and Electronic Engineering,0.0,Artificial Intelligence,1.0,1,c40c446d67677ec9cd52894674fdbe8fd0fcc99a53d29111368043c09db08409
3127,T11432,Gender Politics and Representation,0.0,consistent,Gender Studies,0.2545454545454545,Gender Studies,0.2545454545454545,10,c40c446d67677ec9cd52894674fdbe8fd0fcc99a53d29111368043c09db08409
3128,T11433,Emotional Intelligence and Performance,0.0,consistent,Social Psychology,0.37488789237668163,Social Psychology,0.37488789237668163,10,c40c446d67677ec9cd52894674fdbe8fd0fcc99a53d29111368043c09db08409
3129,T11435,Polynomial and algebraic computation,0.0,insufficient_evidence,Computational Theory and Mathematics,0.0,Artificial Intelligence,0.25,4,c40c446d67677ec9cd52894674fdbe8fd0fcc99a53d29111368043c09db08409
3130,T11439,Video Analysis and Summarization,0.0,insufficient_evidence,Computer Vision and Pattern Recognition,0.0,Artificial Intelligence,0.5,2,c40c446d67677ec9cd52894674fdbe8fd0fcc99a53d29111368043c09db08409
3131,T11440,Click Chemistry and Applications,0.0,consistent,Organic Chemistry,0.3,Organic Chemistry,0.3,10,c40c446d67677ec9cd52894674fdbe8fd0fcc99a53d29111368043c09db08409
3132,T11444,Electromagnetic Compatibility and Noise Suppression,0.0,consistent,Electrical and Electronic Engineering,0.625,Electrical and Electronic Engineering,0.625,8,c40c446d67677ec9cd52894674fdbe8fd0fcc99a53d29111368043c09db08409
3133,T11446,Mobile Health and mHealth Applications,0.0,consistent,General Health Professions,0.32727272727272727,General Health Professions,0.32727272727272727,10,c40c446d67677ec9cd52894674fdbe8fd0fcc99a53d29111368043c09db08409
3134,T11448,Face recognition and analysis,0.0,consistent,Computer Vision and Pattern Recognition,0.39999999999999997,Computer Vision and Pattern Recognition,0.39999999999999997,10,c40c446d67677ec9cd52894674fdbe8fd0fcc99a53d29111368043c09db08409
3135,T11450,Model-Driven Software Engineering Techniques,0.0,consistent,Software,0.3333333333333333,Software,0.3333333333333333,3,c40c446d67677ec9cd52894674fdbe8fd0fcc99a53d29111368043c09db08409
3136,T11454,Cultural Differences and Values,0.0,consistent,Social Psychology,0.19,Social Psychology,0.19,10,c40c446d67677ec9cd52894674fdbe8fd0fcc99a53d29111368043c09db08409
3137,T11456,Neuroscience of respiration and sleep,0.0,consistent,Endocrine and Autonomic Systems,0.14285714285714285,Endocrine and Autonomic Systems,0.14285714285714285,7,c40c446d67677ec9cd52894674fdbe8fd0fcc99a53d29111368043c09db08409
3138,T11458,Advanced Wireless Communication Technologies,0.0,consistent,Electrical and Electronic Engineering,0.64,Electrical and Electronic Engineering,0.64,10,c40c446d67677ec9cd52894674fdbe8fd0fcc99a53d29111368043c09db08409
3139,T11460,Analytical Methods in Pharmaceuticals,0.0,consistent,Analytical Chemistry,0.2857142857142857,Analytical Chemistry,0.2857142857142857,7,c40c446d67677ec9cd52894674fdbe8fd0fcc99a53d29111368043c09db08409
3140,T11462,Museums and Cultural Heritage,0.0,insufficient_evidence,Museology,0.0,Archeology,0.5,2,c40c446d67677ec9cd52894674fdbe8fd0fcc99a53d29111368043c09db08409
3141,T11463,Classical Philosophy and Thought,0.0,consistent,Philosophy,0.6,Philosophy,0.6,5,c40c446d67677ec9cd52894674fdbe8fd0fcc99a53d29111368043c09db08409
3142,T11469,Lymphatic System and Diseases,0.0,consistent,Oncology,0.12666666666666668,Oncology,0.12666666666666668,10,c40c446d67677ec9cd52894674fdbe8fd0fcc99a53d29111368043c09db08409
3143,T11470,Legume Nitrogen Fixing Symbiosis,0.0,consistent,Plant Science,0.25,Plant Science,0.25,8,c40c446d67677ec9cd52894674fdbe8fd0fcc99a53d29111368043c09db08409
3144,T11474,Sport and Mega-Event Impacts,0.0,insufficient_evidence,Sociology and Political Science,0.16363636363636364,"General Economics, Econometrics and Finance",0.17272727272727273,10,c40c446d67677ec9cd52894674fdbe8fd0fcc99a53d29111368043c09db08409
3145,T11476,Graph theory and applications,0.0,insufficient_evidence,Geometry and Topology,0.0,Food Science,0.14285714285714285,7,c40c446d67677ec9cd52894674fdbe8fd0fcc99a53d29111368043c09db08409
3146,T11478,Caching and Content Delivery,0.0,consistent,Computer Networks and Communications,0.7,Computer Networks and Communications,0.7,10,c40c446d67677ec9cd52894674fdbe8fd0fcc99a53d29111368043c09db08409
3147,T11480,Connexins and lens biology,0.0,insufficient_evidence,Molecular Biology,0.5,Molecular Biology,0.5,2,c40c446d67677ec9cd52894674fdbe8fd0fcc99a53d29111368043c09db08409
3148,T11481,Sulfur Compounds in Biology,0.0,consistent,Biochemistry,0.1654054054054054,Biochemistry,0.1654054054054054,10,c40c446d67677ec9cd52894674fdbe8fd0fcc99a53d29111368043c09db08409
3149,T11482,RNA modifications and cancer,0.0,consistent,Molecular Biology,0.5555555555555556,Molecular Biology,0.5555555555555556,9,c40c446d67677ec9cd52894674fdbe8fd0fcc99a53d29111368043c09db08409
3150,T11483,Tropical and Extratropical Cyclones Research,0.0,consistent,Atmospheric Science,0.19999999999999998,Atmospheric Science,0.19999999999999998,10,c40c446d67677ec9cd52894674fdbe8fd0fcc99a53d29111368043c09db08409
3151,T11484,Adaptive optics and wavefront sensing,0.0,insufficient_evidence,"Atomic and Molecular Physics, and Optics",0.0,,0,0,c40c446d67677ec9cd52894674fdbe8fd0fcc99a53d29111368043c09db08409
3152,T11489,Air Traffic Management and Optimization,0.0,insufficient_evidence,Aerospace Engineering,0.0,Ocean Engineering,0.19,10,c40c446d67677ec9cd52894674fdbe8fd0fcc99a53d29111368043c09db08409
3153,T11492,Academic integrity and plagiarism,0.0,insufficient_evidence,Safety Research,0.0,History and Philosophy of Science,0.5,2,c40c446d67677ec9cd52894674fdbe8fd0fcc99a53d29111368043c09db08409
3154,T11493,Water Treatment and Disinfection,0.0,consistent,"Health, Toxicology and Mutagenesis",0.36153846153846153,"Health, Toxicology and Mutagenesis",0.36153846153846153,10,c40c446d67677ec9cd52894674fdbe8fd0fcc99a53d29111368043c09db08409
3155,T11494,Coleoptera Taxonomy and Distribution,0.0,consistent,"Ecology, Evolution, Behavior and Systematics",0.7290748898678414,"Ecology, Evolution, Behavior and Systematics",0.7290748898678414,10,c40c446d67677ec9cd52894674fdbe8fd0fcc99a53d29111368043c09db08409
3156,T11496,Credit Risk and Financial Regulations,0.0,insufficient_evidence,Finance,0.5,Finance,0.5,2,c40c446d67677ec9cd52894674fdbe8fd0fcc99a53d29111368043c09db08409
3157,T11497,Interprofessional Education and Collaboration,0.0,consistent,General Health Professions,0.36153846153846153,General Health Professions,0.36153846153846153,10,c40c446d67677ec9cd52894674fdbe8fd0fcc99a53d29111368043c09db08409
3158,T11498,Security in Wireless Sensor Networks,0.0,consistent,Computer Networks and Communications,0.7,Computer Networks and Communications,0.7,10,c40c446d67677ec9cd52894674fdbe8fd0fcc99a53d29111368043c09db08409
3159,T11499,ICT Impact and Policies,0.0,insufficient_evidence,Media Technology,0.0,Information Systems,0.14615384615384616,10,c40c446d67677ec9cd52894674fdbe8fd0fcc99a53d29111368043c09db08409
3160,T11500,Evacuation and Crowd Dynamics,0.0,insufficient_evidence,Ocean Engineering,0.0,Artificial Intelligence,0.19,10,c40c446d67677ec9cd52894674fdbe8fd0fcc99a53d29111368043c09db08409
3161,T11507,Religion and Society Interactions,0.0,consistent,Sociology and Political Science,0.2994818652849741,Sociology and Political Science,0.2994818652849741,10,c40c446d67677ec9cd52894674fdbe8fd0fcc99a53d29111368043c09db08409
3162,T11508,Corporate Taxation and Avoidance,0.0,consistent,Accounting,0.42727272727272725,Accounting,0.42727272727272725,10,c40c446d67677ec9cd52894674fdbe8fd0fcc99a53d29111368043c09db08409
3163,T11509,Hip and Femur Fractures,0.0,consistent,Surgery,0.18666666666666668,Surgery,0.18666666666666668,10,c40c446d67677ec9cd52894674fdbe8fd0fcc99a53d29111368043c09db08409
3164,T11510,Reproductive System and Pregnancy,0.0,consistent,Immunology,0.7142857142857143,Immunology,0.7142857142857143,7,c40c446d67677ec9cd52894674fdbe8fd0fcc99a53d29111368043c09db08409
3165,T11512,Anomaly Detection Techniques and Applications,0.0,consistent,Artificial Intelligence,0.19999999999999998,Artificial Intelligence,0.19999999999999998,10,c40c446d67677ec9cd52894674fdbe8fd0fcc99a53d29111368043c09db08409
3166,T11513,stochastic dynamics and bifurcation,0.0,insufficient_evidence,Statistical and Nonlinear Physics,0.0,,0,0,c40c446d67677ec9cd52894674fdbe8fd0fcc99a53d29111368043c09db08409
3167,T11514,Disability Education and Employment,0.0,insufficient_evidence,Safety Research,0.0,Economics and Econometrics,0.1,10,c40c446d67677ec9cd52894674fdbe8fd0fcc99a53d29111368043c09db08409
3168,T11515,Bacillus and Francisella bacterial research,0.0,insufficient_evidence,Molecular Biology,0.0,Small Animals,0.21375000000000002,10,c40c446d67677ec9cd52894674fdbe8fd0fcc99a53d29111368043c09db08409
3169,T11517,Advanced optical system design,0.0,insufficient_evidence,Biomedical Engineering,0.0,,0,0,c40c446d67677ec9cd52894674fdbe8fd0fcc99a53d29111368043c09db08409
3170,T11518,Cervical and Thoracic Myelopathy,0.0,insufficient_evidence,Surgery,0.0,Pathology and Forensic Medicine,0.5,2,c40c446d67677ec9cd52894674fdbe8fd0fcc99a53d29111368043c09db08409
3171,T11522,VLSI and FPGA Design Techniques,0.0,consistent,Electrical and Electronic Engineering,0.4,Electrical and Electronic Engineering,0.4,5,c40c446d67677ec9cd52894674fdbe8fd0fcc99a53d29111368043c09db08409
3172,T11523,Nanomaterials and Printing Technologies,0.0,consistent,Electrical and Electronic Engineering,0.2,Electrical and Electronic Engineering,0.2,10,c40c446d67677ec9cd52894674fdbe8fd0fcc99a53d29111368043c09db08409
3173,T11524,Advanced Aircraft Design and Technologies,0.0,insufficient_evidence,Global and Planetary Change,0.2766355140186916,Environmental Engineering,0.31962616822429907,10,c40c446d67677ec9cd52894674fdbe8fd0fcc99a53d29111368043c09db08409
3174,T11525,Piezoelectric Actuators and Control,0.0,consistent,Control and Systems Engineering,0.5714285714285714,Control and Systems Engineering,0.5714285714285714,7,c40c446d67677ec9cd52894674fdbe8fd0fcc99a53d29111368043c09db08409
3175,T11526,Innovative Teaching Methods,0.0,consistent,Education,0.8122093023255815,Education,0.8122093023255815,10,c40c446d67677ec9cd52894674fdbe8fd0fcc99a53d29111368043c09db08409
3176,T11527,3D IC and TSV technologies,0.0,consistent,Electrical and Electronic Engineering,0.25,Electrical and Electronic Engineering,0.25,8,c40c446d67677ec9cd52894674fdbe8fd0fcc99a53d29111368043c09db08409
3177,T11528,Lichen and fungal ecology,0.0,consistent,"Ecology, Evolution, Behavior and Systematics",0.2714285714285714,"Ecology, Evolution, Behavior and Systematics",0.2714285714285714,10,c40c446d67677ec9cd52894674fdbe8fd0fcc99a53d29111368043c09db08409
3178,T11531,Healthcare Systems and Reforms,0.0,insufficient_evidence,Finance,0.0,"Radiology, Nuclear Medicine and Imaging",0.5,2,c40c446d67677ec9cd52894674fdbe8fd0fcc99a53d29111368043c09db08409
3179,T11533,Melanoma and MAPK Pathways,0.0,consistent,Molecular Biology,0.42727272727272725,Molecular Biology,0.42727272727272725,10,c40c446d67677ec9cd52894674fdbe8fd0fcc99a53d29111368043c09db08409
3180,T11535,Chemotherapy-induced cardiotoxicity and mitigation,0.0,insufficient_evidence,Cardiology and Cardiovascular Medicine,0.0,Dermatology,0.12666666666666668,10,c40c446d67677ec9cd52894674fdbe8fd0fcc99a53d29111368043c09db08409
3181,T11536,Consumer Retail Behavior Studies,0.0,consistent,Marketing,0.3333333333333333,Marketing,0.3333333333333333,3,c40c446d67677ec9cd52894674fdbe8fd0fcc99a53d29111368043c09db08409
3182,T11537,Ethics in medical practice,0.0,insufficient_evidence,General Health Professions,0.0,Social Psychology,0.16666666666666666,6,c40c446d67677ec9cd52894674fdbe8fd0fcc99a53d29111368043c09db08409
3183,T11539,Survey Methodology and Nonresponse,0.0,insufficient_evidence,Sociology and Political Science,0.0,Management Information Systems,0.25,4,c40c446d67677ec9cd52894674fdbe8fd0fcc99a53d29111368043c09db08409
3184,T11549,Synthetic Organic Chemistry Methods,0.0,consistent,Organic Chemistry,0.6727272727272727,Organic Chemistry,0.6727272727272727,10,c40c446d67677ec9cd52894674fdbe8fd0fcc99a53d29111368043c09db08409
3185,T11550,Text and Document Classification Technologies,0.0,consistent,Artificial Intelligence,0.37,Artificial Intelligence,0.37,10,c40c446d67677ec9cd52894674fdbe8fd0fcc99a53d29111368043c09db08409
3186,T11551,Infective Endocarditis Diagnosis and Management,0.0,consistent,Epidemiology,0.192,Epidemiology,0.192,10,c40c446d67677ec9cd52894674fdbe8fd0fcc99a53d29111368043c09db08409
3187,T11557,Lubricants and Their Additives,0.0,consistent,Mechanical Engineering,0.2923076923076923,Mechanical Engineering,0.2923076923076923,10,c40c446d67677ec9cd52894674fdbe8fd0fcc99a53d29111368043c09db08409
3188,T11559,Retinoids in leukemia and cellular processes,0.0,consistent,Molecular Biology,0.5714285714285714,Molecular Biology,0.5714285714285714,7,c40c446d67677ec9cd52894674fdbe8fd0fcc99a53d29111368043c09db08409
3189,T11562,Facial Trauma and Fracture Management,0.0,consistent,Surgery,0.5,Surgery,0.5,10,c40c446d67677ec9cd52894674fdbe8fd0fcc99a53d29111368043c09db08409
3190,T11564,Mathematical Inequalities and Applications,0.0,insufficient_evidence,Applied Mathematics,0.0,,0,0,c40c446d67677ec9cd52894674fdbe8fd0fcc99a53d29111368043c09db08409
3191,T11566,Laser Applications in Dentistry and Medicine,0.0,insufficient_evidence,"Radiology, Nuclear Medicine and Imaging",0.0,Rehabilitation,0.19,10,c40c446d67677ec9cd52894674fdbe8fd0fcc99a53d29111368043c09db08409
3192,T11567,semigroups and automata theory,0.0,insufficient_evidence,Computational Theory and Mathematics,1.0,Computational Theory and Mathematics,1.0,1,c40c446d67677ec9cd52894674fdbe8fd0fcc99a53d29111368043c09db08409
3193,T11574,Artificial Intelligence in Games,0.0,insufficient_evidence,Artificial Intelligence,0.0,,0,0,c40c446d67677ec9cd52894674fdbe8fd0fcc99a53d29111368043c09db08409
3194,T11579,Cardiovascular and Diving-Related Complications,0.0,consistent,Pulmonary and Respiratory Medicine,0.5,Pulmonary and Respiratory Medicine,0.5,4,c40c446d67677ec9cd52894674fdbe8fd0fcc99a53d29111368043c09db08409
3195,T11581,Viral Infections and Outbreaks Research,0.0,consistent,Infectious Diseases,0.2833333333333333,Infectious Diseases,0.2833333333333333,10,c40c446d67677ec9cd52894674fdbe8fd0fcc99a53d29111368043c09db08409
3196,T11583,Advanced Measurement and Metrology Techniques,0.0,insufficient_evidence,Mechanical Engineering,0.0,"Renewable Energy, Sustainability and the Environment",0.5,2,c40c446d67677ec9cd52894674fdbe8fd0fcc99a53d29111368043c09db08409
3197,T11584,Biochemical Analysis and Sensing Techniques,0.0,consistent,Nutrition and Dietetics,0.25,Nutrition and Dietetics,0.25,8,c40c446d67677ec9cd52894674fdbe8fd0fcc99a53d29111368043c09db08409
3198,T11589,Gynecological conditions and treatments,0.0,insufficient_evidence,Obstetrics and Gynecology,0.0,"Public Health, Environmental and Occupational Health",1.0,1,c40c446d67677ec9cd52894674fdbe8fd0fcc99a53d29111368043c09db08409
3199,T11590,Primary Care and Health Outcomes,0.0,consistent,General Health Professions,0.36,General Health Professions,0.36,10,c40c446d67677ec9cd52894674fdbe8fd0fcc99a53d29111368043c09db08409
3200,T11596,Constraint Satisfaction and Optimization,0.0,insufficient_evidence,Computer Networks and Communications,0.0,Management Science and Operations Research,0.2,5,c40c446d67677ec9cd52894674fdbe8fd0fcc99a53d29111368043c09db08409
3201,T11597,"Neutrophil, Myeloperoxidase and Oxidative Mechanisms",0.0,consistent,Immunology,0.29815384615384616,Immunology,0.29815384615384616,10,c40c446d67677ec9cd52894674fdbe8fd0fcc99a53d29111368043c09db08409
3202,T11598,Internet Traffic Analysis and Secure E-voting,0.0,consistent,Artificial Intelligence,0.1789473684210526,Artificial Intelligence,0.1789473684210526,10,c40c446d67677ec9cd52894674fdbe8fd0fcc99a53d29111368043c09db08409
3203,T11600,Brain Metastases and Treatment,0.0,consistent,Pulmonary and Respiratory Medicine,0.2,Pulmonary and Respiratory Medicine,0.2,10,c40c446d67677ec9cd52894674fdbe8fd0fcc99a53d29111368043c09db08409
3204,T11602,Magnetic Bearings and Levitation Dynamics,0.0,consistent,Control and Systems Engineering,0.2545454545454545,Control and Systems Engineering,0.2545454545454545,10,c40c446d67677ec9cd52894674fdbe8fd0fcc99a53d29111368043c09db08409
3205,T11603,Dust and Plasma Wave Phenomena,0.0,insufficient_evidence,"Atomic and Molecular Physics, and Optics",0.0,,0,0,c40c446d67677ec9cd52894674fdbe8fd0fcc99a53d29111368043c09db08409
3206,T11604,Ship Hydrodynamics and Maneuverability,0.0,insufficient_evidence,Ocean Engineering,0.0,,0,0,c40c446d67677ec9cd52894674fdbe8fd0fcc99a53d29111368043c09db08409
3207,T11605,Visual Attention and Saliency Detection,0.0,consistent,Computer Vision and Pattern Recognition,0.3,Computer Vision and Pattern Recognition,0.3,10,c40c446d67677ec9cd52894674fdbe8fd0fcc99a53d29111368043c09db08409
3208,T11607,Microwave and Dielectric Measurement Techniques,0.0,consistent,Electrical and Electronic Engineering,0.4800970873786409,Electrical and Electronic Engineering,0.4800970873786409,10,c40c446d67677ec9cd52894674fdbe8fd0fcc99a53d29111368043c09db08409
3209,T11611,Cyclopropane Reaction Mechanisms,0.0,consistent,Organic Chemistry,1.0,Organic Chemistry,1.0,7,c40c446d67677ec9cd52894674fdbe8fd0fcc99a53d29111368043c09db08409
3210,T11612,Stochastic Gradient Optimization Techniques,0.0,consistent,Artificial Intelligence,0.19999999999999998,Artificial Intelligence,0.19999999999999998,10,c40c446d67677ec9cd52894674fdbe8fd0fcc99a53d29111368043c09db08409
3211,T11614,Cloud Data Security Solutions,0.0,consistent,Information Systems,0.6,Information Systems,0.6,10,c40c446d67677ec9cd52894674fdbe8fd0fcc99a53d29111368043c09db08409
3212,T11615,Control and Dynamics of Mobile Robots,0.0,consistent,Control and Systems Engineering,0.5883408071748879,Control and Systems Engineering,0.5883408071748879,10,c40c446d67677ec9cd52894674fdbe8fd0fcc99a53d29111368043c09db08409
3213,T11616,Autoimmune and Inflammatory Disorders Research,0.0,insufficient_evidence,Hematology,0.0,Ophthalmology,1.0,1,c40c446d67677ec9cd52894674fdbe8fd0fcc99a53d29111368043c09db08409
3214,T11617,Enzyme Production and Characterization,0.0,insufficient_evidence,Biotechnology,0.0,Applied Microbiology and Biotechnology,1.0,1,c40c446d67677ec9cd52894674fdbe8fd0fcc99a53d29111368043c09db08409
3215,T11619,Combustion and Detonation Processes,0.0,insufficient_evidence,Aerospace Engineering,0.0,,0,0,c40c446d67677ec9cd52894674fdbe8fd0fcc99a53d29111368043c09db08409
3216,T11621,Fiscal Policies and Political Economy,0.0,consistent,Economics and Econometrics,0.44,Economics and Econometrics,0.44,10,c40c446d67677ec9cd52894674fdbe8fd0fcc99a53d29111368043c09db08409
3217,T11622,Maritime Navigation and Safety,0.0,insufficient_evidence,Ocean Engineering,0.0,Computer Vision and Pattern Recognition,0.17272727272727273,10,c40c446d67677ec9cd52894674fdbe8fd0fcc99a53d29111368043c09db08409
3218,T11623,Hyperglycemia and glycemic control in critically ill and hospitalized patients,0.0,consistent,"Endocrinology, Diabetes and Metabolism",0.2923076923076923,"Endocrinology, Diabetes and Metabolism",0.2923076923076923,10,c40c446d67677ec9cd52894674fdbe8fd0fcc99a53d29111368043c09db08409
3219,T11625,Abdominal vascular conditions and treatments,0.0,consistent,Surgery,0.2,Surgery,0.2,5,c40c446d67677ec9cd52894674fdbe8fd0fcc99a53d29111368043c09db08409
3220,T11626,Metalloenzymes and iron-sulfur proteins,0.0,consistent,"Renewable Energy, Sustainability and the Environment",0.3333333333333333,"Renewable Energy, Sustainability and the Environment",0.3333333333333333,3,c40c446d67677ec9cd52894674fdbe8fd0fcc99a53d29111368043c09db08409
3221,T11627,Autoimmune Neurological Disorders and Treatments,0.0,consistent,Neurology,0.2153846153846154,Neurology,0.2153846153846154,10,c40c446d67677ec9cd52894674fdbe8fd0fcc99a53d29111368043c09db08409
3222,T11628,Myeloproliferative Neoplasms: Diagnosis and Treatment,0.0,insufficient_evidence,Genetics,0.0,Neurology,1.0,1,c40c446d67677ec9cd52894674fdbe8fd0fcc99a53d29111368043c09db08409
3223,T11632,Family and Disability Support Research,0.0,consistent,Clinical Psychology,0.32727272727272727,Clinical Psychology,0.32727272727272727,10,c40c446d67677ec9cd52894674fdbe8fd0fcc99a53d29111368043c09db08409
3224,T11633,Prenatal Substance Exposure Effects,0.0,insufficient_evidence,"Pediatrics, Perinatology and Child Health",0.0,Cognitive Neuroscience,0.17272727272727273,10,c40c446d67677ec9cd52894674fdbe8fd0fcc99a53d29111368043c09db08409
3225,T11635,Poisoning and overdose treatments,0.0,insufficient_evidence,Emergency Medicine,0.0,,0,0,c40c446d67677ec9cd52894674fdbe8fd0fcc99a53d29111368043c09db08409
3226,T11637,Advanced Semiconductor Detectors and Materials,0.0,insufficient_evidence,Electrical and Electronic Engineering,0.0,Nuclear and High Energy Physics,0.5,2,c40c446d67677ec9cd52894674fdbe8fd0fcc99a53d29111368043c09db08409
3227,T11638,Cardiac tumors and thrombi,0.0,consistent,Cardiology and Cardiovascular Medicine,0.4444444444444444,Cardiology and Cardiovascular Medicine,0.4444444444444444,9,c40c446d67677ec9cd52894674fdbe8fd0fcc99a53d29111368043c09db08409
3228,T11639,Mental Health and Patient Involvement,0.0,consistent,General Health Professions,0.2222222222222222,General Health Professions,0.2222222222222222,9,c40c446d67677ec9cd52894674fdbe8fd0fcc99a53d29111368043c09db08409
3229,T11644,Spam and Phishing Detection,0.0,insufficient_evidence,Information Systems,0.18,Signal Processing,0.19,10,c40c446d67677ec9cd52894674fdbe8fd0fcc99a53d29111368043c09db08409
3230,T11645,"Urban, Neighborhood, and Segregation Studies",0.0,consistent,Sociology and Political Science,0.4,Sociology and Political Science,0.4,10,c40c446d67677ec9cd52894674fdbe8fd0fcc99a53d29111368043c09db08409
3231,T11650,Skin and Cellular Biology Research,0.0,insufficient_evidence,Cell Biology,0.0,Molecular Biology,0.5,2,c40c446d67677ec9cd52894674fdbe8fd0fcc99a53d29111368043c09db08409
3232,T11652,Imbalanced Data Classification Techniques,0.0,consistent,Artificial Intelligence,0.3,Artificial Intelligence,0.3,10,c40c446d67677ec9cd52894674fdbe8fd0fcc99a53d29111368043c09db08409
3233,T11654,Advanced Mathematical Physics Problems,0.0,insufficient_evidence,Mathematical Physics,0.0,Statistical and Nonlinear Physics,1.0,2,c40c446d67677ec9cd52894674fdbe8fd0fcc99a53d29111368043c09db08409
3234,T11657,Digital and Traditional Archives Management,0.0,insufficient_evidence,Conservation,0.0,General Arts and Humanities,0.3333333333333333,3,c40c446d67677ec9cd52894674fdbe8fd0fcc99a53d29111368043c09db08409
3235,T11658,Esophageal and GI Pathology,0.0,insufficient_evidence,Surgery,1.0,Surgery,1.0,1,c40c446d67677ec9cd52894674fdbe8fd0fcc99a53d29111368043c09db08409
3236,T11660,Blood groups and transfusion,0.0,consistent,Hematology,0.4,Hematology,0.4,5,c40c446d67677ec9cd52894674fdbe8fd0fcc99a53d29111368043c09db08409
3237,T11661,Copper Interconnects and Reliability,0.0,consistent,"Electronic, Optical and Magnetic Materials",0.2,"Electronic, Optical and Magnetic Materials",0.2,10,c40c446d67677ec9cd52894674fdbe8fd0fcc99a53d29111368043c09db08409
3238,T11663,Viral Infectious Diseases and Gene Expression in Insects,0.0,consistent,Molecular Biology,0.16666666666666666,Molecular Biology,0.16666666666666666,6,c40c446d67677ec9cd52894674fdbe8fd0fcc99a53d29111368043c09db08409
3239,T11665,Animal Vocal Communication and Behavior,0.0,insufficient_evidence,Developmental Biology,0.0,"Ecology, Evolution, Behavior and Systematics",0.2,5,c40c446d67677ec9cd52894674fdbe8fd0fcc99a53d29111368043c09db08409
3240,T11667,Advanced Chemical Sensor Technologies,0.0,insufficient_evidence,Biomedical Engineering,0.0,Process Chemistry and Technology,0.2,5,c40c446d67677ec9cd52894674fdbe8fd0fcc99a53d29111368043c09db08409
3241,T11668,interferon and immune responses,0.0,consistent,Immunology,0.4,Immunology,0.4,10,c40c446d67677ec9cd52894674fdbe8fd0fcc99a53d29111368043c09db08409
3242,T11669,Head and Neck Surgical Oncology,0.0,insufficient_evidence,Surgery,0.0,"Endocrinology, Diabetes and Metabolism",0.3333333333333333,3,c40c446d67677ec9cd52894674fdbe8fd0fcc99a53d29111368043c09db08409
3243,T11670,Pressure Ulcer Prevention and Management,0.0,insufficient_evidence,Occupational Therapy,0.0,Neurology,0.1872262773722628,10,c40c446d67677ec9cd52894674fdbe8fd0fcc99a53d29111368043c09db08409
3244,T11671,Fuzzy and Soft Set Theory,0.0,consistent,Management Science and Operations Research,0.2,Management Science and Operations Research,0.2,10,c40c446d67677ec9cd52894674fdbe8fd0fcc99a53d29111368043c09db08409
3245,T11673,Advanced Topics in Algebra,0.0,insufficient_evidence,Algebra and Number Theory,0.0,Mathematical Physics,1.0,1,c40c446d67677ec9cd52894674fdbe8fd0fcc99a53d29111368043c09db08409
3246,T11674,Sports Analytics and Performance,0.0,consistent,Economics and Econometrics,0.5,Economics and Econometrics,0.5,10,c40c446d67677ec9cd52894674fdbe8fd0fcc99a53d29111368043c09db08409
3247,T11675,Open Source Software Innovations,0.0,insufficient_evidence,Computer Science Applications,0.08181818181818182,Strategy and Management,0.17272727272727273,10,c40c446d67677ec9cd52894674fdbe8fd0fcc99a53d29111368043c09db08409
3248,T11676,Parental Involvement in Education,0.0,consistent,Education,0.5,Education,0.5,10,c40c446d67677ec9cd52894674fdbe8fd0fcc99a53d29111368043c09db08409
3249,T11677,Congenital heart defects research,0.0,consistent,Molecular Biology,0.16666666666666666,Molecular Biology,0.16666666666666666,6,c40c446d67677ec9cd52894674fdbe8fd0fcc99a53d29111368043c09db08409
3250,T11682,Advanced Condensed Matter Physics,0.0,consistent,Condensed Matter Physics,0.2,Condensed Matter Physics,0.2,10,c40c446d67677ec9cd52894674fdbe8fd0fcc99a53d29111368043c09db08409
3251,T11683,Quantum and Classical Electrodynamics,0.0,insufficient_evidence,"Atomic and Molecular Physics, and Optics",0.0,Mathematical Physics,1.0,1,c40c446d67677ec9cd52894674fdbe8fd0fcc99a53d29111368043c09db08409
3252,T11684,Vibrio bacteria research studies,0.0,insufficient_evidence,Endocrinology,0.0,Pathology and Forensic Medicine,0.19,10,c40c446d67677ec9cd52894674fdbe8fd0fcc99a53d29111368043c09db08409
3253,T11689,Adversarial Robustness in Machine Learning,0.0,consistent,Artificial Intelligence,0.38999999999999996,Artificial Intelligence,0.38999999999999996,10,c40c446d67677ec9cd52894674fdbe8fd0fcc99a53d29111368043c09db08409
3254,T11690,Advanced battery technologies research,0.0,consistent,Electrical and Electronic Engineering,0.4333333333333334,Electrical and Electronic Engineering,0.4333333333333334,10,c40c446d67677ec9cd52894674fdbe8fd0fcc99a53d29111368043c09db08409
3255,T11692,Noise Effects and Management,0.0,insufficient_evidence,Speech and Hearing,0.0,"Public Health, Environmental and Occupational Health",0.19,10,c40c446d67677ec9cd52894674fdbe8fd0fcc99a53d29111368043c09db08409
3256,T11694,Fluid Dynamics Simulations and Interactions,0.0,consistent,Computational Mechanics,0.41818181818181815,Computational Mechanics,0.41818181818181815,10,c40c446d67677ec9cd52894674fdbe8fd0fcc99a53d29111368043c09db08409
3257,T11695,South African History and Culture,0.0,consistent,Sociology and Political Science,0.42727272727272725,Sociology and Political Science,0.42727272727272725,10,c40c446d67677ec9cd52894674fdbe8fd0fcc99a53d29111368043c09db08409
3258,T11696,Conflict Management and Negotiation,0.0,consistent,Sociology and Political Science,0.3835616438356164,Sociology and Political Science,0.3835616438356164,7,c40c446d67677ec9cd52894674fdbe8fd0fcc99a53d29111368043c09db08409
3259,T11697,Numerical Methods and Algorithms,0.0,insufficient_evidence,Computational Theory and Mathematics,0.0,,0,0,c40c446d67677ec9cd52894674fdbe8fd0fcc99a53d29111368043c09db08409
3260,T11700,Hemodynamic Monitoring and Therapy,0.0,insufficient_evidence,Surgery,1.0,Surgery,1.0,2,c40c446d67677ec9cd52894674fdbe8fd0fcc99a53d29111368043c09db08409
3261,T11702,Parasitic Diseases Research and Treatment,0.0,consistent,Infectious Diseases,0.3333333333333333,Infectious Diseases,0.3333333333333333,3,c40c446d67677ec9cd52894674fdbe8fd0fcc99a53d29111368043c09db08409
3262,T11703,"Rings, Modules, and Algebras",0.0,insufficient_evidence,Algebra and Number Theory,0.0,,0,0,c40c446d67677ec9cd52894674fdbe8fd0fcc99a53d29111368043c09db08409
3263,T11706,Forensic Entomology and Diptera Studies,0.0,insufficient_evidence,Insect Science,0.0,Agronomy and Crop Science,0.25,4,c40c446d67677ec9cd52894674fdbe8fd0fcc99a53d29111368043c09db08409
3264,T11707,Gaze Tracking and Assistive Technology,0.0,consistent,Human-Computer Interaction,0.27,Human-Computer Interaction,0.27,10,c40c446d67677ec9cd52894674fdbe8fd0fcc99a53d29111368043c09db08409
3265,T11708,Photochromic and Fluorescence Chemistry,0.0,consistent,Materials Chemistry,0.2,Materials Chemistry,0.2,10,c40c446d67677ec9cd52894674fdbe8fd0fcc99a53d29111368043c09db08409
3266,T11711,COVID-19 Pandemic Impacts,0.0,insufficient_evidence,Economics and Econometrics,0.0,Global and Planetary Change,0.10555555555555556,10,c40c446d67677ec9cd52894674fdbe8fd0fcc99a53d29111368043c09db08409
3267,T11712,Intergenerational Family Dynamics and Caregiving,0.0,consistent,Sociology and Political Science,0.15833333333333333,Sociology and Political Science,0.15833333333333333,10,c40c446d67677ec9cd52894674fdbe8fd0fcc99a53d29111368043c09db08409
3268,T11713,Genital Health and Disease,0.0,consistent,Surgery,0.3,Surgery,0.3,10,c40c446d67677ec9cd52894674fdbe8fd0fcc99a53d29111368043c09db08409
3269,T11715,Education and Critical Thinking Development,0.0,consistent,Education,0.43846153846153846,Education,0.43846153846153846,10,c40c446d67677ec9cd52894674fdbe8fd0fcc99a53d29111368043c09db08409
3270,T11716,Random Matrices and Applications,0.0,consistent,Statistics and Probability,0.25,Statistics and Probability,0.25,8,c40c446d67677ec9cd52894674fdbe8fd0fcc99a53d29111368043c09db08409
3271,T11717,Postcolonial and Cultural Literary Studies,0.0,consistent,Literature and Literary Theory,0.29285714285714287,Literature and Literary Theory,0.29285714285714287,10,c40c446d67677ec9cd52894674fdbe8fd0fcc99a53d29111368043c09db08409
3272,T11718,Physical Education and Pedagogy,0.0,consistent,"Physical Therapy, Sports Therapy and Rehabilitation",0.15833333333333333,"Physical Therapy, Sports Therapy and Rehabilitation",0.15833333333333333,10,c40c446d67677ec9cd52894674fdbe8fd0fcc99a53d29111368043c09db08409
3273,T11724,Inflammatory Myopathies and Dermatomyositis,0.0,insufficient_evidence,Epidemiology,0.0,Pathology and Forensic Medicine,0.19,10,c40c446d67677ec9cd52894674fdbe8fd0fcc99a53d29111368043c09db08409
3274,T11726,Organizational Management and Innovation,0.0,consistent,Organizational Behavior and Human Resource Management,0.32105263157894737,Organizational Behavior and Human Resource Management,0.32105263157894737,10,c40c446d67677ec9cd52894674fdbe8fd0fcc99a53d29111368043c09db08409
3275,T11728,Thyroid and Parathyroid Surgery,0.0,consistent,Surgery,0.4444444444444444,Surgery,0.4444444444444444,9,c40c446d67677ec9cd52894674fdbe8fd0fcc99a53d29111368043c09db08409
3276,T11731,Global Health and Surgery,0.0,insufficient_evidence,"Public Health, Environmental and Occupational Health",0.16363636363636364,Health,0.17272727272727273,10,c40c446d67677ec9cd52894674fdbe8fd0fcc99a53d29111368043c09db08409
3277,T11732,Assisted Reproductive Technology and Twin Pregnancy,0.0,insufficient_evidence,"Pediatrics, Perinatology and Child Health",0.0,Reproductive Medicine,1.0,1,c40c446d67677ec9cd52894674fdbe8fd0fcc99a53d29111368043c09db08409
3278,T11739,Microwave Imaging and Scattering Analysis,0.0,insufficient_evidence,Biomedical Engineering,0.0,"Radiology, Nuclear Medicine and Imaging",0.34545454545454546,5,c40c446d67677ec9cd52894674fdbe8fd0fcc99a53d29111368043c09db08409
3279,T11740,Geochemistry and Elemental Analysis,0.0,insufficient_evidence,Geochemistry and Petrology,0.09,Environmental Chemistry,0.19,10,c40c446d67677ec9cd52894674fdbe8fd0fcc99a53d29111368043c09db08409
3280,T11742,Economic Theory and Policy,0.0,consistent,"General Economics, Econometrics and Finance",0.30510948905109486,"General Economics, Econometrics and Finance",0.30510948905109486,10,c40c446d67677ec9cd52894674fdbe8fd0fcc99a53d29111368043c09db08409
3281,T11743,Political Economy and Marxism,0.0,consistent,Sociology and Political Science,0.32105263157894737,Sociology and Political Science,0.32105263157894737,10,c40c446d67677ec9cd52894674fdbe8fd0fcc99a53d29111368043c09db08409
3282,T11746,Inorganic and Organometallic Chemistry,0.0,consistent,Organic Chemistry,0.7870503597122301,Organic Chemistry,0.7870503597122301,10,c40c446d67677ec9cd52894674fdbe8fd0fcc99a53d29111368043c09db08409
3283,T11747,Metal-Catalyzed Oxygenation Mechanisms,0.0,insufficient_evidence,Inorganic Chemistry,0.0,,0,0,c40c446d67677ec9cd52894674fdbe8fd0fcc99a53d29111368043c09db08409
3284,T11748,Organophosphorus compounds synthesis,0.0,consistent,Organic Chemistry,0.7357142857142858,Organic Chemistry,0.7357142857142858,10,c40c446d67677ec9cd52894674fdbe8fd0fcc99a53d29111368043c09db08409
3285,T11749,Iterative Learning Control Systems,0.0,consistent,Control and Systems Engineering,0.4444444444444444,Control and Systems Engineering,0.4444444444444444,9,c40c446d67677ec9cd52894674fdbe8fd0fcc99a53d29111368043c09db08409
3286,T11750,Phytoplasmas and Hemiptera pathogens,0.0,consistent,Plant Science,0.5,Plant Science,0.5,10,c40c446d67677ec9cd52894674fdbe8fd0fcc99a53d29111368043c09db08409
3287,T11751,Lattice Boltzmann Simulation Studies,0.0,consistent,Computational Mechanics,0.5,Computational Mechanics,0.5,10,c40c446d67677ec9cd52894674fdbe8fd0fcc99a53d29111368043c09db08409
3288,T11752,Cancer Treatment and Pharmacology,0.0,consistent,Oncology,0.1,Oncology,0.1,10,c40c446d67677ec9cd52894674fdbe8fd0fcc99a53d29111368043c09db08409
3289,T11753,Forest Management and Policy,0.0,consistent,Global and Planetary Change,0.2,Global and Planetary Change,0.2,10,c40c446d67677ec9cd52894674fdbe8fd0fcc99a53d29111368043c09db08409
3290,T11754,SARS-CoV-2 detection and testing,0.0,consistent,Infectious Diseases,0.24545454545454545,Infectious Diseases,0.24545454545454545,10,c40c446d67677ec9cd52894674fdbe8fd0fcc99a53d29111368043c09db08409
3291,T11758,Organic and Molecular Conductors Research,0.0,consistent,"Electronic, Optical and Magnetic Materials",0.30833333333333335,"Electronic, Optical and Magnetic Materials",0.30833333333333335,10,c40c446d67677ec9cd52894674fdbe8fd0fcc99a53d29111368043c09db08409
3292,T11761,Resilience and Mental Health,0.0,consistent,Clinical Psychology,0.4642857142857143,Clinical Psychology,0.4642857142857143,10,c40c446d67677ec9cd52894674fdbe8fd0fcc99a53d29111368043c09db08409
3293,T11762,"Law, Economics, and Judicial Systems",0.0,consistent,Economics and Econometrics,0.28,Economics and Econometrics,0.28,10,c40c446d67677ec9cd52894674fdbe8fd0fcc99a53d29111368043c09db08409
3294,T11763,Intracerebral and Subarachnoid Hemorrhage Research,0.0,consistent,Neurology,0.3,Neurology,0.3,10,c40c446d67677ec9cd52894674fdbe8fd0fcc99a53d29111368043c09db08409
3295,T11764,Evolution and Genetic Dynamics,0.0,consistent,Genetics,0.24545454545454545,Genetics,0.24545454545454545,10,c40c446d67677ec9cd52894674fdbe8fd0fcc99a53d29111368043c09db08409
3296,T11765,Circular RNAs in diseases,0.0,consistent,Molecular Biology,0.33636363636363636,Molecular Biology,0.33636363636363636,10,c40c446d67677ec9cd52894674fdbe8fd0fcc99a53d29111368043c09db08409
3297,T11769,Copyright and Intellectual Property,0.0,consistent,Marketing,0.3,Marketing,0.3,10,c40c446d67677ec9cd52894674fdbe8fd0fcc99a53d29111368043c09db08409
3298,T11770,Fiscal Policy and Economic Growth,0.0,consistent,Economics and Econometrics,0.65,Economics and Econometrics,0.65,10,c40c446d67677ec9cd52894674fdbe8fd0fcc99a53d29111368043c09db08409
3299,T11771,Plant Pathogens and Resistance,0.0,consistent,Plant Science,0.2545454545454545,Plant Science,0.2545454545454545,10,c40c446d67677ec9cd52894674fdbe8fd0fcc99a53d29111368043c09db08409
3300,T11774,Adsorption and Cooling Systems,0.0,insufficient_evidence,Mechanical Engineering,0.0,,0,0,c40c446d67677ec9cd52894674fdbe8fd0fcc99a53d29111368043c09db08409
3301,T11776,Irish and British Studies,0.0,consistent,Sociology and Political Science,0.2637837837837838,Sociology and Political Science,0.2637837837837838,10,c40c446d67677ec9cd52894674fdbe8fd0fcc99a53d29111368043c09db08409
3302,T11777,Fixed Point Theorems Analysis,0.0,insufficient_evidence,Geometry and Topology,0.0,,0,0,c40c446d67677ec9cd52894674fdbe8fd0fcc99a53d29111368043c09db08409
3303,T11778,Electrical and Bioimpedance Tomography,0.0,insufficient_evidence,Electrical and Electronic Engineering,0.0,Computer Vision and Pattern Recognition,0.25,4,c40c446d67677ec9cd52894674fdbe8fd0fcc99a53d29111368043c09db08409
3304,T11779,Higher Education and Employability,0.0,consistent,Education,0.2,Education,0.2,10,c40c446d67677ec9cd52894674fdbe8fd0fcc99a53d29111368043c09db08409
3305,T11781,Wastewater Treatment and Reuse,0.0,insufficient_evidence,Waste Management and Disposal,0.09,Environmental Engineering,0.19,10,c40c446d67677ec9cd52894674fdbe8fd0fcc99a53d29111368043c09db08409
3306,T11784,CO2 Reduction Techniques and Catalysts,0.0,consistent,"Renewable Energy, Sustainability and the Environment",0.33636363636363636,"Renewable Energy, Sustainability and the Environment",0.33636363636363636,10,c40c446d67677ec9cd52894674fdbe8fd0fcc99a53d29111368043c09db08409
3307,T11785,Nausea and vomiting management,0.0,consistent,Surgery,0.3,Surgery,0.3,10,c40c446d67677ec9cd52894674fdbe8fd0fcc99a53d29111368043c09db08409
3308,T11790,N-Heterocyclic Carbenes in Organic and Inorganic Chemistry,0.0,consistent,Organic Chemistry,0.6833333333333333,Organic Chemistry,0.6833333333333333,10,c40c446d67677ec9cd52894674fdbe8fd0fcc99a53d29111368043c09db08409
3309,T11791,Microbial Community Ecology and Physiology,0.0,insufficient_evidence,Ecology,0.0,Periodontics,0.41304347826086957,4,c40c446d67677ec9cd52894674fdbe8fd0fcc99a53d29111368043c09db08409
3310,T11792,Pharmaceutical Economics and Policy,0.0,insufficient_evidence,Economics and Econometrics,0.0,"General Economics, Econometrics and Finance",0.25,4,c40c446d67677ec9cd52894674fdbe8fd0fcc99a53d29111368043c09db08409
3311,T11794,Early Modern Spanish Literature,0.0,consistent,Literature and Literary Theory,0.2121212121212121,Literature and Literary Theory,0.2121212121212121,10,c40c446d67677ec9cd52894674fdbe8fd0fcc99a53d29111368043c09db08409
3312,T11797,graph theory and CDMA systems,0.0,insufficient_evidence,Electrical and Electronic Engineering,0.0,Computer Networks and Communications,1.0,1,c40c446d67677ec9cd52894674fdbe8fd0fcc99a53d29111368043c09db08409
3313,T11800,User Authentication and Security Systems,0.0,consistent,Information Systems,0.36153846153846153,Information Systems,0.36153846153846153,10,c40c446d67677ec9cd52894674fdbe8fd0fcc99a53d29111368043c09db08409
3314,T11801,Reservoir Engineering and Simulation Methods,0.0,insufficient_evidence,Ocean Engineering,0.0,Atmospheric Science,0.19,10,c40c446d67677ec9cd52894674fdbe8fd0fcc99a53d29111368043c09db08409
3315,T11803,Superconducting and THz Device Technology,0.0,insufficient_evidence,Astronomy and Astrophysics,0.0,Biomedical Engineering,0.5,2,c40c446d67677ec9cd52894674fdbe8fd0fcc99a53d29111368043c09db08409
3316,T11808,Superconducting Materials and Applications,0.0,insufficient_evidence,Biomedical Engineering,0.0,Condensed Matter Physics,1.0,1,c40c446d67677ec9cd52894674fdbe8fd0fcc99a53d29111368043c09db08409
3317,T11810,Complex Systems and Decision Making,0.0,consistent,Management Science and Operations Research,0.17272727272727273,Management Science and Operations Research,0.17272727272727273,10,c40c446d67677ec9cd52894674fdbe8fd0fcc99a53d29111368043c09db08409
3318,T11812,Nasal Surgery and Airway Studies,0.0,insufficient_evidence,Surgery,0.0,,0,0,c40c446d67677ec9cd52894674fdbe8fd0fcc99a53d29111368043c09db08409
3319,T11814,Advanced Manufacturing and Logistics Optimization,0.0,insufficient_evidence,Industrial and Manufacturing Engineering,0.0,,0,0,c40c446d67677ec9cd52894674fdbe8fd0fcc99a53d29111368043c09db08409
3320,T11816,Nursing Roles and Practices,0.0,consistent,General Health Professions,0.46,General Health Professions,0.46,10,c40c446d67677ec9cd52894674fdbe8fd0fcc99a53d29111368043c09db08409
3321,T11819,Data-Driven Disease Surveillance,0.0,insufficient_evidence,Epidemiology,0.0,Management Information Systems,0.2,5,c40c446d67677ec9cd52894674fdbe8fd0fcc99a53d29111368043c09db08409
3322,T11822,Analytic and geometric function theory,0.0,insufficient_evidence,Geometry and Topology,0.0,Artificial Intelligence,0.5,2,c40c446d67677ec9cd52894674fdbe8fd0fcc99a53d29111368043c09db08409
3323,T11824,Injury Epidemiology and Prevention,0.0,consistent,"Public Health, Environmental and Occupational Health",0.18666666666666668,"Public Health, Environmental and Occupational Health",0.18666666666666668,10,c40c446d67677ec9cd52894674fdbe8fd0fcc99a53d29111368043c09db08409
3324,T11827,Polyomavirus and related diseases,0.0,consistent,Oncology,0.4,Oncology,0.4,5,c40c446d67677ec9cd52894674fdbe8fd0fcc99a53d29111368043c09db08409
3325,T11831,Chemical Synthesis and Reactions,0.0,consistent,Organic Chemistry,0.3357142857142857,Organic Chemistry,0.3357142857142857,10,c40c446d67677ec9cd52894674fdbe8fd0fcc99a53d29111368043c09db08409
3326,T11832,Doctoral Education Challenges and Solutions,0.0,insufficient_evidence,General Health Professions,0.0,,0,0,c40c446d67677ec9cd52894674fdbe8fd0fcc99a53d29111368043c09db08409
3327,T11833,Spinal Dysraphism and Malformations,0.0,insufficient_evidence,"Public Health, Environmental and Occupational Health",0.0,Surgery,0.19,10,c40c446d67677ec9cd52894674fdbe8fd0fcc99a53d29111368043c09db08409
3328,T11835,Sustainability in Higher Education,0.0,consistent,Education,0.4,Education,0.4,10,c40c446d67677ec9cd52894674fdbe8fd0fcc99a53d29111368043c09db08409
3329,T11836,Bryophyte Studies and Records,0.0,consistent,"Ecology, Evolution, Behavior and Systematics",0.7999999999999999,"Ecology, Evolution, Behavior and Systematics",0.7999999999999999,10,c40c446d67677ec9cd52894674fdbe8fd0fcc99a53d29111368043c09db08409
3330,T11838,"Crime, Illicit Activities, and Governance",0.0,insufficient_evidence,Sociology and Political Science,0.075,Information Systems,0.15833333333333333,10,c40c446d67677ec9cd52894674fdbe8fd0fcc99a53d29111368043c09db08409
3331,T11840,Pain Management and Treatment,0.0,insufficient_evidence,Anesthesiology and Pain Medicine,0.0,Pathology and Forensic Medicine,0.5,2,c40c446d67677ec9cd52894674fdbe8fd0fcc99a53d29111368043c09db08409
3332,T11841,Nuclear Structure and Function,0.0,insufficient_evidence,Molecular Biology,0.0,Oncology,1.0,1,c40c446d67677ec9cd52894674fdbe8fd0fcc99a53d29111368043c09db08409
3333,T11842,Ultrasound and Cavitation Phenomena,0.0,consistent,Materials Chemistry,0.36726457399103146,Materials Chemistry,0.36726457399103146,10,c40c446d67677ec9cd52894674fdbe8fd0fcc99a53d29111368043c09db08409
3334,T11843,Family Business Performance and Succession,0.0,consistent,Organizational Behavior and Human Resource Management,0.18888888888888888,Organizational Behavior and Human Resource Management,0.18888888888888888,10,c40c446d67677ec9cd52894674fdbe8fd0fcc99a53d29111368043c09db08409
3335,T11844,Lipid metabolism and biosynthesis,0.0,insufficient_evidence,Biochemistry,0.0,,0,0,c40c446d67677ec9cd52894674fdbe8fd0fcc99a53d29111368043c09db08409
3336,T11851,Electromagnetic Compatibility and Measurements,0.0,insufficient_evidence,Electrical and Electronic Engineering,1.0,Electrical and Electronic Engineering,1.0,2,c40c446d67677ec9cd52894674fdbe8fd0fcc99a53d29111368043c09db08409
3337,T11852,Clay minerals and soil interactions,0.0,consistent,Biomaterials,0.5762162162162162,Biomaterials,0.5762162162162162,10,c40c446d67677ec9cd52894674fdbe8fd0fcc99a53d29111368043c09db08409
3338,T11854,Laser-induced spectroscopy and plasma,0.0,insufficient_evidence,Mechanics of Materials,0.0,Environmental Engineering,0.17272727272727273,10,c40c446d67677ec9cd52894674fdbe8fd0fcc99a53d29111368043c09db08409
3339,T11857,Archaeological and Historical Studies,0.0,consistent,Archeology,0.30510948905109486,Archeology,0.30510948905109486,10,c40c446d67677ec9cd52894674fdbe8fd0fcc99a53d29111368043c09db08409
3340,T11858,Urban Development and Societal Issues,0.0,consistent,Urban Studies,0.28400000000000003,Urban Studies,0.28400000000000003,10,c40c446d67677ec9cd52894674fdbe8fd0fcc99a53d29111368043c09db08409
3341,T11865,Anorectal Disease Treatments and Outcomes,0.0,insufficient_evidence,Surgery,0.0,Pulmonary and Respiratory Medicine,1.0,1,c40c446d67677ec9cd52894674fdbe8fd0fcc99a53d29111368043c09db08409
3342,T11867,Traumatic Ocular and Foreign Body Injuries,0.0,insufficient_evidence,Ophthalmology,0.0,"Endocrinology, Diabetes and Metabolism",0.10555555555555556,10,c40c446d67677ec9cd52894674fdbe8fd0fcc99a53d29111368043c09db08409
3343,T11868,Cancer and Skin Lesions,0.0,insufficient_evidence,Dermatology,0.0,Oncology,0.3333333333333333,3,c40c446d67677ec9cd52894674fdbe8fd0fcc99a53d29111368043c09db08409
3344,T11871,Advanced Statistical Methods and Models,0.0,consistent,Statistics and Probability,0.5068493150684932,Statistics and Probability,0.5068493150684932,7,c40c446d67677ec9cd52894674fdbe8fd0fcc99a53d29111368043c09db08409
3345,T11872,Barrier Structure and Function Studies,0.0,insufficient_evidence,Neurology,0.0,Molecular Biology,0.25,4,c40c446d67677ec9cd52894674fdbe8fd0fcc99a53d29111368043c09db08409
3346,T11873,PAPR reduction in OFDM,0.0,consistent,Electrical and Electronic Engineering,0.6,Electrical and Electronic Engineering,0.6,10,c40c446d67677ec9cd52894674fdbe8fd0fcc99a53d29111368043c09db08409
3347,T11874,Structural Response to Dynamic Loads,0.0,consistent,Civil and Structural Engineering,0.5,Civil and Structural Engineering,0.5,4,c40c446d67677ec9cd52894674fdbe8fd0fcc99a53d29111368043c09db08409
3348,T11876,Legal Studies and Policies,0.0,insufficient_evidence,Law,0.09,Sociology and Political Science,0.19,10,c40c446d67677ec9cd52894674fdbe8fd0fcc99a53d29111368043c09db08409
3349,T11877,Iron oxide chemistry and applications,0.0,consistent,"Renewable Energy, Sustainability and the Environment",0.30833333333333335,"Renewable Energy, Sustainability and the Environment",0.30833333333333335,10,c40c446d67677ec9cd52894674fdbe8fd0fcc99a53d29111368043c09db08409
3350,T11878,Solid-state spectroscopy and crystallography,0.0,insufficient_evidence,Materials Chemistry,0.08181818181818182,Polymers and Plastics,0.17272727272727273,10,c40c446d67677ec9cd52894674fdbe8fd0fcc99a53d29111368043c09db08409
3351,T11882,Plant biochemistry and biosynthesis,0.0,consistent,Molecular Biology,0.75,Molecular Biology,0.75,4,c40c446d67677ec9cd52894674fdbe8fd0fcc99a53d29111368043c09db08409
3352,T11885,MRI in cancer diagnosis,0.0,consistent,"Radiology, Nuclear Medicine and Imaging",0.37,"Radiology, Nuclear Medicine and Imaging",0.37,10,c40c446d67677ec9cd52894674fdbe8fd0fcc99a53d29111368043c09db08409
3353,T11887,Quasicrystal Structures and Properties,0.0,consistent,Materials Chemistry,0.2,Materials Chemistry,0.2,10,c40c446d67677ec9cd52894674fdbe8fd0fcc99a53d29111368043c09db08409
3354,T11891,Big Data and Business Intelligence,0.0,insufficient_evidence,Management Information Systems,0.05583941605839416,Industrial and Manufacturing Engineering,0.1872262773722628,10,c40c446d67677ec9cd52894674fdbe8fd0fcc99a53d29111368043c09db08409
3355,T11893,German Literature and Culture Studies,0.0,consistent,Literature and Literary Theory,0.39999999999999997,Literature and Literary Theory,0.39999999999999997,10,c40c446d67677ec9cd52894674fdbe8fd0fcc99a53d29111368043c09db08409
3356,T11896,Opportunistic and Delay-Tolerant Networks,0.0,consistent,Computer Networks and Communications,0.37,Computer Networks and Communications,0.37,10,c40c446d67677ec9cd52894674fdbe8fd0fcc99a53d29111368043c09db08409
3357,T11898,Economics of Agriculture and Food Markets,0.0,insufficient_evidence,Economics and Econometrics,0.0,Strategy and Management,0.3333333333333333,3,c40c446d67677ec9cd52894674fdbe8fd0fcc99a53d29111368043c09db08409
3358,T11901,Bayesian Methods and Mixture Models,0.0,consistent,Artificial Intelligence,0.37,Artificial Intelligence,0.37,10,c40c446d67677ec9cd52894674fdbe8fd0fcc99a53d29111368043c09db08409
3359,T11902,Intelligent Tutoring Systems and Adaptive Learning,0.0,consistent,Artificial Intelligence,0.25,Artificial Intelligence,0.25,4,c40c446d67677ec9cd52894674fdbe8fd0fcc99a53d29111368043c09db08409
3360,T11904,Spatial Cognition and Navigation,0.0,insufficient_evidence,Automotive Engineering,0.0,Computer Science Applications,0.19,10,c40c446d67677ec9cd52894674fdbe8fd0fcc99a53d29111368043c09db08409
3361,T11906,"Gender, Sexuality, and Education",0.0,consistent,Gender Studies,0.5,Gender Studies,0.5,10,c40c446d67677ec9cd52894674fdbe8fd0fcc99a53d29111368043c09db08409
3362,T11907,Copper-based nanomaterials and applications,0.0,consistent,Materials Chemistry,0.47262773722627743,Materials Chemistry,0.47262773722627743,10,c40c446d67677ec9cd52894674fdbe8fd0fcc99a53d29111368043c09db08409
3363,T11909,Histiocytic Disorders and Treatments,0.0,insufficient_evidence,Physiology,0.0,Microbiology,0.17272727272727273,10,c40c446d67677ec9cd52894674fdbe8fd0fcc99a53d29111368043c09db08409
3364,T11911,Spatial and Panel Data Analysis,0.0,consistent,Economics and Econometrics,0.6666666666666666,Economics and Econometrics,0.6666666666666666,3,c40c446d67677ec9cd52894674fdbe8fd0fcc99a53d29111368043c09db08409
3365,T11917,"Coagulation, Bradykinin, Polyphosphates, and Angioedema",0.0,insufficient_evidence,Genetics,0.0,Biomedical Engineering,0.16666666666666666,6,c40c446d67677ec9cd52894674fdbe8fd0fcc99a53d29111368043c09db08409
3366,T11922,Cardiovascular Effects of Exercise,0.0,consistent,Cardiology and Cardiovascular Medicine,0.2,Cardiology and Cardiovascular Medicine,0.2,10,c40c446d67677ec9cd52894674fdbe8fd0fcc99a53d29111368043c09db08409
3367,T11923,Mine drainage and remediation techniques,0.0,insufficient_evidence,Environmental Chemistry,0.0,Geochemistry and Petrology,0.19,10,c40c446d67677ec9cd52894674fdbe8fd0fcc99a53d29111368043c09db08409
3368,T11924,Polyamine Metabolism and Applications,0.0,consistent,Molecular Biology,0.3388888888888889,Molecular Biology,0.3388888888888889,10,c40c446d67677ec9cd52894674fdbe8fd0fcc99a53d29111368043c09db08409
3369,T11925,Culinary Culture and Tourism,0.0,insufficient_evidence,Food Science,0.0,Museology,0.17272727272727273,10,c40c446d67677ec9cd52894674fdbe8fd0fcc99a53d29111368043c09db08409
3370,T11927,Plant Reproductive Biology,0.0,insufficient_evidence,Molecular Biology,0.0,,0,0,c40c446d67677ec9cd52894674fdbe8fd0fcc99a53d29111368043c09db08409
3371,T11929,Cerebral Venous Sinus Thrombosis,0.0,consistent,Neurology,0.2,Neurology,0.2,10,c40c446d67677ec9cd52894674fdbe8fd0fcc99a53d29111368043c09db08409
3372,T11930,"Cardiac, Anesthesia and Surgical Outcomes",0.0,consistent,Cardiology and Cardiovascular Medicine,0.27,Cardiology and Cardiovascular Medicine,0.27,10,c40c446d67677ec9cd52894674fdbe8fd0fcc99a53d29111368043c09db08409
3373,T11934,Syphilis Diagnosis and Treatment,0.0,consistent,Physiology,0.1,Physiology,0.1,10,c40c446d67677ec9cd52894674fdbe8fd0fcc99a53d29111368043c09db08409
3374,T11938,ERP Systems Implementation and Impact,0.0,consistent,Management Information Systems,0.39166666666666666,Management Information Systems,0.39166666666666666,10,c40c446d67677ec9cd52894674fdbe8fd0fcc99a53d29111368043c09db08409
3375,T11942,Transportation and Mobility Innovations,0.0,insufficient_evidence,Automotive Engineering,0.0,Agronomy and Crop Science,0.125,8,c40c446d67677ec9cd52894674fdbe8fd0fcc99a53d29111368043c09db08409
3376,T11945,Heat Transfer Mechanisms,0.0,consistent,Mechanical Engineering,0.6033333333333333,Mechanical Engineering,0.6033333333333333,10,c40c446d67677ec9cd52894674fdbe8fd0fcc99a53d29111368043c09db08409
3377,T11951,Trauma Management and Diagnosis,0.0,consistent,Surgery,0.3,Surgery,0.3,10,c40c446d67677ec9cd52894674fdbe8fd0fcc99a53d29111368043c09db08409
3378,T11952,Landfill Environmental Impact Studies,0.0,consistent,Waste Management and Disposal,0.3333333333333333,Waste Management and Disposal,0.3333333333333333,3,c40c446d67677ec9cd52894674fdbe8fd0fcc99a53d29111368043c09db08409
3379,T11954,Energy Efficiency and Management,0.0,consistent,"Renewable Energy, Sustainability and the Environment",0.2444444444444444,"Renewable Energy, Sustainability and the Environment",0.2444444444444444,10,c40c446d67677ec9cd52894674fdbe8fd0fcc99a53d29111368043c09db08409
3380,T11958,Dental Erosion and Treatment,0.0,insufficient_evidence,Orthodontics,0.0,,0,0,c40c446d67677ec9cd52894674fdbe8fd0fcc99a53d29111368043c09db08409
3381,T11963,Impact of Light on Environment and Health,0.0,consistent,Global and Planetary Change,0.2,Global and Planetary Change,0.2,10,c40c446d67677ec9cd52894674fdbe8fd0fcc99a53d29111368043c09db08409
3382,T11964,Pregnancy and Medication Impact,0.0,insufficient_evidence,"Public Health, Environmental and Occupational Health",0.0,Genetics,0.1,10,c40c446d67677ec9cd52894674fdbe8fd0fcc99a53d29111368043c09db08409
3383,T11965,"Quantum, superfluid, helium dynamics",0.0,consistent,"Atomic and Molecular Physics, and Optics",0.25,"Atomic and Molecular Physics, and Optics",0.25,4,c40c446d67677ec9cd52894674fdbe8fd0fcc99a53d29111368043c09db08409
3384,T11966,Silk-based biomaterials and applications,0.0,consistent,Biomaterials,0.5274193548387097,Biomaterials,0.5274193548387097,10,c40c446d67677ec9cd52894674fdbe8fd0fcc99a53d29111368043c09db08409
3385,T11969,Fluoride Effects and Removal,0.0,insufficient_evidence,Water Science and Technology,0.0794392523364486,Environmental Chemistry,0.2383177570093458,10,c40c446d67677ec9cd52894674fdbe8fd0fcc99a53d29111368043c09db08409
3386,T11970,Molecular Biology Techniques and Applications,0.0,consistent,Molecular Biology,0.4333333333333334,Molecular Biology,0.4333333333333334,10,c40c446d67677ec9cd52894674fdbe8fd0fcc99a53d29111368043c09db08409
3387,T11972,Chromium effects and bioremediation,0.0,consistent,"Health, Toxicology and Mutagenesis",0.2153846153846154,"Health, Toxicology and Mutagenesis",0.2153846153846154,10,c40c446d67677ec9cd52894674fdbe8fd0fcc99a53d29111368043c09db08409
3388,T11975,Evolutionary Algorithms and Applications,0.0,consistent,Artificial Intelligence,0.18666666666666668,Artificial Intelligence,0.18666666666666668,10,c40c446d67677ec9cd52894674fdbe8fd0fcc99a53d29111368043c09db08409
3389,T11977,Technology Use by Older Adults,0.0,insufficient_evidence,Demography,0.0,Media Technology,0.17272727272727273,10,c40c446d67677ec9cd52894674fdbe8fd0fcc99a53d29111368043c09db08409
3390,T11978,Soil Mechanics and Vehicle Dynamics,0.0,insufficient_evidence,Civil and Structural Engineering,0.0,,0,0,c40c446d67677ec9cd52894674fdbe8fd0fcc99a53d29111368043c09db08409
3391,T11980,Human Mobility and Location-Based Analysis,0.0,insufficient_evidence,Transportation,1.0,Transportation,1.0,1,c40c446d67677ec9cd52894674fdbe8fd0fcc99a53d29111368043c09db08409
3392,T11985,Marine Toxins and Detection Methods,0.0,consistent,Environmental Chemistry,0.1,Environmental Chemistry,0.1,10,c40c446d67677ec9cd52894674fdbe8fd0fcc99a53d29111368043c09db08409
3393,T11989,Oxidative Organic Chemistry Reactions,0.0,consistent,Organic Chemistry,0.3,Organic Chemistry,0.3,10,c40c446d67677ec9cd52894674fdbe8fd0fcc99a53d29111368043c09db08409
3394,T11992,CCD and CMOS Imaging Sensors,0.0,consistent,Electrical and Electronic Engineering,0.3333333333333333,Electrical and Electronic Engineering,0.3333333333333333,6,c40c446d67677ec9cd52894674fdbe8fd0fcc99a53d29111368043c09db08409
3395,T11994,Human Resource Development and Performance Evaluation,0.0,insufficient_evidence,Applied Psychology,0.0,Organizational Behavior and Human Resource Management,0.27142857142857146,10,c40c446d67677ec9cd52894674fdbe8fd0fcc99a53d29111368043c09db08409
3396,T11997,Free Will and Agency,0.0,consistent,Cognitive Neuroscience,0.2,Cognitive Neuroscience,0.2,10,c40c446d67677ec9cd52894674fdbe8fd0fcc99a53d29111368043c09db08409
3397,T11999,Empathy and Medical Education,0.0,insufficient_evidence,Psychiatry and Mental health,0.0,"Pediatrics, Perinatology and Child Health",0.19,10,c40c446d67677ec9cd52894674fdbe8fd0fcc99a53d29111368043c09db08409
3398,T12000,Systems Engineering Methodologies and Applications,0.0,insufficient_evidence,Control and Systems Engineering,0.0,Organizational Behavior and Human Resource Management,0.25,4,c40c446d67677ec9cd52894674fdbe8fd0fcc99a53d29111368043c09db08409
3399,T12001,Fossil Insects in Amber,0.0,consistent,"Ecology, Evolution, Behavior and Systematics",0.37,"Ecology, Evolution, Behavior and Systematics",0.37,10,c40c446d67677ec9cd52894674fdbe8fd0fcc99a53d29111368043c09db08409
3400,T12002,"Computability, Logic, AI Algorithms",0.0,insufficient_evidence,Computational Theory and Mathematics,0.0,Philosophy,0.3333333333333333,3,c40c446d67677ec9cd52894674fdbe8fd0fcc99a53d29111368043c09db08409
3401,T12003,Bioenergy crop production and management,0.0,consistent,Agronomy and Crop Science,0.28,Agronomy and Crop Science,0.28,10,c40c446d67677ec9cd52894674fdbe8fd0fcc99a53d29111368043c09db08409
3402,T12004,Advanced Frequency and Time Standards,0.0,insufficient_evidence,"Atomic and Molecular Physics, and Optics",0.0,"Geography, Planning and Development",1.0,1,c40c446d67677ec9cd52894674fdbe8fd0fcc99a53d29111368043c09db08409
3403,T12005,Spaceflight effects on biology,0.0,insufficient_evidence,Physiology,0.0,Insect Science,0.1,10,c40c446d67677ec9cd52894674fdbe8fd0fcc99a53d29111368043c09db08409
3404,T12006,Ergonomics and Musculoskeletal Disorders,0.0,insufficient_evidence,Social Psychology,0.0,Media Technology,1.0,1,c40c446d67677ec9cd52894674fdbe8fd0fcc99a53d29111368043c09db08409
3405,T12009,Hedgehog Signaling Pathway Studies,0.0,consistent,Molecular Biology,0.6612318840579711,Molecular Biology,0.6612318840579711,10,c40c446d67677ec9cd52894674fdbe8fd0fcc99a53d29111368043c09db08409
3406,T12011,"Insurance, Mortality, Demography, Risk Management",0.0,insufficient_evidence,Demography,0.0,General Health Professions,1.0,1,c40c446d67677ec9cd52894674fdbe8fd0fcc99a53d29111368043c09db08409
3407,T12014,"Fish biology, ecology, and behavior",0.0,insufficient_evidence,Nature and Landscape Conservation,0.0,,0,0,c40c446d67677ec9cd52894674fdbe8fd0fcc99a53d29111368043c09db08409
3408,T12016,Web Data Mining and Analysis,0.0,consistent,Information Systems,0.6,Information Systems,0.6,5,c40c446d67677ec9cd52894674fdbe8fd0fcc99a53d29111368043c09db08409
3409,T12017,Recycling and Waste Management Techniques,0.0,consistent,Waste Management and Disposal,0.2923076923076923,Waste Management and Disposal,0.2923076923076923,10,c40c446d67677ec9cd52894674fdbe8fd0fcc99a53d29111368043c09db08409
3410,T12019,Calibration and Measurement Techniques,0.0,insufficient_evidence,Aerospace Engineering,0.0,,0,0,c40c446d67677ec9cd52894674fdbe8fd0fcc99a53d29111368043c09db08409
3411,T12020,Enhanced Recovery After Surgery,0.0,consistent,Surgery,0.5,Surgery,0.5,4,c40c446d67677ec9cd52894674fdbe8fd0fcc99a53d29111368043c09db08409
3412,T12021,Social and Educational Sciences,0.0,consistent,Education,0.6232227488151658,Education,0.6232227488151658,10,c40c446d67677ec9cd52894674fdbe8fd0fcc99a53d29111368043c09db08409
3413,T12022,Hydraulic flow and structures,0.0,insufficient_evidence,Civil and Structural Engineering,0.0,Ocean Engineering,0.19,10,c40c446d67677ec9cd52894674fdbe8fd0fcc99a53d29111368043c09db08409
3414,T12023,Cholinesterase and Neurodegenerative Diseases,0.0,insufficient_evidence,Pharmacology,0.0,Toxicology,0.19,10,c40c446d67677ec9cd52894674fdbe8fd0fcc99a53d29111368043c09db08409
3415,T12024,Ultra-Wideband Communications Technology,0.0,consistent,Electrical and Electronic Engineering,0.46,Electrical and Electronic Engineering,0.46,10,c40c446d67677ec9cd52894674fdbe8fd0fcc99a53d29111368043c09db08409
3416,T12026,Explainable Artificial Intelligence (XAI),0.0,insufficient_evidence,Artificial Intelligence,1.0,Artificial Intelligence,1.0,2,c40c446d67677ec9cd52894674fdbe8fd0fcc99a53d29111368043c09db08409
3417,T12031,Speech and dialogue systems,0.0,consistent,Artificial Intelligence,0.3333333333333333,Artificial Intelligence,0.3333333333333333,3,c40c446d67677ec9cd52894674fdbe8fd0fcc99a53d29111368043c09db08409
3418,T12034,Digital and Cyber Forensics,0.0,consistent,Information Systems,0.7166666666666667,Information Systems,0.7166666666666667,10,c40c446d67677ec9cd52894674fdbe8fd0fcc99a53d29111368043c09db08409
3419,T12039,Electron and X-Ray Spectroscopy Techniques,0.0,insufficient_evidence,"Surfaces, Coatings and Films",0.0,Mechanics of Materials,0.5,2,c40c446d67677ec9cd52894674fdbe8fd0fcc99a53d29111368043c09db08409
3420,T12041,Public Health Policies and Education,0.0,consistent,General Health Professions,0.448587570621469,General Health Professions,0.448587570621469,10,c40c446d67677ec9cd52894674fdbe8fd0fcc99a53d29111368043c09db08409
3421,T12043,Insect behavior and control techniques,0.0,consistent,Insect Science,0.3848249027237355,Insect Science,0.3848249027237355,10,c40c446d67677ec9cd52894674fdbe8fd0fcc99a53d29111368043c09db08409
3422,T12045,Rice Cultivation and Yield Improvement,0.0,consistent,Plant Science,0.46,Plant Science,0.46,10,c40c446d67677ec9cd52894674fdbe8fd0fcc99a53d29111368043c09db08409
3423,T12046,MXene and MAX Phase Materials,0.0,consistent,Materials Chemistry,0.3,Materials Chemistry,0.3,10,c40c446d67677ec9cd52894674fdbe8fd0fcc99a53d29111368043c09db08409
3424,T12047,Viral Infections and Vectors,0.0,consistent,Infectious Diseases,0.18888888888888888,Infectious Diseases,0.18888888888888888,10,c40c446d67677ec9cd52894674fdbe8fd0fcc99a53d29111368043c09db08409
3425,T12048,Microencapsulation and Drying Processes,0.0,insufficient_evidence,Food Science,0.28125,Organic Chemistry,0.296875,6,c40c446d67677ec9cd52894674fdbe8fd0fcc99a53d29111368043c09db08409
3426,T12051,Diversity and Impact of Dance,0.0,consistent,Experimental and Cognitive Psychology,0.2,Experimental and Cognitive Psychology,0.2,10,c40c446d67677ec9cd52894674fdbe8fd0fcc99a53d29111368043c09db08409
3427,T12052,Polish socio-economic development,0.0,consistent,Economics and Econometrics,0.42962962962962964,Economics and Econometrics,0.42962962962962964,10,c40c446d67677ec9cd52894674fdbe8fd0fcc99a53d29111368043c09db08409
3428,T12053,Minimally Invasive Surgical Techniques,0.0,consistent,Surgery,0.5,Surgery,0.5,4,c40c446d67677ec9cd52894674fdbe8fd0fcc99a53d29111368043c09db08409
3429,T12054,Menstrual Health and Disorders,0.0,insufficient_evidence,"Public Health, Environmental and Occupational Health",0.18,Clinical Psychology,0.19,10,c40c446d67677ec9cd52894674fdbe8fd0fcc99a53d29111368043c09db08409
3430,T12057,Consumer Attitudes and Food Labeling,0.0,consistent,"Public Health, Environmental and Occupational Health",0.2545454545454545,"Public Health, Environmental and Occupational Health",0.2545454545454545,10,c40c446d67677ec9cd52894674fdbe8fd0fcc99a53d29111368043c09db08409
3431,T12058,Allelopathy and phytotoxic interactions,0.0,consistent,Plant Science,0.3,Plant Science,0.3,10,c40c446d67677ec9cd52894674fdbe8fd0fcc99a53d29111368043c09db08409
3432,T12059,Berberine and alkaloids research,0.0,consistent,Pharmacology,0.26842105263157895,Pharmacology,0.26842105263157895,10,c40c446d67677ec9cd52894674fdbe8fd0fcc99a53d29111368043c09db08409
3433,T12060,Child Development and Digital Technology,0.0,consistent,Education,0.2,Education,0.2,10,c40c446d67677ec9cd52894674fdbe8fd0fcc99a53d29111368043c09db08409
3434,T12062,Approximation Theory and Sequence Spaces,0.0,insufficient_evidence,Statistics and Probability,0.0,Mathematical Physics,0.5,2,c40c446d67677ec9cd52894674fdbe8fd0fcc99a53d29111368043c09db08409
3435,T12064,Intraperitoneal and Appendiceal Malignancies,0.0,insufficient_evidence,Surgery,0.09,Pulmonary and Respiratory Medicine,0.19,10,c40c446d67677ec9cd52894674fdbe8fd0fcc99a53d29111368043c09db08409
3436,T12069,Commutative Algebra and Its Applications,0.0,insufficient_evidence,Algebra and Number Theory,0.0,,0,0,c40c446d67677ec9cd52894674fdbe8fd0fcc99a53d29111368043c09db08409
3437,T12072,Machine Learning and Algorithms,0.0,consistent,Artificial Intelligence,0.3388888888888889,Artificial Intelligence,0.3388888888888889,10,c40c446d67677ec9cd52894674fdbe8fd0fcc99a53d29111368043c09db08409
3438,T12073,Isotope Analysis in Ecology,0.0,insufficient_evidence,Ecology,0.0,,0,0,c40c446d67677ec9cd52894674fdbe8fd0fcc99a53d29111368043c09db08409
3439,T12074,Membrane-based Ion Separation Techniques,0.0,insufficient_evidence,Biomedical Engineering,0.0,,0,0,c40c446d67677ec9cd52894674fdbe8fd0fcc99a53d29111368043c09db08409
3440,T12077,Vacuum and Plasma Arcs,0.0,insufficient_evidence,"Atomic and Molecular Physics, and Optics",0.0,Mechanical Engineering,1.0,1,c40c446d67677ec9cd52894674fdbe8fd0fcc99a53d29111368043c09db08409
3441,T12079,IoT Networks and Protocols,0.0,consistent,Electrical and Electronic Engineering,0.3357142857142857,Electrical and Electronic Engineering,0.3357142857142857,10,c40c446d67677ec9cd52894674fdbe8fd0fcc99a53d29111368043c09db08409
3442,T12082,Takotsubo Cardiomyopathy and Associated Phenomena,0.0,insufficient_evidence,Cardiology and Cardiovascular Medicine,0.0,,0,0,c40c446d67677ec9cd52894674fdbe8fd0fcc99a53d29111368043c09db08409
3443,T12083,Karst Systems and Hydrogeology,0.0,insufficient_evidence,Earth-Surface Processes,0.0,Water Science and Technology,0.19,10,c40c446d67677ec9cd52894674fdbe8fd0fcc99a53d29111368043c09db08409
3444,T12084,Synthesis and properties of polymers,0.0,consistent,Polymers and Plastics,0.25,Polymers and Plastics,0.25,4,c40c446d67677ec9cd52894674fdbe8fd0fcc99a53d29111368043c09db08409
3445,T12085,Collagen: Extraction and Characterization,0.0,consistent,Biomaterials,0.43999999999999995,Biomaterials,0.43999999999999995,10,c40c446d67677ec9cd52894674fdbe8fd0fcc99a53d29111368043c09db08409
3446,T12088,Intergenerational and Educational Inequality Studies,0.0,consistent,Sociology and Political Science,0.09999999999999999,Sociology and Political Science,0.09999999999999999,10,c40c446d67677ec9cd52894674fdbe8fd0fcc99a53d29111368043c09db08409
3447,T12089,Intestinal and Peritoneal Adhesions,0.0,consistent,Surgery,0.46,Surgery,0.46,10,c40c446d67677ec9cd52894674fdbe8fd0fcc99a53d29111368043c09db08409
3448,T12093,Greenhouse Technology and Climate Control,0.0,insufficient_evidence,Plant Science,0.0,,0,0,c40c446d67677ec9cd52894674fdbe8fd0fcc99a53d29111368043c09db08409
3449,T12094,Hemoglobin structure and function,0.0,insufficient_evidence,Cell Biology,0.0,Biomedical Engineering,1.0,1,c40c446d67677ec9cd52894674fdbe8fd0fcc99a53d29111368043c09db08409
3450,T12095,Vehicle emissions and performance,0.0,insufficient_evidence,Automotive Engineering,0.0,Management Science and Operations Research,0.25,4,c40c446d67677ec9cd52894674fdbe8fd0fcc99a53d29111368043c09db08409
3451,T12097,Aquatic Invertebrate Ecology and Behavior,0.0,consistent,Ecology,0.46,Ecology,0.46,10,c40c446d67677ec9cd52894674fdbe8fd0fcc99a53d29111368043c09db08409
3452,T12098,Rural development and sustainability,0.0,consistent,General Agricultural and Biological Sciences,0.3329166666666667,General Agricultural and Biological Sciences,0.3329166666666667,10,c40c446d67677ec9cd52894674fdbe8fd0fcc99a53d29111368043c09db08409
3453,T12099,Advanced materials and composites,0.0,consistent,Mechanical Engineering,0.6,Mechanical Engineering,0.6,10,c40c446d67677ec9cd52894674fdbe8fd0fcc99a53d29111368043c09db08409
3454,T12103,Cancer Risks and Factors,0.0,consistent,Oncology,0.18888888888888888,Oncology,0.18888888888888888,10,c40c446d67677ec9cd52894674fdbe8fd0fcc99a53d29111368043c09db08409
3455,T12104,Protein Tyrosine Phosphatases,0.0,consistent,Molecular Biology,0.3,Molecular Biology,0.3,10,c40c446d67677ec9cd52894674fdbe8fd0fcc99a53d29111368043c09db08409
3456,T12107,Leprosy Research and Treatment,0.0,consistent,Infectious Diseases,0.2334096109839817,Infectious Diseases,0.2334096109839817,10,c40c446d67677ec9cd52894674fdbe8fd0fcc99a53d29111368043c09db08409
3457,T12108,Management of metastatic bone disease,0.0,consistent,Surgery,0.2923076923076923,Surgery,0.2923076923076923,10,c40c446d67677ec9cd52894674fdbe8fd0fcc99a53d29111368043c09db08409
3458,T12110,Bone and Dental Protein Studies,0.0,insufficient_evidence,Rheumatology,0.06,Biochemistry,0.12666666666666668,10,c40c446d67677ec9cd52894674fdbe8fd0fcc99a53d29111368043c09db08409
3459,T12114,Sensory Analysis and Statistical Methods,0.0,consistent,Food Science,0.1,Food Science,0.1,10,c40c446d67677ec9cd52894674fdbe8fd0fcc99a53d29111368043c09db08409
3460,T12115,Genetic and Environmental Crop Studies,0.0,consistent,Plant Science,0.727151136870263,Plant Science,0.727151136870263,10,c40c446d67677ec9cd52894674fdbe8fd0fcc99a53d29111368043c09db08409
3461,T12117,Muscle and Compartmental Disorders,0.0,insufficient_evidence,Surgery,0.0,Nephrology,0.14615384615384616,10,c40c446d67677ec9cd52894674fdbe8fd0fcc99a53d29111368043c09db08409
3462,T12122,Physical Unclonable Functions (PUFs) and Hardware Security,0.0,insufficient_evidence,Hardware and Architecture,0.0,,0,0,c40c446d67677ec9cd52894674fdbe8fd0fcc99a53d29111368043c09db08409
3463,T12123,Financial Analysis and Corporate Governance,0.0,consistent,Accounting,0.509090909090909,Accounting,0.509090909090909,10,c40c446d67677ec9cd52894674fdbe8fd0fcc99a53d29111368043c09db08409
3464,T12125,Aerospace and Aviation Technology,0.0,consistent,Aerospace Engineering,0.2,Aerospace Engineering,0.2,10,c40c446d67677ec9cd52894674fdbe8fd0fcc99a53d29111368043c09db08409
3465,T12127,Software System Performance and Reliability,0.0,consistent,Computer Networks and Communications,0.5,Computer Networks and Communications,0.5,10,c40c446d67677ec9cd52894674fdbe8fd0fcc99a53d29111368043c09db08409
3466,T12128,AI in Service Interactions,0.0,insufficient_evidence,Artificial Intelligence,0.07427184466019418,Control and Systems Engineering,0.24902912621359227,10,c40c446d67677ec9cd52894674fdbe8fd0fcc99a53d29111368043c09db08409
3467,T12130,Contemporary Literature and Criticism,0.0,consistent,Literature and Literary Theory,0.37,Literature and Literary Theory,0.37,10,c40c446d67677ec9cd52894674fdbe8fd0fcc99a53d29111368043c09db08409
3468,T12132,Hymenoptera taxonomy and phylogeny,0.0,consistent,"Ecology, Evolution, Behavior and Systematics",0.41450263402541054,"Ecology, Evolution, Behavior and Systematics",0.41450263402541054,10,c40c446d67677ec9cd52894674fdbe8fd0fcc99a53d29111368043c09db08409
3469,T12133,Pragmatism in Philosophy and Education,0.0,consistent,Philosophy,0.5,Philosophy,0.5,10,c40c446d67677ec9cd52894674fdbe8fd0fcc99a53d29111368043c09db08409
3470,T12137,Economic theories and models,0.0,consistent,Economics and Econometrics,0.37,Economics and Econometrics,0.37,10,c40c446d67677ec9cd52894674fdbe8fd0fcc99a53d29111368043c09db08409
3471,T12138,Occupational Health and Performance,0.0,insufficient_evidence,Occupational Therapy,0.0,"Radiology, Nuclear Medicine and Imaging",0.19,10,c40c446d67677ec9cd52894674fdbe8fd0fcc99a53d29111368043c09db08409
3472,T12139,Advanced Thermodynamic Systems and Engines,0.0,consistent,Mechanical Engineering,0.2,Mechanical Engineering,0.2,10,c40c446d67677ec9cd52894674fdbe8fd0fcc99a53d29111368043c09db08409
3473,T12144,"Colonialism, slavery, and trade",0.0,consistent,Anthropology,0.8363636363636363,Anthropology,0.8363636363636363,5,c40c446d67677ec9cd52894674fdbe8fd0fcc99a53d29111368043c09db08409
3474,T12145,Dental Anxiety and Anesthesia Techniques,0.0,insufficient_evidence,Oral Surgery,0.0,Epidemiology,0.1,10,c40c446d67677ec9cd52894674fdbe8fd0fcc99a53d29111368043c09db08409
3475,T12146,Power Line Communications and Noise,0.0,consistent,Electrical and Electronic Engineering,0.7,Electrical and Electronic Engineering,0.7,10,c40c446d67677ec9cd52894674fdbe8fd0fcc99a53d29111368043c09db08409
3476,T12147,Urban and Rural Development Challenges,0.0,insufficient_evidence,Urban Studies,0.0,Archeology,0.14615384615384616,10,c40c446d67677ec9cd52894674fdbe8fd0fcc99a53d29111368043c09db08409
3477,T12150,Intestinal Malrotation and Obstruction Disorders,0.0,consistent,Surgery,0.5,Surgery,0.5,6,c40c446d67677ec9cd52894674fdbe8fd0fcc99a53d29111368043c09db08409
3478,T12152,Concrete Properties and Behavior,0.0,insufficient_evidence,Civil and Structural Engineering,0.5,Civil and Structural Engineering,0.5,2,c40c446d67677ec9cd52894674fdbe8fd0fcc99a53d29111368043c09db08409
3479,T12153,Advanced Optical Sensing Technologies,0.0,insufficient_evidence,Instrumentation,0.0,Space and Planetary Science,0.25,4,c40c446d67677ec9cd52894674fdbe8fd0fcc99a53d29111368043c09db08409
3480,T12154,Pelvic and Acetabular Injuries,0.0,consistent,Surgery,0.31666666666666665,Surgery,0.31666666666666665,10,c40c446d67677ec9cd52894674fdbe8fd0fcc99a53d29111368043c09db08409
3481,T12155,Microwave Dielectric Ceramics Synthesis,0.0,consistent,Electrical and Electronic Engineering,0.4120833333333334,Electrical and Electronic Engineering,0.4120833333333334,10,c40c446d67677ec9cd52894674fdbe8fd0fcc99a53d29111368043c09db08409
3482,T12156,World Trade Organization Law,0.0,consistent,Political Science and International Relations,0.39999999999999997,Political Science and International Relations,0.39999999999999997,10,c40c446d67677ec9cd52894674fdbe8fd0fcc99a53d29111368043c09db08409
3483,T12163,Aerosol Filtration and Electrostatic Precipitation,0.0,insufficient_evidence,Electrical and Electronic Engineering,0.0,,0,0,c40c446d67677ec9cd52894674fdbe8fd0fcc99a53d29111368043c09db08409
3484,T12165,Environmental Sustainability and Education,0.0,consistent,"Management, Monitoring, Policy and Law",0.24545454545454548,"Management, Monitoring, Policy and Law",0.24545454545454548,10,c40c446d67677ec9cd52894674fdbe8fd0fcc99a53d29111368043c09db08409
3485,T12167,Bacterial Identification and Susceptibility Testing,0.0,insufficient_evidence,Clinical Biochemistry,0.0,Endocrinology,0.3333333333333333,3,c40c446d67677ec9cd52894674fdbe8fd0fcc99a53d29111368043c09db08409
3486,T12168,Health and Medical Research Impacts,0.0,insufficient_evidence,"Public Health, Environmental and Occupational Health",0.0,Social Psychology,0.296875,6,c40c446d67677ec9cd52894674fdbe8fd0fcc99a53d29111368043c09db08409
3487,T12169,Non-Destructive Testing Techniques,0.0,insufficient_evidence,Mechanical Engineering,0.0,Computer Vision and Pattern Recognition,0.15833333333333333,10,c40c446d67677ec9cd52894674fdbe8fd0fcc99a53d29111368043c09db08409
3488,T12172,Neutropenia and Cancer Infections,0.0,consistent,Oncology,0.2545454545454545,Oncology,0.2545454545454545,10,c40c446d67677ec9cd52894674fdbe8fd0fcc99a53d29111368043c09db08409
3489,T12173,Body Contouring and Surgery,0.0,consistent,Surgery,0.475,Surgery,0.475,10,c40c446d67677ec9cd52894674fdbe8fd0fcc99a53d29111368043c09db08409
3490,T12177,Resource-Constrained Project Scheduling,0.0,consistent,Management Science and Operations Research,0.19,Management Science and Operations Research,0.19,10,c40c446d67677ec9cd52894674fdbe8fd0fcc99a53d29111368043c09db08409
3491,T12183,Teratomas and Epidermoid Cysts,0.0,consistent,Surgery,0.2,Surgery,0.2,5,c40c446d67677ec9cd52894674fdbe8fd0fcc99a53d29111368043c09db08409
3492,T12185,Regulation and Compliance Studies,0.0,insufficient_evidence,Strategy and Management,0.0,Economics and Econometrics,0.14285714285714285,7,c40c446d67677ec9cd52894674fdbe8fd0fcc99a53d29111368043c09db08409
3493,T12186,Phosphorus and nutrient management,0.0,insufficient_evidence,Waste Management and Disposal,0.0,Soil Science,0.17272727272727273,10,c40c446d67677ec9cd52894674fdbe8fd0fcc99a53d29111368043c09db08409
3494,T12187,Glutathione Transferases and Polymorphisms,0.0,insufficient_evidence,Molecular Biology,0.0,Biochemistry,0.14615384615384616,10,c40c446d67677ec9cd52894674fdbe8fd0fcc99a53d29111368043c09db08409
3495,T12189,Sulfur-Based Synthesis Techniques,0.0,consistent,Organic Chemistry,0.6166666666666667,Organic Chemistry,0.6166666666666667,10,c40c446d67677ec9cd52894674fdbe8fd0fcc99a53d29111368043c09db08409
3496,T12191,Chemical Reaction Mechanisms,0.0,consistent,Organic Chemistry,0.9100000000000001,Organic Chemistry,0.9100000000000001,10,c40c446d67677ec9cd52894674fdbe8fd0fcc99a53d29111368043c09db08409
3497,T12192,Polysaccharides Composition and Applications,0.0,insufficient_evidence,Food Science,0.15,Plant Science,0.15833333333333333,10,c40c446d67677ec9cd52894674fdbe8fd0fcc99a53d29111368043c09db08409
3498,T12193,Trigeminal Neuralgia and Treatments,0.0,consistent,Pathology and Forensic Medicine,0.09999999999999999,Pathology and Forensic Medicine,0.09999999999999999,10,c40c446d67677ec9cd52894674fdbe8fd0fcc99a53d29111368043c09db08409
3499,T12194,Cultural Competency in Health Care,0.0,insufficient_evidence,Sociology and Political Science,0.13846153846153847,Experimental and Cognitive Psychology,0.14615384615384616,10,c40c446d67677ec9cd52894674fdbe8fd0fcc99a53d29111368043c09db08409
3500,T12198,Oral health in cancer treatment,0.0,consistent,Pulmonary and Respiratory Medicine,0.2833333333333333,Pulmonary and Respiratory Medicine,0.2833333333333333,10,c40c446d67677ec9cd52894674fdbe8fd0fcc99a53d29111368043c09db08409
3501,T12201,Agricultural Engineering and Mechanization,0.0,consistent,Mechanical Engineering,0.3,Mechanical Engineering,0.3,10,c40c446d67677ec9cd52894674fdbe8fd0fcc99a53d29111368043c09db08409
3502,T12203,Mobile Agent-Based Network Management,0.0,consistent,Computer Networks and Communications,0.509090909090909,Computer Networks and Communications,0.509090909090909,10,c40c446d67677ec9cd52894674fdbe8fd0fcc99a53d29111368043c09db08409
3503,T12204,African Education and Politics,0.0,consistent,Education,0.41052631578947363,Education,0.41052631578947363,10,c40c446d67677ec9cd52894674fdbe8fd0fcc99a53d29111368043c09db08409
3504,T12206,Vibration and Dynamic Analysis,0.0,consistent,Control and Systems Engineering,0.27,Control and Systems Engineering,0.27,10,c40c446d67677ec9cd52894674fdbe8fd0fcc99a53d29111368043c09db08409
3505,T12207,Assistive Technology in Communication and Mobility,0.0,insufficient_evidence,Occupational Therapy,0.0,Social Psychology,0.19,10,c40c446d67677ec9cd52894674fdbe8fd0fcc99a53d29111368043c09db08409
3506,T12209,Bone and Joint Diseases,0.0,insufficient_evidence,Orthopedics and Sports Medicine,0.0,Pathology and Forensic Medicine,0.15833333333333333,10,c40c446d67677ec9cd52894674fdbe8fd0fcc99a53d29111368043c09db08409
3507,T12216,Network Time Synchronization Technologies,0.0,consistent,Computer Networks and Communications,0.3,Computer Networks and Communications,0.3,10,c40c446d67677ec9cd52894674fdbe8fd0fcc99a53d29111368043c09db08409
3508,T12217,Higher Education Teaching and Evaluation,0.0,insufficient_evidence,Education,0.0,,0,0,c40c446d67677ec9cd52894674fdbe8fd0fcc99a53d29111368043c09db08409
3509,T12220,Quantum Electrodynamics and Casimir Effect,0.0,insufficient_evidence,"Atomic and Molecular Physics, and Optics",0.0,Artificial Intelligence,0.2,5,c40c446d67677ec9cd52894674fdbe8fd0fcc99a53d29111368043c09db08409
3510,T12221,Cybersecurity and Cyber Warfare Studies,0.0,consistent,Political Science and International Relations,0.5,Political Science and International Relations,0.5,10,c40c446d67677ec9cd52894674fdbe8fd0fcc99a53d29111368043c09db08409
3511,T12224,Nanofabrication and Lithography Techniques,0.0,insufficient_evidence,Biomedical Engineering,0.0,Organic Chemistry,0.14285714285714285,7,c40c446d67677ec9cd52894674fdbe8fd0fcc99a53d29111368043c09db08409
3512,T12228,Coordination Chemistry and Organometallics,0.0,consistent,Organic Chemistry,1.0,Organic Chemistry,1.0,5,c40c446d67677ec9cd52894674fdbe8fd0fcc99a53d29111368043c09db08409
3513,T12231,Contemporary Sociological Theory and Practice,0.0,consistent,Sociology and Political Science,0.18888888888888888,Sociology and Political Science,0.18888888888888888,10,c40c446d67677ec9cd52894674fdbe8fd0fcc99a53d29111368043c09db08409
3514,T12232,"Yersinia bacterium, plague, ectoparasites research",0.0,insufficient_evidence,Genetics,0.15,Plant Science,0.15833333333333333,10,c40c446d67677ec9cd52894674fdbe8fd0fcc99a53d29111368043c09db08409
3515,T12233,Geotechnical Engineering and Underground Structures,0.0,consistent,Civil and Structural Engineering,0.2602739726027397,Civil and Structural Engineering,0.2602739726027397,7,c40c446d67677ec9cd52894674fdbe8fd0fcc99a53d29111368043c09db08409
3516,T12235,Child Abuse and Related Trauma,0.0,insufficient_evidence,"Pediatrics, Perinatology and Child Health",0.0,,0,0,c40c446d67677ec9cd52894674fdbe8fd0fcc99a53d29111368043c09db08409
3517,T12236,Photoreceptor and optogenetics research,0.0,insufficient_evidence,Cellular and Molecular Neuroscience,0.0,Plant Science,1.0,1,c40c446d67677ec9cd52894674fdbe8fd0fcc99a53d29111368043c09db08409
3518,T12244,Healthcare Education and Workforce Issues,0.0,insufficient_evidence,Leadership and Management,0.0,Human Factors and Ergonomics,0.17272727272727273,10,c40c446d67677ec9cd52894674fdbe8fd0fcc99a53d29111368043c09db08409
3519,T12245,"Counseling, Therapy, and Family Dynamics",0.0,consistent,Clinical Psychology,0.36,Clinical Psychology,0.36,10,c40c446d67677ec9cd52894674fdbe8fd0fcc99a53d29111368043c09db08409
3520,T12248,Water Governance and Infrastructure,0.0,consistent,Political Science and International Relations,0.4,Political Science and International Relations,0.4,5,c40c446d67677ec9cd52894674fdbe8fd0fcc99a53d29111368043c09db08409
3521,T12251,Synthesis and Catalytic Reactions,0.0,consistent,Organic Chemistry,0.36153846153846153,Organic Chemistry,0.36153846153846153,10,c40c446d67677ec9cd52894674fdbe8fd0fcc99a53d29111368043c09db08409
3522,T12252,Mechanical stress and fatigue analysis,0.0,insufficient_evidence,Mechanics of Materials,0.0,Civil and Structural Engineering,1.0,1,c40c446d67677ec9cd52894674fdbe8fd0fcc99a53d29111368043c09db08409
3523,T12254,Machine Learning in Bioinformatics,0.0,consistent,Molecular Biology,0.2714285714285714,Molecular Biology,0.2714285714285714,10,c40c446d67677ec9cd52894674fdbe8fd0fcc99a53d29111368043c09db08409
3524,T12255,Biosimilars and Bioanalytical Methods,0.0,insufficient_evidence,Immunology,0.0,Molecular Biology,0.29533678756476683,9,c40c446d67677ec9cd52894674fdbe8fd0fcc99a53d29111368043c09db08409
3525,T12256,Facilities and Workplace Management,0.0,insufficient_evidence,Social Psychology,0.0,Building and Construction,1.0,1,c40c446d67677ec9cd52894674fdbe8fd0fcc99a53d29111368043c09db08409
3526,T12258,"Perfectionism, Procrastination, Anxiety Studies",0.0,consistent,Clinical Psychology,0.46875,Clinical Psychology,0.46875,10,c40c446d67677ec9cd52894674fdbe8fd0fcc99a53d29111368043c09db08409
3527,T12261,Statistical Mechanics and Entropy,0.0,insufficient_evidence,Statistical and Nonlinear Physics,0.0,Computer Networks and Communications,0.25,4,c40c446d67677ec9cd52894674fdbe8fd0fcc99a53d29111368043c09db08409
3528,T12262,Hate Speech and Cyberbullying Detection,0.0,consistent,Artificial Intelligence,0.2095238095238095,Artificial Intelligence,0.2095238095238095,10,c40c446d67677ec9cd52894674fdbe8fd0fcc99a53d29111368043c09db08409
3529,T12264,Tissue Engineering and Regenerative Medicine,0.0,insufficient_evidence,Surgery,0.0,Cancer Research,0.1,10,c40c446d67677ec9cd52894674fdbe8fd0fcc99a53d29111368043c09db08409
3530,T12267,Diet and metabolism studies,0.0,consistent,Physiology,0.11875,Physiology,0.11875,10,c40c446d67677ec9cd52894674fdbe8fd0fcc99a53d29111368043c09db08409
3531,T12269,Effects of Vibration on Health,0.0,insufficient_evidence,Orthopedics and Sports Medicine,0.0,Genetics,0.1111111111111111,9,c40c446d67677ec9cd52894674fdbe8fd0fcc99a53d29111368043c09db08409
3532,T12270,Microwave-Assisted Synthesis and Applications,0.0,consistent,Organic Chemistry,0.4058252427184466,Organic Chemistry,0.4058252427184466,10,c40c446d67677ec9cd52894674fdbe8fd0fcc99a53d29111368043c09db08409
3533,T12274,Electrostatics and Colloid Interactions,0.0,insufficient_evidence,Physical and Theoretical Chemistry,0.0,Materials Chemistry,0.5,2,c40c446d67677ec9cd52894674fdbe8fd0fcc99a53d29111368043c09db08409
3534,T12275,Gender and Feminist Studies,0.0,consistent,Gender Studies,0.5758928571428572,Gender Studies,0.5758928571428572,10,c40c446d67677ec9cd52894674fdbe8fd0fcc99a53d29111368043c09db08409
3535,T12276,Risk Management in Financial Firms,0.0,consistent,Accounting,0.5,Accounting,0.5,10,c40c446d67677ec9cd52894674fdbe8fd0fcc99a53d29111368043c09db08409
3536,T12277,Frequency Control in Power Systems,0.0,consistent,Electrical and Electronic Engineering,0.33754266211604095,Electrical and Electronic Engineering,0.33754266211604095,10,c40c446d67677ec9cd52894674fdbe8fd0fcc99a53d29111368043c09db08409
3537,T12278,Vascular Tumors and Angiosarcomas,0.0,insufficient_evidence,Oncology,0.0,,0,0,c40c446d67677ec9cd52894674fdbe8fd0fcc99a53d29111368043c09db08409
3538,T12279,Body Composition Measurement Techniques,0.0,insufficient_evidence,Physiology,0.07427184466019418,Oncology,0.24902912621359227,10,c40c446d67677ec9cd52894674fdbe8fd0fcc99a53d29111368043c09db08409
3539,T12284,Emotional Labor in Professions,0.0,insufficient_evidence,Sociology and Political Science,0.075,Social Psychology,0.15833333333333333,10,c40c446d67677ec9cd52894674fdbe8fd0fcc99a53d29111368043c09db08409
3540,T12287,Fibroblast Growth Factor Research,0.0,consistent,Molecular Biology,0.5277777777777778,Molecular Biology,0.5277777777777778,10,c40c446d67677ec9cd52894674fdbe8fd0fcc99a53d29111368043c09db08409
3541,T12288,Optimization and Search Problems,0.0,consistent,Computer Networks and Communications,0.2,Computer Networks and Communications,0.2,10,c40c446d67677ec9cd52894674fdbe8fd0fcc99a53d29111368043c09db08409
3542,T12291,Pericarditis and Cardiac Tamponade,0.0,consistent,Cardiology and Cardiovascular Medicine,0.42857142857142855,Cardiology and Cardiovascular Medicine,0.42857142857142855,7,c40c446d67677ec9cd52894674fdbe8fd0fcc99a53d29111368043c09db08409
3543,T12292,Graph Theory and Algorithms,0.0,consistent,Computer Vision and Pattern Recognition,0.25,Computer Vision and Pattern Recognition,0.25,4,c40c446d67677ec9cd52894674fdbe8fd0fcc99a53d29111368043c09db08409
3544,T12293,Dam Engineering and Safety,0.0,insufficient_evidence,Civil and Structural Engineering,1.0,Civil and Structural Engineering,1.0,1,c40c446d67677ec9cd52894674fdbe8fd0fcc99a53d29111368043c09db08409
3545,T12295,"Foucault, Power, and Ethics",0.0,consistent,Sociology and Political Science,0.5224719101123595,Sociology and Political Science,0.5224719101123595,10,c40c446d67677ec9cd52894674fdbe8fd0fcc99a53d29111368043c09db08409
3546,T12296,Autopsy Techniques and Outcomes,0.0,consistent,"Radiology, Nuclear Medicine and Imaging",0.4444444444444444,"Radiology, Nuclear Medicine and Imaging",0.4444444444444444,9,c40c446d67677ec9cd52894674fdbe8fd0fcc99a53d29111368043c09db08409
3547,T12299,Radiation Shielding Materials Analysis,0.0,consistent,Materials Chemistry,0.1,Materials Chemistry,0.1,10,c40c446d67677ec9cd52894674fdbe8fd0fcc99a53d29111368043c09db08409
3548,T12300,Advanced Electrical Measurement Techniques,0.0,insufficient_evidence,Electrical and Electronic Engineering,0.5,Electrical and Electronic Engineering,0.5,2,c40c446d67677ec9cd52894674fdbe8fd0fcc99a53d29111368043c09db08409
3549,T12301,Facial Nerve Paralysis Treatment and Research,0.0,insufficient_evidence,Neurology,0.0,Occupational Therapy,0.21375000000000002,10,c40c446d67677ec9cd52894674fdbe8fd0fcc99a53d29111368043c09db08409
3550,T12307,Ancient Near East History,0.0,insufficient_evidence,Archeology,0.0,,0,0,c40c446d67677ec9cd52894674fdbe8fd0fcc99a53d29111368043c09db08409
3551,T12308,Mental Health and Psychiatry,0.0,insufficient_evidence,Philosophy,0.0,History and Philosophy of Science,0.19,10,c40c446d67677ec9cd52894674fdbe8fd0fcc99a53d29111368043c09db08409
3552,T12309,solar cell performance optimization,0.0,insufficient_evidence,Electrical and Electronic Engineering,0.32142857142857145,Nuclear Energy and Engineering,0.6785714285714286,2,c40c446d67677ec9cd52894674fdbe8fd0fcc99a53d29111368043c09db08409
3553,T12310,Crop Yield and Soil Fertility,0.0,consistent,Agronomy and Crop Science,0.5,Agronomy and Crop Science,0.5,4,c40c446d67677ec9cd52894674fdbe8fd0fcc99a53d29111368043c09db08409
3554,T12315,Older Adults Driving Studies,0.0,insufficient_evidence,"Physical Therapy, Sports Therapy and Rehabilitation",0.0,Epidemiology,0.1,10,c40c446d67677ec9cd52894674fdbe8fd0fcc99a53d29111368043c09db08409
3555,T12318,Quinazolinone synthesis and applications,0.0,consistent,Organic Chemistry,0.35567567567567565,Organic Chemistry,0.35567567567567565,10,c40c446d67677ec9cd52894674fdbe8fd0fcc99a53d29111368043c09db08409
3556,T12320,Feminist Epistemology and Gender Studies,0.0,consistent,Sociology and Political Science,0.3333333333333333,Sociology and Political Science,0.3333333333333333,3,c40c446d67677ec9cd52894674fdbe8fd0fcc99a53d29111368043c09db08409
3557,T12325,Urban Design and Spatial Analysis,0.0,insufficient_evidence,Building and Construction,0.0,Forestry,0.16666666666666666,6,c40c446d67677ec9cd52894674fdbe8fd0fcc99a53d29111368043c09db08409
3558,T12328,Autoimmune and Inflammatory Disorders,0.0,consistent,Epidemiology,0.25,Epidemiology,0.25,4,c40c446d67677ec9cd52894674fdbe8fd0fcc99a53d29111368043c09db08409
3559,T12331,Hereditary Neurological Disorders,0.0,insufficient_evidence,Cellular and Molecular Neuroscience,0.09,Neurology,0.19,10,c40c446d67677ec9cd52894674fdbe8fd0fcc99a53d29111368043c09db08409
3560,T12333,Abdominal Surgery and Complications,0.0,insufficient_evidence,Pulmonary and Respiratory Medicine,0.0,,0,0,c40c446d67677ec9cd52894674fdbe8fd0fcc99a53d29111368043c09db08409
3561,T12335,"Sexuality, Behavior, and Technology",0.0,insufficient_evidence,Clinical Psychology,0.15,Reproductive Medicine,0.15833333333333333,10,c40c446d67677ec9cd52894674fdbe8fd0fcc99a53d29111368043c09db08409
3562,T12341,Spanish Linguistics and Language Studies,0.0,consistent,Language and Linguistics,0.5338709677419355,Language and Linguistics,0.5338709677419355,10,c40c446d67677ec9cd52894674fdbe8fd0fcc99a53d29111368043c09db08409
3563,T12342,Vascular anomalies and interventions,0.0,insufficient_evidence,Surgery,0.0,Genetics,0.5,2,c40c446d67677ec9cd52894674fdbe8fd0fcc99a53d29111368043c09db08409
3564,T12344,Silicon Effects in Agriculture,0.0,insufficient_evidence,Plant Science,0.0,,0,0,c40c446d67677ec9cd52894674fdbe8fd0fcc99a53d29111368043c09db08409
3565,T12345,Adult and Continuing Education Topics,0.0,consistent,Education,0.2153846153846154,Education,0.2153846153846154,10,c40c446d67677ec9cd52894674fdbe8fd0fcc99a53d29111368043c09db08409
3566,T12349,Food Chemistry and Fat Analysis,0.0,consistent,Food Science,0.19,Food Science,0.19,10,c40c446d67677ec9cd52894674fdbe8fd0fcc99a53d29111368043c09db08409
3567,T12350,Particle Dynamics in Fluid Flows,0.0,insufficient_evidence,Ocean Engineering,0.0,Civil and Structural Engineering,0.19,10,c40c446d67677ec9cd52894674fdbe8fd0fcc99a53d29111368043c09db08409
3568,T12351,Geometry and complex manifolds,0.0,insufficient_evidence,Geometry and Topology,0.0,Molecular Biology,0.14285714285714285,7,c40c446d67677ec9cd52894674fdbe8fd0fcc99a53d29111368043c09db08409
3569,T12353,Lexicography and Language Studies,0.0,consistent,Language and Linguistics,0.21375000000000002,Language and Linguistics,0.21375000000000002,10,c40c446d67677ec9cd52894674fdbe8fd0fcc99a53d29111368043c09db08409
3570,T12354,Innovations in Educational Methods,0.0,consistent,Education,0.5526315789473684,Education,0.5526315789473684,10,c40c446d67677ec9cd52894674fdbe8fd0fcc99a53d29111368043c09db08409
3571,T12355,Genetic and rare skin diseases.,0.0,insufficient_evidence,Genetics,0.0,Molecular Biology,1.0,1,c40c446d67677ec9cd52894674fdbe8fd0fcc99a53d29111368043c09db08409
3572,T12357,Digital Media Forensic Detection,0.0,consistent,Computer Vision and Pattern Recognition,0.4,Computer Vision and Pattern Recognition,0.4,10,c40c446d67677ec9cd52894674fdbe8fd0fcc99a53d29111368043c09db08409
3573,T12359,Fern and Epiphyte Biology,0.0,consistent,"Ecology, Evolution, Behavior and Systematics",0.6999999999999998,"Ecology, Evolution, Behavior and Systematics",0.6999999999999998,10,c40c446d67677ec9cd52894674fdbe8fd0fcc99a53d29111368043c09db08409
3574,T12361,Study of Mite Species,0.0,consistent,"Ecology, Evolution, Behavior and Systematics",0.6018433179723501,"Ecology, Evolution, Behavior and Systematics",0.6018433179723501,10,c40c446d67677ec9cd52894674fdbe8fd0fcc99a53d29111368043c09db08409
3575,T12362,Tribology and Wear Analysis,0.0,consistent,Mechanics of Materials,0.3357142857142857,Mechanics of Materials,0.3357142857142857,10,c40c446d67677ec9cd52894674fdbe8fd0fcc99a53d29111368043c09db08409
3576,T12363,Academic Research in Diverse Fields,0.0,consistent,Education,0.6421052631578947,Education,0.6421052631578947,10,c40c446d67677ec9cd52894674fdbe8fd0fcc99a53d29111368043c09db08409
3577,T12366,"Philosophy, Ethics, and Existentialism",0.0,consistent,Philosophy,0.46956521739130436,Philosophy,0.46956521739130436,10,c40c446d67677ec9cd52894674fdbe8fd0fcc99a53d29111368043c09db08409
3578,T12368,Grey System Theory Applications,0.0,insufficient_evidence,Management Science and Operations Research,0.0,Oceanography,0.3333333333333333,3,c40c446d67677ec9cd52894674fdbe8fd0fcc99a53d29111368043c09db08409
3579,T12371,Electrical Contact Performance and Analysis,0.0,insufficient_evidence,Mechanical Engineering,0.5,Mechanical Engineering,0.5,2,c40c446d67677ec9cd52894674fdbe8fd0fcc99a53d29111368043c09db08409
3580,T12373,Linguistic research and analysis,0.0,consistent,Language and Linguistics,0.19961089494163425,Language and Linguistics,0.19961089494163425,10,c40c446d67677ec9cd52894674fdbe8fd0fcc99a53d29111368043c09db08409
3581,T12376,Corporate Management and Leadership,0.0,consistent,Organizational Behavior and Human Resource Management,0.47529069767441867,Organizational Behavior and Human Resource Management,0.47529069767441867,10,c40c446d67677ec9cd52894674fdbe8fd0fcc99a53d29111368043c09db08409
3582,T12377,Digital Humanities and Scholarship,0.0,insufficient_evidence,Literature and Literary Theory,0.0,"Public Health, Environmental and Occupational Health",0.19,10,c40c446d67677ec9cd52894674fdbe8fd0fcc99a53d29111368043c09db08409
3583,T12379,Cancer Diagnosis and Treatment,0.0,insufficient_evidence,Oncology,0.08181818181818182,Pathology and Forensic Medicine,0.17272727272727273,10,c40c446d67677ec9cd52894674fdbe8fd0fcc99a53d29111368043c09db08409
3584,T12380,Authorship Attribution and Profiling,0.0,insufficient_evidence,Artificial Intelligence,0.09,Communication,0.19,10,c40c446d67677ec9cd52894674fdbe8fd0fcc99a53d29111368043c09db08409
3585,T12386,Advanced X-ray and CT Imaging,0.0,insufficient_evidence,Biomedical Engineering,0.0,"Atomic and Molecular Physics, and Optics",1.0,1,c40c446d67677ec9cd52894674fdbe8fd0fcc99a53d29111368043c09db08409
3586,T12387,Galectins and Cancer Biology,0.0,consistent,Immunology,0.355,Immunology,0.355,10,c40c446d67677ec9cd52894674fdbe8fd0fcc99a53d29111368043c09db08409
3587,T12391,Artificial Immune Systems Applications,0.0,insufficient_evidence,Biomedical Engineering,0.0,Computer Networks and Communications,0.19,10,c40c446d67677ec9cd52894674fdbe8fd0fcc99a53d29111368043c09db08409
3588,T12392,Sharing Economy and Platforms,0.0,insufficient_evidence,Marketing,0.09,"Tourism, Leisure and Hospitality Management",0.19,10,c40c446d67677ec9cd52894674fdbe8fd0fcc99a53d29111368043c09db08409
3589,T12394,Insurance and Financial Risk Management,0.0,consistent,Economics and Econometrics,0.2714285714285714,Economics and Econometrics,0.2714285714285714,10,c40c446d67677ec9cd52894674fdbe8fd0fcc99a53d29111368043c09db08409
3590,T12396,Advanced Differential Equations and Dynamical Systems,0.0,insufficient_evidence,Geometry and Topology,0.0,Global and Planetary Change,1.0,1,c40c446d67677ec9cd52894674fdbe8fd0fcc99a53d29111368043c09db08409
3591,T12397,Critical Theory and Philosophy,0.0,consistent,Sociology and Political Science,0.4,Sociology and Political Science,0.4,10,c40c446d67677ec9cd52894674fdbe8fd0fcc99a53d29111368043c09db08409
3592,T12398,Poetry Analysis and Criticism,0.0,consistent,Literature and Literary Theory,0.39441892121830874,Literature and Literary Theory,0.39441892121830874,10,c40c446d67677ec9cd52894674fdbe8fd0fcc99a53d29111368043c09db08409
3593,T12402,Travel-related health issues,0.0,insufficient_evidence,"Public Health, Environmental and Occupational Health",0.06923076923076923,"Health, Toxicology and Mutagenesis",0.14615384615384616,10,c40c446d67677ec9cd52894674fdbe8fd0fcc99a53d29111368043c09db08409
3594,T12404,Mathematical Approximation and Integration,0.0,insufficient_evidence,Numerical Analysis,0.5,Numerical Analysis,0.5,2,c40c446d67677ec9cd52894674fdbe8fd0fcc99a53d29111368043c09db08409
3595,T12407,Plant Growth Enhancement Techniques,0.0,consistent,Plant Science,0.2,Plant Science,0.2,10,c40c446d67677ec9cd52894674fdbe8fd0fcc99a53d29111368043c09db08409
3596,T12410,Structural and Chemical Analysis of Organic and Inorganic Compounds,0.0,consistent,Organic Chemistry,0.6547692307692308,Organic Chemistry,0.6547692307692308,10,c40c446d67677ec9cd52894674fdbe8fd0fcc99a53d29111368043c09db08409
3597,T12413,Health and Medical Education,0.0,consistent,General Health Professions,0.30370370370370375,General Health Professions,0.30370370370370375,10,c40c446d67677ec9cd52894674fdbe8fd0fcc99a53d29111368043c09db08409
3598,T12414,Coastal and Marine Management,0.0,insufficient_evidence,"Management, Monitoring, Policy and Law",0.0,Organizational Behavior and Human Resource Management,0.1,10,c40c446d67677ec9cd52894674fdbe8fd0fcc99a53d29111368043c09db08409
3599,T12418,Respiratory and Cough-Related Research,0.0,insufficient_evidence,Pulmonary and Respiratory Medicine,0.0,,0,0,c40c446d67677ec9cd52894674fdbe8fd0fcc99a53d29111368043c09db08409
3600,T12420,Silicone and Siloxane Chemistry,0.0,consistent,Materials Chemistry,0.3982817869415808,Materials Chemistry,0.3982817869415808,10,c40c446d67677ec9cd52894674fdbe8fd0fcc99a53d29111368043c09db08409
3601,T12421,Adrenal Hormones and Disorders,0.0,insufficient_evidence,"Endocrinology, Diabetes and Metabolism",0.0,Epidemiology,0.5,2,c40c446d67677ec9cd52894674fdbe8fd0fcc99a53d29111368043c09db08409
3602,T12422,Radiomics and Machine Learning in Medical Imaging,0.0,insufficient_evidence,"Radiology, Nuclear Medicine and Imaging",0.0,Health Informatics,0.15688073394495414,10,c40c446d67677ec9cd52894674fdbe8fd0fcc99a53d29111368043c09db08409
3603,T12424,Earthquake Detection and Analysis,0.0,insufficient_evidence,Geophysics,0.0,,0,0,c40c446d67677ec9cd52894674fdbe8fd0fcc99a53d29111368043c09db08409
3604,T12425,Industrial Gas Emission Control,0.0,insufficient_evidence,Mechanical Engineering,0.0,General Agricultural and Biological Sciences,0.16666666666666666,6,c40c446d67677ec9cd52894674fdbe8fd0fcc99a53d29111368043c09db08409
3605,T12426,Lymphatic Disorders and Treatments,0.0,consistent,Surgery,0.2235294117647059,Surgery,0.2235294117647059,10,c40c446d67677ec9cd52894674fdbe8fd0fcc99a53d29111368043c09db08409
3606,T12431,Sugarcane Cultivation and Processing,0.0,consistent,Plant Science,0.34545454545454546,Plant Science,0.34545454545454546,10,c40c446d67677ec9cd52894674fdbe8fd0fcc99a53d29111368043c09db08409
3607,T12433,Skin Diseases and Diabetes,0.0,insufficient_evidence,Dermatology,0.0,Small Animals,0.19,10,c40c446d67677ec9cd52894674fdbe8fd0fcc99a53d29111368043c09db08409
3608,T12434,Phosphodiesterase function and regulation,0.0,consistent,Molecular Biology,0.2857142857142857,Molecular Biology,0.2857142857142857,7,c40c446d67677ec9cd52894674fdbe8fd0fcc99a53d29111368043c09db08409
3609,T12435,Bladed Disk Vibration Dynamics,0.0,insufficient_evidence,Civil and Structural Engineering,1.0,Civil and Structural Engineering,1.0,1,c40c446d67677ec9cd52894674fdbe8fd0fcc99a53d29111368043c09db08409
3610,T12439,Dental Research and COVID-19,0.0,insufficient_evidence,General Dentistry,0.0,Human-Computer Interaction,0.1,10,c40c446d67677ec9cd52894674fdbe8fd0fcc99a53d29111368043c09db08409
3611,T12441,Porphyrin Metabolism and Disorders,0.0,consistent,Molecular Biology,0.2,Molecular Biology,0.2,10,c40c446d67677ec9cd52894674fdbe8fd0fcc99a53d29111368043c09db08409
3612,T12445,Twentieth Century Scientific Developments,0.0,consistent,History and Philosophy of Science,0.2375,History and Philosophy of Science,0.2375,10,c40c446d67677ec9cd52894674fdbe8fd0fcc99a53d29111368043c09db08409
3613,T12446,Economic Growth and Fiscal Policies,0.0,consistent,Economics and Econometrics,0.5066666666666667,Economics and Econometrics,0.5066666666666667,10,c40c446d67677ec9cd52894674fdbe8fd0fcc99a53d29111368043c09db08409
3614,T12450,Radio Astronomy Observations and Technology,0.0,insufficient_evidence,Astronomy and Astrophysics,1.0,Astronomy and Astrophysics,1.0,1,c40c446d67677ec9cd52894674fdbe8fd0fcc99a53d29111368043c09db08409
3615,T12453,Infectious Aortic and Vascular Conditions,0.0,consistent,Surgery,0.5909090909090909,Surgery,0.5909090909090909,10,c40c446d67677ec9cd52894674fdbe8fd0fcc99a53d29111368043c09db08409
3616,T12459,Nerve Injury and Rehabilitation,0.0,consistent,Surgery,0.1,Surgery,0.1,10,c40c446d67677ec9cd52894674fdbe8fd0fcc99a53d29111368043c09db08409
3617,T12461,Narrative Theory and Analysis,0.0,consistent,Literature and Literary Theory,0.44,Literature and Literary Theory,0.44,10,c40c446d67677ec9cd52894674fdbe8fd0fcc99a53d29111368043c09db08409
3618,T12463,Amoebic Infections and Treatments,0.0,consistent,Infectious Diseases,0.26153846153846155,Infectious Diseases,0.26153846153846155,10,c40c446d67677ec9cd52894674fdbe8fd0fcc99a53d29111368043c09db08409
3619,T12464,Neurological Complications and Syndromes,0.0,insufficient_evidence,Psychiatry and Mental health,0.0,Infectious Diseases,0.17272727272727273,10,c40c446d67677ec9cd52894674fdbe8fd0fcc99a53d29111368043c09db08409
3620,T12465,"Cancer, Lipids, and Metabolism",0.0,insufficient_evidence,Cancer Research,0.18,Pharmacology,0.19,10,c40c446d67677ec9cd52894674fdbe8fd0fcc99a53d29111368043c09db08409
3621,T12466,Near-Field Optical Microscopy,0.0,consistent,Biomedical Engineering,0.5,Biomedical Engineering,0.5,4,c40c446d67677ec9cd52894674fdbe8fd0fcc99a53d29111368043c09db08409
3622,T12468,Radiation Effects and Dosimetry,0.0,consistent,Food Science,0.42727272727272725,Food Science,0.42727272727272725,10,c40c446d67677ec9cd52894674fdbe8fd0fcc99a53d29111368043c09db08409
3623,T12472,Plant responses to water stress,0.0,insufficient_evidence,Plant Science,0.0,Cancer Research,0.5,2,c40c446d67677ec9cd52894674fdbe8fd0fcc99a53d29111368043c09db08409
3624,T12475,Plant Parasitism and Resistance,0.0,consistent,Plant Science,1.0,Plant Science,1.0,3,c40c446d67677ec9cd52894674fdbe8fd0fcc99a53d29111368043c09db08409
3625,T12476,Intraoperative Neuromonitoring and Anesthetic Effects,0.0,insufficient_evidence,Surgery,0.0,,0,0,c40c446d67677ec9cd52894674fdbe8fd0fcc99a53d29111368043c09db08409
3626,T12479,Web Application Security Vulnerabilities,0.0,insufficient_evidence,Information Systems,0.0,Artificial Intelligence,1.0,1,c40c446d67677ec9cd52894674fdbe8fd0fcc99a53d29111368043c09db08409
3627,T12481,Digital Accessibility for Disabilities,0.0,insufficient_evidence,Human Factors and Ergonomics,0.0,General Agricultural and Biological Sciences,0.1,10,c40c446d67677ec9cd52894674fdbe8fd0fcc99a53d29111368043c09db08409
3628,T12482,Tunneling and Rock Mechanics,0.0,insufficient_evidence,Civil and Structural Engineering,0.0,"Safety, Risk, Reliability and Quality",0.24902912621359227,10,c40c446d67677ec9cd52894674fdbe8fd0fcc99a53d29111368043c09db08409
3629,T12484,Retinopathy of Prematurity Studies,0.0,insufficient_evidence,"Radiology, Nuclear Medicine and Imaging",0.0,Rheumatology,0.19,10,c40c446d67677ec9cd52894674fdbe8fd0fcc99a53d29111368043c09db08409
3630,T12486,Food Supply Chain Traceability,0.0,insufficient_evidence,Food Science,0.0,Animal Science and Zoology,0.1,10,c40c446d67677ec9cd52894674fdbe8fd0fcc99a53d29111368043c09db08409
3631,T12487,Structural Engineering and Vibration Analysis,0.0,consistent,Civil and Structural Engineering,0.3333333333333333,Civil and Structural Engineering,0.3333333333333333,3,c40c446d67677ec9cd52894674fdbe8fd0fcc99a53d29111368043c09db08409
3632,T12489,Microbial Metabolites in Food Biotechnology,0.0,consistent,Nutrition and Dietetics,0.17272727272727273,Nutrition and Dietetics,0.17272727272727273,10,c40c446d67677ec9cd52894674fdbe8fd0fcc99a53d29111368043c09db08409
3633,T12491,Superconductivity in MgB2 and Alloys,0.0,consistent,Condensed Matter Physics,0.2222222222222222,Condensed Matter Physics,0.2222222222222222,9,c40c446d67677ec9cd52894674fdbe8fd0fcc99a53d29111368043c09db08409
3634,T12495,Electrostatic Discharge in Electronics,0.0,consistent,Electrical and Electronic Engineering,0.75,Electrical and Electronic Engineering,0.75,4,c40c446d67677ec9cd52894674fdbe8fd0fcc99a53d29111368043c09db08409
3635,T12496,Color perception and design,0.0,consistent,Social Psychology,0.1,Social Psychology,0.1,10,c40c446d67677ec9cd52894674fdbe8fd0fcc99a53d29111368043c09db08409
3636,T12500,Reflective Practices in Education,0.0,consistent,Education,0.29375,Education,0.29375,10,c40c446d67677ec9cd52894674fdbe8fd0fcc99a53d29111368043c09db08409
3637,T12501,Digital Economy and Work Transformation,0.0,insufficient_evidence,Sociology and Political Science,0.0,Industrial relations,0.5,2,c40c446d67677ec9cd52894674fdbe8fd0fcc99a53d29111368043c09db08409
3638,T12502,Urbanization and City Planning,0.0,insufficient_evidence,Urban Studies,0.0,,0,0,c40c446d67677ec9cd52894674fdbe8fd0fcc99a53d29111368043c09db08409
3639,T12504,Mathematics and Applications,0.0,insufficient_evidence,Geometry and Topology,0.0,Astronomy and Astrophysics,1.0,1,c40c446d67677ec9cd52894674fdbe8fd0fcc99a53d29111368043c09db08409
3640,T12505,Peptidase Inhibition and Analysis,0.0,consistent,Oncology,0.3,Oncology,0.3,10,c40c446d67677ec9cd52894674fdbe8fd0fcc99a53d29111368043c09db08409
3641,T12508,Functional Equations Stability Results,0.0,consistent,Applied Mathematics,0.3333333333333333,Applied Mathematics,0.3333333333333333,3,c40c446d67677ec9cd52894674fdbe8fd0fcc99a53d29111368043c09db08409
3642,T12509,Corporate Insolvency and Governance,0.0,consistent,Accounting,0.5,Accounting,0.5,10,c40c446d67677ec9cd52894674fdbe8fd0fcc99a53d29111368043c09db08409
3643,T12512,History of Colonial Brazil,0.0,consistent,Anthropology,0.33636363636363636,Anthropology,0.33636363636363636,10,c40c446d67677ec9cd52894674fdbe8fd0fcc99a53d29111368043c09db08409
3644,T12513,Rocket and propulsion systems research,0.0,insufficient_evidence,Aerospace Engineering,0.0,Computational Mechanics,1.0,1,c40c446d67677ec9cd52894674fdbe8fd0fcc99a53d29111368043c09db08409
3645,T12517,Seventeenth-Century Political and Philosophical Thought,0.0,consistent,Philosophy,0.2,Philosophy,0.2,10,c40c446d67677ec9cd52894674fdbe8fd0fcc99a53d29111368043c09db08409
3646,T12521,Death Anxiety and Social Exclusion,0.0,consistent,Social Psychology,0.2,Social Psychology,0.2,10,c40c446d67677ec9cd52894674fdbe8fd0fcc99a53d29111368043c09db08409
3647,T12523,Nasolacrimal Duct Obstruction Treatments,0.0,insufficient_evidence,Ophthalmology,0.0,,0,0,c40c446d67677ec9cd52894674fdbe8fd0fcc99a53d29111368043c09db08409
3648,T12527,Chemistry and Stereochemistry Studies,0.0,consistent,Organic Chemistry,0.1111111111111111,Organic Chemistry,0.1111111111111111,9,c40c446d67677ec9cd52894674fdbe8fd0fcc99a53d29111368043c09db08409
3649,T12528,"IL-33, ST2, and ILC Pathways",0.0,consistent,Immunology,0.625,Immunology,0.625,8,c40c446d67677ec9cd52894674fdbe8fd0fcc99a53d29111368043c09db08409
3650,T12530,Bioactive Natural Diterpenoids Research,0.0,consistent,Molecular Biology,0.4778761061946903,Molecular Biology,0.4778761061946903,10,c40c446d67677ec9cd52894674fdbe8fd0fcc99a53d29111368043c09db08409
3651,T12531,Values and Moral Education,0.0,consistent,Education,0.554368932038835,Education,0.554368932038835,10,c40c446d67677ec9cd52894674fdbe8fd0fcc99a53d29111368043c09db08409
3652,T12534,Protein Degradation and Inhibitors,0.0,consistent,Molecular Biology,0.75,Molecular Biology,0.75,8,c40c446d67677ec9cd52894674fdbe8fd0fcc99a53d29111368043c09db08409
3653,T12535,Machine Learning and Data Classification,0.0,consistent,Artificial Intelligence,0.6,Artificial Intelligence,0.6,10,c40c446d67677ec9cd52894674fdbe8fd0fcc99a53d29111368043c09db08409
3654,T12538,Eosinophilic Esophagitis,0.0,consistent,Surgery,0.15560640732265446,Surgery,0.15560640732265446,10,c40c446d67677ec9cd52894674fdbe8fd0fcc99a53d29111368043c09db08409
3655,T12540,Cyclone Separators and Fluid Dynamics,0.0,consistent,Computational Mechanics,0.4,Computational Mechanics,0.4,10,c40c446d67677ec9cd52894674fdbe8fd0fcc99a53d29111368043c09db08409
3656,T12541,Graph Labeling and Dimension Problems,0.0,insufficient_evidence,Computational Theory and Mathematics,0.0,,0,0,c40c446d67677ec9cd52894674fdbe8fd0fcc99a53d29111368043c09db08409
3657,T12544,Working Capital and Financial Performance,0.0,consistent,Accounting,0.2545454545454545,Accounting,0.2545454545454545,10,c40c446d67677ec9cd52894674fdbe8fd0fcc99a53d29111368043c09db08409
3658,T12549,Image and Object Detection Techniques,0.0,insufficient_evidence,Computer Vision and Pattern Recognition,0.1956521739130435,"Safety, Risk, Reliability and Quality",0.41304347826086957,4,c40c446d67677ec9cd52894674fdbe8fd0fcc99a53d29111368043c09db08409
3659,T12550,"Politics and Conflicts in Afghanistan, Pakistan, and Middle East",0.0,consistent,Political Science and International Relations,0.43846153846153846,Political Science and International Relations,0.43846153846153846,10,c40c446d67677ec9cd52894674fdbe8fd0fcc99a53d29111368043c09db08409
3660,T12552,Fetal and Pediatric Neurological Disorders,0.0,consistent,"Pediatrics, Perinatology and Child Health",0.2,"Pediatrics, Perinatology and Child Health",0.2,10,c40c446d67677ec9cd52894674fdbe8fd0fcc99a53d29111368043c09db08409
3661,T12555,Ancient Egypt and Archaeology,0.0,insufficient_evidence,Archeology,0.0,History,0.17272727272727273,10,c40c446d67677ec9cd52894674fdbe8fd0fcc99a53d29111368043c09db08409
3662,T12556,Educational Methods and Analysis,0.0,consistent,Education,0.28,Education,0.28,10,c40c446d67677ec9cd52894674fdbe8fd0fcc99a53d29111368043c09db08409
3663,T12558,Wittgensteinian philosophy and applications,0.0,consistent,Philosophy,0.576,Philosophy,0.576,10,c40c446d67677ec9cd52894674fdbe8fd0fcc99a53d29111368043c09db08409
3664,T12559,French Literature and Critical Theory,0.0,consistent,Literature and Literary Theory,0.1789473684210526,Literature and Literary Theory,0.1789473684210526,10,c40c446d67677ec9cd52894674fdbe8fd0fcc99a53d29111368043c09db08409
3665,T12562,Synthesis and Characterization of Pyrroles,0.0,consistent,Organic Chemistry,0.7112426035502958,Organic Chemistry,0.7112426035502958,10,c40c446d67677ec9cd52894674fdbe8fd0fcc99a53d29111368043c09db08409
3666,T12566,Nitrogen and Sulfur Effects on Brassica,0.0,consistent,Molecular Biology,0.4,Molecular Biology,0.4,10,c40c446d67677ec9cd52894674fdbe8fd0fcc99a53d29111368043c09db08409
3667,T12567,Heat transfer and supercritical fluids,0.0,consistent,Computational Mechanics,0.4030534351145038,Computational Mechanics,0.4030534351145038,10,c40c446d67677ec9cd52894674fdbe8fd0fcc99a53d29111368043c09db08409
3668,T12568,Plant Taxonomy and Phylogenetics,0.0,consistent,"Ecology, Evolution, Behavior and Systematics",0.5937500000000001,"Ecology, Evolution, Behavior and Systematics",0.5937500000000001,10,c40c446d67677ec9cd52894674fdbe8fd0fcc99a53d29111368043c09db08409
3669,T12570,Photopolymerization techniques and applications,0.0,consistent,Organic Chemistry,0.2222222222222222,Organic Chemistry,0.2222222222222222,9,c40c446d67677ec9cd52894674fdbe8fd0fcc99a53d29111368043c09db08409
3670,T12571,Soybean genetics and cultivation,0.0,consistent,Plant Science,0.6452554744525547,Plant Science,0.6452554744525547,10,c40c446d67677ec9cd52894674fdbe8fd0fcc99a53d29111368043c09db08409
3671,T12572,"Intelligence, Security, War Strategy",0.0,consistent,Political Science and International Relations,0.40714285714285714,Political Science and International Relations,0.40714285714285714,10,c40c446d67677ec9cd52894674fdbe8fd0fcc99a53d29111368043c09db08409
3672,T12576,vaccines and immunoinformatics approaches,0.0,insufficient_evidence,Molecular Biology,0.0,Immunology,1.0,1,c40c446d67677ec9cd52894674fdbe8fd0fcc99a53d29111368043c09db08409
3673,T12581,Engineering Structural Analysis Methods,0.0,consistent,Mechanical Engineering,0.25,Mechanical Engineering,0.25,8,c40c446d67677ec9cd52894674fdbe8fd0fcc99a53d29111368043c09db08409
3674,T12584,Hospitality and Tourism Education,0.0,insufficient_evidence,"Tourism, Leisure and Hospitality Management",0.0,Management of Technology and Innovation,0.2,5,c40c446d67677ec9cd52894674fdbe8fd0fcc99a53d29111368043c09db08409
3675,T12586,"Folklore, Mythology, and Literature Studies",0.0,insufficient_evidence,Literature and Literary Theory,0.08181818181818182,Museology,0.17272727272727273,10,c40c446d67677ec9cd52894674fdbe8fd0fcc99a53d29111368043c09db08409
3676,T12589,Differential Equations and Boundary Problems,0.0,consistent,Applied Mathematics,0.6666666666666666,Applied Mathematics,0.6666666666666666,3,c40c446d67677ec9cd52894674fdbe8fd0fcc99a53d29111368043c09db08409
3677,T12590,STEM Education,0.0,consistent,Education,0.28,Education,0.28,10,c40c446d67677ec9cd52894674fdbe8fd0fcc99a53d29111368043c09db08409
3678,T12591,Inclusive Education and Diversity,0.0,consistent,Education,0.1,Education,0.1,10,c40c446d67677ec9cd52894674fdbe8fd0fcc99a53d29111368043c09db08409
3679,T12592,Opinion Dynamics and Social Influence,0.0,consistent,Statistical and Nonlinear Physics,0.19,Statistical and Nonlinear Physics,0.19,10,c40c446d67677ec9cd52894674fdbe8fd0fcc99a53d29111368043c09db08409
3680,T12594,Collaboration in agile enterprises,0.0,insufficient_evidence,Management of Technology and Innovation,0.0,,0,0,c40c446d67677ec9cd52894674fdbe8fd0fcc99a53d29111368043c09db08409
3681,T12601,Web Applications and Data Management,0.0,insufficient_evidence,Information Systems,0.0,,0,0,c40c446d67677ec9cd52894674fdbe8fd0fcc99a53d29111368043c09db08409
3682,T12603,NMR spectroscopy and applications,0.0,insufficient_evidence,Nuclear and High Energy Physics,0.0,Water Science and Technology,0.19,10,c40c446d67677ec9cd52894674fdbe8fd0fcc99a53d29111368043c09db08409
3683,T12605,Berry genetics and cultivation research,0.0,consistent,Plant Science,0.6,Plant Science,0.6,10,c40c446d67677ec9cd52894674fdbe8fd0fcc99a53d29111368043c09db08409
3684,T12606,Diptera species taxonomy and behavior,0.0,consistent,"Ecology, Evolution, Behavior and Systematics",0.6732223903177005,"Ecology, Evolution, Behavior and Systematics",0.6732223903177005,10,c40c446d67677ec9cd52894674fdbe8fd0fcc99a53d29111368043c09db08409
3685,T12609,Latin American socio-political dynamics,0.0,consistent,Sociology and Political Science,0.29491525423728815,Sociology and Political Science,0.29491525423728815,10,c40c446d67677ec9cd52894674fdbe8fd0fcc99a53d29111368043c09db08409
3686,T12612,Strong Light-Matter Interactions,0.0,insufficient_evidence,"Atomic and Molecular Physics, and Optics",1.0,"Atomic and Molecular Physics, and Optics",1.0,2,c40c446d67677ec9cd52894674fdbe8fd0fcc99a53d29111368043c09db08409
3687,T12613,X-ray Diffraction in Crystallography,0.0,insufficient_evidence,Materials Chemistry,0.18,Inorganic Chemistry,0.19,10,c40c446d67677ec9cd52894674fdbe8fd0fcc99a53d29111368043c09db08409
3688,T12620,Signaling Pathways in Disease,0.0,consistent,Molecular Biology,0.6,Molecular Biology,0.6,10,c40c446d67677ec9cd52894674fdbe8fd0fcc99a53d29111368043c09db08409
3689,T12621,Hemispheric Asymmetry in Neuroscience,0.0,insufficient_evidence,Cognitive Neuroscience,0.1978021978021978,Developmental Neuroscience,0.20879120879120877,9,c40c446d67677ec9cd52894674fdbe8fd0fcc99a53d29111368043c09db08409
3690,T12624,Maritime and Coastal Archaeology,0.0,insufficient_evidence,Archeology,0.1232876712328767,Oceanography,0.2602739726027397,7,c40c446d67677ec9cd52894674fdbe8fd0fcc99a53d29111368043c09db08409
3691,T12626,"Cancer, Stress, Anesthesia, and Immune Response",0.0,insufficient_evidence,Psychiatry and Mental health,0.0,Physiology,0.5,2,c40c446d67677ec9cd52894674fdbe8fd0fcc99a53d29111368043c09db08409
3692,T12630,African Botany and Ecology Studies,0.0,consistent,Forestry,0.32529182879377433,Forestry,0.32529182879377433,10,c40c446d67677ec9cd52894674fdbe8fd0fcc99a53d29111368043c09db08409
3693,T12631,Head and Neck Anomalies,0.0,insufficient_evidence,Surgery,0.0,"Endocrinology, Diabetes and Metabolism",1.0,1,c40c446d67677ec9cd52894674fdbe8fd0fcc99a53d29111368043c09db08409
3694,T12633,Legal case studies and regulations,0.0,consistent,Political Science and International Relations,0.5555555555555556,Political Science and International Relations,0.5555555555555556,10,c40c446d67677ec9cd52894674fdbe8fd0fcc99a53d29111368043c09db08409
3695,T12634,Ureteral procedures and complications,0.0,insufficient_evidence,Obstetrics and Gynecology,0.0,Emergency Medicine,0.15,10,c40c446d67677ec9cd52894674fdbe8fd0fcc99a53d29111368043c09db08409
3696,T12635,African studies and sociopolitical issues,0.0,consistent,Sociology and Political Science,0.255,Sociology and Political Science,0.255,10,c40c446d67677ec9cd52894674fdbe8fd0fcc99a53d29111368043c09db08409
3697,T12640,Environmental DNA in Biodiversity Studies,0.0,consistent,Ecology,0.3,Ecology,0.3,10,c40c446d67677ec9cd52894674fdbe8fd0fcc99a53d29111368043c09db08409
3698,T12642,Polymer-Based Agricultural Enhancements,0.0,consistent,Biomedical Engineering,0.3333333333333333,Biomedical Engineering,0.3333333333333333,6,c40c446d67677ec9cd52894674fdbe8fd0fcc99a53d29111368043c09db08409
3699,T12646,Inorganic Fluorides and Related Compounds,0.0,insufficient_evidence,Inorganic Chemistry,0.0,Electrical and Electronic Engineering,1.0,1,c40c446d67677ec9cd52894674fdbe8fd0fcc99a53d29111368043c09db08409
3700,T12648,Academic Writing and Publishing,0.0,insufficient_evidence,History and Philosophy of Science,0.24324324324324326,Information Systems and Management,0.5135135135135135,3,c40c446d67677ec9cd52894674fdbe8fd0fcc99a53d29111368043c09db08409
3701,T12650,Aesthetic Perception and Analysis,0.0,consistent,Cognitive Neuroscience,0.4,Cognitive Neuroscience,0.4,5,c40c446d67677ec9cd52894674fdbe8fd0fcc99a53d29111368043c09db08409
3702,T12653,Cyclization and Aryne Chemistry,0.0,consistent,Organic Chemistry,1.0,Organic Chemistry,1.0,10,c40c446d67677ec9cd52894674fdbe8fd0fcc99a53d29111368043c09db08409
3703,T12654,Xenotransplantation and immune response,0.0,consistent,Surgery,0.16666666666666666,Surgery,0.16666666666666666,6,c40c446d67677ec9cd52894674fdbe8fd0fcc99a53d29111368043c09db08409
3704,T12657,Phytochemistry Medicinal Plant Applications,0.0,consistent,Plant Science,0.40122324159021405,Plant Science,0.40122324159021405,10,c40c446d67677ec9cd52894674fdbe8fd0fcc99a53d29111368043c09db08409
3705,T12659,Innovation Diffusion and Forecasting,0.0,consistent,Management Science and Operations Research,0.2857142857142857,Management Science and Operations Research,0.2857142857142857,7,c40c446d67677ec9cd52894674fdbe8fd0fcc99a53d29111368043c09db08409
3706,T12660,Plant Disease Management Techniques,0.0,consistent,Plant Science,0.8,Plant Science,0.8,5,c40c446d67677ec9cd52894674fdbe8fd0fcc99a53d29111368043c09db08409
3707,T12663,Body Image and Dysmorphia Studies,0.0,consistent,Clinical Psychology,0.2153846153846154,Clinical Psychology,0.2153846153846154,10,c40c446d67677ec9cd52894674fdbe8fd0fcc99a53d29111368043c09db08409
3708,T12666,Historical Psychiatry and Medical Practices,0.0,consistent,Clinical Psychology,0.55,Clinical Psychology,0.55,10,c40c446d67677ec9cd52894674fdbe8fd0fcc99a53d29111368043c09db08409
3709,T12669,Comparative International Legal Studies,0.0,consistent,Political Science and International Relations,0.31333333333333335,Political Science and International Relations,0.31333333333333335,10,c40c446d67677ec9cd52894674fdbe8fd0fcc99a53d29111368043c09db08409
3710,T12672,Phagocytosis and Immune Regulation,0.0,consistent,Immunology,0.3,Immunology,0.3,10,c40c446d67677ec9cd52894674fdbe8fd0fcc99a53d29111368043c09db08409
3711,T12673,Microbial Metabolism and Applications,0.0,consistent,Biotechnology,0.19,Biotechnology,0.19,10,c40c446d67677ec9cd52894674fdbe8fd0fcc99a53d29111368043c09db08409
3712,T12675,Financial Reporting and Valuation Research,0.0,consistent,Strategy and Management,0.37,Strategy and Management,0.37,10,c40c446d67677ec9cd52894674fdbe8fd0fcc99a53d29111368043c09db08409
3713,T12676,Machine Learning and ELM,0.0,consistent,Artificial Intelligence,0.41818181818181815,Artificial Intelligence,0.41818181818181815,10,c40c446d67677ec9cd52894674fdbe8fd0fcc99a53d29111368043c09db08409
3714,T12678,Themes in Literature Analysis,0.0,consistent,Literature and Literary Theory,0.41818181818181815,Literature and Literary Theory,0.41818181818181815,10,c40c446d67677ec9cd52894674fdbe8fd0fcc99a53d29111368043c09db08409
3715,T12679,Focus Groups and Qualitative Methods,0.0,consistent,Sociology and Political Science,0.19,Sociology and Political Science,0.19,10,c40c446d67677ec9cd52894674fdbe8fd0fcc99a53d29111368043c09db08409
3716,T12681,Global Healthcare and Medical Tourism,0.0,consistent,General Health Professions,0.3,General Health Professions,0.3,10,c40c446d67677ec9cd52894674fdbe8fd0fcc99a53d29111368043c09db08409
3717,T12683,Studies on Chitinases and Chitosanases,0.0,consistent,Molecular Biology,0.19999999999999998,Molecular Biology,0.19999999999999998,10,c40c446d67677ec9cd52894674fdbe8fd0fcc99a53d29111368043c09db08409
3718,T12686,Central European national history,0.0,consistent,Sociology and Political Science,0.44574780058651026,Sociology and Political Science,0.44574780058651026,10,c40c446d67677ec9cd52894674fdbe8fd0fcc99a53d29111368043c09db08409
3719,T12688,Microbial metabolism and enzyme function,0.0,consistent,Molecular Biology,0.75,Molecular Biology,0.75,4,c40c446d67677ec9cd52894674fdbe8fd0fcc99a53d29111368043c09db08409
3720,T12691,Coccidia and coccidiosis research,0.0,insufficient_evidence,Animal Science and Zoology,0.0,Endocrinology,0.19,10,c40c446d67677ec9cd52894674fdbe8fd0fcc99a53d29111368043c09db08409
3721,T12692,Magnetic Field Sensors Techniques,0.0,insufficient_evidence,Electrical and Electronic Engineering,0.0,,0,0,c40c446d67677ec9cd52894674fdbe8fd0fcc99a53d29111368043c09db08409
3722,T12693,"Migration, Ethnicity, and Economy",0.0,consistent,Sociology and Political Science,0.4,Sociology and Political Science,0.4,10,c40c446d67677ec9cd52894674fdbe8fd0fcc99a53d29111368043c09db08409
3723,T12694,"Categorization, perception, and language",0.0,consistent,Experimental and Cognitive Psychology,0.17272727272727273,Experimental and Cognitive Psychology,0.17272727272727273,10,c40c446d67677ec9cd52894674fdbe8fd0fcc99a53d29111368043c09db08409
3724,T12695,Urinary and Genital Oncology Studies,0.0,insufficient_evidence,Surgery,0.0,,0,0,c40c446d67677ec9cd52894674fdbe8fd0fcc99a53d29111368043c09db08409
3725,T12696,Icing and De-icing Technologies,0.0,insufficient_evidence,Aerospace Engineering,0.0,Computational Mechanics,0.3333333333333333,3,c40c446d67677ec9cd52894674fdbe8fd0fcc99a53d29111368043c09db08409
3726,T12699,Electromagnetic Launch and Propulsion Technology,0.0,insufficient_evidence,Aerospace Engineering,0.0,Control and Systems Engineering,1.0,1,c40c446d67677ec9cd52894674fdbe8fd0fcc99a53d29111368043c09db08409
3727,T12700,Doping in Sports,0.0,insufficient_evidence,Sociology and Political Science,0.0,Electrical and Electronic Engineering,0.5,2,c40c446d67677ec9cd52894674fdbe8fd0fcc99a53d29111368043c09db08409
3728,T12703,Oil Palm Production and Sustainability,0.0,consistent,Ecology,0.3,Ecology,0.3,10,c40c446d67677ec9cd52894674fdbe8fd0fcc99a53d29111368043c09db08409
3729,T12704,Stress and Burnout Research,0.0,insufficient_evidence,Social Psychology,0.15480950584685027,Developmental and Educational Psychology,0.2193134666163712,10,c40c446d67677ec9cd52894674fdbe8fd0fcc99a53d29111368043c09db08409
3730,T12705,Educational Reforms and Innovations,0.0,consistent,"Health, Toxicology and Mutagenesis",0.19,"Health, Toxicology and Mutagenesis",0.19,10,c40c446d67677ec9cd52894674fdbe8fd0fcc99a53d29111368043c09db08409
3731,T12706,Subcritical and Supercritical Water Processes,0.0,insufficient_evidence,Biomedical Engineering,0.21345291479820627,Building and Construction,0.23004484304932737,10,c40c446d67677ec9cd52894674fdbe8fd0fcc99a53d29111368043c09db08409
3732,T12708,Economic and Financial Impacts of Cancer,0.0,insufficient_evidence,Economics and Econometrics,0.0,,0,0,c40c446d67677ec9cd52894674fdbe8fd0fcc99a53d29111368043c09db08409
3733,T12711,Immigration and Intercultural Education,0.0,insufficient_evidence,Cultural Studies,0.08181818181818182,Education,0.17272727272727273,10,c40c446d67677ec9cd52894674fdbe8fd0fcc99a53d29111368043c09db08409
3734,T12712,Myofascial pain diagnosis and treatment,0.0,insufficient_evidence,Cell Biology,0.0,Neurology,0.20879120879120877,9,c40c446d67677ec9cd52894674fdbe8fd0fcc99a53d29111368043c09db08409
3735,T12714,Youth Education and Societal Dynamics,0.0,consistent,Sociology and Political Science,0.3,Sociology and Political Science,0.3,10,c40c446d67677ec9cd52894674fdbe8fd0fcc99a53d29111368043c09db08409
3736,T12717,Space exploration and regulation,0.0,insufficient_evidence,Astronomy and Astrophysics,0.0,,0,0,c40c446d67677ec9cd52894674fdbe8fd0fcc99a53d29111368043c09db08409
3737,T12720,Multimedia Communication and Technology,0.0,insufficient_evidence,Sociology and Political Science,0.0,Computer Vision and Pattern Recognition,1.0,1,c40c446d67677ec9cd52894674fdbe8fd0fcc99a53d29111368043c09db08409
3738,T12725,transportation and logistics systems,0.0,consistent,Transportation,0.14615384615384616,Transportation,0.14615384615384616,10,c40c446d67677ec9cd52894674fdbe8fd0fcc99a53d29111368043c09db08409
3739,T12727,Differential Equations and Numerical Methods,0.0,insufficient_evidence,Numerical Analysis,0.0,Computational Mechanics,0.25,4,c40c446d67677ec9cd52894674fdbe8fd0fcc99a53d29111368043c09db08409
3740,T12728,Demographic Trends and Gender Preferences,0.0,consistent,Gender Studies,0.2,Gender Studies,0.2,10,c40c446d67677ec9cd52894674fdbe8fd0fcc99a53d29111368043c09db08409
3741,T12730,"Weber, Simmel, Sociological Theory",0.0,consistent,Sociology and Political Science,0.2375,Sociology and Political Science,0.2375,10,c40c446d67677ec9cd52894674fdbe8fd0fcc99a53d29111368043c09db08409
3742,T12731,Hidradenitis Suppurativa and Treatments,0.0,insufficient_evidence,Dermatology,0.0,Molecular Biology,0.1,10,c40c446d67677ec9cd52894674fdbe8fd0fcc99a53d29111368043c09db08409
3743,T12733,Vector-Borne Animal Diseases,0.0,insufficient_evidence,"Ecology, Evolution, Behavior and Systematics",0.0,Epidemiology,0.14210526315789473,10,c40c446d67677ec9cd52894674fdbe8fd0fcc99a53d29111368043c09db08409
3744,T12738,Corporate Identity and Reputation,0.0,consistent,Strategy and Management,0.3,Strategy and Management,0.3,10,c40c446d67677ec9cd52894674fdbe8fd0fcc99a53d29111368043c09db08409
3745,T12741,Maternal and Neonatal Healthcare,0.0,consistent,General Health Professions,0.31089494163424125,General Health Professions,0.31089494163424125,10,c40c446d67677ec9cd52894674fdbe8fd0fcc99a53d29111368043c09db08409
3746,T12742,Sunflower and Safflower Cultivation,0.0,consistent,Plant Science,0.4444444444444444,Plant Science,0.4444444444444444,9,c40c446d67677ec9cd52894674fdbe8fd0fcc99a53d29111368043c09db08409
3747,T12743,Spanish Culture and Identity,0.0,consistent,Philosophy,0.1890547263681592,Philosophy,0.1890547263681592,10,c40c446d67677ec9cd52894674fdbe8fd0fcc99a53d29111368043c09db08409
3748,T12745,Dietary Effects on Health,0.0,consistent,Physiology,0.44,Physiology,0.44,10,c40c446d67677ec9cd52894674fdbe8fd0fcc99a53d29111368043c09db08409
3749,T12746,Sustainable Industrial Ecology,0.0,insufficient_evidence,Industrial and Manufacturing Engineering,0.0,General Agricultural and Biological Sciences,0.1357142857142857,10,c40c446d67677ec9cd52894674fdbe8fd0fcc99a53d29111368043c09db08409
3750,T12750,Nigella sativa pharmacological applications,0.0,consistent,Complementary and alternative medicine,0.31004784688995213,Complementary and alternative medicine,0.31004784688995213,10,c40c446d67677ec9cd52894674fdbe8fd0fcc99a53d29111368043c09db08409
3751,T12752,Global Peace and Security Dynamics,0.0,consistent,Political Science and International Relations,0.54,Political Science and International Relations,0.54,10,c40c446d67677ec9cd52894674fdbe8fd0fcc99a53d29111368043c09db08409
3752,T12753,"Psychology, Coaching, and Therapy",0.0,insufficient_evidence,Social Psychology,0.09,Public Administration,0.19,10,c40c446d67677ec9cd52894674fdbe8fd0fcc99a53d29111368043c09db08409
3753,T12759,Vehicle Noise and Vibration Control,0.0,insufficient_evidence,Automotive Engineering,0.0,Aerospace Engineering,0.3333333333333333,3,c40c446d67677ec9cd52894674fdbe8fd0fcc99a53d29111368043c09db08409
3754,T12760,Laser Design and Applications,0.0,insufficient_evidence,Electrical and Electronic Engineering,0.5,Electrical and Electronic Engineering,0.5,2,c40c446d67677ec9cd52894674fdbe8fd0fcc99a53d29111368043c09db08409
3755,T12762,Crystallography and Radiation Phenomena,0.0,insufficient_evidence,Condensed Matter Physics,0.0,Archeology,0.3333333333333333,3,c40c446d67677ec9cd52894674fdbe8fd0fcc99a53d29111368043c09db08409
3756,T12763,ATP Synthase and ATPases Research,0.0,insufficient_evidence,Molecular Biology,0.0,Physical and Theoretical Chemistry,0.25,4,c40c446d67677ec9cd52894674fdbe8fd0fcc99a53d29111368043c09db08409
3757,T12764,Polish Historical and Cultural Studies,0.0,consistent,Political Science and International Relations,0.41818181818181815,Political Science and International Relations,0.41818181818181815,10,c40c446d67677ec9cd52894674fdbe8fd0fcc99a53d29111368043c09db08409
3758,T12765,"Race, History, and American Society",0.0,consistent,Sociology and Political Science,0.36153846153846153,Sociology and Political Science,0.36153846153846153,10,c40c446d67677ec9cd52894674fdbe8fd0fcc99a53d29111368043c09db08409
3759,T12767,Conflict of Laws and Jurisdiction,0.0,consistent,Political Science and International Relations,0.3,Political Science and International Relations,0.3,10,c40c446d67677ec9cd52894674fdbe8fd0fcc99a53d29111368043c09db08409
3760,T12768,Linguistics and language evolution,0.0,consistent,Language and Linguistics,0.7471074380165289,Language and Linguistics,0.7471074380165289,10,c40c446d67677ec9cd52894674fdbe8fd0fcc99a53d29111368043c09db08409
3761,T12769,Stoma care and complications,0.0,insufficient_evidence,Surgery,0.0,Health,0.19,10,c40c446d67677ec9cd52894674fdbe8fd0fcc99a53d29111368043c09db08409
3762,T12771,Plant pathogens and resistance mechanisms,0.0,consistent,Plant Science,0.2,Plant Science,0.2,10,c40c446d67677ec9cd52894674fdbe8fd0fcc99a53d29111368043c09db08409
3763,T12772,Control and Stability of Dynamical Systems,0.0,consistent,Control and Systems Engineering,0.3333333333333333,Control and Systems Engineering,0.3333333333333333,9,c40c446d67677ec9cd52894674fdbe8fd0fcc99a53d29111368043c09db08409
3764,T12773,Water Quality and Resources Studies,0.0,consistent,Water Science and Technology,0.2444444444444444,Water Science and Technology,0.2444444444444444,10,c40c446d67677ec9cd52894674fdbe8fd0fcc99a53d29111368043c09db08409
3765,T12774,Bauxite Residue and Utilization,0.0,insufficient_evidence,Mechanical Engineering,0.0,Building and Construction,0.19,10,c40c446d67677ec9cd52894674fdbe8fd0fcc99a53d29111368043c09db08409
3766,T12777,"Philosophy, History, and Historiography",0.0,consistent,History,0.3,History,0.3,10,c40c446d67677ec9cd52894674fdbe8fd0fcc99a53d29111368043c09db08409
3767,T12780,Heavy Metal Pollution Remediation,0.0,consistent,Water Science and Technology,0.30510948905109486,Water Science and Technology,0.30510948905109486,10,c40c446d67677ec9cd52894674fdbe8fd0fcc99a53d29111368043c09db08409
3768,T12781,Global Health Care Issues,0.0,consistent,General Health Professions,0.19,General Health Professions,0.19,10,c40c446d67677ec9cd52894674fdbe8fd0fcc99a53d29111368043c09db08409
3769,T12785,Hong Kong and Taiwan Politics,0.0,consistent,Sociology and Political Science,0.5,Sociology and Political Science,0.5,10,c40c446d67677ec9cd52894674fdbe8fd0fcc99a53d29111368043c09db08409
3770,T12788,Space Science and Extraterrestrial Life,0.0,consistent,Astronomy and Astrophysics,0.3333333333333333,Astronomy and Astrophysics,0.3333333333333333,3,c40c446d67677ec9cd52894674fdbe8fd0fcc99a53d29111368043c09db08409
3771,T12789,Planarian Biology and Electrostimulation,0.0,consistent,Molecular Biology,0.37,Molecular Biology,0.37,10,c40c446d67677ec9cd52894674fdbe8fd0fcc99a53d29111368043c09db08409
3772,T12791,Full-Duplex Wireless Communications,0.0,consistent,Electrical and Electronic Engineering,0.42727272727272725,Electrical and Electronic Engineering,0.42727272727272725,10,c40c446d67677ec9cd52894674fdbe8fd0fcc99a53d29111368043c09db08409
3773,T12792,Soil Management and Crop Yield,0.0,consistent,Soil Science,0.3333333333333333,Soil Science,0.3333333333333333,6,c40c446d67677ec9cd52894674fdbe8fd0fcc99a53d29111368043c09db08409
3774,T12793,Caveolin-1 and cellular processes,0.0,consistent,Cell Biology,0.3,Cell Biology,0.3,10,c40c446d67677ec9cd52894674fdbe8fd0fcc99a53d29111368043c09db08409
3775,T12795,Banana Cultivation and Research,0.0,consistent,Plant Science,0.475,Plant Science,0.475,10,c40c446d67677ec9cd52894674fdbe8fd0fcc99a53d29111368043c09db08409
3776,T12796,Dermatological and COVID-19 studies,0.0,insufficient_evidence,Dermatology,0.0,Economics and Econometrics,0.1,10,c40c446d67677ec9cd52894674fdbe8fd0fcc99a53d29111368043c09db08409
3777,T12797,History of Computing Technologies,0.0,insufficient_evidence,Computer Science Applications,0.0,General Arts and Humanities,0.09999999999999999,10,c40c446d67677ec9cd52894674fdbe8fd0fcc99a53d29111368043c09db08409
3778,T12800,Musculoskeletal synovial abnormalities and treatments,0.0,consistent,Rheumatology,0.1,Rheumatology,0.1,10,c40c446d67677ec9cd52894674fdbe8fd0fcc99a53d29111368043c09db08409
3779,T12801,Bluetooth and Wireless Communication Technologies,0.0,consistent,Computer Networks and Communications,0.2714285714285714,Computer Networks and Communications,0.2714285714285714,10,c40c446d67677ec9cd52894674fdbe8fd0fcc99a53d29111368043c09db08409
3780,T12805,Cognitive Science and Mapping,0.0,insufficient_evidence,Artificial Intelligence,0.18,Physical and Theoretical Chemistry,0.19,10,c40c446d67677ec9cd52894674fdbe8fd0fcc99a53d29111368043c09db08409
3781,T12809,Contact Mechanics and Variational Inequalities,0.0,insufficient_evidence,Computational Theory and Mathematics,0.18,Modeling and Simulation,0.19,10,c40c446d67677ec9cd52894674fdbe8fd0fcc99a53d29111368043c09db08409
3782,T12812,Meromorphic and Entire Functions,0.0,insufficient_evidence,Applied Mathematics,1.0,Applied Mathematics,1.0,1,c40c446d67677ec9cd52894674fdbe8fd0fcc99a53d29111368043c09db08409
3783,T12814,Gaussian Processes and Bayesian Inference,0.0,consistent,Artificial Intelligence,0.305,Artificial Intelligence,0.305,10,c40c446d67677ec9cd52894674fdbe8fd0fcc99a53d29111368043c09db08409
3784,T12816,Global Public Health Policies and Epidemiology,0.0,insufficient_evidence,Organizational Behavior and Human Resource Management,0.0,Strategy and Management,0.1,10,c40c446d67677ec9cd52894674fdbe8fd0fcc99a53d29111368043c09db08409
3785,T12817,Pharmacological Effects of Natural Compounds,0.0,consistent,Pharmacology,0.288,Pharmacology,0.288,10,c40c446d67677ec9cd52894674fdbe8fd0fcc99a53d29111368043c09db08409
3786,T12820,Chromatin Remodeling and Cancer,0.0,consistent,Molecular Biology,0.37,Molecular Biology,0.37,10,c40c446d67677ec9cd52894674fdbe8fd0fcc99a53d29111368043c09db08409
3787,T12821,Geological Formations and Processes Exploration,0.0,insufficient_evidence,Geophysics,1.0,Geophysics,1.0,2,c40c446d67677ec9cd52894674fdbe8fd0fcc99a53d29111368043c09db08409
3788,T12822,Turfgrass Adaptation and Management,0.0,consistent,Environmental Chemistry,0.2,Environmental Chemistry,0.2,10,c40c446d67677ec9cd52894674fdbe8fd0fcc99a53d29111368043c09db08409
3789,T12824,Infections and bacterial resistance,0.0,insufficient_evidence,Endocrinology,0.0,"Health, Toxicology and Mutagenesis",0.17272727272727273,10,c40c446d67677ec9cd52894674fdbe8fd0fcc99a53d29111368043c09db08409
3790,T12825,"Defense, Military, and Policy Studies",0.0,consistent,Economics and Econometrics,0.4666666666666667,Economics and Econometrics,0.4666666666666667,10,c40c446d67677ec9cd52894674fdbe8fd0fcc99a53d29111368043c09db08409
3791,T12826,Education Methods and Technologies,0.0,consistent,Education,0.5,Education,0.5,10,c40c446d67677ec9cd52894674fdbe8fd0fcc99a53d29111368043c09db08409
3792,T12827,Biochemical and Molecular Research,0.0,insufficient_evidence,Molecular Biology,0.0,Biochemistry,1.0,1,c40c446d67677ec9cd52894674fdbe8fd0fcc99a53d29111368043c09db08409
3793,T12830,Pectus Deformity Diagnosis and Treatment,0.0,consistent,Surgery,0.34545454545454546,Surgery,0.34545454545454546,10,c40c446d67677ec9cd52894674fdbe8fd0fcc99a53d29111368043c09db08409
3794,T12834,Flowering Plant Growth and Cultivation,0.0,insufficient_evidence,Plant Science,0.0,Electrical and Electronic Engineering,1.0,1,c40c446d67677ec9cd52894674fdbe8fd0fcc99a53d29111368043c09db08409
3795,T12835,FOXO transcription factor regulation,0.0,consistent,Molecular Biology,0.305,Molecular Biology,0.305,10,c40c446d67677ec9cd52894674fdbe8fd0fcc99a53d29111368043c09db08409
3796,T12836,History and Developments in Astronomy,0.0,consistent,Astronomy and Astrophysics,0.1,Astronomy and Astrophysics,0.1,10,c40c446d67677ec9cd52894674fdbe8fd0fcc99a53d29111368043c09db08409
3797,T12838,Photovoltaic Systems and Sustainability,0.0,insufficient_evidence,Environmental Engineering,0.13458333333333333,Waste Management and Disposal,0.21375000000000002,10,c40c446d67677ec9cd52894674fdbe8fd0fcc99a53d29111368043c09db08409
3798,T12840,Renal function and acid-base balance,0.0,consistent,Nephrology,0.4,Nephrology,0.4,10,c40c446d67677ec9cd52894674fdbe8fd0fcc99a53d29111368043c09db08409
3799,T12841,Echinoderm biology and ecology,0.0,insufficient_evidence,Aquatic Science,0.09,Pharmacology,0.19,10,c40c446d67677ec9cd52894674fdbe8fd0fcc99a53d29111368043c09db08409
3800,T12843,Human Resource and Talent Management,0.0,consistent,Organizational Behavior and Human Resource Management,0.2833333333333333,Organizational Behavior and Human Resource Management,0.2833333333333333,10,c40c446d67677ec9cd52894674fdbe8fd0fcc99a53d29111368043c09db08409
3801,T12844,Psychology and Mental Health,0.0,consistent,Clinical Psychology,0.6,Clinical Psychology,0.6,10,c40c446d67677ec9cd52894674fdbe8fd0fcc99a53d29111368043c09db08409
3802,T12845,Methemoglobinemia and Tumor Lysis Syndrome,0.0,consistent,Pulmonary and Respiratory Medicine,0.3,Pulmonary and Respiratory Medicine,0.3,10,c40c446d67677ec9cd52894674fdbe8fd0fcc99a53d29111368043c09db08409
3803,T12847,Healthcare Systems and Challenges,0.0,consistent,General Health Professions,0.5277777777777778,General Health Professions,0.5277777777777778,10,c40c446d67677ec9cd52894674fdbe8fd0fcc99a53d29111368043c09db08409
3804,T12848,Psychological Testing and Assessment,0.0,insufficient_evidence,Applied Psychology,0.0,History and Philosophy of Science,0.2,5,c40c446d67677ec9cd52894674fdbe8fd0fcc99a53d29111368043c09db08409
3805,T12851,Firm Innovation and Growth,0.0,consistent,Economics and Econometrics,0.27,Economics and Econometrics,0.27,10,c40c446d67677ec9cd52894674fdbe8fd0fcc99a53d29111368043c09db08409
3806,T12852,Chemical Thermodynamics and Molecular Structure,0.0,insufficient_evidence,Organic Chemistry,0.0,Physical and Theoretical Chemistry,0.2,5,c40c446d67677ec9cd52894674fdbe8fd0fcc99a53d29111368043c09db08409
3807,T12855,Peanut Plant Research Studies,0.0,consistent,Plant Science,0.6909090909090908,Plant Science,0.6909090909090908,10,c40c446d67677ec9cd52894674fdbe8fd0fcc99a53d29111368043c09db08409
3808,T12856,Transgenic Plants and Applications,0.0,insufficient_evidence,Biotechnology,0.0,Molecular Biology,0.6785714285714286,2,c40c446d67677ec9cd52894674fdbe8fd0fcc99a53d29111368043c09db08409
3809,T12857,Medieval Philosophy and Theology,0.0,consistent,Philosophy,0.8571428571428571,Philosophy,0.8571428571428571,7,c40c446d67677ec9cd52894674fdbe8fd0fcc99a53d29111368043c09db08409
3810,T12858,Plant Disease Resistance and Genetics,0.0,consistent,Plant Science,0.6923076923076923,Plant Science,0.6923076923076923,9,c40c446d67677ec9cd52894674fdbe8fd0fcc99a53d29111368043c09db08409
3811,T12860,Family and Patient Care in Intensive Care Units,0.0,insufficient_evidence,Radiological and Ultrasound Technology,0.0,"Endocrinology, Diabetes and Metabolism",0.19,10,c40c446d67677ec9cd52894674fdbe8fd0fcc99a53d29111368043c09db08409
3812,T12866,Urologic and reproductive health conditions,0.0,insufficient_evidence,Rheumatology,0.0,,0,0,c40c446d67677ec9cd52894674fdbe8fd0fcc99a53d29111368043c09db08409
3813,T12867,Advanced Biosensing Techniques and Applications,0.0,insufficient_evidence,Molecular Biology,0.0,Food Science,1.0,1,c40c446d67677ec9cd52894674fdbe8fd0fcc99a53d29111368043c09db08409
3814,T12874,Digital Imaging for Blood Diseases,0.0,insufficient_evidence,Computer Vision and Pattern Recognition,0.09444444444444444,Artificial Intelligence,0.15,10,c40c446d67677ec9cd52894674fdbe8fd0fcc99a53d29111368043c09db08409
3815,T12875,Thermal Expansion and Ionic Conductivity,0.0,consistent,Materials Chemistry,0.27,Materials Chemistry,0.27,10,c40c446d67677ec9cd52894674fdbe8fd0fcc99a53d29111368043c09db08409
3816,T12880,Qualitative Research Methods and Applications,0.0,consistent,Education,0.3,Education,0.3,10,c40c446d67677ec9cd52894674fdbe8fd0fcc99a53d29111368043c09db08409
3817,T12882,Jungian Analytical Psychology,0.0,consistent,Social Psychology,0.2153846153846154,Social Psychology,0.2153846153846154,10,c40c446d67677ec9cd52894674fdbe8fd0fcc99a53d29111368043c09db08409
3818,T12883,Sustainable Development and Environmental Management,0.0,consistent,"Management, Monitoring, Policy and Law",0.3671641791044777,"Management, Monitoring, Policy and Law",0.3671641791044777,10,c40c446d67677ec9cd52894674fdbe8fd0fcc99a53d29111368043c09db08409
3819,T12884,Educational Assessment and Pedagogy,0.0,consistent,Education,0.7029126213592233,Education,0.7029126213592233,10,c40c446d67677ec9cd52894674fdbe8fd0fcc99a53d29111368043c09db08409
3820,T12892,Social Power and Status Dynamics,0.0,consistent,Sociology and Political Science,0.17272727272727273,Sociology and Political Science,0.17272727272727273,10,c40c446d67677ec9cd52894674fdbe8fd0fcc99a53d29111368043c09db08409
3821,T12893,Organic Chemistry Cycloaddition Reactions,0.0,consistent,Organic Chemistry,0.46,Organic Chemistry,0.46,10,c40c446d67677ec9cd52894674fdbe8fd0fcc99a53d29111368043c09db08409
3822,T12896,Sustainable Agricultural Systems Analysis,0.0,insufficient_evidence,Environmental Chemistry,0.0,General Agricultural and Biological Sciences,0.12666666666666668,10,c40c446d67677ec9cd52894674fdbe8fd0fcc99a53d29111368043c09db08409
3823,T12897,Structural Analysis of Composite Materials,0.0,consistent,Mechanical Engineering,0.3,Mechanical Engineering,0.3,10,c40c446d67677ec9cd52894674fdbe8fd0fcc99a53d29111368043c09db08409
3824,T12899,Engineering and Technology Innovations,0.0,insufficient_evidence,Electrical and Electronic Engineering,0.09,Energy Engineering and Power Technology,0.19,10,c40c446d67677ec9cd52894674fdbe8fd0fcc99a53d29111368043c09db08409
3825,T12903,Globalization and Cultural Identity,0.0,consistent,Sociology and Political Science,0.31538461538461543,Sociology and Political Science,0.31538461538461543,10,c40c446d67677ec9cd52894674fdbe8fd0fcc99a53d29111368043c09db08409
3826,T12905,Management Systems and Quality Improvement,0.0,consistent,Strategy and Management,0.2923076923076923,Strategy and Management,0.2923076923076923,10,c40c446d67677ec9cd52894674fdbe8fd0fcc99a53d29111368043c09db08409
3827,T12906,Surgical Sutures and Adhesives,0.0,insufficient_evidence,Surgery,0.5,Surgery,0.5,2,c40c446d67677ec9cd52894674fdbe8fd0fcc99a53d29111368043c09db08409
3828,T12916,COVID-19 impact on air quality,0.0,consistent,Global and Planetary Change,0.232,Global and Planetary Change,0.232,10,c40c446d67677ec9cd52894674fdbe8fd0fcc99a53d29111368043c09db08409
3829,T12917,Astronomy and Astrophysical Research,0.0,insufficient_evidence,Instrumentation,0.0,,0,0,c40c446d67677ec9cd52894674fdbe8fd0fcc99a53d29111368043c09db08409
3830,T12920,Healthcare and Environmental Waste Management,0.0,insufficient_evidence,"Public Health, Environmental and Occupational Health",0.0,Economics and Econometrics,0.10555555555555556,10,c40c446d67677ec9cd52894674fdbe8fd0fcc99a53d29111368043c09db08409
3831,T12921,European Criminal Justice and Data Protection,0.0,consistent,Political Science and International Relations,0.5666666666666667,Political Science and International Relations,0.5666666666666667,10,c40c446d67677ec9cd52894674fdbe8fd0fcc99a53d29111368043c09db08409
3832,T12922,Business and Economic Development,0.0,consistent,"Management, Monitoring, Policy and Law",0.18888888888888888,"Management, Monitoring, Policy and Law",0.18888888888888888,10,c40c446d67677ec9cd52894674fdbe8fd0fcc99a53d29111368043c09db08409
3833,T12923,Digital Image Processing Techniques,0.0,insufficient_evidence,Computer Vision and Pattern Recognition,0.0,Artificial Intelligence,1.0,1,c40c446d67677ec9cd52894674fdbe8fd0fcc99a53d29111368043c09db08409
3834,T12924,Dermatological and Skeletal Disorders,0.0,insufficient_evidence,Genetics,0.0,Developmental Biology,1.0,1,c40c446d67677ec9cd52894674fdbe8fd0fcc99a53d29111368043c09db08409
3835,T12925,Educational and Social Studies,0.0,consistent,Education,0.7,Education,0.7,10,c40c446d67677ec9cd52894674fdbe8fd0fcc99a53d29111368043c09db08409
3836,T12928,Education and Cultural Studies,0.0,consistent,Education,0.3925925925925926,Education,0.3925925925925926,10,c40c446d67677ec9cd52894674fdbe8fd0fcc99a53d29111368043c09db08409
3837,T12931,Educational Methods and Outcomes,0.0,consistent,Education,0.28,Education,0.28,10,c40c446d67677ec9cd52894674fdbe8fd0fcc99a53d29111368043c09db08409
3838,T12932,Powder Metallurgy Techniques and Materials,0.0,consistent,Mechanical Engineering,0.45097276264591446,Mechanical Engineering,0.45097276264591446,10,c40c446d67677ec9cd52894674fdbe8fd0fcc99a53d29111368043c09db08409
3839,T12934,Plant and fungal interactions,0.0,insufficient_evidence,"Ecology, Evolution, Behavior and Systematics",0.0,Global and Planetary Change,1.0,1,c40c446d67677ec9cd52894674fdbe8fd0fcc99a53d29111368043c09db08409
3840,T12936,"Conflict, Peace, and Violence in Colombia",0.0,consistent,Sociology and Political Science,0.5666666666666667,Sociology and Political Science,0.5666666666666667,10,c40c446d67677ec9cd52894674fdbe8fd0fcc99a53d29111368043c09db08409
3841,T12940,Structural Engineering and Materials Analysis,0.0,consistent,Civil and Structural Engineering,0.28,Civil and Structural Engineering,0.28,10,c40c446d67677ec9cd52894674fdbe8fd0fcc99a53d29111368043c09db08409
3842,T12943,COVID-19 Digital Contact Tracing,0.0,insufficient_evidence,Information Systems,0.0,Economics and Econometrics,0.1,10,c40c446d67677ec9cd52894674fdbe8fd0fcc99a53d29111368043c09db08409
3843,T12944,Animal Nutrition and Health,0.0,consistent,Plant Science,0.46,Plant Science,0.46,10,c40c446d67677ec9cd52894674fdbe8fd0fcc99a53d29111368043c09db08409
3844,T12947,"Health, psychology, and well-being",0.0,consistent,General Health Professions,0.3,General Health Professions,0.3,10,c40c446d67677ec9cd52894674fdbe8fd0fcc99a53d29111368043c09db08409
3845,T12949,South Asian Studies and Diaspora,0.0,insufficient_evidence,Philosophy,0.0,History,1.0,1,c40c446d67677ec9cd52894674fdbe8fd0fcc99a53d29111368043c09db08409
3846,T12950,Educational Environments and Student Outcomes,0.0,consistent,Education,0.64,Education,0.64,10,c40c446d67677ec9cd52894674fdbe8fd0fcc99a53d29111368043c09db08409
3847,T12952,School Leadership and Teacher Performance,0.0,consistent,Education,0.34545454545454546,Education,0.34545454545454546,10,c40c446d67677ec9cd52894674fdbe8fd0fcc99a53d29111368043c09db08409
3848,T12953,Critical Realism in Sociology,0.0,consistent,Sociology and Political Science,0.3,Sociology and Political Science,0.3,10,c40c446d67677ec9cd52894674fdbe8fd0fcc99a53d29111368043c09db08409
3849,T12957,"War, Ethics, and Justification",0.0,consistent,Philosophy,0.28,Philosophy,0.28,10,c40c446d67677ec9cd52894674fdbe8fd0fcc99a53d29111368043c09db08409
3850,T12959,Engineering and Materials Science Studies,0.0,consistent,Mechanical Engineering,0.2,Mechanical Engineering,0.2,10,c40c446d67677ec9cd52894674fdbe8fd0fcc99a53d29111368043c09db08409
3851,T12962,Nephrotoxicity and Medicinal Plants,0.0,insufficient_evidence,"Radiology, Nuclear Medicine and Imaging",0.0,Food Science,0.3333333333333333,3,c40c446d67677ec9cd52894674fdbe8fd0fcc99a53d29111368043c09db08409
3852,T12963,Anesthesia and Neurotoxicity Research,0.0,insufficient_evidence,Developmental Neuroscience,0.08181818181818182,"Pediatrics, Perinatology and Child Health",0.17272727272727273,10,c40c446d67677ec9cd52894674fdbe8fd0fcc99a53d29111368043c09db08409
3853,T12967,Molecular Spectroscopy and Structure,0.0,insufficient_evidence,Spectroscopy,0.0,Food Science,0.2,5,c40c446d67677ec9cd52894674fdbe8fd0fcc99a53d29111368043c09db08409
3854,T12969,Economic and Social Development,0.0,consistent,Sociology and Political Science,0.384,Sociology and Political Science,0.384,10,c40c446d67677ec9cd52894674fdbe8fd0fcc99a53d29111368043c09db08409
3855,T12970,"Names, Identity, and Discrimination Research",0.0,consistent,Sociology and Political Science,0.33636363636363636,Sociology and Political Science,0.33636363636363636,10,c40c446d67677ec9cd52894674fdbe8fd0fcc99a53d29111368043c09db08409
3856,T12973,Synthesis of Indole Derivatives,0.0,consistent,Organic Chemistry,0.9307692307692307,Organic Chemistry,0.9307692307692307,10,c40c446d67677ec9cd52894674fdbe8fd0fcc99a53d29111368043c09db08409
3857,T12974,Modernist Literature and Criticism,0.0,consistent,Literature and Literary Theory,0.2785930584672723,Literature and Literary Theory,0.2785930584672723,10,c40c446d67677ec9cd52894674fdbe8fd0fcc99a53d29111368043c09db08409
3858,T12977,Spanish Literature and Culture Studies,0.0,consistent,Literature and Literary Theory,0.3983739837398374,Literature and Literary Theory,0.3983739837398374,10,c40c446d67677ec9cd52894674fdbe8fd0fcc99a53d29111368043c09db08409
3859,T12978,Innovative Teaching Methodologies in Social Sciences,0.0,consistent,Education,0.6361867704280156,Education,0.6361867704280156,10,c40c446d67677ec9cd52894674fdbe8fd0fcc99a53d29111368043c09db08409
3860,T12979,Cardiovascular Disease and Adiposity,0.0,insufficient_evidence,Cardiology and Cardiovascular Medicine,0.0,Clinical Biochemistry,0.12272727272727274,10,c40c446d67677ec9cd52894674fdbe8fd0fcc99a53d29111368043c09db08409
3861,T12984,Transport and Logistics Innovations,0.0,insufficient_evidence,Industrial and Manufacturing Engineering,0.0,Mechanics of Materials,0.15,10,c40c446d67677ec9cd52894674fdbe8fd0fcc99a53d29111368043c09db08409
3862,T12987,Religion and Society in Latin America,0.0,consistent,Sociology and Political Science,0.5918367346938775,Sociology and Political Science,0.5918367346938775,10,c40c446d67677ec9cd52894674fdbe8fd0fcc99a53d29111368043c09db08409
3863,T12988,Sociology and Education in Brazil,0.0,consistent,Sociology and Political Science,0.39999999999999997,Sociology and Political Science,0.39999999999999997,10,c40c446d67677ec9cd52894674fdbe8fd0fcc99a53d29111368043c09db08409
3864,T12990,Medical History and Innovations,0.0,insufficient_evidence,History,0.0,Epidemiology,0.17272727272727273,10,c40c446d67677ec9cd52894674fdbe8fd0fcc99a53d29111368043c09db08409
3865,T12991,Phytase and its Applications,0.0,consistent,Plant Science,0.1111111111111111,Plant Science,0.1111111111111111,9,c40c446d67677ec9cd52894674fdbe8fd0fcc99a53d29111368043c09db08409
3866,T12995,Urban Development and Cultural Heritage,0.0,insufficient_evidence,Urban Studies,0.18,"Management, Monitoring, Policy and Law",0.19,10,c40c446d67677ec9cd52894674fdbe8fd0fcc99a53d29111368043c09db08409
3867,T12998,Education and Islamic Studies,0.0,consistent,Education,0.5277777777777778,Education,0.5277777777777778,10,c40c446d67677ec9cd52894674fdbe8fd0fcc99a53d29111368043c09db08409
3868,T13001,Restraint-Related Deaths,0.0,insufficient_evidence,Emergency Medicine,0.0,Genetics,0.5,2,c40c446d67677ec9cd52894674fdbe8fd0fcc99a53d29111368043c09db08409
3869,T13004,Vitamin K Research Studies,0.0,consistent,Nutrition and Dietetics,0.19,Nutrition and Dietetics,0.19,10,c40c446d67677ec9cd52894674fdbe8fd0fcc99a53d29111368043c09db08409
3870,T13005,Religious Studies and Spiritual Practices,0.0,insufficient_evidence,Philosophy,0.0,Archeology,0.2,5,c40c446d67677ec9cd52894674fdbe8fd0fcc99a53d29111368043c09db08409
3871,T13008,Agricultural Practices and Plant Genetics,0.0,consistent,Plant Science,0.625,Plant Science,0.625,10,c40c446d67677ec9cd52894674fdbe8fd0fcc99a53d29111368043c09db08409
3872,T13011,Latin American rural development,0.0,consistent,General Agricultural and Biological Sciences,0.32857142857142857,General Agricultural and Biological Sciences,0.32857142857142857,10,c40c446d67677ec9cd52894674fdbe8fd0fcc99a53d29111368043c09db08409
3873,T13018,Seismology and Earthquake Studies,0.0,insufficient_evidence,Artificial Intelligence,0.09,Neurology,0.19,10,c40c446d67677ec9cd52894674fdbe8fd0fcc99a53d29111368043c09db08409
3874,T13020,Heat Transfer and Mathematical Modeling,0.0,consistent,Mechanical Engineering,0.509090909090909,Mechanical Engineering,0.509090909090909,10,c40c446d67677ec9cd52894674fdbe8fd0fcc99a53d29111368043c09db08409
3875,T13028,Literature and Culture Studies,0.0,consistent,Literature and Literary Theory,0.41052631578947363,Literature and Literary Theory,0.41052631578947363,10,c40c446d67677ec9cd52894674fdbe8fd0fcc99a53d29111368043c09db08409
3876,T13030,Survey Sampling and Estimation Techniques,0.0,insufficient_evidence,Statistics and Probability,0.0,Applied Mathematics,1.0,1,c40c446d67677ec9cd52894674fdbe8fd0fcc99a53d29111368043c09db08409
3877,T13031,Civil and Structural Engineering Research,0.0,consistent,Civil and Structural Engineering,0.19,Civil and Structural Engineering,0.19,10,c40c446d67677ec9cd52894674fdbe8fd0fcc99a53d29111368043c09db08409
3878,T13032,COVID-19 Prevention and Impact,0.0,insufficient_evidence,Sociology and Political Science,0.0,Demography,0.18106508875739646,10,c40c446d67677ec9cd52894674fdbe8fd0fcc99a53d29111368043c09db08409
3879,T13037,Piperaceae Chemical and Biological Studies,0.0,consistent,Pharmacology,0.23351351351351354,Pharmacology,0.23351351351351354,10,c40c446d67677ec9cd52894674fdbe8fd0fcc99a53d29111368043c09db08409
3880,T13038,Internet of Things and AI,0.0,consistent,Information Systems,0.34292035398230086,Information Systems,0.34292035398230086,10,c40c446d67677ec9cd52894674fdbe8fd0fcc99a53d29111368043c09db08409
3881,T13039,Magnesium Oxide Properties and Applications,0.0,consistent,Materials Chemistry,0.35661538461538467,Materials Chemistry,0.35661538461538467,10,c40c446d67677ec9cd52894674fdbe8fd0fcc99a53d29111368043c09db08409
3882,T13042,Economic and Fiscal Studies,0.0,consistent,Economics and Econometrics,0.5,Economics and Econometrics,0.5,10,c40c446d67677ec9cd52894674fdbe8fd0fcc99a53d29111368043c09db08409
3883,T13043,Youth Culture and Social Dynamics,0.0,consistent,Sociology and Political Science,0.33636363636363636,Sociology and Political Science,0.33636363636363636,10,c40c446d67677ec9cd52894674fdbe8fd0fcc99a53d29111368043c09db08409
3884,T13044,Biofield Effects and Biophysics,0.0,consistent,Physiology,0.2,Physiology,0.2,10,c40c446d67677ec9cd52894674fdbe8fd0fcc99a53d29111368043c09db08409
3885,T13046,Electrokinetic Soil Remediation Techniques,0.0,insufficient_evidence,Electrical and Electronic Engineering,0.0,"Health, Toxicology and Mutagenesis",0.19,10,c40c446d67677ec9cd52894674fdbe8fd0fcc99a53d29111368043c09db08409
3886,T13047,Pharmacological Receptor Mechanisms and Effects,0.0,consistent,Molecular Biology,0.37,Molecular Biology,0.37,10,c40c446d67677ec9cd52894674fdbe8fd0fcc99a53d29111368043c09db08409
3887,T13048,Patient Dignity and Privacy,0.0,consistent,"Public Health, Environmental and Occupational Health",0.43846153846153846,"Public Health, Environmental and Occupational Health",0.43846153846153846,10,c40c446d67677ec9cd52894674fdbe8fd0fcc99a53d29111368043c09db08409
3888,T13049,Surface Roughness and Optical Measurements,0.0,insufficient_evidence,Computational Mechanics,0.0,Media Technology,0.19,10,c40c446d67677ec9cd52894674fdbe8fd0fcc99a53d29111368043c09db08409
3889,T13051,Qualitative Comparative Analysis Research,0.0,insufficient_evidence,Sociology and Political Science,0.0,,0,0,c40c446d67677ec9cd52894674fdbe8fd0fcc99a53d29111368043c09db08409
3890,T13053,SMEs Development and Digital Marketing,0.0,insufficient_evidence,Demography,0.0,Sociology and Political Science,0.2,10,c40c446d67677ec9cd52894674fdbe8fd0fcc99a53d29111368043c09db08409
3891,T13055,Global Security and Public Health,0.0,consistent,Sociology and Political Science,0.2111111111111111,Sociology and Political Science,0.2111111111111111,10,c40c446d67677ec9cd52894674fdbe8fd0fcc99a53d29111368043c09db08409
3892,T13056,Various Academic Research Studies,0.0,consistent,Education,0.33636363636363636,Education,0.33636363636363636,10,c40c446d67677ec9cd52894674fdbe8fd0fcc99a53d29111368043c09db08409
3893,T13057,Asian Industrial and Economic Development,0.0,consistent,Political Science and International Relations,0.5,Political Science and International Relations,0.5,10,c40c446d67677ec9cd52894674fdbe8fd0fcc99a53d29111368043c09db08409
3894,T13059,"Religion, Ecology, and Ethics",0.0,insufficient_evidence,Sociology and Political Science,0.17777777777777776,Global and Planetary Change,0.2,10,c40c446d67677ec9cd52894674fdbe8fd0fcc99a53d29111368043c09db08409
3895,T13060,Adventure Sports and Sensation Seeking,0.0,insufficient_evidence,Social Psychology,0.09,"Physical Therapy, Sports Therapy and Rehabilitation",0.19,10,c40c446d67677ec9cd52894674fdbe8fd0fcc99a53d29111368043c09db08409
3896,T13061,Literacy and Educational Practices,0.0,consistent,Education,0.56,Education,0.56,10,c40c446d67677ec9cd52894674fdbe8fd0fcc99a53d29111368043c09db08409
3897,T13062,Cognitive Computing and Networks,0.0,consistent,Artificial Intelligence,0.42857142857142855,Artificial Intelligence,0.42857142857142855,7,c40c446d67677ec9cd52894674fdbe8fd0fcc99a53d29111368043c09db08409
3898,T13063,Education and experiences of immigrants and refugees,0.0,consistent,Education,0.5,Education,0.5,10,c40c446d67677ec9cd52894674fdbe8fd0fcc99a53d29111368043c09db08409
3899,T13064,Dutch Social and Cultural Studies,0.0,consistent,Education,0.4333333333333333,Education,0.4333333333333333,10,c40c446d67677ec9cd52894674fdbe8fd0fcc99a53d29111368043c09db08409
3900,T13065,Mining Techniques and Economics,0.0,consistent,Control and Systems Engineering,0.2545454545454545,Control and Systems Engineering,0.2545454545454545,10,c40c446d67677ec9cd52894674fdbe8fd0fcc99a53d29111368043c09db08409
3901,T13068,Ancient Mediterranean Archaeology and History,0.0,consistent,Archeology,0.2714285714285714,Archeology,0.2714285714285714,10,c40c446d67677ec9cd52894674fdbe8fd0fcc99a53d29111368043c09db08409
3902,T13073,China's Ethnic Minorities and Relations,0.0,consistent,Sociology and Political Science,0.42105263157894735,Sociology and Political Science,0.42105263157894735,10,c40c446d67677ec9cd52894674fdbe8fd0fcc99a53d29111368043c09db08409
3903,T13076,"Torture, Ethics, and Law",0.0,consistent,Sociology and Political Science,0.24545454545454545,Sociology and Political Science,0.24545454545454545,10,c40c446d67677ec9cd52894674fdbe8fd0fcc99a53d29111368043c09db08409
3904,T13078,Political and Social Dynamics in Chile and Latin America,0.0,consistent,Sociology and Political Science,0.20828402366863905,Sociology and Political Science,0.20828402366863905,10,c40c446d67677ec9cd52894674fdbe8fd0fcc99a53d29111368043c09db08409
3905,T13080,Advanced Differential Geometry Research,0.0,consistent,Astronomy and Astrophysics,0.5,Astronomy and Astrophysics,0.5,4,c40c446d67677ec9cd52894674fdbe8fd0fcc99a53d29111368043c09db08409
3906,T13081,Digital Education and Society,0.0,insufficient_evidence,Information Systems,0.0,General Agricultural and Biological Sciences,0.1,10,c40c446d67677ec9cd52894674fdbe8fd0fcc99a53d29111368043c09db08409
3907,T13083,Advanced Text Analysis Techniques,0.0,consistent,Artificial Intelligence,0.3,Artificial Intelligence,0.3,10,c40c446d67677ec9cd52894674fdbe8fd0fcc99a53d29111368043c09db08409
3908,T13084,Education during COVID-19 pandemic,0.0,insufficient_evidence,Education,0.0,Information Systems,0.15,10,c40c446d67677ec9cd52894674fdbe8fd0fcc99a53d29111368043c09db08409
3909,T13085,"Education, Psychology, and Social Research",0.0,consistent,Education,0.5,Education,0.5,10,c40c446d67677ec9cd52894674fdbe8fd0fcc99a53d29111368043c09db08409
3910,T13086,Post-Soviet Geopolitical Dynamics,0.0,consistent,Political Science and International Relations,0.46,Political Science and International Relations,0.46,10,c40c446d67677ec9cd52894674fdbe8fd0fcc99a53d29111368043c09db08409
3911,T13087,Simone de Beauvoir and Sartre,0.0,consistent,Philosophy,0.616,Philosophy,0.616,10,c40c446d67677ec9cd52894674fdbe8fd0fcc99a53d29111368043c09db08409
3912,T13089,Medieval and Early Modern Iberia,0.0,consistent,History,0.15833333333333333,History,0.15833333333333333,10,c40c446d67677ec9cd52894674fdbe8fd0fcc99a53d29111368043c09db08409
3913,T13091,Human Health and Disease,0.0,insufficient_evidence,"Pediatrics, Perinatology and Child Health",0.0,Nutrition and Dietetics,0.19,10,c40c446d67677ec9cd52894674fdbe8fd0fcc99a53d29111368043c09db08409
3914,T13098,Conferences and Exhibitions Management,0.0,insufficient_evidence,Sociology and Political Science,0.0,"Ecology, Evolution, Behavior and Systematics",0.1,10,c40c446d67677ec9cd52894674fdbe8fd0fcc99a53d29111368043c09db08409
3915,T13103,Middle East Politics and Society,0.0,consistent,Sociology and Political Science,0.37777777777777777,Sociology and Political Science,0.37777777777777777,10,c40c446d67677ec9cd52894674fdbe8fd0fcc99a53d29111368043c09db08409
3916,T13104,Chemical and Physical Properties of Materials,0.0,consistent,Materials Chemistry,0.38054054054054054,Materials Chemistry,0.38054054054054054,10,c40c446d67677ec9cd52894674fdbe8fd0fcc99a53d29111368043c09db08409
3917,T13105,Synthesis and pharmacology of benzodiazepine derivatives,0.0,consistent,Organic Chemistry,0.5666666666666667,Organic Chemistry,0.5666666666666667,10,c40c446d67677ec9cd52894674fdbe8fd0fcc99a53d29111368043c09db08409
3918,T13108,Therapeutic Uses of Natural Elements,0.0,insufficient_evidence,Complementary and Manual Therapy,0.0,Complementary and alternative medicine,0.2,5,c40c446d67677ec9cd52894674fdbe8fd0fcc99a53d29111368043c09db08409
3919,T13109,Theological Perspectives and Practices,0.0,consistent,Sociology and Political Science,0.3924170616113744,Sociology and Political Science,0.3924170616113744,10,c40c446d67677ec9cd52894674fdbe8fd0fcc99a53d29111368043c09db08409
3920,T13115,Axial and Atropisomeric Chirality Synthesis,0.0,consistent,Organic Chemistry,0.6636363636363637,Organic Chemistry,0.6636363636363637,10,c40c446d67677ec9cd52894674fdbe8fd0fcc99a53d29111368043c09db08409
3921,T13117,Health Education and Validation,0.0,consistent,Education,0.4,Education,0.4,10,c40c446d67677ec9cd52894674fdbe8fd0fcc99a53d29111368043c09db08409
3922,T13118,Psychological Treatments and Disorders,0.0,consistent,Clinical Psychology,0.746583850931677,Clinical Psychology,0.746583850931677,10,c40c446d67677ec9cd52894674fdbe8fd0fcc99a53d29111368043c09db08409
3923,T13120,Nuclear Issues and Defense,0.0,insufficient_evidence,Political Science and International Relations,0.0,Food Science,0.19,10,c40c446d67677ec9cd52894674fdbe8fd0fcc99a53d29111368043c09db08409
3924,T13121,Radio Wave Propagation Studies,0.0,insufficient_evidence,Aerospace Engineering,0.0,,0,0,c40c446d67677ec9cd52894674fdbe8fd0fcc99a53d29111368043c09db08409
3925,T13122,Linguistics and Cultural Studies,0.0,consistent,Language and Linguistics,0.5883408071748879,Language and Linguistics,0.5883408071748879,10,c40c446d67677ec9cd52894674fdbe8fd0fcc99a53d29111368043c09db08409
3926,T13124,Chemical synthesis and alkaloids,0.0,consistent,Organic Chemistry,0.6222222222222221,Organic Chemistry,0.6222222222222221,10,c40c446d67677ec9cd52894674fdbe8fd0fcc99a53d29111368043c09db08409
3927,T13125,Agricultural pest management studies,0.0,consistent,Plant Science,0.7928057553956834,Plant Science,0.7928057553956834,10,c40c446d67677ec9cd52894674fdbe8fd0fcc99a53d29111368043c09db08409
3928,T13128,Chromatography in Natural Products,0.0,insufficient_evidence,Analytical Chemistry,0.0,Aquatic Science,0.15833333333333333,10,c40c446d67677ec9cd52894674fdbe8fd0fcc99a53d29111368043c09db08409
3929,T13131,Collaborative Teaching and Inclusion,0.0,consistent,Education,0.5,Education,0.5,10,c40c446d67677ec9cd52894674fdbe8fd0fcc99a53d29111368043c09db08409
3930,T13135,"Communism, Protests, Social Movements",0.0,consistent,Sociology and Political Science,0.4666666666666667,Sociology and Political Science,0.4666666666666667,10,c40c446d67677ec9cd52894674fdbe8fd0fcc99a53d29111368043c09db08409
3931,T13136,Community-based Tourism Development and Sustainability,0.0,insufficient_evidence,Sociology and Political Science,0.16363636363636364,Conservation,0.17272727272727273,10,c40c446d67677ec9cd52894674fdbe8fd0fcc99a53d29111368043c09db08409
3932,T13142,GABA and Rice Research,0.0,insufficient_evidence,Plant Science,0.18,Food Science,0.19,10,c40c446d67677ec9cd52894674fdbe8fd0fcc99a53d29111368043c09db08409
3933,T13143,Child Therapy and Development,0.0,consistent,Clinical Psychology,0.3,Clinical Psychology,0.3,10,c40c446d67677ec9cd52894674fdbe8fd0fcc99a53d29111368043c09db08409
3934,T13144,Theology and Philosophy of Evil,0.0,insufficient_evidence,Philosophy,1.0,Philosophy,1.0,1,c40c446d67677ec9cd52894674fdbe8fd0fcc99a53d29111368043c09db08409
3935,T13147,Ethics and bioethics in healthcare,0.0,consistent,"Public Health, Environmental and Occupational Health",0.2986547085201794,"Public Health, Environmental and Occupational Health",0.2986547085201794,10,c40c446d67677ec9cd52894674fdbe8fd0fcc99a53d29111368043c09db08409
3936,T13149,Organizational Change and Leadership,0.0,consistent,Organizational Behavior and Human Resource Management,0.525,Organizational Behavior and Human Resource Management,0.525,10,c40c446d67677ec9cd52894674fdbe8fd0fcc99a53d29111368043c09db08409
3937,T13150,Study and Philosophy of Religion,0.0,consistent,Philosophy,0.46956521739130436,Philosophy,0.46956521739130436,10,c40c446d67677ec9cd52894674fdbe8fd0fcc99a53d29111368043c09db08409
3938,T13153,Rousseau and Enlightenment Thought,0.0,consistent,Philosophy,0.39999999999999997,Philosophy,0.39999999999999997,10,c40c446d67677ec9cd52894674fdbe8fd0fcc99a53d29111368043c09db08409
3939,T13156,Historical Linguistics and Language Studies,0.0,consistent,Language and Linguistics,0.4,Language and Linguistics,0.4,10,c40c446d67677ec9cd52894674fdbe8fd0fcc99a53d29111368043c09db08409
3940,T13157,Cancer-related gene regulation,0.0,consistent,Molecular Biology,0.38333333333333336,Molecular Biology,0.38333333333333336,10,c40c446d67677ec9cd52894674fdbe8fd0fcc99a53d29111368043c09db08409
3941,T13160,Synthesis and Biological Evaluation,0.0,consistent,Organic Chemistry,0.8176165803108809,Organic Chemistry,0.8176165803108809,10,c40c446d67677ec9cd52894674fdbe8fd0fcc99a53d29111368043c09db08409
3942,T13161,Ideological and Political Education,0.0,insufficient_evidence,Education,0.0,Computer Networks and Communications,0.1285714285714286,10,c40c446d67677ec9cd52894674fdbe8fd0fcc99a53d29111368043c09db08409
3943,T13163,Organizational Learning and Leadership,0.0,consistent,Organizational Behavior and Human Resource Management,0.39999999999999997,Organizational Behavior and Human Resource Management,0.39999999999999997,10,c40c446d67677ec9cd52894674fdbe8fd0fcc99a53d29111368043c09db08409
3944,T13166,Information Science and Libraries,0.0,insufficient_evidence,Information Systems,1.0,Information Systems,1.0,1,c40c446d67677ec9cd52894674fdbe8fd0fcc99a53d29111368043c09db08409
3945,T13168,Plant Ecology and Taxonomy Studies,0.0,consistent,"Ecology, Evolution, Behavior and Systematics",0.8115183246073298,"Ecology, Evolution, Behavior and Systematics",0.8115183246073298,10,c40c446d67677ec9cd52894674fdbe8fd0fcc99a53d29111368043c09db08409
3946,T13169,Consumer Perception and Purchasing Behavior,0.0,consistent,Marketing,0.27,Marketing,0.27,10,c40c446d67677ec9cd52894674fdbe8fd0fcc99a53d29111368043c09db08409
3947,T13173,Gender Studies in Language,0.0,consistent,Gender Studies,0.4,Gender Studies,0.4,10,c40c446d67677ec9cd52894674fdbe8fd0fcc99a53d29111368043c09db08409
3948,T13174,American and British Literature Analysis,0.0,consistent,Literature and Literary Theory,0.31538461538461543,Literature and Literary Theory,0.31538461538461543,10,c40c446d67677ec9cd52894674fdbe8fd0fcc99a53d29111368043c09db08409
3949,T13175,Historical Astronomy and Related Studies,0.0,insufficient_evidence,Astronomy and Astrophysics,0.0,Archeology,1.0,1,c40c446d67677ec9cd52894674fdbe8fd0fcc99a53d29111368043c09db08409
3950,T13176,Winter Sports Injuries and Performance,0.0,consistent,Pulmonary and Respiratory Medicine,0.19,Pulmonary and Respiratory Medicine,0.19,10,c40c446d67677ec9cd52894674fdbe8fd0fcc99a53d29111368043c09db08409
3951,T13177,Geological and Geophysical Studies,0.0,consistent,Geology,0.5135135135135135,Geology,0.5135135135135135,3,c40c446d67677ec9cd52894674fdbe8fd0fcc99a53d29111368043c09db08409
3952,T13181,Economic and Technological Systems Analysis,0.0,insufficient_evidence,Management of Technology and Innovation,0.09444444444444444,Industrial and Manufacturing Engineering,0.15,10,c40c446d67677ec9cd52894674fdbe8fd0fcc99a53d29111368043c09db08409
3953,T13183,Islanding Detection in Power Systems,0.0,consistent,Electrical and Electronic Engineering,0.3333333333333333,Electrical and Electronic Engineering,0.3333333333333333,3,c40c446d67677ec9cd52894674fdbe8fd0fcc99a53d29111368043c09db08409
3954,T13184,Research in Social Sciences,0.0,consistent,Education,0.4324942791762014,Education,0.4324942791762014,10,c40c446d67677ec9cd52894674fdbe8fd0fcc99a53d29111368043c09db08409
3955,T13187,Diffusion and Search Dynamics,0.0,insufficient_evidence,Molecular Biology,0.0,,0,0,c40c446d67677ec9cd52894674fdbe8fd0fcc99a53d29111368043c09db08409
3956,T13193,Geological Studies and Exploration,0.0,consistent,Geology,0.2602739726027397,Geology,0.2602739726027397,7,c40c446d67677ec9cd52894674fdbe8fd0fcc99a53d29111368043c09db08409
3957,T13194,ICT in Developing Communities,0.0,consistent,Information Systems,0.3,Information Systems,0.3,10,c40c446d67677ec9cd52894674fdbe8fd0fcc99a53d29111368043c09db08409
3958,T13199,Digestive system and related health,0.0,insufficient_evidence,Genetics,0.0,Nephrology,0.3333333333333333,3,c40c446d67677ec9cd52894674fdbe8fd0fcc99a53d29111368043c09db08409
3959,T13200,Spacecraft and Cryogenic Technologies,0.0,insufficient_evidence,Aerospace Engineering,0.0,Filtration and Separation,0.3333333333333333,3,c40c446d67677ec9cd52894674fdbe8fd0fcc99a53d29111368043c09db08409
3960,T13203,Environmental Changes in China,0.0,consistent,Global and Planetary Change,0.3906633906633907,Global and Planetary Change,0.3906633906633907,10,c40c446d67677ec9cd52894674fdbe8fd0fcc99a53d29111368043c09db08409
3961,T13204,Competitive and Knowledge Intelligence,0.0,consistent,Strategy and Management,0.2545454545454545,Strategy and Management,0.2545454545454545,10,c40c446d67677ec9cd52894674fdbe8fd0fcc99a53d29111368043c09db08409
3962,T13205,Geological and Geophysical Studies Worldwide,0.0,consistent,Geophysics,0.40659340659340654,Geophysics,0.40659340659340654,9,c40c446d67677ec9cd52894674fdbe8fd0fcc99a53d29111368043c09db08409
3963,T13206,Neonatal skin health care,0.0,insufficient_evidence,Speech and Hearing,0.0,Dermatology,0.5,2,c40c446d67677ec9cd52894674fdbe8fd0fcc99a53d29111368043c09db08409
3964,T13208,Synthesis of heterocyclic compounds,0.0,consistent,Organic Chemistry,0.88,Organic Chemistry,0.88,10,c40c446d67677ec9cd52894674fdbe8fd0fcc99a53d29111368043c09db08409
3965,T13210,Historical Turkish Studies,0.0,consistent,Political Science and International Relations,0.38823529411764707,Political Science and International Relations,0.38823529411764707,10,c40c446d67677ec9cd52894674fdbe8fd0fcc99a53d29111368043c09db08409
3966,T13212,German Social Sciences and History,0.0,consistent,Sociology and Political Science,0.3,Sociology and Political Science,0.3,10,c40c446d67677ec9cd52894674fdbe8fd0fcc99a53d29111368043c09db08409
3967,T13213,Mechanical Failure Analysis and Simulation,0.0,consistent,Mechanical Engineering,0.42857142857142855,Mechanical Engineering,0.42857142857142855,7,c40c446d67677ec9cd52894674fdbe8fd0fcc99a53d29111368043c09db08409
3968,T13219,Mind wandering and attention,0.0,consistent,Cognitive Neuroscience,0.2857142857142857,Cognitive Neuroscience,0.2857142857142857,7,c40c446d67677ec9cd52894674fdbe8fd0fcc99a53d29111368043c09db08409
3969,T13221,Biological Activity of Diterpenoids and Biflavonoids,0.0,consistent,Molecular Biology,0.32105263157894737,Molecular Biology,0.32105263157894737,10,c40c446d67677ec9cd52894674fdbe8fd0fcc99a53d29111368043c09db08409
3970,T13223,Connective Tissue Growth Factor Research,0.0,consistent,Molecular Biology,0.10555555555555556,Molecular Biology,0.10555555555555556,10,c40c446d67677ec9cd52894674fdbe8fd0fcc99a53d29111368043c09db08409
3971,T13227,Diverse Global Economic and Educational Challenges,0.0,consistent,Economics and Econometrics,0.19999999999999998,Economics and Econometrics,0.19999999999999998,10,c40c446d67677ec9cd52894674fdbe8fd0fcc99a53d29111368043c09db08409
3972,T13228,Socioeconomic Development in Asia,0.0,consistent,Sociology and Political Science,0.18888888888888888,Sociology and Political Science,0.18888888888888888,10,c40c446d67677ec9cd52894674fdbe8fd0fcc99a53d29111368043c09db08409
3973,T13230,Synthesis and Reactivity of Heterocycles,0.0,consistent,Organic Chemistry,0.8194474345174022,Organic Chemistry,0.8194474345174022,10,c40c446d67677ec9cd52894674fdbe8fd0fcc99a53d29111368043c09db08409
3974,T13233,Occupational Health and Safety Management,0.0,consistent,Occupational Therapy,0.27142857142857146,Occupational Therapy,0.27142857142857146,10,c40c446d67677ec9cd52894674fdbe8fd0fcc99a53d29111368043c09db08409
3975,T13234,advanced mathematical theories,0.0,consistent,Mathematical Physics,0.28,Mathematical Physics,0.28,10,c40c446d67677ec9cd52894674fdbe8fd0fcc99a53d29111368043c09db08409
3976,T13236,Geotechnical and construction materials studies,0.0,consistent,Civil and Structural Engineering,0.2,Civil and Structural Engineering,0.2,10,c40c446d67677ec9cd52894674fdbe8fd0fcc99a53d29111368043c09db08409
3977,T13237,Socio-economic Development and Sustainability,0.0,consistent,Economics and Econometrics,0.36384439359267734,Economics and Econometrics,0.36384439359267734,10,c40c446d67677ec9cd52894674fdbe8fd0fcc99a53d29111368043c09db08409
3978,T13239,Phosphorus compounds and reactions,0.0,consistent,Organic Chemistry,0.73,Organic Chemistry,0.73,10,c40c446d67677ec9cd52894674fdbe8fd0fcc99a53d29111368043c09db08409
3979,T13240,Bioeconomy and Sustainability Development,0.0,insufficient_evidence,General Agricultural and Biological Sciences,0.08499999999999999,Economics and Econometrics,0.135,10,c40c446d67677ec9cd52894674fdbe8fd0fcc99a53d29111368043c09db08409
3980,T13242,Male Reproductive Health Studies,0.0,insufficient_evidence,General Health Professions,0.16363636363636364,Epidemiology,0.17272727272727273,10,c40c446d67677ec9cd52894674fdbe8fd0fcc99a53d29111368043c09db08409
3981,T13243,Innovation in Digital Healthcare Systems,0.0,consistent,Health Information Management,0.1,Health Information Management,0.1,10,c40c446d67677ec9cd52894674fdbe8fd0fcc99a53d29111368043c09db08409
3982,T13244,Analysis of environmental and stochastic processes,0.0,consistent,"Management, Monitoring, Policy and Law",0.2,"Management, Monitoring, Policy and Law",0.2,10,c40c446d67677ec9cd52894674fdbe8fd0fcc99a53d29111368043c09db08409
3983,T13246,"Agriculture, Plant Science, Crop Management",0.0,insufficient_evidence,Plant Science,0.23106796116504855,Soil Science,0.24902912621359227,10,c40c446d67677ec9cd52894674fdbe8fd0fcc99a53d29111368043c09db08409
3984,T13248,Healthcare Technology and Patient Monitoring,0.0,insufficient_evidence,Surgery,0.0,Water Science and Technology,0.16666666666666666,6,c40c446d67677ec9cd52894674fdbe8fd0fcc99a53d29111368043c09db08409
3985,T13250,Semiotics and Representation Studies,0.0,consistent,Literature and Literary Theory,0.2905982905982906,Literature and Literary Theory,0.2905982905982906,10,c40c446d67677ec9cd52894674fdbe8fd0fcc99a53d29111368043c09db08409
3986,T13252,Sex and Gender in Healthcare,0.0,insufficient_evidence,"Public Health, Environmental and Occupational Health",0.06428571428571428,Physiology,0.1357142857142857,10,c40c446d67677ec9cd52894674fdbe8fd0fcc99a53d29111368043c09db08409
3987,T13254,Macrophage Migration Inhibitory Factor,0.0,consistent,Immunology,0.27,Immunology,0.27,10,c40c446d67677ec9cd52894674fdbe8fd0fcc99a53d29111368043c09db08409
3988,T13255,"Business, Innovation, and Economy",0.0,consistent,Economics and Econometrics,0.23333333333333334,Economics and Econometrics,0.23333333333333334,10,c40c446d67677ec9cd52894674fdbe8fd0fcc99a53d29111368043c09db08409
3989,T13257,Advanced Control and Stabilization in Aerospace Systems,0.0,consistent,Aerospace Engineering,0.3,Aerospace Engineering,0.3,10,c40c446d67677ec9cd52894674fdbe8fd0fcc99a53d29111368043c09db08409
3990,T13260,Linguistics and Language Studies,0.0,consistent,Language and Linguistics,0.43999999999999995,Language and Linguistics,0.43999999999999995,10,c40c446d67677ec9cd52894674fdbe8fd0fcc99a53d29111368043c09db08409
3991,T13265,Synthesis of Tetrazole Derivatives,0.0,consistent,Organic Chemistry,0.6752808988764045,Organic Chemistry,0.6752808988764045,10,c40c446d67677ec9cd52894674fdbe8fd0fcc99a53d29111368043c09db08409
3992,T13269,Orthoptera Research and Taxonomy,0.0,consistent,"Ecology, Evolution, Behavior and Systematics",0.8115183246073298,"Ecology, Evolution, Behavior and Systematics",0.8115183246073298,10,c40c446d67677ec9cd52894674fdbe8fd0fcc99a53d29111368043c09db08409
3993,T13270,QR Code Applications and Technologies,0.0,consistent,Information Systems,0.35625,Information Systems,0.35625,10,c40c446d67677ec9cd52894674fdbe8fd0fcc99a53d29111368043c09db08409
3994,T13271,Ukrainian Legal and Forensic Studies,0.0,consistent,Political Science and International Relations,0.611764705882353,Political Science and International Relations,0.611764705882353,10,c40c446d67677ec9cd52894674fdbe8fd0fcc99a53d29111368043c09db08409
3995,T13272,Psychological Treatments and Assessments,0.0,consistent,Clinical Psychology,0.3,Clinical Psychology,0.3,10,c40c446d67677ec9cd52894674fdbe8fd0fcc99a53d29111368043c09db08409
3996,T13275,Medical and Health Sciences Research,0.0,consistent,"Public Health, Environmental and Occupational Health",0.364,"Public Health, Environmental and Occupational Health",0.364,10,c40c446d67677ec9cd52894674fdbe8fd0fcc99a53d29111368043c09db08409
3997,T13279,Safe Handling of Antineoplastic Drugs,0.0,consistent,Occupational Therapy,0.1,Occupational Therapy,0.1,10,c40c446d67677ec9cd52894674fdbe8fd0fcc99a53d29111368043c09db08409
3998,T13289,Infant Health and Development,0.0,insufficient_evidence,Pharmacy,0.0,Gastroenterology,0.19,10,c40c446d67677ec9cd52894674fdbe8fd0fcc99a53d29111368043c09db08409
3999,T13291,Political Theory and Democracy,0.0,consistent,Political Science and International Relations,0.49333333333333335,Political Science and International Relations,0.49333333333333335,10,c40c446d67677ec9cd52894674fdbe8fd0fcc99a53d29111368043c09db08409
4000,T13292,Embedded Systems and FPGA Applications,0.0,consistent,Electrical and Electronic Engineering,0.36,Electrical and Electronic Engineering,0.36,10,c40c446d67677ec9cd52894674fdbe8fd0fcc99a53d29111368043c09db08409
4001,T13296,Physical Education and Sports Studies,0.0,consistent,Sociology and Political Science,0.28,Sociology and Political Science,0.28,10,c40c446d67677ec9cd52894674fdbe8fd0fcc99a53d29111368043c09db08409
4002,T13297,History and advancements in chemistry,0.0,insufficient_evidence,Physical and Theoretical Chemistry,0.0,Artificial Intelligence,0.19,10,c40c446d67677ec9cd52894674fdbe8fd0fcc99a53d29111368043c09db08409
4003,T13298,Solar Energy Systems and Technologies,0.0,consistent,Mechanical Engineering,0.3,Mechanical Engineering,0.3,10,c40c446d67677ec9cd52894674fdbe8fd0fcc99a53d29111368043c09db08409
4004,T13299,Educational Leadership and Administration,0.0,consistent,Education,0.6421052631578947,Education,0.6421052631578947,10,c40c446d67677ec9cd52894674fdbe8fd0fcc99a53d29111368043c09db08409
4005,T13301,Cultural Studies and Interdisciplinary Research,0.0,consistent,Philosophy,0.2904761904761905,Philosophy,0.2904761904761905,10,c40c446d67677ec9cd52894674fdbe8fd0fcc99a53d29111368043c09db08409
4006,T13302,Amazonian Archaeology and Ethnohistory,0.0,insufficient_evidence,History,0.0,Archeology,0.2,5,c40c446d67677ec9cd52894674fdbe8fd0fcc99a53d29111368043c09db08409
4007,T13304,Synthesis and Reactivity of Sulfur-Containing Compounds,0.0,consistent,Organic Chemistry,1.0,Organic Chemistry,1.0,10,c40c446d67677ec9cd52894674fdbe8fd0fcc99a53d29111368043c09db08409
4008,T13306,Geography and Education Methods,0.0,consistent,Sociology and Political Science,0.1789473684210526,Sociology and Political Science,0.1789473684210526,10,c40c446d67677ec9cd52894674fdbe8fd0fcc99a53d29111368043c09db08409
4009,T13310,Subtitles and Audiovisual Media,0.0,consistent,Language and Linguistics,0.375,Language and Linguistics,0.375,8,c40c446d67677ec9cd52894674fdbe8fd0fcc99a53d29111368043c09db08409
4010,T13312,Mechanical and Thermal Properties Analysis,0.0,consistent,Mechanical Engineering,0.25565749235474006,Mechanical Engineering,0.25565749235474006,10,c40c446d67677ec9cd52894674fdbe8fd0fcc99a53d29111368043c09db08409
4011,T13315,Occupational Health and Safety in Workplaces,0.0,consistent,Occupational Therapy,0.19961089494163425,Occupational Therapy,0.19961089494163425,10,c40c446d67677ec9cd52894674fdbe8fd0fcc99a53d29111368043c09db08409
4012,T13318,Diverse Scientific Research in Ukraine,0.0,consistent,Global and Planetary Change,0.4,Global and Planetary Change,0.4,10,c40c446d67677ec9cd52894674fdbe8fd0fcc99a53d29111368043c09db08409
4013,T13320,Ukrainian Cultural and Linguistic Studies,0.0,consistent,Sociology and Political Science,0.36153846153846153,Sociology and Political Science,0.36153846153846153,10,c40c446d67677ec9cd52894674fdbe8fd0fcc99a53d29111368043c09db08409
4014,T13321,"Radio, Podcasts, and Digital Media",0.0,consistent,Communication,0.39166666666666666,Communication,0.39166666666666666,10,c40c446d67677ec9cd52894674fdbe8fd0fcc99a53d29111368043c09db08409
4015,T13322,Hibiscus Plant Research Studies,0.0,consistent,Pharmacology,0.2571428571428572,Pharmacology,0.2571428571428572,10,c40c446d67677ec9cd52894674fdbe8fd0fcc99a53d29111368043c09db08409
4016,T13323,Spinal Hematomas and Complications,0.0,consistent,Surgery,0.17272727272727273,Surgery,0.17272727272727273,10,c40c446d67677ec9cd52894674fdbe8fd0fcc99a53d29111368043c09db08409
4017,T13324,Scientific and Engineering Research Topics,0.0,insufficient_evidence,Periodontics,0.0,Genetics,0.17272727272727273,10,c40c446d67677ec9cd52894674fdbe8fd0fcc99a53d29111368043c09db08409
4018,T13325,Dye analysis and toxicity,0.0,insufficient_evidence,Analytical Chemistry,0.16363636363636364,Animal Science and Zoology,0.34545454545454546,5,c40c446d67677ec9cd52894674fdbe8fd0fcc99a53d29111368043c09db08409
4019,T13326,Biochemical and Structural Characterization,0.0,insufficient_evidence,Molecular Biology,0.0,,0,0,c40c446d67677ec9cd52894674fdbe8fd0fcc99a53d29111368043c09db08409
4020,T13327,"Arts, Culture, and Music Studies",0.0,insufficient_evidence,Cultural Studies,0.0,General Agricultural and Biological Sciences,0.10800000000000001,10,c40c446d67677ec9cd52894674fdbe8fd0fcc99a53d29111368043c09db08409
4021,T13334,South Asian Cinema and Culture,0.0,insufficient_evidence,Visual Arts and Performing Arts,0.0,Music,0.17272727272727273,10,c40c446d67677ec9cd52894674fdbe8fd0fcc99a53d29111368043c09db08409
4022,T13338,Pharmacological Effects and Assays,0.0,insufficient_evidence,Animal Science and Zoology,0.09,Analytical Chemistry,0.19,10,c40c446d67677ec9cd52894674fdbe8fd0fcc99a53d29111368043c09db08409
4023,T13339,Landscape and Cultural Studies,0.0,consistent,Archeology,0.2545454545454545,Archeology,0.2545454545454545,10,c40c446d67677ec9cd52894674fdbe8fd0fcc99a53d29111368043c09db08409
4024,T13340,Palliative and Oncologic Care,0.0,consistent,"Public Health, Environmental and Occupational Health",0.42727272727272725,"Public Health, Environmental and Occupational Health",0.42727272727272725,10,c40c446d67677ec9cd52894674fdbe8fd0fcc99a53d29111368043c09db08409
4025,T13347,Christian Theology and Mission,0.0,insufficient_evidence,Religious studies,1.0,Religious studies,1.0,1,c40c446d67677ec9cd52894674fdbe8fd0fcc99a53d29111368043c09db08409
4026,T13348,Pancasila Values in Education,0.0,consistent,Education,0.5277777777777778,Education,0.5277777777777778,10,c40c446d67677ec9cd52894674fdbe8fd0fcc99a53d29111368043c09db08409
4027,T13349,Educational Research and Analysis,0.0,consistent,Education,0.32857142857142857,Education,0.32857142857142857,10,c40c446d67677ec9cd52894674fdbe8fd0fcc99a53d29111368043c09db08409
4028,T13352,International Relations in Latin America,0.0,consistent,Political Science and International Relations,0.46,Political Science and International Relations,0.46,10,c40c446d67677ec9cd52894674fdbe8fd0fcc99a53d29111368043c09db08409
4029,T13354,Genetics and Physical Performance,0.0,consistent,Genetics,0.1,Genetics,0.1,10,c40c446d67677ec9cd52894674fdbe8fd0fcc99a53d29111368043c09db08409
4030,T13355,Marketing and Advertising Strategies,0.0,consistent,Marketing,0.34146341463414637,Marketing,0.34146341463414637,8,c40c446d67677ec9cd52894674fdbe8fd0fcc99a53d29111368043c09db08409
4031,T13356,Early Modern Women Writers,0.0,insufficient_evidence,Religious studies,0.0,History,0.14285714285714285,7,c40c446d67677ec9cd52894674fdbe8fd0fcc99a53d29111368043c09db08409
4032,T13360,Economic and Social Issues,0.0,consistent,Sociology and Political Science,0.3848249027237355,Sociology and Political Science,0.3848249027237355,10,c40c446d67677ec9cd52894674fdbe8fd0fcc99a53d29111368043c09db08409
4033,T13362,Slime Mold and Myxomycetes Research,0.0,insufficient_evidence,Biomedical Engineering,0.0,Management Science and Operations Research,1.0,1,c40c446d67677ec9cd52894674fdbe8fd0fcc99a53d29111368043c09db08409
4034,T13366,Accounting Theory and Financial Reporting,0.0,consistent,Accounting,0.4,Accounting,0.4,10,c40c446d67677ec9cd52894674fdbe8fd0fcc99a53d29111368043c09db08409
4035,T13369,European and Russian Geopolitical Military Strategies,0.0,consistent,Political Science and International Relations,0.7267312522425547,Political Science and International Relations,0.7267312522425547,10,c40c446d67677ec9cd52894674fdbe8fd0fcc99a53d29111368043c09db08409
4036,T13370,Diverse Scientific and Economic Studies,0.0,consistent,Economics and Econometrics,0.4,Economics and Econometrics,0.4,10,c40c446d67677ec9cd52894674fdbe8fd0fcc99a53d29111368043c09db08409
4037,T13377,Ecosystem dynamics and resilience,0.0,consistent,Global and Planetary Change,0.2,Global and Planetary Change,0.2,10,c40c446d67677ec9cd52894674fdbe8fd0fcc99a53d29111368043c09db08409
4038,T13378,Agricultural Development and Policies,0.0,insufficient_evidence,Agronomy and Crop Science,0.0,Food Science,0.2,10,c40c446d67677ec9cd52894674fdbe8fd0fcc99a53d29111368043c09db08409
4039,T13380,Sound Studies and Aurality,0.0,consistent,Experimental and Cognitive Psychology,0.2,Experimental and Cognitive Psychology,0.2,10,c40c446d67677ec9cd52894674fdbe8fd0fcc99a53d29111368043c09db08409
4040,T13381,Heart rate and cardiovascular health,0.0,consistent,Cardiology and Cardiovascular Medicine,0.32105263157894737,Cardiology and Cardiovascular Medicine,0.32105263157894737,10,c40c446d67677ec9cd52894674fdbe8fd0fcc99a53d29111368043c09db08409
4041,T13383,Tumors and Oncological Cases,0.0,insufficient_evidence,Pathology and Forensic Medicine,0.0,,0,0,c40c446d67677ec9cd52894674fdbe8fd0fcc99a53d29111368043c09db08409
4042,T13386,Educational Methods and Teacher Development,0.0,consistent,Information Systems,0.232,Information Systems,0.232,10,c40c446d67677ec9cd52894674fdbe8fd0fcc99a53d29111368043c09db08409
4043,T13387,"Politics, Economics, and Education Policy",0.0,consistent,Economics and Econometrics,0.5480916030534352,Economics and Econometrics,0.5480916030534352,10,c40c446d67677ec9cd52894674fdbe8fd0fcc99a53d29111368043c09db08409
4044,T13388,Rangeland and Wildlife Management,0.0,consistent,Ecology,0.2704761904761905,Ecology,0.2704761904761905,10,c40c446d67677ec9cd52894674fdbe8fd0fcc99a53d29111368043c09db08409
4045,T13389,German Economic Analysis & Policies,0.0,consistent,Economics and Econometrics,0.5177668804224822,Economics and Econometrics,0.5177668804224822,10,c40c446d67677ec9cd52894674fdbe8fd0fcc99a53d29111368043c09db08409
4046,T13391,Innovations in Aquaponics and Hydroponics Systems,0.0,insufficient_evidence,Aquatic Science,0.0,Plant Science,0.19,10,c40c446d67677ec9cd52894674fdbe8fd0fcc99a53d29111368043c09db08409
4047,T13393,Child Nutrition and Feeding Issues,0.0,insufficient_evidence,Psychiatry and Mental health,0.0,Cognitive Neuroscience,1.0,1,c40c446d67677ec9cd52894674fdbe8fd0fcc99a53d29111368043c09db08409
4048,T13394,"Ecology, Conservation, and Geographical Studies",0.0,consistent,Nature and Landscape Conservation,0.2,Nature and Landscape Conservation,0.2,10,c40c446d67677ec9cd52894674fdbe8fd0fcc99a53d29111368043c09db08409
4049,T13395,"Education, Leadership, and Health Research",0.0,consistent,Education,0.5476190476190476,Education,0.5476190476190476,10,c40c446d67677ec9cd52894674fdbe8fd0fcc99a53d29111368043c09db08409
4050,T13397,Hallucinations in medical conditions,0.0,consistent,Cognitive Neuroscience,0.27,Cognitive Neuroscience,0.27,10,c40c446d67677ec9cd52894674fdbe8fd0fcc99a53d29111368043c09db08409
4051,T13398,Data Analysis with R,0.0,consistent,Artificial Intelligence,0.39999999999999997,Artificial Intelligence,0.39999999999999997,10,c40c446d67677ec9cd52894674fdbe8fd0fcc99a53d29111368043c09db08409
4052,T13399,Unemployment and Economic Growth,0.0,consistent,Economics and Econometrics,0.4666666666666667,Economics and Econometrics,0.4666666666666667,10,c40c446d67677ec9cd52894674fdbe8fd0fcc99a53d29111368043c09db08409
4053,T13400,Mathematical and Theoretical Analysis,0.0,insufficient_evidence,Mathematical Physics,0.0,Control and Systems Engineering,1.0,1,c40c446d67677ec9cd52894674fdbe8fd0fcc99a53d29111368043c09db08409
4054,T13401,Social and Cultural Studies,0.0,consistent,Sociology and Political Science,0.3714285714285714,Sociology and Political Science,0.3714285714285714,10,c40c446d67677ec9cd52894674fdbe8fd0fcc99a53d29111368043c09db08409
4055,T13404,Geological and Tectonic Studies in Latin America,0.0,consistent,Geophysics,0.8392857142857143,Geophysics,0.8392857142857143,4,c40c446d67677ec9cd52894674fdbe8fd0fcc99a53d29111368043c09db08409
4056,T13407,Regional Development and Management Studies,0.0,consistent,Economics and Econometrics,0.475,Economics and Econometrics,0.475,10,c40c446d67677ec9cd52894674fdbe8fd0fcc99a53d29111368043c09db08409
4057,T13411,Labor Market and Education,0.0,consistent,Economics and Econometrics,0.36476683937823834,Economics and Econometrics,0.36476683937823834,10,c40c446d67677ec9cd52894674fdbe8fd0fcc99a53d29111368043c09db08409
4058,T13412,Education and Technology Integration,0.0,consistent,Education,0.5,Education,0.5,10,c40c446d67677ec9cd52894674fdbe8fd0fcc99a53d29111368043c09db08409
4059,T13414,Radioactive Decay and Measurement Techniques,0.0,insufficient_evidence,Radiation,0.0,Atmospheric Science,1.0,1,c40c446d67677ec9cd52894674fdbe8fd0fcc99a53d29111368043c09db08409
4060,T13415,Calcium signaling and nucleotide metabolism,0.0,insufficient_evidence,Physiology,0.0,,0,0,c40c446d67677ec9cd52894674fdbe8fd0fcc99a53d29111368043c09db08409
4061,T13417,Biomedical Ethics and Regulation,0.0,insufficient_evidence,Physiology,0.0,Artificial Intelligence,0.17272727272727273,10,c40c446d67677ec9cd52894674fdbe8fd0fcc99a53d29111368043c09db08409
4062,T13418,Photocathodes and Microchannel Plates,0.0,insufficient_evidence,Biomedical Engineering,0.0,"Electronic, Optical and Magnetic Materials",0.5,2,c40c446d67677ec9cd52894674fdbe8fd0fcc99a53d29111368043c09db08409
4063,T13422,Phytochemistry and biological activities of Ficus species,0.0,consistent,Plant Science,0.37,Plant Science,0.37,10,c40c446d67677ec9cd52894674fdbe8fd0fcc99a53d29111368043c09db08409
4064,T13425,Rural and Ethnic Education,0.0,consistent,Education,0.42727272727272725,Education,0.42727272727272725,10,c40c446d67677ec9cd52894674fdbe8fd0fcc99a53d29111368043c09db08409
4065,T13426,Kruppel-like factors research,0.0,consistent,Molecular Biology,0.6333333333333333,Molecular Biology,0.6333333333333333,10,c40c446d67677ec9cd52894674fdbe8fd0fcc99a53d29111368043c09db08409
4066,T13427,Latin American Literature Analysis,0.0,consistent,Literature and Literary Theory,0.5277777777777778,Literature and Literary Theory,0.5277777777777778,10,c40c446d67677ec9cd52894674fdbe8fd0fcc99a53d29111368043c09db08409
4067,T13428,Anarchism and Radical Politics,0.0,consistent,Sociology and Political Science,0.44,Sociology and Political Science,0.44,10,c40c446d67677ec9cd52894674fdbe8fd0fcc99a53d29111368043c09db08409
4068,T13431,Education Methods and Integration,0.0,insufficient_evidence,Organizational Behavior and Human Resource Management,0.09230769230769231,General Decision Sciences,0.13076923076923078,10,c40c446d67677ec9cd52894674fdbe8fd0fcc99a53d29111368043c09db08409
4069,T13432,Environmental Sustainability and Technology,0.0,consistent,"Management, Monitoring, Policy and Law",0.19887005649717512,"Management, Monitoring, Policy and Law",0.19887005649717512,10,c40c446d67677ec9cd52894674fdbe8fd0fcc99a53d29111368043c09db08409
4070,T13433,Short Stories in Global Literature,0.0,consistent,Literature and Literary Theory,0.6934264107038975,Literature and Literary Theory,0.6934264107038975,10,c40c446d67677ec9cd52894674fdbe8fd0fcc99a53d29111368043c09db08409
4071,T13434,Cancer Research and Treatment,0.0,insufficient_evidence,Oncology,0.0,Molecular Medicine,0.15833333333333333,10,c40c446d67677ec9cd52894674fdbe8fd0fcc99a53d29111368043c09db08409
4072,T13436,Space Technology and Applications,0.0,consistent,Electrical and Electronic Engineering,0.16666666666666666,Electrical and Electronic Engineering,0.16666666666666666,6,c40c446d67677ec9cd52894674fdbe8fd0fcc99a53d29111368043c09db08409
4073,T13437,Mechanisms of cancer metastasis,0.0,consistent,Molecular Biology,0.37,Molecular Biology,0.37,10,c40c446d67677ec9cd52894674fdbe8fd0fcc99a53d29111368043c09db08409
4074,T13438,Environmental Conservation and Management,0.0,consistent,"Management, Monitoring, Policy and Law",0.4,"Management, Monitoring, Policy and Law",0.4,5,c40c446d67677ec9cd52894674fdbe8fd0fcc99a53d29111368043c09db08409
4075,T13440,Electromagnetic Effects on Materials,0.0,insufficient_evidence,Electrical and Electronic Engineering,0.18,Materials Chemistry,0.19,10,c40c446d67677ec9cd52894674fdbe8fd0fcc99a53d29111368043c09db08409
4076,T13442,Geochemistry and Geochronology of Asian Mineral Deposits,0.0,consistent,Economics and Econometrics,0.19887005649717512,Economics and Econometrics,0.19887005649717512,10,c40c446d67677ec9cd52894674fdbe8fd0fcc99a53d29111368043c09db08409
4077,T13444,Medical Research and Treatments,0.0,consistent,Complementary and alternative medicine,0.39166666666666666,Complementary and alternative medicine,0.39166666666666666,10,c40c446d67677ec9cd52894674fdbe8fd0fcc99a53d29111368043c09db08409
4078,T13445,American Constitutional Law and Politics,0.0,consistent,Political Science and International Relations,0.46,Political Science and International Relations,0.46,10,c40c446d67677ec9cd52894674fdbe8fd0fcc99a53d29111368043c09db08409
4079,T13447,Educational and Psychological Assessments,0.0,consistent,Developmental and Educational Psychology,0.6,Developmental and Educational Psychology,0.6,10,c40c446d67677ec9cd52894674fdbe8fd0fcc99a53d29111368043c09db08409
4080,T13448,Indigenous Cultures and Socio-Education,0.0,consistent,Cultural Studies,0.2,Cultural Studies,0.2,10,c40c446d67677ec9cd52894674fdbe8fd0fcc99a53d29111368043c09db08409
4081,T13449,Organizational Management and Change,0.0,consistent,Organizational Behavior and Human Resource Management,0.5,Organizational Behavior and Human Resource Management,0.5,10,c40c446d67677ec9cd52894674fdbe8fd0fcc99a53d29111368043c09db08409
4082,T13450,Turkish Literature and Culture,0.0,insufficient_evidence,Literature and Literary Theory,0.0,Archeology,0.1,10,c40c446d67677ec9cd52894674fdbe8fd0fcc99a53d29111368043c09db08409
4083,T13453,Alkaline Phosphatase Research Studies,0.0,insufficient_evidence,"Endocrinology, Diabetes and Metabolism",0.0,Rheumatology,0.34545454545454546,5,c40c446d67677ec9cd52894674fdbe8fd0fcc99a53d29111368043c09db08409
4084,T13455,"Decadence, Literature, and Society",0.0,insufficient_evidence,Sociology and Political Science,0.0,Computer Vision and Pattern Recognition,0.5,2,c40c446d67677ec9cd52894674fdbe8fd0fcc99a53d29111368043c09db08409
4085,T13456,"Religion, Society, and Development",0.0,insufficient_evidence,Sociology and Political Science,0.14854368932038836,History,0.24902912621359227,10,c40c446d67677ec9cd52894674fdbe8fd0fcc99a53d29111368043c09db08409
4086,T13457,"Dental Education, Practice, Research",0.0,insufficient_evidence,General Health Professions,0.0,Education,0.19,10,c40c446d67677ec9cd52894674fdbe8fd0fcc99a53d29111368043c09db08409
4087,T13458,Astronomical and nuclear sciences,0.0,consistent,Nuclear and High Energy Physics,0.2,Nuclear and High Energy Physics,0.2,5,c40c446d67677ec9cd52894674fdbe8fd0fcc99a53d29111368043c09db08409
4088,T13462,Spanish Philosophy and Literature,0.0,consistent,Philosophy,0.6361556064073227,Philosophy,0.6361556064073227,10,c40c446d67677ec9cd52894674fdbe8fd0fcc99a53d29111368043c09db08409
4089,T13464,Higher Education and Sustainability,0.0,insufficient_evidence,Education,0.0,,0,0,c40c446d67677ec9cd52894674fdbe8fd0fcc99a53d29111368043c09db08409
4090,T13465,"Graphite, nuclear technology, radiation studies",0.0,consistent,Materials Chemistry,0.3,Materials Chemistry,0.3,10,c40c446d67677ec9cd52894674fdbe8fd0fcc99a53d29111368043c09db08409
4091,T13466,Comparative Literary Analysis and Criticism,0.0,consistent,Literature and Literary Theory,0.4076923076923077,Literature and Literary Theory,0.4076923076923077,10,c40c446d67677ec9cd52894674fdbe8fd0fcc99a53d29111368043c09db08409
4092,T13468,Educational Research and Science Teaching,0.0,consistent,General Agricultural and Biological Sciences,0.24055299539170508,General Agricultural and Biological Sciences,0.24055299539170508,10,c40c446d67677ec9cd52894674fdbe8fd0fcc99a53d29111368043c09db08409
4093,T13470,Surface Treatment and Coatings,0.0,insufficient_evidence,Mechanical Engineering,0.0,Electrical and Electronic Engineering,0.41304347826086957,4,c40c446d67677ec9cd52894674fdbe8fd0fcc99a53d29111368043c09db08409
4094,T13472,Brazilian History and Foreign Policy,0.0,consistent,Economics and Econometrics,0.21492537313432838,Economics and Econometrics,0.21492537313432838,10,c40c446d67677ec9cd52894674fdbe8fd0fcc99a53d29111368043c09db08409
4095,T13474,Autobiographical and Biographical Writing,0.0,consistent,Literature and Literary Theory,0.2153846153846154,Literature and Literary Theory,0.2153846153846154,10,c40c446d67677ec9cd52894674fdbe8fd0fcc99a53d29111368043c09db08409
4096,T13478,Agricultural Development and Management,0.0,consistent,General Agricultural and Biological Sciences,0.2545454545454545,General Agricultural and Biological Sciences,0.2545454545454545,10,c40c446d67677ec9cd52894674fdbe8fd0fcc99a53d29111368043c09db08409
4097,T13481,Neurological diseases and metabolism,0.0,insufficient_evidence,Neurology,0.075,Neurology,0.15833333333333333,10,c40c446d67677ec9cd52894674fdbe8fd0fcc99a53d29111368043c09db08409
4098,T13486,"Literature, Magical Realism, García Márquez",0.0,consistent,Literature and Literary Theory,0.4722222222222222,Literature and Literary Theory,0.4722222222222222,10,c40c446d67677ec9cd52894674fdbe8fd0fcc99a53d29111368043c09db08409
4099,T13489,Synthesis of β-Lactam Compounds,0.0,consistent,Organic Chemistry,0.811111111111111,Organic Chemistry,0.811111111111111,10,c40c446d67677ec9cd52894674fdbe8fd0fcc99a53d29111368043c09db08409
4100,T13493,Optical and Acousto-Optic Technologies,0.0,insufficient_evidence,"Atomic and Molecular Physics, and Optics",0.0,Electrical and Electronic Engineering,0.19,10,c40c446d67677ec9cd52894674fdbe8fd0fcc99a53d29111368043c09db08409
4101,T13494,Military History and Strategy,0.0,insufficient_evidence,Political Science and International Relations,0.0,Sociology and Political Science,0.5,2,c40c446d67677ec9cd52894674fdbe8fd0fcc99a53d29111368043c09db08409
4102,T13496,Advertising and Communication Studies,0.0,consistent,Communication,0.34833333333333333,Communication,0.34833333333333333,10,c40c446d67677ec9cd52894674fdbe8fd0fcc99a53d29111368043c09db08409
4103,T13497,Hermeneutics and Narrative Identity,0.0,consistent,Philosophy,0.27692307692307694,Philosophy,0.27692307692307694,10,c40c446d67677ec9cd52894674fdbe8fd0fcc99a53d29111368043c09db08409
4104,T13498,Economic Development and Digital Transformation,0.0,consistent,"General Economics, Econometrics and Finance",0.23157894736842102,"General Economics, Econometrics and Finance",0.23157894736842102,10,c40c446d67677ec9cd52894674fdbe8fd0fcc99a53d29111368043c09db08409
4105,T13503,"Gender, Health, and Social Inequality",0.0,consistent,Sociology and Political Science,0.5,Sociology and Political Science,0.5,10,c40c446d67677ec9cd52894674fdbe8fd0fcc99a53d29111368043c09db08409
4106,T13506,Botanical Research and Chemistry,0.0,consistent,"Ecology, Evolution, Behavior and Systematics",0.2153846153846154,"Ecology, Evolution, Behavior and Systematics",0.2153846153846154,10,c40c446d67677ec9cd52894674fdbe8fd0fcc99a53d29111368043c09db08409
4107,T13507,"Literature, Politics, and Exile Studies",0.0,consistent,Global and Planetary Change,0.18888888888888888,Global and Planetary Change,0.18888888888888888,10,c40c446d67677ec9cd52894674fdbe8fd0fcc99a53d29111368043c09db08409
4108,T13511,Geodetic Measurements and Engineering Structures,0.0,insufficient_evidence,Civil and Structural Engineering,0.08181818181818182,Forestry,0.17272727272727273,10,c40c446d67677ec9cd52894674fdbe8fd0fcc99a53d29111368043c09db08409
4109,T13516,Publishing and Scholarly Communication,0.0,insufficient_evidence,History and Philosophy of Science,0.08808290155440414,Information Systems and Management,0.29533678756476683,9,c40c446d67677ec9cd52894674fdbe8fd0fcc99a53d29111368043c09db08409
4110,T13518,Architecture and Computational Design,0.0,insufficient_evidence,Architecture,0.0,Computer Graphics and Computer-Aided Design,0.15833333333333333,10,c40c446d67677ec9cd52894674fdbe8fd0fcc99a53d29111368043c09db08409
4111,T13523,"Mathematics, Computing, and Information Processing",0.0,insufficient_evidence,Computational Theory and Mathematics,0.0,Artificial Intelligence,0.3333333333333333,3,c40c446d67677ec9cd52894674fdbe8fd0fcc99a53d29111368043c09db08409
4112,T13525,Cambodian History and Society,0.0,consistent,Sociology and Political Science,0.31333333333333335,Sociology and Political Science,0.31333333333333335,10,c40c446d67677ec9cd52894674fdbe8fd0fcc99a53d29111368043c09db08409
4113,T13526,14-3-3 protein interactions,0.0,consistent,Molecular Biology,0.2,Molecular Biology,0.2,10,c40c446d67677ec9cd52894674fdbe8fd0fcc99a53d29111368043c09db08409
4114,T13527,Transportation Systems and Logistics,0.0,insufficient_evidence,Civil and Structural Engineering,0.09,Automotive Engineering,0.19,10,c40c446d67677ec9cd52894674fdbe8fd0fcc99a53d29111368043c09db08409
4115,T13530,Climate Change and Environmental Impact,0.0,consistent,Global and Planetary Change,0.1990846681922197,Global and Planetary Change,0.1990846681922197,10,c40c446d67677ec9cd52894674fdbe8fd0fcc99a53d29111368043c09db08409
4116,T13534,"Migration, Identity, and Health",0.0,consistent,Sociology and Political Science,0.23157894736842102,Sociology and Political Science,0.23157894736842102,10,c40c446d67677ec9cd52894674fdbe8fd0fcc99a53d29111368043c09db08409
4117,T13537,"German legal, social, and political studies",0.0,consistent,Sociology and Political Science,0.5333333333333333,Sociology and Political Science,0.5333333333333333,10,c40c446d67677ec9cd52894674fdbe8fd0fcc99a53d29111368043c09db08409
4118,T13542,"Grit, Self-Efficacy, and Motivation",0.0,consistent,Social Psychology,0.2896860986547085,Social Psychology,0.2896860986547085,10,c40c446d67677ec9cd52894674fdbe8fd0fcc99a53d29111368043c09db08409
4119,T13543,Oropharyngeal Anatomy and Pathologies,0.0,insufficient_evidence,Rheumatology,0.0,,0,0,c40c446d67677ec9cd52894674fdbe8fd0fcc99a53d29111368043c09db08409
4120,T13545,Philosophical and Theoretical Analysis,0.0,consistent,Philosophy,0.39999999999999997,Philosophy,0.39999999999999997,10,c40c446d67677ec9cd52894674fdbe8fd0fcc99a53d29111368043c09db08409
4121,T13546,Census and Population Estimation,0.0,insufficient_evidence,Statistics and Probability,0.0,Artificial Intelligence,1.0,1,c40c446d67677ec9cd52894674fdbe8fd0fcc99a53d29111368043c09db08409
4122,T13547,Economic and Industrial Development,0.0,consistent,Economics and Econometrics,0.19999999999999998,Economics and Econometrics,0.19999999999999998,10,c40c446d67677ec9cd52894674fdbe8fd0fcc99a53d29111368043c09db08409
4123,T13552,Advanced Materials Characterization Techniques,0.0,consistent,Biomedical Engineering,0.1,Biomedical Engineering,0.1,10,c40c446d67677ec9cd52894674fdbe8fd0fcc99a53d29111368043c09db08409
4124,T13553,Age of Information Optimization,0.0,consistent,Computer Networks and Communications,0.6,Computer Networks and Communications,0.6,10,c40c446d67677ec9cd52894674fdbe8fd0fcc99a53d29111368043c09db08409
4125,T13554,Brazilian cultural history and politics,0.0,consistent,Sociology and Political Science,0.4,Sociology and Political Science,0.4,10,c40c446d67677ec9cd52894674fdbe8fd0fcc99a53d29111368043c09db08409
4126,T13555,"Healthcare cost, quality, practices",0.0,consistent,General Health Professions,0.4,General Health Professions,0.4,10,c40c446d67677ec9cd52894674fdbe8fd0fcc99a53d29111368043c09db08409
4127,T13556,Historical Influence and Diplomacy,0.0,consistent,Political Science and International Relations,0.7749999999999999,Political Science and International Relations,0.7749999999999999,10,c40c446d67677ec9cd52894674fdbe8fd0fcc99a53d29111368043c09db08409
4128,T13557,Environmental and sustainability education,0.0,consistent,"Management, Monitoring, Policy and Law",0.4076923076923077,"Management, Monitoring, Policy and Law",0.4076923076923077,10,c40c446d67677ec9cd52894674fdbe8fd0fcc99a53d29111368043c09db08409
4129,T13559,Edcuational Technology Systems,0.0,consistent,Artificial Intelligence,0.324,Artificial Intelligence,0.324,10,c40c446d67677ec9cd52894674fdbe8fd0fcc99a53d29111368043c09db08409
4130,T13560,Socioeconomic Development in MENA,0.0,consistent,Sociology and Political Science,0.35514018691588783,Sociology and Political Science,0.35514018691588783,10,c40c446d67677ec9cd52894674fdbe8fd0fcc99a53d29111368043c09db08409
4131,T13563,Chemical Analysis and Environmental Impact,0.0,consistent,"Health, Toxicology and Mutagenesis",0.4120833333333334,"Health, Toxicology and Mutagenesis",0.4120833333333334,10,c40c446d67677ec9cd52894674fdbe8fd0fcc99a53d29111368043c09db08409
4132,T13567,AI and Multimedia in Education,0.0,consistent,Artificial Intelligence,0.3798165137614679,Artificial Intelligence,0.3798165137614679,10,c40c446d67677ec9cd52894674fdbe8fd0fcc99a53d29111368043c09db08409
4133,T13569,Microscopic Colitis,0.0,consistent,Epidemiology,0.1111111111111111,Epidemiology,0.1111111111111111,9,c40c446d67677ec9cd52894674fdbe8fd0fcc99a53d29111368043c09db08409
4134,T13570,Historical Education Studies Worldwide,0.0,consistent,Education,0.5,Education,0.5,10,c40c446d67677ec9cd52894674fdbe8fd0fcc99a53d29111368043c09db08409
4135,T13571,"Corporeality, Perception, and Education",0.0,consistent,General Arts and Humanities,0.21794871794871792,General Arts and Humanities,0.21794871794871792,10,c40c446d67677ec9cd52894674fdbe8fd0fcc99a53d29111368043c09db08409
4136,T13572,German Security and Defense Policies,0.0,consistent,Political Science and International Relations,0.6,Political Science and International Relations,0.6,10,c40c446d67677ec9cd52894674fdbe8fd0fcc99a53d29111368043c09db08409
4137,T13577,Sephardic Jews and Inquisition Studies,0.0,consistent,History,0.15833333333333333,History,0.15833333333333333,10,c40c446d67677ec9cd52894674fdbe8fd0fcc99a53d29111368043c09db08409
4138,T13579,Image and Video Stabilization,0.0,insufficient_evidence,Computer Vision and Pattern Recognition,0.0,Signal Processing,0.5,2,c40c446d67677ec9cd52894674fdbe8fd0fcc99a53d29111368043c09db08409
4139,T13580,Management and Performance Evaluation,0.0,consistent,Organizational Behavior and Human Resource Management,0.6630813953488373,Organizational Behavior and Human Resource Management,0.6630813953488373,10,c40c446d67677ec9cd52894674fdbe8fd0fcc99a53d29111368043c09db08409
4140,T13585,Technostress in Professional Settings,0.0,consistent,Social Psychology,0.32529182879377433,Social Psychology,0.32529182879377433,10,c40c446d67677ec9cd52894674fdbe8fd0fcc99a53d29111368043c09db08409
4141,T13595,Archaeology and Cultural Heritage,0.0,insufficient_evidence,Cultural Studies,0.09,"Geography, Planning and Development",0.19,10,c40c446d67677ec9cd52894674fdbe8fd0fcc99a53d29111368043c09db08409
4142,T13596,"Grouting, Rheology, and Soil Mechanics",0.0,insufficient_evidence,Civil and Structural Engineering,1.0,Civil and Structural Engineering,1.0,1,c40c446d67677ec9cd52894674fdbe8fd0fcc99a53d29111368043c09db08409
4143,T13598,Political Developments and Conflicts,0.0,consistent,Political Science and International Relations,0.19999999999999998,Political Science and International Relations,0.19999999999999998,10,c40c446d67677ec9cd52894674fdbe8fd0fcc99a53d29111368043c09db08409
4144,T13601,Urban Transport Systems Analysis,0.0,insufficient_evidence,Civil and Structural Engineering,0.0,Forestry,0.21375000000000002,10,c40c446d67677ec9cd52894674fdbe8fd0fcc99a53d29111368043c09db08409
4145,T13602,Educational Methods and Media Use,0.0,consistent,Information Systems,0.31867704280155645,Information Systems,0.31867704280155645,10,c40c446d67677ec9cd52894674fdbe8fd0fcc99a53d29111368043c09db08409
4146,T13617,"Gender, Violence, Rights in Latin America",0.0,consistent,Sociology and Political Science,0.5416666666666666,Sociology and Political Science,0.5416666666666666,10,c40c446d67677ec9cd52894674fdbe8fd0fcc99a53d29111368043c09db08409
4147,T13619,Geotechnical and Geomechanical Engineering,0.0,consistent,Mechanics of Materials,0.5714285714285714,Mechanics of Materials,0.5714285714285714,7,c40c446d67677ec9cd52894674fdbe8fd0fcc99a53d29111368043c09db08409
4148,T13621,Ancient and Medieval Archaeology Studies,0.0,insufficient_evidence,Archeology,1.0,Archeology,1.0,2,c40c446d67677ec9cd52894674fdbe8fd0fcc99a53d29111368043c09db08409
4149,T13625,Journalism and Media Studies,0.0,consistent,Communication,0.3388888888888889,Communication,0.3388888888888889,10,c40c446d67677ec9cd52894674fdbe8fd0fcc99a53d29111368043c09db08409
4150,T13627,Cultural and Educational Studies,0.0,consistent,Education,0.581858407079646,Education,0.581858407079646,10,c40c446d67677ec9cd52894674fdbe8fd0fcc99a53d29111368043c09db08409
4151,T13629,Text Readability and Simplification,0.0,consistent,Artificial Intelligence,0.39999999999999997,Artificial Intelligence,0.39999999999999997,10,c40c446d67677ec9cd52894674fdbe8fd0fcc99a53d29111368043c09db08409
4152,T13631,"Global History, Politics, and Ideology",0.0,consistent,Sociology and Political Science,0.43761467889908257,Sociology and Political Science,0.43761467889908257,10,c40c446d67677ec9cd52894674fdbe8fd0fcc99a53d29111368043c09db08409
4153,T13632,Marriage and Sexual Relationships,0.0,consistent,Sociology and Political Science,0.25333333333333335,Sociology and Political Science,0.25333333333333335,10,c40c446d67677ec9cd52894674fdbe8fd0fcc99a53d29111368043c09db08409
4154,T13638,Human auditory perception and evaluation,0.0,insufficient_evidence,Aerospace Engineering,0.0,Clinical Psychology,0.3333333333333333,3,c40c446d67677ec9cd52894674fdbe8fd0fcc99a53d29111368043c09db08409
4155,T13640,Ranque-Hilsch vortex tube,0.0,consistent,Mechanical Engineering,0.37488789237668163,Mechanical Engineering,0.37488789237668163,10,c40c446d67677ec9cd52894674fdbe8fd0fcc99a53d29111368043c09db08409
4156,T13641,Historical Studies and Socio-cultural Analysis,0.0,insufficient_evidence,History and Philosophy of Science,0.0,Education,0.19,10,c40c446d67677ec9cd52894674fdbe8fd0fcc99a53d29111368043c09db08409
4157,T13642,Organizational Downsizing and Restructuring,0.0,consistent,Organizational Behavior and Human Resource Management,0.4,Organizational Behavior and Human Resource Management,0.4,10,c40c446d67677ec9cd52894674fdbe8fd0fcc99a53d29111368043c09db08409
4158,T13644,Control Systems in Engineering,0.0,consistent,Mechanical Engineering,0.4375,Mechanical Engineering,0.4375,6,c40c446d67677ec9cd52894674fdbe8fd0fcc99a53d29111368043c09db08409
4159,T13645,Thermodynamic and Structural Properties of Metals and Alloys,0.0,insufficient_evidence,Mechanical Engineering,0.0,Fluid Flow and Transfer Processes,0.27142857142857146,10,c40c446d67677ec9cd52894674fdbe8fd0fcc99a53d29111368043c09db08409
4160,T13648,Cerebrovascular and genetic disorders,0.0,consistent,Neurology,0.3,Neurology,0.3,10,c40c446d67677ec9cd52894674fdbe8fd0fcc99a53d29111368043c09db08409
4161,T13652,Education and Social Development in Ukraine,0.0,consistent,Education,0.5869565217391305,Education,0.5869565217391305,10,c40c446d67677ec9cd52894674fdbe8fd0fcc99a53d29111368043c09db08409
4162,T13653,"Commonwealth, Australian Politics and Federalism",0.0,consistent,Political Science and International Relations,0.5472636815920399,Political Science and International Relations,0.5472636815920399,10,c40c446d67677ec9cd52894674fdbe8fd0fcc99a53d29111368043c09db08409
4163,T13660,Philosophical and Historical Studies,0.0,consistent,Sociology and Political Science,0.38999999999999996,Sociology and Political Science,0.38999999999999996,10,c40c446d67677ec9cd52894674fdbe8fd0fcc99a53d29111368043c09db08409
4164,T13662,Qualitative research in health,0.0,consistent,Education,0.4666666666666667,Education,0.4666666666666667,10,c40c446d67677ec9cd52894674fdbe8fd0fcc99a53d29111368043c09db08409
4165,T13672,Thomas Hardy Literature Studies,0.0,consistent,Literature and Literary Theory,0.3906633906633907,Literature and Literary Theory,0.3906633906633907,10,c40c446d67677ec9cd52894674fdbe8fd0fcc99a53d29111368043c09db08409
4166,T13674,Computer Science and Engineering,0.0,consistent,Artificial Intelligence,0.2833333333333333,Artificial Intelligence,0.2833333333333333,10,c40c446d67677ec9cd52894674fdbe8fd0fcc99a53d29111368043c09db08409
4167,T13675,Diffusion Coefficients in Liquids,0.0,insufficient_evidence,Spectroscopy,0.0,Fluid Flow and Transfer Processes,0.3454545454545455,10,c40c446d67677ec9cd52894674fdbe8fd0fcc99a53d29111368043c09db08409
4168,T13678,Agricultural Research and Practices,0.0,consistent,General Agricultural and Biological Sciences,0.6222222222222221,General Agricultural and Biological Sciences,0.6222222222222221,10,c40c446d67677ec9cd52894674fdbe8fd0fcc99a53d29111368043c09db08409
4169,T13681,Engineering and Information Technology,0.0,insufficient_evidence,Software,0.0,Control and Systems Engineering,0.17272727272727273,10,c40c446d67677ec9cd52894674fdbe8fd0fcc99a53d29111368043c09db08409
4170,T13684,Political Dynamics in Latin America,0.0,consistent,Political Science and International Relations,0.6421052631578947,Political Science and International Relations,0.6421052631578947,10,c40c446d67677ec9cd52894674fdbe8fd0fcc99a53d29111368043c09db08409
4171,T13687,Extractivism and Socioeconomic Issues,0.0,consistent,Sociology and Political Science,0.4698224852071006,Sociology and Political Science,0.4698224852071006,10,c40c446d67677ec9cd52894674fdbe8fd0fcc99a53d29111368043c09db08409
4172,T13688,Shallot Cultivation and Analysis,0.0,consistent,Plant Science,0.36153846153846153,Plant Science,0.36153846153846153,10,c40c446d67677ec9cd52894674fdbe8fd0fcc99a53d29111368043c09db08409
4173,T13689,Underground infrastructure and sustainability,0.0,insufficient_evidence,Building and Construction,0.0,Transportation,0.19,10,c40c446d67677ec9cd52894674fdbe8fd0fcc99a53d29111368043c09db08409
4174,T13690,Quality and Safety in Healthcare,0.0,insufficient_evidence,Medical Laboratory Technology,0.0,Artificial Intelligence,0.11176470588235295,10,c40c446d67677ec9cd52894674fdbe8fd0fcc99a53d29111368043c09db08409
4175,T13691,"Energy, Environment, Agriculture Analysis",0.0,consistent,"Renewable Energy, Sustainability and the Environment",0.2846153846153846,"Renewable Energy, Sustainability and the Environment",0.2846153846153846,10,c40c446d67677ec9cd52894674fdbe8fd0fcc99a53d29111368043c09db08409
4176,T13692,Italian Social Issues and Migration,0.0,consistent,Sociology and Political Science,0.32105263157894737,Sociology and Political Science,0.32105263157894737,10,c40c446d67677ec9cd52894674fdbe8fd0fcc99a53d29111368043c09db08409
4177,T13698,"Education, Politics, and Culture Studies",0.0,insufficient_evidence,Sociology and Political Science,0.0,"Ecology, Evolution, Behavior and Systematics",0.1,10,c40c446d67677ec9cd52894674fdbe8fd0fcc99a53d29111368043c09db08409
4178,T13700,Gender Studies and Social Issues,0.0,insufficient_evidence,Gender Studies,0.09,Health,0.19,10,c40c446d67677ec9cd52894674fdbe8fd0fcc99a53d29111368043c09db08409
4179,T13701,Psycholinguistics and Behavioral Studies,0.0,consistent,Education,0.6630813953488373,Education,0.6630813953488373,10,c40c446d67677ec9cd52894674fdbe8fd0fcc99a53d29111368043c09db08409
4180,T13703,Attention Economy in Education and Business,0.0,insufficient_evidence,Strategy and Management,0.0,Computer Science Applications,0.1,10,c40c446d67677ec9cd52894674fdbe8fd0fcc99a53d29111368043c09db08409
4181,T13704,French Literature and Poetry,0.0,consistent,Literature and Literary Theory,0.1,Literature and Literary Theory,0.1,10,c40c446d67677ec9cd52894674fdbe8fd0fcc99a53d29111368043c09db08409
4182,T13707,"Literature, Language, and Rhetoric Studies",0.0,consistent,Sociology and Political Science,0.3,Sociology and Political Science,0.3,10,c40c446d67677ec9cd52894674fdbe8fd0fcc99a53d29111368043c09db08409
4183,T13709,Education in Diverse Contexts,0.0,consistent,Education,0.28888888888888886,Education,0.28888888888888886,10,c40c446d67677ec9cd52894674fdbe8fd0fcc99a53d29111368043c09db08409
4184,T13710,European and International Law Studies,0.0,consistent,Political Science and International Relations,0.61,Political Science and International Relations,0.61,10,c40c446d67677ec9cd52894674fdbe8fd0fcc99a53d29111368043c09db08409
4185,T13711,Environmental Science and Technology,0.0,insufficient_evidence,Biochemistry,0.0,Aging,0.1,10,c40c446d67677ec9cd52894674fdbe8fd0fcc99a53d29111368043c09db08409
4186,T13712,Kantian Philosophy and Modern Interpretations,0.0,consistent,Philosophy,0.358590308370044,Philosophy,0.358590308370044,10,c40c446d67677ec9cd52894674fdbe8fd0fcc99a53d29111368043c09db08409
4187,T13714,Medieval Architecture and Archaeology,0.0,consistent,Archeology,0.6666666666666666,Archeology,0.6666666666666666,6,c40c446d67677ec9cd52894674fdbe8fd0fcc99a53d29111368043c09db08409
4188,T13724,Humanities and Social Sciences,0.0,consistent,Sociology and Political Science,0.29815384615384616,Sociology and Political Science,0.29815384615384616,10,c40c446d67677ec9cd52894674fdbe8fd0fcc99a53d29111368043c09db08409
4189,T13726,International Science and Diplomacy,0.0,consistent,Political Science and International Relations,0.3,Political Science and International Relations,0.3,10,c40c446d67677ec9cd52894674fdbe8fd0fcc99a53d29111368043c09db08409
4190,T13727,Linguistic and Sociocultural Studies,0.0,consistent,Linguistics and Language,0.32529182879377433,Linguistics and Language,0.32529182879377433,10,c40c446d67677ec9cd52894674fdbe8fd0fcc99a53d29111368043c09db08409
4191,T13728,"Crime, Deviance, and Social Control",0.0,consistent,Sociology and Political Science,0.3,Sociology and Political Science,0.3,10,c40c446d67677ec9cd52894674fdbe8fd0fcc99a53d29111368043c09db08409
4192,T13729,Korean Urban and Social Studies,0.0,consistent,"Management, Monitoring, Policy and Law",0.3333333333333333,"Management, Monitoring, Policy and Law",0.3333333333333333,3,c40c446d67677ec9cd52894674fdbe8fd0fcc99a53d29111368043c09db08409
4193,T13730,"Martial Arts: Techniques, Psychology, and Education",0.0,insufficient_evidence,Safety Research,0.0,Physiology,0.19,10,c40c446d67677ec9cd52894674fdbe8fd0fcc99a53d29111368043c09db08409
4194,T13732,"Aerospace, Electronics, Mathematical Modeling",0.0,insufficient_evidence,Nature and Landscape Conservation,0.0,Plant Science,0.1,10,c40c446d67677ec9cd52894674fdbe8fd0fcc99a53d29111368043c09db08409
4195,T13733,Moravian Church and William Blake,0.0,consistent,Literature and Literary Theory,0.43200000000000005,Literature and Literary Theory,0.43200000000000005,10,c40c446d67677ec9cd52894674fdbe8fd0fcc99a53d29111368043c09db08409
4196,T13734,Advanced Computational Techniques and Applications,0.0,consistent,Artificial Intelligence,0.4222222222222222,Artificial Intelligence,0.4222222222222222,10,c40c446d67677ec9cd52894674fdbe8fd0fcc99a53d29111368043c09db08409
4197,T13736,Steroid Chemistry and Biochemistry,0.0,insufficient_evidence,Molecular Biology,0.0,Biotechnology,0.5,2,c40c446d67677ec9cd52894674fdbe8fd0fcc99a53d29111368043c09db08409
4198,T13738,Congenital Ear and Nasal Anomalies,0.0,insufficient_evidence,Genetics,0.0,Physiology,0.19,10,c40c446d67677ec9cd52894674fdbe8fd0fcc99a53d29111368043c09db08409
4199,T13740,Soil Science and Environmental Management,0.0,consistent,Soil Science,0.2,Soil Science,0.2,10,c40c446d67677ec9cd52894674fdbe8fd0fcc99a53d29111368043c09db08409
4200,T13742,Metallurgy and Cultural Artifacts,0.0,insufficient_evidence,Archeology,0.0,,0,0,c40c446d67677ec9cd52894674fdbe8fd0fcc99a53d29111368043c09db08409
4201,T13745,Media and Digital Communication,0.0,consistent,Computer Networks and Communications,0.21375000000000002,Computer Networks and Communications,0.21375000000000002,10,c40c446d67677ec9cd52894674fdbe8fd0fcc99a53d29111368043c09db08409
4202,T13748,Advanced Statistical Modeling Techniques,0.0,insufficient_evidence,Computer Networks and Communications,0.0,Plant Science,0.1111111111111111,9,c40c446d67677ec9cd52894674fdbe8fd0fcc99a53d29111368043c09db08409
4203,T13752,Mechanics and Biomechanics Studies,0.0,consistent,Biomedical Engineering,0.28,Biomedical Engineering,0.28,10,c40c446d67677ec9cd52894674fdbe8fd0fcc99a53d29111368043c09db08409
4204,T13754,Central European and Russian historical studies,0.0,consistent,Political Science and International Relations,0.4800970873786409,Political Science and International Relations,0.4800970873786409,10,c40c446d67677ec9cd52894674fdbe8fd0fcc99a53d29111368043c09db08409
4205,T13759,Medical Imaging and Pathology Studies,0.0,insufficient_evidence,Pulmonary and Respiratory Medicine,0.0,,0,0,c40c446d67677ec9cd52894674fdbe8fd0fcc99a53d29111368043c09db08409
4206,T13760,"Finance, Taxation, and Governance",0.0,consistent,"Management, Monitoring, Policy and Law",0.41052631578947363,"Management, Monitoring, Policy and Law",0.41052631578947363,10,c40c446d67677ec9cd52894674fdbe8fd0fcc99a53d29111368043c09db08409
4207,T13764,Political theory and Gramsci,0.0,consistent,Sociology and Political Science,0.19999999999999998,Sociology and Political Science,0.19999999999999998,10,c40c446d67677ec9cd52894674fdbe8fd0fcc99a53d29111368043c09db08409
4208,T13767,Leech Biology and Applications,0.0,insufficient_evidence,Pharmacology,0.0,"Ecology, Evolution, Behavior and Systematics",0.1,10,c40c446d67677ec9cd52894674fdbe8fd0fcc99a53d29111368043c09db08409
4209,T13768,Oral and gingival health research,0.0,insufficient_evidence,Pharmacy,0.0,Cancer Research,0.16666666666666666,6,c40c446d67677ec9cd52894674fdbe8fd0fcc99a53d29111368043c09db08409
4210,T13769,Fusion and Plasma Physics Studies,0.0,consistent,Statistical and Nonlinear Physics,0.2,Statistical and Nonlinear Physics,0.2,5,c40c446d67677ec9cd52894674fdbe8fd0fcc99a53d29111368043c09db08409
4211,T13770,Pediatric health and respiratory diseases,0.0,insufficient_evidence,Emergency Medical Services,0.0,Parasitology,0.1,10,c40c446d67677ec9cd52894674fdbe8fd0fcc99a53d29111368043c09db08409
4212,T13771,Advanced Research in Science and Engineering,0.0,insufficient_evidence,Modeling and Simulation,0.0,Mechanics of Materials,0.19,10,c40c446d67677ec9cd52894674fdbe8fd0fcc99a53d29111368043c09db08409
4213,T13772,Geomechanics and Mining Engineering,0.0,consistent,Mechanics of Materials,0.5,Mechanics of Materials,0.5,8,c40c446d67677ec9cd52894674fdbe8fd0fcc99a53d29111368043c09db08409
4214,T13774,Citizenship Education and Democracy,0.0,consistent,Education,0.6285714285714286,Education,0.6285714285714286,10,c40c446d67677ec9cd52894674fdbe8fd0fcc99a53d29111368043c09db08409
4215,T13780,Diverse Education Studies and Reforms,0.0,consistent,Education,0.33636363636363636,Education,0.33636363636363636,10,c40c446d67677ec9cd52894674fdbe8fd0fcc99a53d29111368043c09db08409
4216,T13781,Coleoptera: Cerambycidae studies,0.0,consistent,"Ecology, Evolution, Behavior and Systematics",0.19999999999999998,"Ecology, Evolution, Behavior and Systematics",0.19999999999999998,10,c40c446d67677ec9cd52894674fdbe8fd0fcc99a53d29111368043c09db08409
4217,T13783,"Feminism, Gender, and Intersectionality",0.0,consistent,Sociology and Political Science,0.5357142857142857,Sociology and Political Science,0.5357142857142857,10,c40c446d67677ec9cd52894674fdbe8fd0fcc99a53d29111368043c09db08409
4218,T13785,Aquatic and Environmental Studies,0.0,consistent,Earth-Surface Processes,0.1,Earth-Surface Processes,0.1,10,c40c446d67677ec9cd52894674fdbe8fd0fcc99a53d29111368043c09db08409
4219,T13789,Global Education Systems and Policies,0.0,consistent,Education,0.2497175141242938,Education,0.2497175141242938,10,c40c446d67677ec9cd52894674fdbe8fd0fcc99a53d29111368043c09db08409
4220,T13792,Morinda citrifolia extract uses,0.0,consistent,Complementary and alternative medicine,0.29815384615384616,Complementary and alternative medicine,0.29815384615384616,10,c40c446d67677ec9cd52894674fdbe8fd0fcc99a53d29111368043c09db08409
4221,T13793,Environmental and Analytical Chemistry Studies,0.0,consistent,Water Science and Technology,0.3380952380952381,Water Science and Technology,0.3380952380952381,10,c40c446d67677ec9cd52894674fdbe8fd0fcc99a53d29111368043c09db08409
4222,T13798,Hops Chemistry and Applications,0.0,insufficient_evidence,Pharmacology,0.0,Insect Science,0.12666666666666668,10,c40c446d67677ec9cd52894674fdbe8fd0fcc99a53d29111368043c09db08409
4223,T13799,Media and Communication Studies,0.0,consistent,Communication,0.47583333333333333,Communication,0.47583333333333333,10,c40c446d67677ec9cd52894674fdbe8fd0fcc99a53d29111368043c09db08409
4224,T13800,Earthquake and Disaster Impact Studies,0.0,insufficient_evidence,Transportation,0.0,Conservation,0.25,4,c40c446d67677ec9cd52894674fdbe8fd0fcc99a53d29111368043c09db08409
4225,T13806,Mathematical and Computational Methods,0.0,insufficient_evidence,Modeling and Simulation,0.09,Computational Theory and Mathematics,0.19,10,c40c446d67677ec9cd52894674fdbe8fd0fcc99a53d29111368043c09db08409
4226,T13807,Cultural Insights and Digital Impacts,0.0,consistent,Computer Networks and Communications,0.24902912621359227,Computer Networks and Communications,0.24902912621359227,10,c40c446d67677ec9cd52894674fdbe8fd0fcc99a53d29111368043c09db08409
4227,T13811,Earth Systems and Cosmic Evolution,0.0,consistent,Atmospheric Science,0.19999999999999998,Atmospheric Science,0.19999999999999998,10,c40c446d67677ec9cd52894674fdbe8fd0fcc99a53d29111368043c09db08409
4228,T13813,Oral and Craniofacial Lesions,0.0,insufficient_evidence,Speech and Hearing,0.0,Epidemiology,0.3333333333333333,3,c40c446d67677ec9cd52894674fdbe8fd0fcc99a53d29111368043c09db08409
4229,T13816,Advanced Signal Processing Techniques,0.0,consistent,Electrical and Electronic Engineering,0.4,Electrical and Electronic Engineering,0.4,10,c40c446d67677ec9cd52894674fdbe8fd0fcc99a53d29111368043c09db08409
4230,T13824,National Identity and Symbolism,0.0,consistent,Sociology and Political Science,0.3,Sociology and Political Science,0.3,10,c40c446d67677ec9cd52894674fdbe8fd0fcc99a53d29111368043c09db08409
4231,T13825,Economic Policies and Impacts,0.0,consistent,Economics and Econometrics,0.27,Economics and Econometrics,0.27,10,c40c446d67677ec9cd52894674fdbe8fd0fcc99a53d29111368043c09db08409
4232,T13826,"Bangladesh Politics, Society, and Development",0.0,consistent,Political Science and International Relations,0.36818181818181817,Political Science and International Relations,0.36818181818181817,10,c40c446d67677ec9cd52894674fdbe8fd0fcc99a53d29111368043c09db08409
4233,T13828,Natural Products and Biological Research,0.0,insufficient_evidence,Surgery,0.075,Plant Science,0.15833333333333333,10,c40c446d67677ec9cd52894674fdbe8fd0fcc99a53d29111368043c09db08409
4234,T13830,Educational Curriculum and Learning Methods,0.0,consistent,Education,0.7013452914798206,Education,0.7013452914798206,10,c40c446d67677ec9cd52894674fdbe8fd0fcc99a53d29111368043c09db08409
4235,T13831,Archaeological and Geological Studies,0.0,consistent,Archeology,0.6286407766990292,Archeology,0.6286407766990292,10,c40c446d67677ec9cd52894674fdbe8fd0fcc99a53d29111368043c09db08409
4236,T13832,Advanced Decision-Making Techniques,0.0,insufficient_evidence,Information Systems,0.0,,0,0,c40c446d67677ec9cd52894674fdbe8fd0fcc99a53d29111368043c09db08409
4237,T13833,Ferrocene Chemistry and Applications,0.0,consistent,Organic Chemistry,0.5416666666666666,Organic Chemistry,0.5416666666666666,10,c40c446d67677ec9cd52894674fdbe8fd0fcc99a53d29111368043c09db08409
4238,T13834,Whipple's Disease and Interleukins,0.0,consistent,Pathology and Forensic Medicine,0.2,Pathology and Forensic Medicine,0.2,10,c40c446d67677ec9cd52894674fdbe8fd0fcc99a53d29111368043c09db08409
4239,T13835,"Educational, Social, and Political Issues",0.0,consistent,Sociology and Political Science,0.36153846153846153,Sociology and Political Science,0.36153846153846153,10,c40c446d67677ec9cd52894674fdbe8fd0fcc99a53d29111368043c09db08409
4240,T13838,Plant and soil sciences,0.0,consistent,General Agricultural and Biological Sciences,0.21999999999999997,General Agricultural and Biological Sciences,0.21999999999999997,10,c40c446d67677ec9cd52894674fdbe8fd0fcc99a53d29111368043c09db08409
4241,T13840,Chemical Safety and Risk Management,0.0,insufficient_evidence,Chemical Health and Safety,0.0,"Safety, Risk, Reliability and Quality",0.15833333333333333,10,c40c446d67677ec9cd52894674fdbe8fd0fcc99a53d29111368043c09db08409
4242,T13843,African Sexualities and LGBTQ+ Issues,0.0,consistent,Sociology and Political Science,0.3380952380952381,Sociology and Political Science,0.3380952380952381,10,c40c446d67677ec9cd52894674fdbe8fd0fcc99a53d29111368043c09db08409
4243,T13844,Higher Education Learning Practices,0.0,consistent,Education,0.39166666666666666,Education,0.39166666666666666,10,c40c446d67677ec9cd52894674fdbe8fd0fcc99a53d29111368043c09db08409
4244,T13846,Mangiferin and Mango Extracts,0.0,consistent,Complementary and alternative medicine,0.24285714285714283,Complementary and alternative medicine,0.24285714285714283,10,c40c446d67677ec9cd52894674fdbe8fd0fcc99a53d29111368043c09db08409
4245,T13849,Enterobacteriaceae and Cronobacter Research,0.0,consistent,Endocrinology,0.17272727272727273,Endocrinology,0.17272727272727273,10,c40c446d67677ec9cd52894674fdbe8fd0fcc99a53d29111368043c09db08409
4246,T13850,Night-time city culture,0.0,consistent,Urban Studies,0.3333333333333333,Urban Studies,0.3333333333333333,3,c40c446d67677ec9cd52894674fdbe8fd0fcc99a53d29111368043c09db08409
4247,T13851,"Law, AI, and Intellectual Property",0.0,consistent,Artificial Intelligence,0.23333333333333334,Artificial Intelligence,0.23333333333333334,10,c40c446d67677ec9cd52894674fdbe8fd0fcc99a53d29111368043c09db08409
4248,T13853,Teacher Education and Assessments,0.0,consistent,Education,0.4666666666666667,Education,0.4666666666666667,10,c40c446d67677ec9cd52894674fdbe8fd0fcc99a53d29111368043c09db08409
4249,T13854,Historical Geography and Cartography,0.0,insufficient_evidence,"Geography, Planning and Development",0.0,"Atomic and Molecular Physics, and Optics",1.0,1,c40c446d67677ec9cd52894674fdbe8fd0fcc99a53d29111368043c09db08409
4250,T13855,Aerospace Engineering and Control Systems,0.0,insufficient_evidence,Aerospace Engineering,0.5,Aerospace Engineering,0.5,2,c40c446d67677ec9cd52894674fdbe8fd0fcc99a53d29111368043c09db08409
4251,T13859,Organic Chemistry Synthesis Methods,0.0,consistent,Organic Chemistry,0.7,Organic Chemistry,0.7,10,c40c446d67677ec9cd52894674fdbe8fd0fcc99a53d29111368043c09db08409
4252,T13869,Ocular and Laser Science Research,0.0,insufficient_evidence,Ophthalmology,0.0,,0,0,c40c446d67677ec9cd52894674fdbe8fd0fcc99a53d29111368043c09db08409
4253,T13872,Vocational and Entrepreneurial Education,0.0,consistent,Education,0.6461538461538462,Education,0.6461538461538462,10,c40c446d67677ec9cd52894674fdbe8fd0fcc99a53d29111368043c09db08409
4254,T13874,Information Architecture and Usability,0.0,insufficient_evidence,Information Systems,0.06923076923076923,Organizational Behavior and Human Resource Management,0.14615384615384616,10,c40c446d67677ec9cd52894674fdbe8fd0fcc99a53d29111368043c09db08409
4255,T13875,Legal Studies and Reforms,0.0,consistent,Political Science and International Relations,0.42212389380530974,Political Science and International Relations,0.42212389380530974,10,c40c446d67677ec9cd52894674fdbe8fd0fcc99a53d29111368043c09db08409
4256,T13876,Chemical synthesis and pharmacological studies,0.0,consistent,Organic Chemistry,0.5,Organic Chemistry,0.5,10,c40c446d67677ec9cd52894674fdbe8fd0fcc99a53d29111368043c09db08409
4257,T13881,Sociology and Norbert Elias,0.0,consistent,Sociology and Political Science,0.5909090909090909,Sociology and Political Science,0.5909090909090909,10,c40c446d67677ec9cd52894674fdbe8fd0fcc99a53d29111368043c09db08409
4258,T13883,Child and Adolescent Health,0.0,consistent,General Health Professions,0.5526315789473684,General Health Professions,0.5526315789473684,10,c40c446d67677ec9cd52894674fdbe8fd0fcc99a53d29111368043c09db08409
4259,T13885,Geophysics and Sensor Technology,0.0,insufficient_evidence,Ocean Engineering,0.0,,0,0,c40c446d67677ec9cd52894674fdbe8fd0fcc99a53d29111368043c09db08409
4260,T13887,Augustinian Studies and Theology,0.0,consistent,Philosophy,0.37777777777777777,Philosophy,0.37777777777777777,10,c40c446d67677ec9cd52894674fdbe8fd0fcc99a53d29111368043c09db08409
4261,T13889,Advanced Materials and Semiconductor Technologies,0.0,insufficient_evidence,Materials Chemistry,0.09,Artificial Intelligence,0.19,10,c40c446d67677ec9cd52894674fdbe8fd0fcc99a53d29111368043c09db08409
4262,T13892,Aquatic life and conservation,0.0,insufficient_evidence,Aquatic Science,0.09,Plant Science,0.19,10,c40c446d67677ec9cd52894674fdbe8fd0fcc99a53d29111368043c09db08409
4263,T13895,Educational Leadership and Innovation,0.0,consistent,Education,0.38823529411764707,Education,0.38823529411764707,10,c40c446d67677ec9cd52894674fdbe8fd0fcc99a53d29111368043c09db08409
4264,T13896,Health Services Management and Policy,0.0,consistent,General Health Professions,0.6222222222222221,General Health Professions,0.6222222222222221,10,c40c446d67677ec9cd52894674fdbe8fd0fcc99a53d29111368043c09db08409
4265,T13897,Historical Economic and Legal Thought,0.0,consistent,Political Science and International Relations,0.6666666666666666,Political Science and International Relations,0.6666666666666666,3,c40c446d67677ec9cd52894674fdbe8fd0fcc99a53d29111368043c09db08409
4266,T13898,Diverse Interdisciplinary Research Studies,0.0,consistent,Artificial Intelligence,0.2545454545454545,Artificial Intelligence,0.2545454545454545,10,c40c446d67677ec9cd52894674fdbe8fd0fcc99a53d29111368043c09db08409
4267,T13904,Artificial Intelligence Applications,0.0,consistent,Artificial Intelligence,0.4225663716814159,Artificial Intelligence,0.4225663716814159,10,c40c446d67677ec9cd52894674fdbe8fd0fcc99a53d29111368043c09db08409
4268,T13907,Social Issues and Sustainability,0.0,consistent,Cultural Studies,0.25970149253731345,Cultural Studies,0.25970149253731345,10,c40c446d67677ec9cd52894674fdbe8fd0fcc99a53d29111368043c09db08409
4269,T13912,"Language, Linguistics, Cultural Analysis",0.0,consistent,Language and Linguistics,0.4,Language and Linguistics,0.4,10,c40c446d67677ec9cd52894674fdbe8fd0fcc99a53d29111368043c09db08409
4270,T13913,Blockchain Technology in Education and Learning,0.0,consistent,Information Systems,0.2833333333333333,Information Systems,0.2833333333333333,10,c40c446d67677ec9cd52894674fdbe8fd0fcc99a53d29111368043c09db08409
4271,T13917,Engineering and Material Science Research,0.0,insufficient_evidence,General Materials Science,0.0,Biomedical Engineering,0.17272727272727273,10,c40c446d67677ec9cd52894674fdbe8fd0fcc99a53d29111368043c09db08409
4272,T13919,Medicinal plant effects and applications,0.0,consistent,Complementary and alternative medicine,0.27079646017699116,Complementary and alternative medicine,0.27079646017699116,10,c40c446d67677ec9cd52894674fdbe8fd0fcc99a53d29111368043c09db08409
4273,T13920,Urban Planning and Valuation,0.0,consistent,"Management, Monitoring, Policy and Law",0.1357142857142857,"Management, Monitoring, Policy and Law",0.1357142857142857,10,c40c446d67677ec9cd52894674fdbe8fd0fcc99a53d29111368043c09db08409
4274,T13929,Educational Outcomes and Influences,0.0,consistent,Education,0.6024271844660194,Education,0.6024271844660194,10,c40c446d67677ec9cd52894674fdbe8fd0fcc99a53d29111368043c09db08409
4275,T13931,Philosophy and Historical Thought,0.0,consistent,Philosophy,0.7213592233009709,Philosophy,0.7213592233009709,10,c40c446d67677ec9cd52894674fdbe8fd0fcc99a53d29111368043c09db08409
4276,T13932,"Education, Technology, and Economics",0.0,consistent,Information Systems,0.21481481481481482,Information Systems,0.21481481481481482,10,c40c446d67677ec9cd52894674fdbe8fd0fcc99a53d29111368043c09db08409
4277,T13933,Whitehead's Philosophy and Applications,0.0,consistent,"Management, Monitoring, Policy and Law",0.23478260869565218,"Management, Monitoring, Policy and Law",0.23478260869565218,10,c40c446d67677ec9cd52894674fdbe8fd0fcc99a53d29111368043c09db08409
4278,T13935,Mathematical Control Systems and Analysis,0.0,consistent,Artificial Intelligence,0.38,Artificial Intelligence,0.38,10,c40c446d67677ec9cd52894674fdbe8fd0fcc99a53d29111368043c09db08409
4279,T13940,Philosophy and Literary Analysis,0.0,consistent,Philosophy,0.9227272727272727,Philosophy,0.9227272727272727,10,c40c446d67677ec9cd52894674fdbe8fd0fcc99a53d29111368043c09db08409
4280,T13941,Geotechnical and Mining Engineering,0.0,insufficient_evidence,Civil and Structural Engineering,0.09,Mechanics of Materials,0.19,10,c40c446d67677ec9cd52894674fdbe8fd0fcc99a53d29111368043c09db08409
4281,T13942,International Human Rights and Reproductive Law,0.0,consistent,Political Science and International Relations,0.328,Political Science and International Relations,0.328,10,c40c446d67677ec9cd52894674fdbe8fd0fcc99a53d29111368043c09db08409
4282,T13944,Psychiatric care and mental health services,0.0,insufficient_evidence,Clinical Psychology,0.0,General Health Professions,1.0,1,c40c446d67677ec9cd52894674fdbe8fd0fcc99a53d29111368043c09db08409
4283,T13945,"Legal, Health, Environmental and COVID-19 Challenges",0.0,insufficient_evidence,"Public Health, Environmental and Occupational Health",0.0,Information Systems,0.09999999999999999,10,c40c446d67677ec9cd52894674fdbe8fd0fcc99a53d29111368043c09db08409
4284,T13947,Media Discourse and Social  Analysis,0.0,consistent,Sociology and Political Science,0.2833333333333333,Sociology and Political Science,0.2833333333333333,10,c40c446d67677ec9cd52894674fdbe8fd0fcc99a53d29111368043c09db08409
4285,T13948,Gender and Women's Rights,0.0,consistent,Political Science and International Relations,0.3578947368421052,Political Science and International Relations,0.3578947368421052,10,c40c446d67677ec9cd52894674fdbe8fd0fcc99a53d29111368043c09db08409
4286,T13950,Collembola Taxonomy and Ecology Studies,0.0,consistent,"Ecology, Evolution, Behavior and Systematics",0.5885328836424958,"Ecology, Evolution, Behavior and Systematics",0.5885328836424958,10,c40c446d67677ec9cd52894674fdbe8fd0fcc99a53d29111368043c09db08409
4287,T13951,Fluid dynamics and aerodynamics studies,0.0,consistent,Computational Mechanics,0.31333333333333335,Computational Mechanics,0.31333333333333335,10,c40c446d67677ec9cd52894674fdbe8fd0fcc99a53d29111368043c09db08409
4288,T13952,Information Technology and Learning,0.0,consistent,Education,0.39999999999999997,Education,0.39999999999999997,10,c40c446d67677ec9cd52894674fdbe8fd0fcc99a53d29111368043c09db08409
4289,T13953,Digital Imaging in Medicine,0.0,consistent,"Public Health, Environmental and Occupational Health",0.3,"Public Health, Environmental and Occupational Health",0.3,10,c40c446d67677ec9cd52894674fdbe8fd0fcc99a53d29111368043c09db08409
4290,T13955,Evaluation Methods in Various Fields,0.0,insufficient_evidence,Ecological Modeling,0.0,Strategy and Management,0.5,2,c40c446d67677ec9cd52894674fdbe8fd0fcc99a53d29111368043c09db08409
4291,T13957,Corporate Governance and Financial Management,0.0,consistent,Strategy and Management,0.2375,Strategy and Management,0.2375,10,c40c446d67677ec9cd52894674fdbe8fd0fcc99a53d29111368043c09db08409
4292,T13958,"Education, Innovation and Language Studies",0.0,consistent,Education,0.41818181818181815,Education,0.41818181818181815,10,c40c446d67677ec9cd52894674fdbe8fd0fcc99a53d29111368043c09db08409
4293,T13960,"Dietetics, Nutrition, and Education",0.0,insufficient_evidence,Health Information Management,0.0,Social Psychology,0.19,10,c40c446d67677ec9cd52894674fdbe8fd0fcc99a53d29111368043c09db08409
4294,T13966,Neurological and metabolic disorders,0.0,consistent,"Endocrinology, Diabetes and Metabolism",0.46,"Endocrinology, Diabetes and Metabolism",0.46,10,c40c446d67677ec9cd52894674fdbe8fd0fcc99a53d29111368043c09db08409
4295,T13970,Pharmacy and Medical Practices,0.0,insufficient_evidence,Pharmacology,0.0,"Pediatrics, Perinatology and Child Health",0.2,5,c40c446d67677ec9cd52894674fdbe8fd0fcc99a53d29111368043c09db08409
4296,T13975,"Energy, Economy, and Technology Trends",0.0,consistent,"Renewable Energy, Sustainability and the Environment",0.19999999999999998,"Renewable Energy, Sustainability and the Environment",0.19999999999999998,10,c40c446d67677ec9cd52894674fdbe8fd0fcc99a53d29111368043c09db08409
4297,T13978,Foreign Language Teaching Methods,0.0,consistent,Education,0.5916666666666667,Education,0.5916666666666667,10,c40c446d67677ec9cd52894674fdbe8fd0fcc99a53d29111368043c09db08409
4298,T13981,"Violence, Education, and Gender Studies",0.0,consistent,Education,0.40899357601713066,Education,0.40899357601713066,10,c40c446d67677ec9cd52894674fdbe8fd0fcc99a53d29111368043c09db08409
4299,T13982,Social Movements and Cultural Identity,0.0,consistent,Sociology and Political Science,0.21481481481481482,Sociology and Political Science,0.21481481481481482,10,c40c446d67677ec9cd52894674fdbe8fd0fcc99a53d29111368043c09db08409
4300,T13983,Cybersecurity and Information Systems,0.0,consistent,Computer Networks and Communications,0.19,Computer Networks and Communications,0.19,10,c40c446d67677ec9cd52894674fdbe8fd0fcc99a53d29111368043c09db08409
4301,T13987,Child Development and Education,0.0,consistent,Education,0.41818181818181815,Education,0.41818181818181815,10,c40c446d67677ec9cd52894674fdbe8fd0fcc99a53d29111368043c09db08409
4302,T13988,Public Administration and Governance,0.0,consistent,Political Science and International Relations,0.42608695652173917,Political Science and International Relations,0.42608695652173917,10,c40c446d67677ec9cd52894674fdbe8fd0fcc99a53d29111368043c09db08409
4303,T13993,Historical Geopolitical and Social Dynamics,0.0,consistent,Political Science and International Relations,0.8133333333333334,Political Science and International Relations,0.8133333333333334,10,c40c446d67677ec9cd52894674fdbe8fd0fcc99a53d29111368043c09db08409
4304,T13994,The Impact of Diversity and Innovation on Society,0.0,consistent,Sociology and Political Science,0.23157894736842102,Sociology and Political Science,0.23157894736842102,10,c40c446d67677ec9cd52894674fdbe8fd0fcc99a53d29111368043c09db08409
4305,T13995,Globalization and political ideologies,0.0,consistent,Political Science and International Relations,0.6222222222222221,Political Science and International Relations,0.6222222222222221,10,c40c446d67677ec9cd52894674fdbe8fd0fcc99a53d29111368043c09db08409
4306,T13997,Scientific Research and Studies,0.0,consistent,Global and Planetary Change,0.4083333333333334,Global and Planetary Change,0.4083333333333334,10,c40c446d67677ec9cd52894674fdbe8fd0fcc99a53d29111368043c09db08409
4307,T13999,Digital Rights Management and Security,0.0,consistent,Information Systems,0.46,Information Systems,0.46,10,c40c446d67677ec9cd52894674fdbe8fd0fcc99a53d29111368043c09db08409
4308,T14001,Evelyn Waugh and Hans Urs von Balthasar Studies,0.0,consistent,Literature and Literary Theory,0.35564853556485354,Literature and Literary Theory,0.35564853556485354,10,c40c446d67677ec9cd52894674fdbe8fd0fcc99a53d29111368043c09db08409
4309,T14005,Eastern European Communism and Reforms,0.0,consistent,Sociology and Political Science,0.2235294117647059,Sociology and Political Science,0.2235294117647059,10,c40c446d67677ec9cd52894674fdbe8fd0fcc99a53d29111368043c09db08409
4310,T14006,"Linguistics, Language Diversity, and Identity",0.0,consistent,Language and Linguistics,0.32330097087378645,Language and Linguistics,0.32330097087378645,10,c40c446d67677ec9cd52894674fdbe8fd0fcc99a53d29111368043c09db08409
4311,T14007,Indigenous and Place-Based Education,0.0,consistent,Education,0.26842105263157895,Education,0.26842105263157895,10,c40c446d67677ec9cd52894674fdbe8fd0fcc99a53d29111368043c09db08409
4312,T14010,Food Industry and Aquatic Biology,0.0,insufficient_evidence,Food Science,0.0,Agronomy and Crop Science,0.2,10,c40c446d67677ec9cd52894674fdbe8fd0fcc99a53d29111368043c09db08409
4313,T14014,Transportation Systems and Infrastructure,0.0,insufficient_evidence,Management of Technology and Innovation,0.0,,0,0,c40c446d67677ec9cd52894674fdbe8fd0fcc99a53d29111368043c09db08409
4314,T14018,Agriculture and Biological Studies,0.0,consistent,General Agricultural and Biological Sciences,0.5,General Agricultural and Biological Sciences,0.5,10,c40c446d67677ec9cd52894674fdbe8fd0fcc99a53d29111368043c09db08409
4315,T14021,Medieval European Literature and History,0.0,consistent,Language and Linguistics,0.43846153846153846,Language and Linguistics,0.43846153846153846,10,c40c446d67677ec9cd52894674fdbe8fd0fcc99a53d29111368043c09db08409
4316,T14022,Cultural and Religious Practices in Indonesia,0.0,insufficient_evidence,Cultural Studies,0.18,General Social Sciences,0.19,10,c40c446d67677ec9cd52894674fdbe8fd0fcc99a53d29111368043c09db08409
4317,T14023,Interdisciplinary Studies and Sociocultural Dynamics,0.0,consistent,Sociology and Political Science,0.3,Sociology and Political Science,0.3,10,c40c446d67677ec9cd52894674fdbe8fd0fcc99a53d29111368043c09db08409
4318,T14027,21st Century Education and Governance,0.0,insufficient_evidence,Development,0.09444444444444444,Sociology and Political Science,0.15,10,c40c446d67677ec9cd52894674fdbe8fd0fcc99a53d29111368043c09db08409
4319,T14029,Thoreau and American Literature,0.0,consistent,Information Systems,0.25333333333333335,Information Systems,0.25333333333333335,10,c40c446d67677ec9cd52894674fdbe8fd0fcc99a53d29111368043c09db08409
4320,T14030,Taxation and Legal Issues,0.0,consistent,Accounting,0.37,Accounting,0.37,10,c40c446d67677ec9cd52894674fdbe8fd0fcc99a53d29111368043c09db08409
4321,T14032,History and International Relations,0.0,consistent,Political Science and International Relations,0.4381443298969072,Political Science and International Relations,0.4381443298969072,10,c40c446d67677ec9cd52894674fdbe8fd0fcc99a53d29111368043c09db08409
4322,T14033,Education in Rural Contexts,0.0,consistent,Education,0.5277777777777778,Education,0.5277777777777778,10,c40c446d67677ec9cd52894674fdbe8fd0fcc99a53d29111368043c09db08409
4323,T14034,Musicians’ Health and Performance,0.0,insufficient_evidence,Rehabilitation,0.0,Occupational Therapy,0.19,10,c40c446d67677ec9cd52894674fdbe8fd0fcc99a53d29111368043c09db08409
4324,T14035,"Literature, Culture, and Aesthetics",0.0,insufficient_evidence,Museology,0.09,General Social Sciences,0.19,10,c40c446d67677ec9cd52894674fdbe8fd0fcc99a53d29111368043c09db08409
4325,T14037,Arabic Language Education Studies,0.0,consistent,Education,0.5846153846153845,Education,0.5846153846153845,10,c40c446d67677ec9cd52894674fdbe8fd0fcc99a53d29111368043c09db08409
4326,T14038,"Youth, Politics, and Society",0.0,consistent,Sociology and Political Science,0.19999999999999998,Sociology and Political Science,0.19999999999999998,10,c40c446d67677ec9cd52894674fdbe8fd0fcc99a53d29111368043c09db08409
4327,T14039,Ecology and biodiversity studies,0.0,consistent,Ecology,0.36428571428571427,Ecology,0.36428571428571427,10,c40c446d67677ec9cd52894674fdbe8fd0fcc99a53d29111368043c09db08409
4328,T14042,Technology and Security Systems,0.0,consistent,Information Systems,0.4076923076923077,Information Systems,0.4076923076923077,10,c40c446d67677ec9cd52894674fdbe8fd0fcc99a53d29111368043c09db08409
4329,T14043,Historical and modern epidemiology studies,0.0,insufficient_evidence,Sociology and Political Science,0.0,History,0.1654054054054054,10,c40c446d67677ec9cd52894674fdbe8fd0fcc99a53d29111368043c09db08409
4330,T14045,"Health, Education, and Physical Culture",0.0,insufficient_evidence,Social Psychology,0.0,Emergency Medicine,0.19,10,c40c446d67677ec9cd52894674fdbe8fd0fcc99a53d29111368043c09db08409
4331,T14051,Regional Economic and Spatial Analysis,0.0,consistent,Economics and Econometrics,0.2,Economics and Econometrics,0.2,10,c40c446d67677ec9cd52894674fdbe8fd0fcc99a53d29111368043c09db08409
4332,T14055,Consumer Packaging Perceptions and Trends,0.0,consistent,Marketing,0.4583333333333333,Marketing,0.4583333333333333,10,c40c446d67677ec9cd52894674fdbe8fd0fcc99a53d29111368043c09db08409
4333,T14058,Value Engineering and Management,0.0,consistent,Strategy and Management,0.16190476190476188,Strategy and Management,0.16190476190476188,10,c40c446d67677ec9cd52894674fdbe8fd0fcc99a53d29111368043c09db08409
4334,T14059,"Nietzsche, Schopenhauer, and Hegel",0.0,consistent,Philosophy,0.5161290322580645,Philosophy,0.5161290322580645,10,c40c446d67677ec9cd52894674fdbe8fd0fcc99a53d29111368043c09db08409
4335,T14060,Education and Communication Studies,0.0,consistent,Education,0.6,Education,0.6,10,c40c446d67677ec9cd52894674fdbe8fd0fcc99a53d29111368043c09db08409
4336,T14061,Educational Practices and Policies,0.0,consistent,Education,0.5277777777777778,Education,0.5277777777777778,10,c40c446d67677ec9cd52894674fdbe8fd0fcc99a53d29111368043c09db08409
4337,T14062,Migration and Exile Studies,0.0,consistent,Sociology and Political Science,0.255,Sociology and Political Science,0.255,10,c40c446d67677ec9cd52894674fdbe8fd0fcc99a53d29111368043c09db08409
4338,T14065,Biological Research and Disease Studies,0.0,consistent,Molecular Biology,0.3,Molecular Biology,0.3,10,c40c446d67677ec9cd52894674fdbe8fd0fcc99a53d29111368043c09db08409
4339,T14066,Economic Development and Regional Competitiveness,0.0,insufficient_evidence,Economics and Econometrics,0.0,Information Systems,0.17272727272727273,10,c40c446d67677ec9cd52894674fdbe8fd0fcc99a53d29111368043c09db08409
4340,T14071,Healthcare during COVID-19 Pandemic,0.0,consistent,Information Systems,0.4333333333333333,Information Systems,0.4333333333333333,10,c40c446d67677ec9cd52894674fdbe8fd0fcc99a53d29111368043c09db08409
4341,T14073,Diverse Global Research Studies,0.0,consistent,Sociology and Political Science,0.2833333333333333,Sociology and Political Science,0.2833333333333333,10,c40c446d67677ec9cd52894674fdbe8fd0fcc99a53d29111368043c09db08409
4342,T14074,Persona Design and Applications,0.0,consistent,Human-Computer Interaction,0.1,Human-Computer Interaction,0.1,10,c40c446d67677ec9cd52894674fdbe8fd0fcc99a53d29111368043c09db08409
4343,T14075,Psychodrama and Leishmaniasis Studies,0.0,consistent,Education,0.3,Education,0.3,10,c40c446d67677ec9cd52894674fdbe8fd0fcc99a53d29111368043c09db08409
4344,T14077,Socio-political and Technological Issues,0.0,consistent,Sociology and Political Science,0.288,Sociology and Political Science,0.288,10,c40c446d67677ec9cd52894674fdbe8fd0fcc99a53d29111368043c09db08409
4345,T14080,"Philosophy, Sociology, Political Theory",0.0,consistent,Sociology and Political Science,0.4,Sociology and Political Science,0.4,10,c40c446d67677ec9cd52894674fdbe8fd0fcc99a53d29111368043c09db08409
4346,T14083,Extremum Seeking Control Systems,0.0,consistent,Control and Systems Engineering,0.5416666666666666,Control and Systems Engineering,0.5416666666666666,10,c40c446d67677ec9cd52894674fdbe8fd0fcc99a53d29111368043c09db08409
4347,T14084,Methodology and Impact of Social Science Research,0.0,consistent,Sociology and Political Science,0.19006211180124225,Sociology and Political Science,0.19006211180124225,10,c40c446d67677ec9cd52894674fdbe8fd0fcc99a53d29111368043c09db08409
4348,T14086,Military and Defense Studies,0.0,consistent,Political Science and International Relations,0.4,Political Science and International Relations,0.4,10,c40c446d67677ec9cd52894674fdbe8fd0fcc99a53d29111368043c09db08409
4349,T14087,"Economic, Educational, Environmental and Organizational Development",0.0,insufficient_evidence,General Social Sciences,0.0,General Arts and Humanities,0.17272727272727273,10,c40c446d67677ec9cd52894674fdbe8fd0fcc99a53d29111368043c09db08409
4350,T14092,"Ethics, Aesthetics, and Art",0.0,consistent,Philosophy,0.6444444444444445,Philosophy,0.6444444444444445,10,c40c446d67677ec9cd52894674fdbe8fd0fcc99a53d29111368043c09db08409
4351,T14094,Italy: Economic History and Contemporary Issues,0.0,consistent,Economics and Econometrics,0.5,Economics and Econometrics,0.5,10,c40c446d67677ec9cd52894674fdbe8fd0fcc99a53d29111368043c09db08409
4352,T14095,"Literature, Musicology, and Cultural Analysis",0.0,consistent,Education,0.3,Education,0.3,10,c40c446d67677ec9cd52894674fdbe8fd0fcc99a53d29111368043c09db08409
4353,T14096,Advancements in Materials Engineering,0.0,consistent,Mechanical Engineering,0.37,Mechanical Engineering,0.37,10,c40c446d67677ec9cd52894674fdbe8fd0fcc99a53d29111368043c09db08409
4354,T14099,Synthesis and Characterization of Heterocyclic Compounds,0.0,consistent,Organic Chemistry,0.5459459459459459,Organic Chemistry,0.5459459459459459,10,c40c446d67677ec9cd52894674fdbe8fd0fcc99a53d29111368043c09db08409
4355,T14102,Corporate Governance and Law,0.0,insufficient_evidence,Strategy and Management,0.0,Law,1.0,1,c40c446d67677ec9cd52894674fdbe8fd0fcc99a53d29111368043c09db08409
4356,T14105,Cultural and Artistic Studies,0.0,consistent,Cultural Studies,0.4434977578475337,Cultural Studies,0.4434977578475337,10,c40c446d67677ec9cd52894674fdbe8fd0fcc99a53d29111368043c09db08409
4357,T14108,Medical and Pharmaceutic Studies,0.0,insufficient_evidence,Pharmacology,0.0,Philosophy,0.16666666666666666,6,c40c446d67677ec9cd52894674fdbe8fd0fcc99a53d29111368043c09db08409
4358,T14110,Islamic Studies and Radicalism,0.0,consistent,Sociology and Political Science,0.3,Sociology and Political Science,0.3,10,c40c446d67677ec9cd52894674fdbe8fd0fcc99a53d29111368043c09db08409
4359,T14111,Diverse Research Studies Overview,0.0,consistent,Sociology and Political Science,0.27,Sociology and Political Science,0.27,10,c40c446d67677ec9cd52894674fdbe8fd0fcc99a53d29111368043c09db08409
4360,T14113,Global Socioeconomic and Political Dynamics,0.0,consistent,Economics and Econometrics,0.32857142857142857,Economics and Econometrics,0.32857142857142857,10,c40c446d67677ec9cd52894674fdbe8fd0fcc99a53d29111368043c09db08409
4361,T14120,Thallium and Germanium Studies,0.0,consistent,Pollution,0.32277992277992273,Pollution,0.32277992277992273,10,c40c446d67677ec9cd52894674fdbe8fd0fcc99a53d29111368043c09db08409
4362,T14122,Impact of Education Environments,0.0,consistent,Education,0.6018433179723501,Education,0.6018433179723501,10,c40c446d67677ec9cd52894674fdbe8fd0fcc99a53d29111368043c09db08409
4363,T14127,Food and Agricultural Sciences,0.0,consistent,Food Science,0.23333333333333334,Food Science,0.23333333333333334,10,c40c446d67677ec9cd52894674fdbe8fd0fcc99a53d29111368043c09db08409
4364,T14130,"Healthcare, Law, Governance, and Management Studies",0.0,insufficient_evidence,General Health Professions,0.09,History,0.19,10,c40c446d67677ec9cd52894674fdbe8fd0fcc99a53d29111368043c09db08409
4365,T14133,Border Security and International Relations,0.0,consistent,Political Science and International Relations,0.4333333333333333,Political Science and International Relations,0.4333333333333333,10,c40c446d67677ec9cd52894674fdbe8fd0fcc99a53d29111368043c09db08409
4366,T14135,Cancer and biochemical research,0.0,consistent,Molecular Biology,0.39999999999999997,Molecular Biology,0.39999999999999997,10,c40c446d67677ec9cd52894674fdbe8fd0fcc99a53d29111368043c09db08409
4367,T14136,Education and Military Integration,0.0,consistent,Education,0.6,Education,0.6,10,c40c446d67677ec9cd52894674fdbe8fd0fcc99a53d29111368043c09db08409
4368,T14137,"Agriculture, Soil, Plant Science",0.0,insufficient_evidence,"Ecology, Evolution, Behavior and Systematics",0.0,Information Systems and Management,0.1,10,c40c446d67677ec9cd52894674fdbe8fd0fcc99a53d29111368043c09db08409
4369,T14140,Elite Sociology and Global Capitalism,0.0,insufficient_evidence,Sociology and Political Science,0.0,Management of Technology and Innovation,0.14615384615384616,10,c40c446d67677ec9cd52894674fdbe8fd0fcc99a53d29111368043c09db08409
4370,T14141,Colonial History and Postcolonial Studies,0.0,consistent,Sociology and Political Science,0.2833333333333333,Sociology and Political Science,0.2833333333333333,10,c40c446d67677ec9cd52894674fdbe8fd0fcc99a53d29111368043c09db08409
4371,T14142,Multicultural Socio-Legal Studies,0.0,consistent,Sociology and Political Science,0.48230088495575224,Sociology and Political Science,0.48230088495575224,10,c40c446d67677ec9cd52894674fdbe8fd0fcc99a53d29111368043c09db08409
4372,T14143,Economic and Technological Innovation,0.0,consistent,Economics and Econometrics,0.15833333333333333,Economics and Econometrics,0.15833333333333333,10,c40c446d67677ec9cd52894674fdbe8fd0fcc99a53d29111368043c09db08409
4373,T14147,Innovative Approaches in Technology and Social Development,0.0,insufficient_evidence,Management of Technology and Innovation,0.0,Marketing,0.2,5,c40c446d67677ec9cd52894674fdbe8fd0fcc99a53d29111368043c09db08409
4374,T14148,Kierkegaardian Philosophy and Influence,0.0,consistent,Philosophy,0.7528604118993135,Philosophy,0.7528604118993135,10,c40c446d67677ec9cd52894674fdbe8fd0fcc99a53d29111368043c09db08409
4375,T14149,Historical and Literary Analyses,0.0,consistent,Literature and Literary Theory,0.2,Literature and Literary Theory,0.2,10,c40c446d67677ec9cd52894674fdbe8fd0fcc99a53d29111368043c09db08409
4376,T14153,Social Development and Education Research,0.0,consistent,Education,0.2637837837837838,Education,0.2637837837837838,10,c40c446d67677ec9cd52894674fdbe8fd0fcc99a53d29111368043c09db08409
4377,T14155,Advanced Technology in Applications,0.0,consistent,Information Systems,0.3804123711340207,Information Systems,0.3804123711340207,10,c40c446d67677ec9cd52894674fdbe8fd0fcc99a53d29111368043c09db08409
4378,T14158,Optical Systems and Laser Technology,0.0,insufficient_evidence,Electrical and Electronic Engineering,0.0,Media Technology,0.19,10,c40c446d67677ec9cd52894674fdbe8fd0fcc99a53d29111368043c09db08409
4379,T14161,Health and Education Studies,0.0,consistent,Education,0.676,Education,0.676,10,c40c446d67677ec9cd52894674fdbe8fd0fcc99a53d29111368043c09db08409
4380,T14167,Consumer behavior in food and health,0.0,consistent,Sociology and Political Science,0.3,Sociology and Political Science,0.3,10,c40c446d67677ec9cd52894674fdbe8fd0fcc99a53d29111368043c09db08409
4381,T14171,"Education, Law, and Society",0.0,consistent,Political Science and International Relations,0.15833333333333333,Political Science and International Relations,0.15833333333333333,10,c40c446d67677ec9cd52894674fdbe8fd0fcc99a53d29111368043c09db08409
4382,T14174,Artificial Intelligence and Decision Support Systems,0.0,insufficient_evidence,Information Systems,0.11191709844559587,Computer Networks and Communications,0.15854922279792746,10,c40c446d67677ec9cd52894674fdbe8fd0fcc99a53d29111368043c09db08409
4383,T14177,Water Resources and Management,0.0,consistent,Ecology,0.09999999999999999,Ecology,0.09999999999999999,10,c40c446d67677ec9cd52894674fdbe8fd0fcc99a53d29111368043c09db08409
4384,T14178,Environmental Science and Water Management,0.0,consistent,Water Science and Technology,0.19,Water Science and Technology,0.19,10,c40c446d67677ec9cd52894674fdbe8fd0fcc99a53d29111368043c09db08409
4385,T14179,Waste Management and Recycling,0.0,consistent,Waste Management and Disposal,0.21999999999999997,Waste Management and Disposal,0.21999999999999997,10,c40c446d67677ec9cd52894674fdbe8fd0fcc99a53d29111368043c09db08409
4386,T14182,Technology-Enhanced Education Studies,0.0,consistent,Education,0.6,Education,0.6,10,c40c446d67677ec9cd52894674fdbe8fd0fcc99a53d29111368043c09db08409
4387,T14186,Healthcare Systems and Practices,0.0,consistent,General Health Professions,0.6547692307692308,General Health Professions,0.6547692307692308,10,c40c446d67677ec9cd52894674fdbe8fd0fcc99a53d29111368043c09db08409
4388,T14189,Intravenous Infusion Technology and Safety,0.0,insufficient_evidence,Biomedical Engineering,0.0,Media Technology,0.19,10,c40c446d67677ec9cd52894674fdbe8fd0fcc99a53d29111368043c09db08409
4389,T14190,Military history and social perspectives,0.0,consistent,Cultural Studies,0.2571428571428572,Cultural Studies,0.2571428571428572,10,c40c446d67677ec9cd52894674fdbe8fd0fcc99a53d29111368043c09db08409
4390,T14191,Historical Art and Architecture Studies,0.0,consistent,Conservation,0.17272727272727273,Conservation,0.17272727272727273,10,c40c446d67677ec9cd52894674fdbe8fd0fcc99a53d29111368043c09db08409
4391,T14192,"Literature, Film, and Journalism Analysis",0.0,consistent,Literature and Literary Theory,0.2,Literature and Literary Theory,0.2,10,c40c446d67677ec9cd52894674fdbe8fd0fcc99a53d29111368043c09db08409
4392,T14193,Literature and Cultural Memory,0.0,consistent,Literature and Literary Theory,0.3925925925925926,Literature and Literary Theory,0.3925925925925926,10,c40c446d67677ec9cd52894674fdbe8fd0fcc99a53d29111368043c09db08409
4393,T14195,Linguistic and Cultural Studies,0.0,consistent,Plant Science,0.2775,Plant Science,0.2775,10,c40c446d67677ec9cd52894674fdbe8fd0fcc99a53d29111368043c09db08409
4394,T14197,Historical Studies of Medieval Iberia,0.0,consistent,Archeology,0.4666666666666667,Archeology,0.4666666666666667,10,c40c446d67677ec9cd52894674fdbe8fd0fcc99a53d29111368043c09db08409
4395,T14200,"Medical, Sociocultural, and Biopolitical Studies",0.0,consistent,Political Science and International Relations,0.3,Political Science and International Relations,0.3,10,c40c446d67677ec9cd52894674fdbe8fd0fcc99a53d29111368043c09db08409
4396,T14201,Data Analysis and Archiving,0.0,consistent,Sociology and Political Science,0.28,Sociology and Political Science,0.28,10,c40c446d67677ec9cd52894674fdbe8fd0fcc99a53d29111368043c09db08409
4397,T14205,Education and Art Integration,0.0,consistent,Education,0.4470588235294118,Education,0.4470588235294118,10,c40c446d67677ec9cd52894674fdbe8fd0fcc99a53d29111368043c09db08409
4398,T14207,Higher Education Practises and Engagement,0.0,consistent,Education,0.6,Education,0.6,10,c40c446d67677ec9cd52894674fdbe8fd0fcc99a53d29111368043c09db08409
4399,T14209,Public health and occupational medicine,0.0,consistent,Political Science and International Relations,0.5,Political Science and International Relations,0.5,10,c40c446d67677ec9cd52894674fdbe8fd0fcc99a53d29111368043c09db08409
4400,T14212,Health Promotion and Cardiovascular Prevention,0.0,insufficient_evidence,"Public Health, Environmental and Occupational Health",0.0,Food Science,0.25,4,c40c446d67677ec9cd52894674fdbe8fd0fcc99a53d29111368043c09db08409
4401,T14213,Global Politics and Economy,0.0,consistent,Economics and Econometrics,0.18289585097375108,Economics and Econometrics,0.18289585097375108,10,c40c446d67677ec9cd52894674fdbe8fd0fcc99a53d29111368043c09db08409
4402,T14214,Space Exploration and Technology,0.0,insufficient_evidence,Aerospace Engineering,0.0,Plant Science,0.1,10,c40c446d67677ec9cd52894674fdbe8fd0fcc99a53d29111368043c09db08409
4403,T14215,Chemical and Environmental Engineering Research,0.0,insufficient_evidence,Information Systems,0.0,"Renewable Energy, Sustainability and the Environment",0.19,10,c40c446d67677ec9cd52894674fdbe8fd0fcc99a53d29111368043c09db08409
4404,T14217,American Literature and Humor Studies,0.0,consistent,Literature and Literary Theory,0.3,Literature and Literary Theory,0.3,10,c40c446d67677ec9cd52894674fdbe8fd0fcc99a53d29111368043c09db08409
4405,T14220,"Workaholism, burnout, and well-being",0.0,consistent,Social Psychology,0.39166666666666666,Social Psychology,0.39166666666666666,10,c40c446d67677ec9cd52894674fdbe8fd0fcc99a53d29111368043c09db08409
4406,T14221,activated carbon and charcoal,0.0,insufficient_evidence,Management Science and Operations Research,0.0,Accounting,0.14615384615384616,10,c40c446d67677ec9cd52894674fdbe8fd0fcc99a53d29111368043c09db08409
4407,T14223,Ayn Rand and Brontë studies,0.0,consistent,Economics and Econometrics,0.5,Economics and Econometrics,0.5,10,c40c446d67677ec9cd52894674fdbe8fd0fcc99a53d29111368043c09db08409
4408,T14224,"Oil, Gas, and Environmental Issues",0.0,insufficient_evidence,"Renewable Energy, Sustainability and the Environment",0.0,Ecology,0.15,10,c40c446d67677ec9cd52894674fdbe8fd0fcc99a53d29111368043c09db08409
4409,T14227,Educational Practices and Challenges,0.0,consistent,Education,0.32272727272727275,Education,0.32272727272727275,10,c40c446d67677ec9cd52894674fdbe8fd0fcc99a53d29111368043c09db08409
4410,T14229,Physical education and sports games research,0.0,insufficient_evidence,Social Psychology,0.18,Education,0.19,10,c40c446d67677ec9cd52894674fdbe8fd0fcc99a53d29111368043c09db08409
4411,T14233,Diverse Topics in Contemporary Research,0.0,insufficient_evidence,Cultural Studies,0.0,Philosophy,0.14615384615384616,10,c40c446d67677ec9cd52894674fdbe8fd0fcc99a53d29111368043c09db08409
4412,T14234,Data Privacy and Cybersecurity,0.0,consistent,Law,0.43846153846153846,Law,0.43846153846153846,10,c40c446d67677ec9cd52894674fdbe8fd0fcc99a53d29111368043c09db08409
4413,T14238,Historical Gender and Feminism Studies,0.0,consistent,Sociology and Political Science,0.5,Sociology and Political Science,0.5,10,c40c446d67677ec9cd52894674fdbe8fd0fcc99a53d29111368043c09db08409
4414,T14239,"Business, Education, Mathematics Research",0.0,insufficient_evidence,Accounting,0.09,Strategy and Management,0.19,10,c40c446d67677ec9cd52894674fdbe8fd0fcc99a53d29111368043c09db08409
4415,T14245,Biomarkers in Disease Mechanisms,0.0,consistent,Immunology,0.28421052631578947,Immunology,0.28421052631578947,10,c40c446d67677ec9cd52894674fdbe8fd0fcc99a53d29111368043c09db08409
4416,T14249,Water Quality Monitoring and Analysis,0.0,insufficient_evidence,Waste Management and Disposal,0.0,Water Science and Technology,0.19,10,c40c446d67677ec9cd52894674fdbe8fd0fcc99a53d29111368043c09db08409
4417,T14250,Energy and Environmental Systems,0.0,insufficient_evidence,Transportation,0.0,Information Systems,0.17272727272727273,10,c40c446d67677ec9cd52894674fdbe8fd0fcc99a53d29111368043c09db08409
4418,T14253,Latin American social science,0.0,consistent,Sociology and Political Science,0.4722222222222222,Sociology and Political Science,0.4722222222222222,10,c40c446d67677ec9cd52894674fdbe8fd0fcc99a53d29111368043c09db08409
4419,T14256,Agricultural and Food Sciences,0.0,consistent,Forestry,0.14615384615384616,Forestry,0.14615384615384616,10,c40c446d67677ec9cd52894674fdbe8fd0fcc99a53d29111368043c09db08409
4420,T14257,Advanced Measurement and Detection Methods,0.0,consistent,Electrical and Electronic Engineering,0.1,Electrical and Electronic Engineering,0.1,10,c40c446d67677ec9cd52894674fdbe8fd0fcc99a53d29111368043c09db08409
4421,T14261,Herbal Medicine and Trade Cooperation,0.0,consistent,Economics and Econometrics,0.2095238095238095,Economics and Econometrics,0.2095238095238095,10,c40c446d67677ec9cd52894674fdbe8fd0fcc99a53d29111368043c09db08409
4422,T14264,"Law, Ethics, and AI Impact",0.0,consistent,Organizational Behavior and Human Resource Management,0.15833333333333333,Organizational Behavior and Human Resource Management,0.15833333333333333,10,c40c446d67677ec9cd52894674fdbe8fd0fcc99a53d29111368043c09db08409
4423,T14267,Technology in Education and Healthcare,0.0,consistent,Education,0.38571428571428573,Education,0.38571428571428573,10,c40c446d67677ec9cd52894674fdbe8fd0fcc99a53d29111368043c09db08409
4424,T14269,Food Security and Socioeconomic Dynamics,0.0,consistent,General Agricultural and Biological Sciences,0.5384615384615385,General Agricultural and Biological Sciences,0.5384615384615385,10,c40c446d67677ec9cd52894674fdbe8fd0fcc99a53d29111368043c09db08409
4425,T14271,Educational Methods and Psychological Studies,0.0,consistent,Education,0.6151750972762645,Education,0.6151750972762645,10,c40c446d67677ec9cd52894674fdbe8fd0fcc99a53d29111368043c09db08409
4426,T14274,Education and Vocational Training,0.0,consistent,Education,0.5357142857142857,Education,0.5357142857142857,10,c40c446d67677ec9cd52894674fdbe8fd0fcc99a53d29111368043c09db08409
4427,T14276,Power Systems and Technologies,0.0,consistent,Electrical and Electronic Engineering,0.37,Electrical and Electronic Engineering,0.37,10,c40c446d67677ec9cd52894674fdbe8fd0fcc99a53d29111368043c09db08409
4428,T14277,Social Skills and Education,0.0,consistent,Education,0.7799999999999999,Education,0.7799999999999999,10,c40c446d67677ec9cd52894674fdbe8fd0fcc99a53d29111368043c09db08409
4429,T14279,Academic Research and Education Studies,0.0,consistent,Global and Planetary Change,0.24545454545454545,Global and Planetary Change,0.24545454545454545,10,c40c446d67677ec9cd52894674fdbe8fd0fcc99a53d29111368043c09db08409
4430,T14280,Big Data Technologies and Applications,0.0,consistent,Information Systems and Management,0.11739130434782609,Information Systems and Management,0.11739130434782609,10,c40c446d67677ec9cd52894674fdbe8fd0fcc99a53d29111368043c09db08409
4431,T14283,Diverse Academic Research Areas,0.0,consistent,Education,0.5,Education,0.5,10,c40c446d67677ec9cd52894674fdbe8fd0fcc99a53d29111368043c09db08409
4432,T14286,Parkinson's Disease and Spinal Disorders,0.0,consistent,Neurology,0.3523809523809524,Neurology,0.3523809523809524,10,c40c446d67677ec9cd52894674fdbe8fd0fcc99a53d29111368043c09db08409
4433,T14287,Music Education and Analysis,0.0,consistent,Education,0.6999999999999998,Education,0.6999999999999998,10,c40c446d67677ec9cd52894674fdbe8fd0fcc99a53d29111368043c09db08409
4434,T14290,Education Methods and Practices,0.0,consistent,Education,0.4,Education,0.4,10,c40c446d67677ec9cd52894674fdbe8fd0fcc99a53d29111368043c09db08409
4435,T14291,Indonesian Legal and Regulatory Studies,0.0,consistent,Political Science and International Relations,0.5555555555555556,Political Science and International Relations,0.5555555555555556,10,c40c446d67677ec9cd52894674fdbe8fd0fcc99a53d29111368043c09db08409
4436,T14294,Impulse Buying and Technology Impacts,0.0,consistent,Economics and Econometrics,0.2111111111111111,Economics and Econometrics,0.2111111111111111,10,c40c446d67677ec9cd52894674fdbe8fd0fcc99a53d29111368043c09db08409
4437,T14297,Plant-Derived Bioactive Compounds,0.0,insufficient_evidence,Organic Chemistry,0.09,Plant Science,0.19,10,c40c446d67677ec9cd52894674fdbe8fd0fcc99a53d29111368043c09db08409
4438,T14300,Legal and Social Philosophy,0.0,consistent,Sociology and Political Science,0.17272727272727273,Sociology and Political Science,0.17272727272727273,10,c40c446d67677ec9cd52894674fdbe8fd0fcc99a53d29111368043c09db08409
4439,T14302,European Politics and Security,0.0,consistent,Political Science and International Relations,0.5828220858895706,Political Science and International Relations,0.5828220858895706,10,c40c446d67677ec9cd52894674fdbe8fd0fcc99a53d29111368043c09db08409
4440,T14311,Electrical and Electromagnetic Research,0.0,insufficient_evidence,"Atomic and Molecular Physics, and Optics",0.0,Spectroscopy,0.3333333333333333,3,c40c446d67677ec9cd52894674fdbe8fd0fcc99a53d29111368043c09db08409
4441,T14314,"Violence, Religion, and Philosophy",0.0,consistent,Philosophy,0.384,Philosophy,0.384,10,c40c446d67677ec9cd52894674fdbe8fd0fcc99a53d29111368043c09db08409
4442,T14324,Insects and Parasite Interactions,0.0,insufficient_evidence,"Health, Toxicology and Mutagenesis",0.0,Endocrinology,0.15833333333333333,10,c40c446d67677ec9cd52894674fdbe8fd0fcc99a53d29111368043c09db08409
4443,T14325,Diverse Specialized Academic Research,0.0,consistent,Economics and Econometrics,0.35567567567567565,Economics and Econometrics,0.35567567567567565,10,c40c446d67677ec9cd52894674fdbe8fd0fcc99a53d29111368043c09db08409
4444,T14328,Diverse scientific research topics,0.0,insufficient_evidence,Management Science and Operations Research,0.0,Developmental and Educational Psychology,0.17272727272727273,10,c40c446d67677ec9cd52894674fdbe8fd0fcc99a53d29111368043c09db08409
4445,T14329,Science and Climate Studies,0.0,consistent,Global and Planetary Change,0.3751196172248804,Global and Planetary Change,0.3751196172248804,10,c40c446d67677ec9cd52894674fdbe8fd0fcc99a53d29111368043c09db08409
4446,T14330,Library Science and Information Systems,0.0,insufficient_evidence,Information Systems,0.16363636363636364,Artificial Intelligence,0.34545454545454546,5,c40c446d67677ec9cd52894674fdbe8fd0fcc99a53d29111368043c09db08409
4447,T14333,Dermatoglyphics and Human Traits,0.0,insufficient_evidence,Genetics,0.0,Epidemiology,0.21375000000000002,10,c40c446d67677ec9cd52894674fdbe8fd0fcc99a53d29111368043c09db08409
4448,T14338,"Leadership, Human Resources, Global Affairs",0.0,consistent,Political Science and International Relations,0.1789473684210526,Political Science and International Relations,0.1789473684210526,10,c40c446d67677ec9cd52894674fdbe8fd0fcc99a53d29111368043c09db08409
4449,T14342,"Military, Security, and Education Studies",0.0,consistent,Sociology and Political Science,0.6727272727272727,Sociology and Political Science,0.6727272727272727,5,c40c446d67677ec9cd52894674fdbe8fd0fcc99a53d29111368043c09db08409
4450,T14344,Pathogenesis and Treatment of Hiccups,0.0,insufficient_evidence,Physiology,0.0,Neurology,0.19,10,c40c446d67677ec9cd52894674fdbe8fd0fcc99a53d29111368043c09db08409
4451,T14347,Big Data and Digital Economy,0.0,consistent,Information Systems,0.4564593301435406,Information Systems,0.4564593301435406,10,c40c446d67677ec9cd52894674fdbe8fd0fcc99a53d29111368043c09db08409
4452,T14348,Marriage and Family Dynamics,0.0,insufficient_evidence,Sociology and Political Science,0.0,History,0.1,10,c40c446d67677ec9cd52894674fdbe8fd0fcc99a53d29111368043c09db08409
4453,T14351,Statistical and Computational Modeling,0.0,consistent,Artificial Intelligence,0.3,Artificial Intelligence,0.3,10,c40c446d67677ec9cd52894674fdbe8fd0fcc99a53d29111368043c09db08409
4454,T14352,Globalization and Economic Impact,0.0,consistent,Sociology and Political Science,0.525,Sociology and Political Science,0.525,10,c40c446d67677ec9cd52894674fdbe8fd0fcc99a53d29111368043c09db08409
4455,T14358,Healthcare Quality and Satisfaction,0.0,consistent,General Health Professions,0.33636363636363636,General Health Professions,0.33636363636363636,10,c40c446d67677ec9cd52894674fdbe8fd0fcc99a53d29111368043c09db08409
4456,T14360,Psidium guajava Extracts and Applications,0.0,consistent,Pharmacology,0.4396313364055299,Pharmacology,0.4396313364055299,10,c40c446d67677ec9cd52894674fdbe8fd0fcc99a53d29111368043c09db08409
4457,T14365,Leaf Properties and Growth Measurement,0.0,consistent,Plant Science,0.3,Plant Science,0.3,10,c40c446d67677ec9cd52894674fdbe8fd0fcc99a53d29111368043c09db08409
4458,T14370,"Economic, Social, and Health Studies",0.0,consistent,Economics and Econometrics,0.4814814814814815,Economics and Econometrics,0.4814814814814815,10,c40c446d67677ec9cd52894674fdbe8fd0fcc99a53d29111368043c09db08409
4459,T14373,Securities Regulation and Market Practices,0.0,insufficient_evidence,Marketing,0.0,Strategy and Management,0.19,10,c40c446d67677ec9cd52894674fdbe8fd0fcc99a53d29111368043c09db08409
4460,T14376,Science and Education Research,0.0,consistent,Education,0.7704379562043796,Education,0.7704379562043796,10,c40c446d67677ec9cd52894674fdbe8fd0fcc99a53d29111368043c09db08409
4461,T14378,Entomological Studies and Ecology,0.0,consistent,"Ecology, Evolution, Behavior and Systematics",0.12666666666666668,"Ecology, Evolution, Behavior and Systematics",0.12666666666666668,10,c40c446d67677ec9cd52894674fdbe8fd0fcc99a53d29111368043c09db08409
4462,T14381,"Psychiatry, Mental Health, Neuroscience",0.0,consistent,Artificial Intelligence,0.2,Artificial Intelligence,0.2,10,c40c446d67677ec9cd52894674fdbe8fd0fcc99a53d29111368043c09db08409
4463,T14383,Global Development and Urbanization,0.0,consistent,Sociology and Political Science,0.3,Sociology and Political Science,0.3,10,c40c446d67677ec9cd52894674fdbe8fd0fcc99a53d29111368043c09db08409
4464,T14384,Ophthalmology and Visual Health Research,0.0,insufficient_evidence,Ophthalmology,0.0,Cognitive Neuroscience,0.15784615384615386,10,c40c446d67677ec9cd52894674fdbe8fd0fcc99a53d29111368043c09db08409
4465,T14387,Environmental Engineering and Cultural Studies,0.0,consistent,Information Systems,0.6,Information Systems,0.6,10,c40c446d67677ec9cd52894674fdbe8fd0fcc99a53d29111368043c09db08409
4466,T14388,Medieval European History and Architecture,0.0,consistent,Archeology,0.28,Archeology,0.28,10,c40c446d67677ec9cd52894674fdbe8fd0fcc99a53d29111368043c09db08409
4467,T14392,Geoscience and Mining Technology,0.0,insufficient_evidence,"Safety, Risk, Reliability and Quality",0.0,Civil and Structural Engineering,0.27142857142857146,10,c40c446d67677ec9cd52894674fdbe8fd0fcc99a53d29111368043c09db08409
4468,T14400,Medical Coding and Health Information,0.0,insufficient_evidence,Health Information Management,0.0,Management Information Systems,0.2,5,c40c446d67677ec9cd52894674fdbe8fd0fcc99a53d29111368043c09db08409
4469,T14401,"Technology, Environment, Urban Planning",0.0,consistent,Philosophy,0.5599999999999999,Philosophy,0.5599999999999999,10,c40c446d67677ec9cd52894674fdbe8fd0fcc99a53d29111368043c09db08409
4470,T14404,European Socioeconomic and Political Studies,0.0,consistent,Economics and Econometrics,0.3380952380952381,Economics and Econometrics,0.3380952380952381,10,c40c446d67677ec9cd52894674fdbe8fd0fcc99a53d29111368043c09db08409
4471,T14405,Fisheries and Aquaculture Studies,0.0,consistent,General Agricultural and Biological Sciences,0.32105263157894737,General Agricultural and Biological Sciences,0.32105263157894737,10,c40c446d67677ec9cd52894674fdbe8fd0fcc99a53d29111368043c09db08409
4472,T14410,Safety and Risk Management,0.0,insufficient_evidence,Organizational Behavior and Human Resource Management,0.0,"Safety, Risk, Reliability and Quality",0.19,10,c40c446d67677ec9cd52894674fdbe8fd0fcc99a53d29111368043c09db08409
4473,T14414,Artificial Intelligence in Education,0.0,consistent,Information Systems,0.3578947368421052,Information Systems,0.3578947368421052,10,c40c446d67677ec9cd52894674fdbe8fd0fcc99a53d29111368043c09db08409
4474,T14417,Central Asia Education and Culture,0.0,consistent,Political Science and International Relations,0.66,Political Science and International Relations,0.66,10,c40c446d67677ec9cd52894674fdbe8fd0fcc99a53d29111368043c09db08409
4475,T14421,Educational Philosophies and Pedagogies,0.0,consistent,Education,0.731578947368421,Education,0.731578947368421,10,c40c446d67677ec9cd52894674fdbe8fd0fcc99a53d29111368043c09db08409
4476,T14423,Military Technology and Strategies,0.0,consistent,Aerospace Engineering,0.1,Aerospace Engineering,0.1,10,c40c446d67677ec9cd52894674fdbe8fd0fcc99a53d29111368043c09db08409
4477,T14424,Economic Analysis and Policy,0.0,consistent,Economics and Econometrics,0.3,Economics and Econometrics,0.3,10,c40c446d67677ec9cd52894674fdbe8fd0fcc99a53d29111368043c09db08409
4478,T14425,Educational Practices and Sociocultural Research,0.0,consistent,Education,0.5476190476190476,Education,0.5476190476190476,10,c40c446d67677ec9cd52894674fdbe8fd0fcc99a53d29111368043c09db08409
4479,T14429,Global Political and Social Dynamics,0.0,consistent,Political Science and International Relations,0.4,Political Science and International Relations,0.4,10,c40c446d67677ec9cd52894674fdbe8fd0fcc99a53d29111368043c09db08409
4480,T14430,Higher Education and Teaching Methods,0.0,consistent,Information Systems,0.41818181818181815,Information Systems,0.41818181818181815,10,c40c446d67677ec9cd52894674fdbe8fd0fcc99a53d29111368043c09db08409
4481,T14433,Post-Communist Economic and Political Transition,0.0,consistent,Political Science and International Relations,0.3,Political Science and International Relations,0.3,10,c40c446d67677ec9cd52894674fdbe8fd0fcc99a53d29111368043c09db08409
4482,T14434,Historical and Modern Theater Studies,0.0,insufficient_evidence,Clinical Psychology,0.0,Neuropsychology and Physiological Psychology,0.2602739726027397,7,c40c446d67677ec9cd52894674fdbe8fd0fcc99a53d29111368043c09db08409
4483,T14436,Employee Performance and Leadership,0.0,consistent,Organizational Behavior and Human Resource Management,0.28888888888888886,Organizational Behavior and Human Resource Management,0.28888888888888886,10,c40c446d67677ec9cd52894674fdbe8fd0fcc99a53d29111368043c09db08409
4484,T14438,Advanced Scientific Research Methods,0.0,consistent,Food Science,0.1,Food Science,0.1,10,c40c446d67677ec9cd52894674fdbe8fd0fcc99a53d29111368043c09db08409
4485,T14439,"Feminism, Gender, and Social Issues",0.0,consistent,Gender Studies,0.43999999999999995,Gender Studies,0.43999999999999995,10,c40c446d67677ec9cd52894674fdbe8fd0fcc99a53d29111368043c09db08409
4486,T14441,"Religion, Theology, History, Judaism, Christianity",0.0,insufficient_evidence,Political Science and International Relations,0.0,History,0.5,2,c40c446d67677ec9cd52894674fdbe8fd0fcc99a53d29111368043c09db08409
4487,T14445,Transportation Safety and Impact Analysis,0.0,insufficient_evidence,Civil and Structural Engineering,0.0,Artificial Intelligence,0.3333333333333333,3,c40c446d67677ec9cd52894674fdbe8fd0fcc99a53d29111368043c09db08409
4488,T14447,Trade Secret Protection Methods,0.0,insufficient_evidence,Health Information Management,0.0,Philosophy,0.1,10,c40c446d67677ec9cd52894674fdbe8fd0fcc99a53d29111368043c09db08409
4489,T14449,Education and Character Development,0.0,consistent,Education,0.27,Education,0.27,10,c40c446d67677ec9cd52894674fdbe8fd0fcc99a53d29111368043c09db08409
4490,T14451,Historical and Religious Studies of Rome,0.0,consistent,History,0.30386740331491713,History,0.30386740331491713,10,c40c446d67677ec9cd52894674fdbe8fd0fcc99a53d29111368043c09db08409
4491,T14454,Polymer Science and Applications,0.0,consistent,Mechanical Engineering,0.37488789237668163,Mechanical Engineering,0.37488789237668163,10,c40c446d67677ec9cd52894674fdbe8fd0fcc99a53d29111368043c09db08409
4492,T14457,Intellectual Property Rights and Media,0.0,consistent,Political Science and International Relations,0.2,Political Science and International Relations,0.2,10,c40c446d67677ec9cd52894674fdbe8fd0fcc99a53d29111368043c09db08409
4493,T14459,Synthesis and Reactions of Organic Compounds,0.0,consistent,Organic Chemistry,0.88,Organic Chemistry,0.88,10,c40c446d67677ec9cd52894674fdbe8fd0fcc99a53d29111368043c09db08409
4494,T14464,Community Development and Social Impact,0.0,consistent,Finance,0.2153846153846154,Finance,0.2153846153846154,10,c40c446d67677ec9cd52894674fdbe8fd0fcc99a53d29111368043c09db08409
4495,T14465,"Leadership, Behavior, and Decision-Making Studies",0.0,consistent,Management Science and Operations Research,0.18888888888888888,Management Science and Operations Research,0.18888888888888888,10,c40c446d67677ec9cd52894674fdbe8fd0fcc99a53d29111368043c09db08409
4496,T14474,Industrial Technology and Control Systems,0.0,consistent,Control and Systems Engineering,0.37,Control and Systems Engineering,0.37,10,c40c446d67677ec9cd52894674fdbe8fd0fcc99a53d29111368043c09db08409
4497,T14476,Mental Health and Well-being,0.0,consistent,Sociology and Political Science,0.19,Sociology and Political Science,0.19,10,c40c446d67677ec9cd52894674fdbe8fd0fcc99a53d29111368043c09db08409
4498,T14477,"Management, Economics, and Public Policy",0.0,consistent,Marketing,0.2,Marketing,0.2,10,c40c446d67677ec9cd52894674fdbe8fd0fcc99a53d29111368043c09db08409
4499,T14478,Papaya Research and Applications,0.0,consistent,Complementary and alternative medicine,0.20769230769230768,Complementary and alternative medicine,0.20769230769230768,10,c40c446d67677ec9cd52894674fdbe8fd0fcc99a53d29111368043c09db08409
4500,T14482,Education Practices and Evaluation,0.0,consistent,Education,0.4722222222222222,Education,0.4722222222222222,10,c40c446d67677ec9cd52894674fdbe8fd0fcc99a53d29111368043c09db08409
4501,T14483,Education and Teacher Training,0.0,consistent,Education,0.55,Education,0.55,10,c40c446d67677ec9cd52894674fdbe8fd0fcc99a53d29111368043c09db08409
4502,T14491,Diverse academic and cultural studies,0.0,consistent,Economics and Econometrics,0.328,Economics and Econometrics,0.328,10,c40c446d67677ec9cd52894674fdbe8fd0fcc99a53d29111368043c09db08409
4503,T14492,"War, Law, and Justice",0.0,consistent,Political Science and International Relations,0.6444444444444445,Political Science and International Relations,0.6444444444444445,10,c40c446d67677ec9cd52894674fdbe8fd0fcc99a53d29111368043c09db08409
4504,T14493,Criminal Law and Evidence,0.0,consistent,Law,0.75,Law,0.75,4,c40c446d67677ec9cd52894674fdbe8fd0fcc99a53d29111368043c09db08409
4505,T14495,Public Health and Nutrition,0.0,insufficient_evidence,"Pediatrics, Perinatology and Child Health",0.0,Epidemiology,0.19,10,c40c446d67677ec9cd52894674fdbe8fd0fcc99a53d29111368043c09db08409
4506,T14500,Advanced Mathematical Theories,0.0,consistent,Mathematical Physics,0.19,Mathematical Physics,0.19,10,c40c446d67677ec9cd52894674fdbe8fd0fcc99a53d29111368043c09db08409
4507,T14501,Global Economic and Social Development,0.0,consistent,Economics and Econometrics,0.4083333333333334,Economics and Econometrics,0.4083333333333334,10,c40c446d67677ec9cd52894674fdbe8fd0fcc99a53d29111368043c09db08409
4508,T14502,High-Voltage Power Transmission Systems,0.0,insufficient_evidence,Electrical and Electronic Engineering,1.0,Electrical and Electronic Engineering,1.0,1,c40c446d67677ec9cd52894674fdbe8fd0fcc99a53d29111368043c09db08409
4509,T14503,"Globalization, Economics, and Policies",0.0,consistent,Economics and Econometrics,0.4461538461538462,Economics and Econometrics,0.4461538461538462,10,c40c446d67677ec9cd52894674fdbe8fd0fcc99a53d29111368043c09db08409
4510,T14506,Historical and Architectural Studies,0.0,consistent,Archeology,0.2,Archeology,0.2,10,c40c446d67677ec9cd52894674fdbe8fd0fcc99a53d29111368043c09db08409
4511,T14508,Vocational Education and Training,0.0,consistent,Education,0.64,Education,0.64,10,c40c446d67677ec9cd52894674fdbe8fd0fcc99a53d29111368043c09db08409
4512,T14511,"Medicine, History, and Philosophy",0.0,insufficient_evidence,Psychiatry and Mental health,0.0,History,0.17272727272727273,10,c40c446d67677ec9cd52894674fdbe8fd0fcc99a53d29111368043c09db08409
4513,T14512,Technology and Human Factors in Education and Health,0.0,insufficient_evidence,"Public Health, Environmental and Occupational Health",0.0,Management Science and Operations Research,0.17272727272727273,10,c40c446d67677ec9cd52894674fdbe8fd0fcc99a53d29111368043c09db08409
4514,T14515,International Law and Aviation,0.0,consistent,Political Science and International Relations,0.4473684210526316,Political Science and International Relations,0.4473684210526316,10,c40c446d67677ec9cd52894674fdbe8fd0fcc99a53d29111368043c09db08409
4515,T14517,Diverse Historical and Scientific Studies,0.0,consistent,History and Philosophy of Science,0.28421052631578947,History and Philosophy of Science,0.28421052631578947,10,c40c446d67677ec9cd52894674fdbe8fd0fcc99a53d29111368043c09db08409
4516,T14521,Medicinal Plant Research,0.0,consistent,Plant Science,0.26842105263157895,Plant Science,0.26842105263157895,10,c40c446d67677ec9cd52894674fdbe8fd0fcc99a53d29111368043c09db08409
