work_id,title,original_topic_id,cluster_id,action,reason,cosine_to_centroid
https://openalex.org/W1000256596,印度《武装部队新闻》杂志特点及启示,T14423,T14423.C01,propose_split,,0.9070541475841746
https://openalex.org/W1021479909,论旅行社业的“三化”发展趋势,T14423,T14423.C01,propose_split,,0.9076010640510808
https://openalex.org/W1038375429,中医儿科技术方法操作规范——外治疗法（征求意见稿）,T14423,T14423.C01,propose_split,,0.9035206362369845
https://openalex.org/W1040321041,新型高节能低成本压缩、真空机械产品——XJY-1技术研究,T14423,T14423.C01,propose_split,,0.9076823735322106
https://openalex.org/W1140426257,汉、土家语的接触对土家语的影响——龙山靛房土家语音系变化之分析,T14423,T14423.C01,propose_split,,0.91485169923488
https://openalex.org/W1144693024,用新理念新技术推动城镇供水管网改造建设-《城镇供水设施建设与改造技术指南实施细则》管网部分解读,T14423,T14423.C01,propose_split,,0.9105275895418905
https://openalex.org/W1145954368,"Публикации. МРАМОРНАЯ СТУПКА ИЗ КОЛЛЕКЦИИ НАЦИОНАЛЬНОГО ЗАПОВЕДНИКА ""СОФИЯ КИЕВСКАЯ""",T14423,T14423.C02,propose_split,,0.9024965305448372
https://openalex.org/W1167084365,序 : アレルギー疾患のフェノタイプ気管支喘息を越えてアレルギー疾患全体へ (特集 アレルギー疾患のフェノタイプとエンドタイプ),T14423,T14423.C04,propose_split,,0.919842005104165
https://openalex.org/W1207966438,一代知识分子的自我写照——《名士风流》译本序,T14423,T14423.C01,propose_split,,0.9181285064784328
https://openalex.org/W1270055111,跨文化交际视角下《功夫熊猫》主题探析,T14423,T14423.C01,propose_split,,0.9153357649567878
https://openalex.org/W131364260,永远的经典——记著名歌唱家、歌剧《洪湖赤卫队》韩英的扮演者王玉珍女士,T14423,T14423.C01,propose_split,,0.906692858499845
https://openalex.org/W132525672,基于μC／OS-II的一种嵌入式系统内存管理方案,T14423,T14423.C01,propose_split,,0.8971422609073034
https://openalex.org/W140937081,佐藤春夫「西班牙犬の家」の謎をめぐって--比較文学的に読む (染田利信教授還暦記念論集),T14423,T14423.C04,propose_split,,0.9108989743945162
https://openalex.org/W1416981049,Педагогические условия формирования информационной компетентности будущих учителей начальных классов,T14423,T14423.C02,propose_split,,0.8943053363395596
https://openalex.org/W144616717,クリスマス・メロディーズ : ピアノ・ソロ,T14423,T14423.C04,propose_split,,0.8802828499976713
https://openalex.org/W1479511023,关于建立“长江商贸走廊”的初步构想,T14423,T14423.C01,propose_split,,0.9145099691861288
https://openalex.org/W1480716356,专利：科学技术新常态研究的关键节点——沈君博士《专利技术主题的知识网络研究》评介,T14423,T14423.C01,propose_split,,0.923914058238588
https://openalex.org/W1488722156,英国文化唯物论的德国起源：玛格特·汉尼曼论布莱希特,T14423,T14423.C01,propose_split,,0.9057414745635703
https://openalex.org/W1490204596,빠스꾸알 두아르떼의 일가에 나타난 인간실존의문제와 스페인적 맥락,T14423,T14423.C03,propose_split,,0.895184201195386
https://openalex.org/W1511877755,전자제어식 주차브레이크(EPB) 시스템의 다축 내구시험법 개발에 관한 연구,T14423,T14423.C03,propose_split,,0.8948730321066682
https://openalex.org/W155086643,경력단절 여성의 감성지능이 고용가능성에 미치는 영향 : 사회 연결망의 매개효과를 중심으로,T14423,T14423.C03,propose_split,,0.8952621837048851
https://openalex.org/W1552753143,"重大主题报道创新路径：高站位,多形式,全媒体",T14423,T14423.C01,propose_split,,0.9211952652603217
https://openalex.org/W1571799402,最新商法・会社法がわかる事典 : 読みこなし・使いこなし・活用自在,T14423,T14423.C04,propose_split,,0.9120992597124497
https://openalex.org/W162748706,延命治療の差し控えと中止--患者の利益と医師の心理的負担の視点から (第5土曜特集 救急医療UPDATA--現状と展望) -- (倫理・メディア),T14423,T14423.C04,propose_split,,0.9209956244743415
https://openalex.org/W1688936418,日本企業のすり合わせ能力を生かす (特集 組織力を高めるマネジメント),T14423,T14423.C04,propose_split,,0.9112578238225445
https://openalex.org/W1824050445,프랙탈 차원을 이용한 한국 해안선길이 특성 연구,T14423,T14423.C03,propose_split,,0.9013331567330001
https://openalex.org/W1931330137,일본시장에서의 수산물 수출경쟁력 분석,T14423,T14423.C03,propose_split,,0.8919694579726688
https://openalex.org/W1931628525,아랍어 동사의 상(Aspect)과 시제(Tense),T14423,T14423.C03,propose_split,,0.8941522533224704
https://openalex.org/W1936938468,통일에 대비한 한국의 통일비용 재원조달방안에 관한 논의,T14423,T14423.C03,propose_split,,0.8906268447569722
https://openalex.org/W1962967553,에너지 통합 전시회 개최 위해 관련 협단체 ‘의기투합’,T14423,T14423.C03,propose_split,,0.8751544035302175
https://openalex.org/W201617984,Рефлексивные модели репутации и норм деятельности,T14423,T14423.C02,propose_split,,0.904687050765544
https://openalex.org/W2118370542,작업기억의 용량이 컴퓨터 문서의 이해에 미치는 영향,T14423,T14423.C03,propose_split,,0.8903735451410556
https://openalex.org/W2138252148,"미디어 리터러시 구성요인과 부모의 중재 행위, 아동의 이용조절 인식간의 상관관계",T14423,T14423.C03,propose_split,,0.9073870105039481
https://openalex.org/W2138891372,中日循环经济：比较、借鉴与合作,T14423,T14423.C01,propose_split,,0.9099672861892829
https://openalex.org/W2180382749,Роль Германии в «Группе двадцати»,T14423,T14423.C02,propose_split,,0.8624691475023667
https://openalex.org/W2181756604,税務申告書類による農業者の収入のとらえ方(第4回)価格補填金の取扱い,T14423,T14423.C04,propose_split,,0.8969014989845547
https://openalex.org/W218298242,海上保安庁管区めぐり(2)第2管区,T14423,T14423.C04,propose_split,,0.8931180058631576
https://openalex.org/W219265973,20.新生児特発性食道破裂の治験例 (第23回九州小児外科学会),T14423,T14423.C04,propose_split,,0.9207780826256876
https://openalex.org/W2201756477,배전 계통에서 전기 자동차 계통 연계에 의한 순간전압강하 분석,T14423,T14423.C03,propose_split,,0.8967268419545046
https://openalex.org/W2206165554,Комбинационное рассеяние света в органических полупроводниках на основе молекул дифталоцианина эрбия и хлорсодержащих молекул трифталоцианина лютеция и европия,T14423,T14423.C02,propose_split,,0.893485615733083
https://openalex.org/W2221069905,"초등학생의 운동참여에 따른 신체적 자기개념, 자아탄력성 및 행복감의 관계",T14423,T14423.C03,propose_split,,0.8964842889576539
https://openalex.org/W2248643895,룰드 서피스의 곡률 이론을 이용한 5축 NC 기계의 실시간 제어기법의 개발,T14423,T14423.C03,propose_split,,0.8961424260476631
https://openalex.org/W2257927312,医学救援队员对骨髓输液知识知、信、行的调查,T14423,T14423.C01,propose_split,,0.9230413723244306
https://openalex.org/W2260387204,《世說新語．識鑒》試析,T14423,T14423.C01,propose_split,,0.9200975818778113
https://openalex.org/W2263686077,"Бизнес-территории: определение, сущностные характеристики, основные модели развития и регулирования",T14423,T14423.C02,propose_split,,0.8801017970291836
https://openalex.org/W2265074902,浅析高职《物流配送管理》课程教学改革,T14423,T14423.C01,propose_split,,0.912449434566625
https://openalex.org/W2265588233,복지국가와 역진적 조세의 정치,T14423,T14423.C03,propose_split,,0.8910655869498062
https://openalex.org/W2267820795,在纪念《中华人民共和国会计法》施行20周年座谈会上的讲话,T14423,T14423.C01,propose_split,,0.9127622462721316
https://openalex.org/W2270188911,섬유강화 고분자 복합재료의 사출성형에 있어서 웰드부의 섬유배향에 미치는 금형형상의 영향,T14423,T14423.C03,propose_split,,0.8993763965115946
https://openalex.org/W2276858589,珍愛生命 全面啟動－全球攜手防自殺：不分你我，不分地區,T14423,T14423.C01,propose_split,,0.902924618170664
https://openalex.org/W2281762425,试析三个版本教科书“分数的概念”的对比分析,T14423,T14423.C01,propose_split,,0.9119687523111845
https://openalex.org/W2284737159,SAD は生活・人生にどのような影響を与えるか,T14423,T14423.C04,propose_split,,0.8956110688112922
https://openalex.org/W2305844160,مطالعه ریز ساختها در توده گرانیتوئیدی بوئین – میاندشت (زون سنندج – سیرجان),T14423,T14423.C03,propose_split,,0.8923712327106182
https://openalex.org/W2335354486,Компьютерное моделирование и оптимизация в химической технологии,T14423,T14423.C02,propose_split,,0.8851542844999098
https://openalex.org/W2335585686,برنامج تدريبي لتحسين أداء معلمي الحلقة الأولى من التعليم الأساسي المرتبط بمنبئات بعض أمراض الأطفال في ضوء مفهوم المدارس المعززة للصحة,T14423,T14423.C03,propose_split,,0.8737492773269862
https://openalex.org/W2336614165,成都高校“教材门”赚几何赔几何,T14423,T14423.C01,propose_split,,0.9226031974525757
https://openalex.org/W2336709753,在日本新东，我们看到了什么——中铸协第5期赴日本新东工业株式会社研修生学习报告,T14423,T14423.C01,propose_split,,0.9315407468411004
https://openalex.org/W2337151501,CCTV寻找最会“玩”的人——中央电视台播出大型互动节目《体验中国》,T14423,T14423.C01,propose_split,,0.9175650637271956
https://openalex.org/W2338515501,依法行使诉讼权利 严格履行诉讼义务 努力做好应诉工作,T14423,T14423.C01,propose_split,,0.9006987941829919
https://openalex.org/W2338808298,喘息の病態生理に関する最近の進歩 (特集 最新の喘息予防・管理ガイドライン(JGL2015)を読み解く),T14423,T14423.C04,propose_split,,0.9282546370435156
https://openalex.org/W2339542646,作业本“受伤”了,T14423,T14423.C01,propose_split,,0.9113652309236163
https://openalex.org/W2352640101,「おいしい」と感じるのはなぜ? 味覚の科学,T14423,T14423.C04,propose_split,,0.8863866065707028
https://openalex.org/W2403229555,Совершенствование оценки объекта залога в целях ипотечного кредитования,T14423,T14423.C02,propose_split,,0.8967097983356782
https://openalex.org/W2466101763,ПРИЛОГИ О ЗДРАВСТВЕНЕЙ КУЛТУРИ И ЗАЩИТИ У ВИДАНЬОХ РУСКОГО НАРОДНОГО ПРОСВИТНОГО ДРУЖТВА (1921–1941),T14423,T14423.C02,propose_split,,0.8878892980318446
https://openalex.org/W2475271176,IPF2002にみる射出成形分野の技術動向(1) (特集 射出成形機--最近の注目動向),T14423,T14423.C04,propose_split,,0.9228735863324676
https://openalex.org/W2486705003,معرفی و تحلیل سینماتیک معکوس یک روبات موازی جدید جهت شبیه سازی حرکت قایق تندرو,T14423,T14423.C03,propose_split,,0.8836473877759096
https://openalex.org/W24905661,承前启后 开拓前进--北京市中小学教师教育技术能力培训（中级）一期圆满结束,T14423,T14423.C01,propose_split,,0.9167094434430754
https://openalex.org/W2507331805,중년층 여성 직업능력개발 실태와 요구,T14423,T14423.C03,propose_split,,0.9036377686782724
https://openalex.org/W2520213889,文瀛春雷(下)——彭真的中学时代,T14423,T14423.C01,propose_split,,0.9157404914653791
https://openalex.org/W2520495266,ペットボトル分別に伴う“煩わしさ”の定量的評価に関する研究,T14423,T14423.C04,propose_split,,0.9004835851868315
https://openalex.org/W2547411247,试从中美两民族思维差异分析＂中国通＂现象,T14423,T14423.C01,propose_split,,0.9223286364474249
https://openalex.org/W2555492707,衡阳农信的“金字招牌”——湖南省衡阳市雁峰区联社内控建设聚焦,T14423,T14423.C01,propose_split,,0.9205018674379177
https://openalex.org/W2579340381,Воспитание толерантности к дошкольникам с ОВЗ в условиях детского сада,T14423,T14423.C02,propose_split,,0.8907158509214141
https://openalex.org/W2587552400,書評 橋本繁著『韓国古代木簡の研究』,T14423,T14423.C04,propose_split,,0.896750952902488
https://openalex.org/W2591774284,آیوروده یا طب سنتی هند در متون ختنی,T14423,T14423.C03,propose_split,,0.8813567198025475
https://openalex.org/W2610376508,【危険な波形の正体を暴け！ 心電図ファイル】 頻回に動悸を訴える女性,T14423,T14423.C04,propose_split,,0.9188377469042474
https://openalex.org/W2618700952,МАТЕРИАЛЬНОСТЬ КАК ФУНДАМЕНТАЛЬНАЯ СОСТАВЛЯЮЩАЯ ЧЕЛОВЕЧЕСКОЙ СУЩНОСТИ,T14423,T14423.C02,propose_split,,0.9058405127635396
https://openalex.org/W265209268,"26pPSA-34 Al_xGa_1-xAS/ALAs量子細線における励起子拡散の観測(26pPSA,領域5(光物性分野))",T14423,T14423.C04,propose_split,,0.9169547397359372
https://openalex.org/W2735700141,Основные экологические проблемы Северо-Запада России,T14423,T14423.C02,propose_split,,0.8878317260105637
https://openalex.org/W2738078980,Гистологическая характеристика железистого и мышечного желудков петухов породы плимутрок в постэмбриональном онтогенезе,T14423,T14423.C02,propose_split,,0.8813735207032954
https://openalex.org/W2742304817,教育情報(No.1112)東京都が推進する「オリパラ教育」,T14423,T14423.C04,propose_split,,0.8914491911471187
https://openalex.org/W2742785608,"Организация и проведение круглого стола в рамках духовно-нравственного воспитания учащихся 5–8 классов по теме «Жизненный путь человека по житию святого», посвященного 700-летию преподобного Сергия Радонежского",T14423,T14423.C02,propose_split,,0.8910503986681149
https://openalex.org/W2742996194,鹿児島湾 深奥な魅力を探る 鹿児島湾における海岸漂着ごみと海底堆積ごみ,T14423,T14423.C04,propose_split,,0.9117287342029913
https://openalex.org/W2745398401,1種の脚ロボットシミュレーション運転システムの研究と実現【JST・京大機械翻訳】,T14423,T14423.C04,propose_split,,0.9214734660870565
https://openalex.org/W2745399207,Особенности течения аутосомно-рецессивного поликистоза почек у детей,T14423,T14423.C02,propose_split,,0.8926498591251123
https://openalex.org/W2745806452,Pbチオラートの存在下における汎用PbS量子ドットでの配位子交換システム【Powered by NICT】,T14423,T14423.C04,propose_split,,0.9106319545382134
https://openalex.org/W2746185349,時間遅延のある協調システムの解析:輸送システムへの応用【Powered by NICT】,T14423,T14423.C04,propose_split,,0.9145177453027624
https://openalex.org/W2747678655,高齢者が訴えるかぜ症状 高齢者が訴える「かぜ症状」とおくすりQ&A 13 鎮咳薬は必要?他の対処法はない?,T14423,T14423.C04,propose_split,,0.9076034299403716
https://openalex.org/W2748778836,DAIYUNの異なるタイプの植物群落の種多様性と安定性の研究【JST・京大機械翻訳】,T14423,T14423.C04,propose_split,,0.9171124602808732
https://openalex.org/W2751014821,"海外に見る容器包装最新事情 第20回 機能性と戦略性をもつパウチは今後も成長を続ける(2)―硬質容器(ガラス,金属,プラスチック容器)からも目が離せない",T14423,T14423.C04,propose_split,,0.9066302661346636
https://openalex.org/W2751178699,975nmのレーザダイオードによって励起された時の異なる濃度でのイッテルビウム(III)の非ドープおよびドープしたけい酸イットリウムナノ粉末によるスペクトル特性と白色光発生【Powered by NICT】,T14423,T14423.C04,propose_split,,0.9068589714960201
https://openalex.org/W2752651016,بیبلیومتریکس، آلتمتریکس و تأثیر پژوهش؛ راهنمای کتابداران در قرن 21,T14423,T14423.C03,propose_split,,0.8819379434086263
https://openalex.org/W2755208327,実地診療で遭遇する胆膵疾患 ガイドラインに基づいた実地医家のためのオーバービュー 膵癌早期診断と治療の進歩―膵癌診療ガイドラインの改訂―,T14423,T14423.C04,propose_split,,0.9128226074060639
https://openalex.org/W2762633477,مدلسازی سینتیک خشککردن لایهنازک قارچ دکمهای توسط هوای داغ با استفاده از الگوریتم ژنتیک- شبکه عصبی مصنوعی,T14423,T14423.C03,propose_split,,0.8961128728395732
https://openalex.org/W2766560391,Зарубежные интеграционные проекты на постсоветском пространстве,T14423,T14423.C02,propose_split,,0.8937912410391325
https://openalex.org/W2767720491,"«Di Rusn!»: Евреи Западной Белоруссии встречают Красную армию, 1939-1941 гг.",T14423,T14423.C02,propose_split,,0.8830065195132139
https://openalex.org/W2771431944,Актуальные проблемы современного терминоведения,T14423,T14423.C02,propose_split,,0.9183655810665317
https://openalex.org/W2784528312,К ВОПРОСУ О МЕТОДОЛОГИИ АНАЛИЗА МЕХАНИЗМОВ МИФОЛОГИЧЕСКОГО МЫШЛЕНИЯ,T14423,T14423.C02,propose_split,,0.9140186572518402
https://openalex.org/W2786307188,Чехов. Дама с собачкой,T14423,T14423.C02,propose_split,,0.8721905759746041
https://openalex.org/W2790312570,Физминутки на уроках в начальной школе,T14423,T14423.C02,propose_split,,0.8835188524963061
https://openalex.org/W2793865482,تأثیرآموزش مهارتهای تحصیلی-حرفهای بر ادراک دانشجویان از محیط آموزشی در دانشگاه علوم پزشکی اصفهان,T14423,T14423.C03,propose_split,,0.8911171484865008
https://openalex.org/W2808952479,建設機械の変遷 バッチャープラントの変遷=日本のコンクリートプラント進化の歴史=,T14423,T14423.C04,propose_split,,0.9093419815152158
https://openalex.org/W285022521,『皮子文薮』所収「鹿門隠書」について,T14423,T14423.C04,propose_split,,0.8763392137124866
https://openalex.org/W288653162,薪火相传 继往开来——写给西南大学美术学院的艺术家们,T14423,T14423.C01,propose_split,,0.9192302499983185
https://openalex.org/W289161008,2375 多入力地震波を受ける構造物の応答特性について : その7 振動実験による数値計算モデルの検討,T14423,T14423.C04,propose_split,,0.9132007535365219
https://openalex.org/W2892733011,بررسی میزان هیستامین، تیوباربیوتوریک اسید و ازت فرار کل در کنسرو تون ماهی تولید شده در برخی کارخانههای شهرک صنعتی کنارک,T14423,T14423.C03,propose_split,,0.8797276725416925
https://openalex.org/W2895005398,应用课程基地资源进行高中数学教学的实践与思考——以江苏省“数字化高中数学课程基地”为例,T14423,T14423.C01,propose_split,,0.9102448262699968
https://openalex.org/W2908459654,الحاجات الإرشادية لمعلمي الابتدائي خرجي المدارس العليا,T14423,T14423.C03,propose_split,,0.8714601663895424
https://openalex.org/W2917842156,技術・技術者・技術教育の問題-3-,T14423,T14423.C04,propose_split,,0.9215482640657684
https://openalex.org/W2921701032,손자녀 양육지원을 거부한조모의 경험에 관한 연구,T14423,T14423.C03,propose_split,,0.9051182419870787
https://openalex.org/W2942859866,Моделирование полета и разрушения болида Бенешов,T14423,T14423.C02,propose_split,,0.8882052965206769
https://openalex.org/W2948834608,Тенденции развития словенского либерализма в конце xix – начале XX в,T14423,T14423.C02,propose_split,,0.8878834726856659
https://openalex.org/W2950360064,Особенности правовой защиты нематериальных благ по современному законодательству Монголии,T14423,T14423.C02,propose_split,,0.8870143945336122
https://openalex.org/W2951023163,Жизнь и творчество поэта михаила Белозёрова,T14423,T14423.C02,propose_split,,0.855220122782458
https://openalex.org/W2952211641,Интеграция кафедр вузов и предприятий - целесообразная форма консолидации сил и средств по разработке бакалаврских работ,T14423,T14423.C02,propose_split,,0.8910778071510396
https://openalex.org/W2956003399,"Детерминация мер уголовной ответственности за деяния, направленные на совершение самоубийства другим лицом",T14423,T14423.C02,propose_split,,0.8865866072320339
https://openalex.org/W2962014851,«ЗАМАНА» АГЫМЫНЫН ИЗИЛДЕНИШИ,T14423,T14423.C02,propose_split,,0.8809148638373633
https://openalex.org/W2964091901,"Технология ""vector tile""",T14423,T14423.C02,propose_split,,0.8974900101327202
https://openalex.org/W2968939044,샘플링이 소비자 구매의도에 미치는 효과: 소비자 특성의 조절효과,T14423,T14423.C03,propose_split,,0.8916069253139027
https://openalex.org/W2970682589,마르크스의 초기 저작과 함께 『자본론』 읽기,T14423,T14423.C03,propose_split,,0.8913744847349023
https://openalex.org/W2971647546,Особенности профилактики и лечения спаечного процесса у пациенток с хроническими воспалительными заболеваниями органов малого таза,T14423,T14423.C02,propose_split,,0.8861704011757396
https://openalex.org/W2973027311,Свобода у пошуку вічної правди,T14423,T14423.C02,propose_split,,0.8799301392300718
https://openalex.org/W2977949880,"29) 先天性心疾患の術後心電図変化, 特にその血行動態との関連について : 第14回日本循環器学会中国四国地方会",T14423,T14423.C04,propose_split,,0.9175817101524666
https://openalex.org/W2979100320,警察庁、法務省及び厚生労働省の三省庁の合意に基づく「不法就労等外国人対策について」の取りまとめについて,T14423,T14423.C04,propose_split,,0.900355479600731
https://openalex.org/W2979842157,دراسة تحليلية لواقع التنمية المستدامة في الجزائر من منظور اقتصادي خلال الفترة 2005-2016,T14423,T14423.C03,propose_split,,0.873040145982359
https://openalex.org/W2982346081,Чехословакия на Парижской мирной конференции,T14423,T14423.C02,propose_split,,0.864667255031164
https://openalex.org/W2983297137,SIP 自動走行システムにおけるコネクテッド・ビークルへの取り組み,T14423,T14423.C04,propose_split,,0.8993267372755513
https://openalex.org/W2986362773,توجهات التكنولوجيا المالية على ضوء تجارب شركات ناجحة,T14423,T14423.C03,propose_split,,0.8688191712585533
https://openalex.org/W300108864,超高層エレベータの生理心理的問題の検討:その2. エレベータ移動時の生理的反応と環境改善,T14423,T14423.C04,propose_split,,0.9213822781794513
https://openalex.org/W3004834202,ルイス酸-ホスフィン複合系試薬によるイミノ酢酸エステルの反応 | 文献情報 | J-GLOBAL 科学技術総合リンクセンター,T14423,T14423.C04,propose_split,,0.893592657045143
https://openalex.org/W3008070585,В Украине начинают устанавливать зарядные станции для электромобилей,T14423,T14423.C02,propose_split,,0.8390592506136232
https://openalex.org/W3030738962,胰腺炎灌肠方法的改进,T14423,T14423.C01,propose_split,,0.9105218761786802
https://openalex.org/W3031182377,氯胺酮预防麻醉诱导中芬太尼诱发咳嗽的半数有效剂量,T14423,T14423.C01,propose_split,,0.9096490029629842
https://openalex.org/W3032438910,辨证施治结合针灸治疗糖尿病神经源性膀胱的疗效观察,T14423,T14423.C01,propose_split,,0.916605038316933
https://openalex.org/W3034961332,ФОРМИ УПРАВЛІНСЬКИХ РІШЕНЬ У ДІЯЛЬНОСТІ ТЕРИТОРІАЛЬНИХ ОРГАНІВ НАЦІОНАЛЬНОЇ ПОЛІЦІЇ УКРАЇНИ,T14423,T14423.C02,propose_split,,0.8834761930124567
https://openalex.org/W3036335204,ビッグデータ・ポリシングは何をもたらすか？ : ICT・AI 技術を活用した警察活動に関する議論の展開に向けて,T14423,T14423.C04,propose_split,,0.9000750590338483
https://openalex.org/W3080798495,덱사메타손을 담지한 올리바넘 미립자 함유 키토산-젤라틴 동결건조 지지체의 골조직공학 응용,T14423,T14423.C03,propose_split,,0.894558667237169
https://openalex.org/W3082016359,ФУНКЦИЯ ПОЧЕК У НОВОРОЖДЕННЫХ ДЕТЕЙ,T14423,T14423.C02,propose_split,,0.8975743197103724
https://openalex.org/W3083969128,Дослідження історико-культурної спадщини як чинник становлення ідентичності особистості,T14423,T14423.C02,propose_split,,0.8852612383043001
https://openalex.org/W3085727478,Використання відпрацьованих олив для виробництва пластичних мастил.,T14423,T14423.C02,propose_split,,0.8653809674370038
https://openalex.org/W3093613949,Society5.0 環境における P2M 基本命題と適用領域の拡張,T14423,T14423.C04,propose_split,,0.9151695133642183
https://openalex.org/W3094957406,‘नल चद’ उपनयस: इतहस क एक जवनत दसतवज,T14423,T14423.C03,propose_split,,0.8805243409837151
https://openalex.org/W3110342345,ОБРАЗОВАТЕЛЬНЫЙ ПОТЕНЦИАЛ – ПОКАЗАТЕЛЬ КАЧЕСТВА ЖИЗНИ,T14423,T14423.C02,propose_split,,0.8967709343844736
https://openalex.org/W3111301407,논문 ( 재록 ) : 어린이의 김치 표준화에 대한 연구 (1) - 김치 섭취에 대한 의식 및 섭취실태 -,T14423,T14423.C03,propose_split,,0.8917540201570127
https://openalex.org/W3126584423,1-23 80 11 Коммуникация. Профилизация: Медиаисследования и социальная аналитика. Форма обучения: очная (дневная). Срок обучения 1 год. Е23-083/уч,T14423,T14423.C02,propose_split,,0.9037594682058925
https://openalex.org/W3127650922,한국농어촌공사 물관리전문학교 소개,T14423,T14423.C03,propose_split,,0.880148205080942
https://openalex.org/W3129992517,海外のガスタービン ABBアルストムパワー(UK)社のラインアップと販売戦略,T14423,T14423.C04,propose_split,,0.8972198247727919
https://openalex.org/W3135063935,ステップIIの結果を活用した指導事例 (特集 多様な学び方の子どもの指導に役立つアセスメントツール「LD-SKAIP」),T14423,T14423.C04,propose_split,,0.9169227252719385
https://openalex.org/W3152531430,دور المعلومات الإحصائية في اتخاذ القرارات الإدارية بالمؤسسة,T14423,T14423.C03,propose_split,,0.861562970629542
https://openalex.org/W3153742270,수중불분리성 폴리머 모르타르를 사용한 하수박스 내 단면보수 방법(FRUS 공법)에 대한 고찰,T14423,T14423.C03,propose_split,,0.8896370773486894
https://openalex.org/W3158475873,台灣中小型預拌混凝土業經營模式探討 ─以 G 公司為例,T14423,T14423.C04,propose_split,,0.9000020732211732
https://openalex.org/W3160117388,ダイカストの欠陥・不良対策に役立つ最新技術 ハイサイクル化に対応する新ダイカスト金型材料,T14423,T14423.C04,propose_split,,0.9147827681888044
https://openalex.org/W3160587587,普遍的地下熱エネルギー利用促進に向けた総合設計手法構築の試み-総合設計(オーバーオールシステムデザイン)の再定義,T14423,T14423.C04,propose_split,,0.9104378121673752
https://openalex.org/W3161713813,康德的“根本恶”思想与自由理论,T14423,T14423.C01,propose_split,,0.9016922496084406
https://openalex.org/W3167963283,ابعاد حقوقی حمایت دیپلماتیک بریتانیا از نازنین زاغری,T14423,T14423.C03,propose_split,,0.872809875244608
https://openalex.org/W3176043942,"脛骨骨幹部稜線は,脛骨コンポーネントの内外反設置の有用な指標となるか?~同一個体における左右差の評価~",T14423,T14423.C04,propose_split,,0.91287322411649
https://openalex.org/W3176622296,Совершенствование помольных агрегатов с использованием предизмельчения.,T14423,T14423.C02,propose_split,,0.9017359713792137
https://openalex.org/W3180099483,곱셈 지도에 관한 고찰,T14423,T14423.C03,propose_split,,0.9012205364580559
https://openalex.org/W3182021987,기상인자와 비정상성 빈도해석 모형을 이용한 낙동강유역의 계절강수량 전망,T14423,T14423.C03,propose_split,,0.9016034579722704
https://openalex.org/W3183121927,セレンと新型コロナウイルスの研究進展【JST・京大機械翻訳】,T14423,T14423.C04,propose_split,,0.9105698653645705
https://openalex.org/W3183926524,결과적 가중범의 본질과 직접성의 원칙,T14423,T14423.C03,propose_split,,0.9049675839196969
https://openalex.org/W3186838808,보건복지전담 공무원과 민간 보건복지종사자의 교육요구 비교,T14423,T14423.C03,propose_split,,0.8918472589479761
https://openalex.org/W3190755314,非細胞変性効果を持つ基本標的細胞限定ウイルス動力学モデルに対する準定常状態近似【JST・京大機械翻訳】,T14423,T14423.C04,propose_split,,0.9182612303891464
https://openalex.org/W3196063993,建築外部空間における「リラクゼーション」に関する研究,T14423,T14423.C04,propose_split,,0.9041199243634305
https://openalex.org/W3196948058,O-015 薬物依存症患者の回復過程における生活習慣の意味に関する研究 ダルクにおける参加観察を通して,T14423,T14423.C04,propose_split,,0.9219279768868031
https://openalex.org/W3198807260,同志との学び合い : ALT同士、JTE同士による質的ペアディスカッション手法,T14423,T14423.C04,propose_split,,0.9163618689702255
https://openalex.org/W3210285256,超音波非破壊試験のシミュレーションのためのGTAW溶接のマクロ構造を予測するための現実的モデル【JST・京大機械翻訳】,T14423,T14423.C04,propose_split,,0.9201789662912045
https://openalex.org/W3213032342,تحلیل کاپیولای مناسب برای مدلسازی ساختار وابستگی دادههای تاخیر تروپسفری در بخش کوهستانی اروپای مرکزی,T14423,T14423.C03,propose_split,,0.8941921664169569
https://openalex.org/W3213706205,معوقات دمج الأطفال التوحديين بالمدارس الابتدائية من وجهة نظر المعلمين (دراسة ميدانية بالمدارس الابتدائية بغرداية),T14423,T14423.C03,propose_split,,0.8917400369132835
https://openalex.org/W335758834,27 Aux/IAA リプレッサーとオーキシン初期応答遺伝子発現に対するオーキシンの信号伝達阻害剤 yokonolide B の作用,T14423,T14423.C04,propose_split,,0.9155776073792226
https://openalex.org/W347581630,"G601 渦糸ソリトンによる高速火炎伝播メカニズムの検証(GS6 反応を伴う流れ,一般セッション)",T14423,T14423.C04,propose_split,,0.9143214394441213
https://openalex.org/W348588249,26a-ZD-6 内殻励起に伴うBaF_2での光増幅の可能性,T14423,T14423.C04,propose_split,,0.9165277591204134
https://openalex.org/W351315685,老人福祉施設における身体的ケアの新しい試み (特集 老人福祉施設におけるケアの実態と問題点),T14423,T14423.C04,propose_split,,0.9203538179151814
https://openalex.org/W352818217,不治の病とたたかう妻に寄り添って 介護 (特集 私の休職体験),T14423,T14423.C04,propose_split,,0.9165024391065053
https://openalex.org/W357891818,"P1-289 原因不明の下腹痛に対する腹腔鏡下手術の適応(Group 39 腫瘍・その他II,一般演題,講演要旨,第58回日本産科婦人科学会学術講演会)",T14423,T14423.C04,propose_split,,0.9177916228394252
https://openalex.org/W361191970,ゲノム解析による2型糖尿病感受性遺伝子の解明 (第5土曜特集 メタボリックシンドローム時代の糖尿病研究の最前線) -- (ゲノム解析:糖尿病原因遺伝子),T14423,T14423.C04,propose_split,,0.9247839423749581
https://openalex.org/W362599442,大学体育の貢献性--熊本工業大学の学生・教職員・地域住民のニーズをもとに,T14423,T14423.C04,propose_split,,0.9068274414828764
https://openalex.org/W363675151,「震災と教育」の教育課程 (特集 子どもとつくる教育課程) -- (3・11と向き合う教育課程),T14423,T14423.C04,propose_split,,0.9191102244813152
https://openalex.org/W364939141,マツダ㈱宇品(うじな)工場の見学報告 : 第440回大阪支部技術研究会外部研修会について,T14423,T14423.C04,propose_split,,0.9090125016127849
https://openalex.org/W365823862,制癌剤(mitomycin-C)の催奇形効果,T14423,T14423.C04,propose_split,,0.8988994830977096
https://openalex.org/W369944699,「終身刑」の導入は、死刑廃止の一里塚,T14423,T14423.C04,propose_split,,0.8992536864256646
https://openalex.org/W370125236,インド 極貧からの解放と義務教育の徹底 (特集 世界の子ども家庭福祉) -- (世界の社会的養護の動向),T14423,T14423.C04,propose_split,,0.9103950480508506
https://openalex.org/W378331279,外国人労働者必然論 鎖国論・開国論を超えて-20-期限付き雇用政策の挫折--入国規制と帰国奨励に転じたヨ-ロッパ,T14423,T14423.C04,propose_split,,0.9131413964916502
https://openalex.org/W379385908,ランキング・コーナー 大手銀行のホームページ充実度,T14423,T14423.C04,propose_split,,0.9123475508983545
https://openalex.org/W379818118,翻訳論の具体的諸問題--芝木好子の短篇「白萩」と「変身」の英訳を素材に,T14423,T14423.C04,propose_split,,0.9025801153497703
https://openalex.org/W381427098,脳挫傷 (特集 スリーステップでわかる! 疾患別 新人がするべき急変予防のための予測と観察) -- (外傷),T14423,T14423.C04,propose_split,,0.9269493661537597
https://openalex.org/W387383246,読書のアニマシオン--公共図書館でこそ活用を! (特集 読書のアニマシオン),T14423,T14423.C04,propose_split,,0.9205348518566686
https://openalex.org/W387702154,レオナード・ショッパ報告「日米構造協議の結果分析」に寄せて,T14423,T14423.C04,propose_split,,0.9197973527218783
https://openalex.org/W392171596,Тенденции перемещения рабочей силы в Белоруссии,T14423,T14423.C02,propose_split,,0.8920280912857416
https://openalex.org/W392345031,継続雇用には、障害者が障害者を教える風土をつくる覚悟が必要 (特集 障害者の雇用促進),T14423,T14423.C04,propose_split,,0.9102968143409474
https://openalex.org/W392384812,第1回研究会 第1部 講演 少額電子決済市場動向と地域金融機関への示唆 (地域金融機関IT研究会 講演録 平成19年度研究テーマ 地域金融機関における少額電子決済市場への展開と可能性),T14423,T14423.C04,propose_split,,0.923487086341011
https://openalex.org/W393611346,社会福祉の学習権問題 (福祉問題の焦点(特集)),T14423,T14423.C04,propose_split,,0.9120513251335088
https://openalex.org/W393831621,防臭・防爆掘削工法--臭気性および爆発性物質より汚染された土壌に対応する工法 (特集:最新の土壌浄化技術と機械施工),T14423,T14423.C04,propose_split,,0.9113006951794379
https://openalex.org/W394435695,小脳性疾患群の神経病理学 とくに臨床像との関連を中心に (小脳(特集)),T14423,T14423.C04,propose_split,,0.9244513162886983
https://openalex.org/W402951037,総評大会の論議について(現代の視角 労働),T14423,T14423.C04,propose_split,,0.9018803445806644
https://openalex.org/W403850644,本好き人好き(173)生存より生活へ--森本厚吉『生存より生活へ』 国府犀東『犀東文集』,T14423,T14423.C04,propose_split,,0.9037000074953109
https://openalex.org/W404143362,Резолюции XVIII всесоюзной конференции ВКП(б) : 15-20 февраля 1941 г,T14423,T14423.C02,propose_split,,0.8916539477262788
https://openalex.org/W404541516,"X-29 韓国と日本の色彩慣用語比較(色彩の文化と教育,ポスターショートプレゼンテーション,第43回全国大会要旨集)",T14423,T14423.C04,propose_split,,0.9058842205731668
https://openalex.org/W405384668,"「土地ノ工作物」の概念及び労働基準法,労働者災害補償保険法における遺族給付と損害賠償の関係",T14423,T14423.C04,propose_split,,0.8989608077556284
https://openalex.org/W407587810,琉球の創造力(3)原初的発想法を中心に,T14423,T14423.C04,propose_split,,0.8981863407958222
https://openalex.org/W410248886,表面センサネットワークにおける高効率カプラ(第二報)共鳴周波数制御による選択的給電方法 (第26回センシングフォーラム資料--センシング技術の新たな展開と融合) -- (センシングシステム(1)),T14423,T14423.C04,propose_split,,0.907969198661608
https://openalex.org/W410848296,江戸のベンチャー(第1回)江戸時代は商人にとっての戦国時代,T14423,T14423.C04,propose_split,,0.886607218104506
https://openalex.org/W414652781,朝米一五〇年対決の最終決算段階--民族自主思想が切り開いた勝利の道,T14423,T14423.C04,propose_split,,0.9078239027837308
https://openalex.org/W416144829,構造物の確率論的特性に関する解析的研究 (その1) : 構造,T14423,T14423.C04,propose_split,,0.9046637926773813
https://openalex.org/W416288933,世界の喩--説話のおもしろさ (中世説話のコスモロジ- ),T14423,T14423.C04,propose_split,,0.8871579006427949
https://openalex.org/W417665166,ITS用3周波(GPS/VICS/ETC)共用スタック化方形マイクロストリップアンテナ(学生若手発表および一般),T14423,T14423.C04,propose_split,,0.9070519888557229
https://openalex.org/W4214518456,یک نگاه انتقادی بر جلد اول و دوم افغانستان در مسیر تاریخ / نوشته محمد اعظم سیستانی.,T14423,T14423.C03,propose_split,,0.8795289416274157
https://openalex.org/W421790298,生活交通の確保は国と自治体の責務 住み続けられる地域づくりのために (私の町の公共交通),T14423,T14423.C04,propose_split,,0.9171971307903626
https://openalex.org/W4243407412,مملکة ماري السورية: الخلفية الحضارية والتاريخية لنشوء مدينة ماري,T14423,T14423.C03,propose_split,,0.8573503322350698
https://openalex.org/W425123093,当院における感染管理認定看護師(ICN)の活動,T14423,T14423.C04,propose_split,,0.9087059512453673
https://openalex.org/W4251690689,,T14423,,unassigned,insufficient_text,
https://openalex.org/W427995702,地方公営企業はどれだけ国際活動が可能か?--ストックホルムウォ-タ-会社の活動から得られる示唆,T14423,T14423.C04,propose_split,,0.9014316392730092
https://openalex.org/W4293242108,学校的要請と庶民階層─全員就学の状況における進路指導,T14423,T14423.C04,propose_split,,0.889864795220825
https://openalex.org/W429642229,"IA-4 PC12D細胞からの突起誘導におけるGSK-3βの活性についての研究(神経,一般演題発表,第46回日本組織細胞化学会総会・学術集会)",T14423,T14423.C04,propose_split,,0.9148798471998186
https://openalex.org/W4297449754,Анализ уровня грамотности населения западных церковных приходов Алексинского уезда в условиях сложившейся на рубеже XIX-XX вв. системы начального народного образования,T14423,T14423.C02,propose_split,,0.8949910461585171
https://openalex.org/W429813877,14) ウイプラについて(日本歯科医史学会第36回(平成20年度)学術大会一般演題抄録),T14423,T14423.C04,propose_split,,0.9306402124454858
https://openalex.org/W4302446426,Культурно-історична зумовленість деформацій правової свідомості в посткомуністичному суспільстві,T14423,T14423.C02,propose_split,,0.8886129379210954
https://openalex.org/W431060632,「ブラック企業問題」は、労働・貧困運動の突破口である (特集 若者の雇用問題),T14423,T14423.C04,propose_split,,0.9103608519581811
https://openalex.org/W432226735,巧记“奇特”之处，巧解情动难题,T14423,T14423.C01,propose_split,,0.9281971435823131
https://openalex.org/W436792893,感染症 UP to Date(65)生物兵器テロとその対策,T14423,T14423.C04,propose_split,,0.9201806801387061
https://openalex.org/W4375826760,РОМАН СЕРГІЯ СТЕПИ «ДЕРЕВО ДІРАКА»: ПОЕТИКА ЗАГОЛОВКА,T14423,T14423.C02,propose_split,,0.8587665409221856
https://openalex.org/W437834645,"1655 RC部材中に設置するICタグの物理性能評価と現場検証実験(センシング技術,2013年度日本建築学会大会(北海道)学術講演会・建築デザイン発表会)",T14423,T14423.C04,propose_split,,0.913413789530879
https://openalex.org/W4378552050,العلاقة بين التعرض للنشرات الإخبارية في الفضائيات العربية وصورة أطراف الصراع اليمني لدى الشباب الجامعي,T14423,T14423.C03,propose_split,,0.8721755503981897
https://openalex.org/W438051839,内外市場におけるデリバティブズの位置づけ (活動報告 第2回金融工学合同研究集会報告),T14423,T14423.C04,propose_split,,0.9248432046893772
https://openalex.org/W4384305066,Управление финансовыми потоками организации,T14423,T14423.C02,propose_split,,0.8875364611460156
https://openalex.org/W4391400472,МОНИТОРИНГ И АНАЛИЗ ВЛИЯНИЯ АНОМАЛЬНЫХ МЕТЕОУСЛОВИЙ НА ЭФФЕКТИВНОСТЬ ФУНКЦИОНИРОВАНИЯ АПК КРАСНОЯРСКОГО КРАЯ,T14423,T14423.C02,propose_split,,0.892266150742423
https://openalex.org/W4402235505,СБЛИЖЕНИЕ РСБУ И МСФО: АДАПТАЦИЯ РОССИЙСКОГО БУХГАЛТЕРСКОГО УЧЕТА К МЕЖДУНАРОДНЫМ СТАНДАРТАМ,T14423,T14423.C02,propose_split,,0.8928392032016178
https://openalex.org/W4405829088,महलओ क यग यकत जवन मरग म जनसखय वदध: एक समजक समसय,T14423,T14423.C03,propose_split,,0.8842989626040015
https://openalex.org/W4405977062,اثر بيانات المراجعة متعددة الأبعاد على السلوك الغير متماثل للتكاليف دراسة تطبيقية علي قطاع البنوك المصري,T14423,T14423.C03,propose_split,,0.8784296277696341
https://openalex.org/W4407612806,ابن الأنباري وكتابه الأضداد دراسة تفسيرية,T14423,T14423.C03,propose_split,,0.8722655001697972
https://openalex.org/W4408873868,บทบาทพระธรรมทตในการทตวฒนธรรมของไทยตออนเดย,T14423,T14423.C03,propose_split,,0.8599970334143496
https://openalex.org/W4415849199,ОЦІКА РИЗИКІВ ЗБОЮ СИСТЕМИ ЗАХИСТУ АВТОРСЬКИХ ПРАВ ПІД ВПЛИВОМ ЗОВНІШНІХ НЕГАТИВНИХ ФАКТОРІВ,T14423,T14423.C02,propose_split,,0.9043697231334127
https://openalex.org/W53537450,グループホームにおけるターミナルケアの可能性についての一考察 : 利用者を中心とした身体的・心理社会的ケア,T14423,T14423.C04,propose_split,,0.9082871693606656
https://openalex.org/W563107820,トップインタビュー イノベーション生む産学官のプラットフォーム 新化学技術推進協会 会長 藤吉建二氏,T14423,T14423.C04,propose_split,,0.9120910610047955
https://openalex.org/W565160583,30p-YG-6 液体テルルの中性子非弾性散乱,T14423,T14423.C04,propose_split,,0.9055801959266128
https://openalex.org/W566466937,176) 雪腐小粒菌核病の生物防除 (昭和61年度日本植物病理学会大会講演要旨),T14423,T14423.C04,propose_split,,0.921247087029197
https://openalex.org/W566972287,日本獣医夜明け塾 : 免疫研究から獣医療を変える(最終話)私が日本人獣医師としてやるべきこと,T14423,T14423.C04,propose_split,,0.9056306221386728
https://openalex.org/W567734144,世界の生徒指導--海外帰国生の体験から(最終回)やわらかい学校文化,T14423,T14423.C04,propose_split,,0.8963320960719319
https://openalex.org/W569636961,R.C.超高煙突の基礎および筒体の振動実験と地震観測-1-基礎の振動実験と基礎構造体のモデルの検討,T14423,T14423.C04,propose_split,,0.9179514604565492
https://openalex.org/W570263487,哺乳豚のふん便検査結果から分かること (特集 哺乳期〜離乳後の下痢症対策),T14423,T14423.C04,propose_split,,0.9292532104187896
https://openalex.org/W573354085,"A-12-2 時間ペトリネットから時間オートマトンへのコンパクトな変換について(A-12.システム数理と応用,一般セッション)",T14423,T14423.C04,propose_split,,0.9112732686209538
https://openalex.org/W573404753,29p-ZC-10 外場による超伝導転移温度の増大 V : AU-Ge系薄膜についての実験,T14423,T14423.C04,propose_split,,0.9155942888848303
https://openalex.org/W576819311,木色——触摸“旧时光”,T14423,T14423.C01,propose_split,,0.9189627839236804
https://openalex.org/W577414995,"パニック障害 (特集 救急精神科 救急医に求められる最低限の知識) -- (救急外来編 救急外来で対応に難渋する,または身体疾患との鑑別が問題となる4つの精神障害,または精神症状)",T14423,T14423.C04,propose_split,,0.9080471221976302
https://openalex.org/W583433101,1a-RC-11 KEKブースター・メソンチャネルの建設 (VIII) : 総括,T14423,T14423.C04,propose_split,,0.9047703664323331
https://openalex.org/W585439491,A-16-43 テクスチャプロジェクション方式複合現実感ディスプレイにおける影付け表現,T14423,T14423.C04,propose_split,,0.9198148685674814
https://openalex.org/W586431666,FOCUS 保全作業がもっと楽になる工場設備の省エネ改善--誰でもできる新しいインバータの使い方提案,T14423,T14423.C04,propose_split,,0.9073707034453825
https://openalex.org/W587542713,"419 末梢全血液によるロイコトリエンB_4, C_4, D_4, E_4産生能測定法",T14423,T14423.C04,propose_split,,0.9177639165818723
https://openalex.org/W593106952,"地域で""暮らしに役立つ""議員めざす(福島・広野町) (体験特集 がんばってます! 新人議員(1))",T14423,T14423.C04,propose_split,,0.9074728391216644
https://openalex.org/W594612315,62. 除草剤のスクリーニング方法に関する研究 : 水和剤処方について,T14423,T14423.C04,propose_split,,0.9105251275009922
https://openalex.org/W597651200,特集「無機材料の合成を支える技術とその評価」 マイクロ波プラズマによるガラスのオキシナイトライド化,T14423,T14423.C04,propose_split,,0.9192437229156641
https://openalex.org/W599895958,P4 園庭道具を考える : その7 : 考案遊具の導入と遊びの観察,T14423,T14423.C04,propose_split,,0.8956029121770313
https://openalex.org/W600302724,"『ぼくは都会のロビンソン』の著者に聞く ""多数派""と決別して手にするシアワセ (特集 月7万円で生きる! : 期待しない・期待できない時代の""人生防衛術"")",T14423,T14423.C04,propose_split,,0.9005042870087163
https://openalex.org/W607286370,連載対談 宇宙と地球と人間(6)尊き生命の揺籃を守れ--環境破壊を防ぐ知恵。 A・セレブロフ(宇宙飛行士)・池田大作(創価学会名誉会長),T14423,T14423.C04,propose_split,,0.9178692334415374
https://openalex.org/W608651942,109 cDNA発現ベクターを用いたリコンビナント精子不動化抗体Fab fragment産生細胞株の作成,T14423,T14423.C04,propose_split,,0.9079009797333453
https://openalex.org/W610988614,医薬品・医薬部外品・化粧品FD申請コード表,T14423,T14423.C04,propose_split,,0.8915190318441578
https://openalex.org/W614442620,労働組合と研修(研究) (研修制度をいかに確立するか(特集)) -- (日教組の「研修権」確立運動をどう見るか),T14423,T14423.C04,propose_split,,0.921093903138664
https://openalex.org/W614595295,"3,5-二置換フランの合成--5-ベンジル-3-フリルメタノ-ルの新合成法〔フラン誘導体の研究-1-〕",T14423,T14423.C04,propose_split,,0.9143333140729999
https://openalex.org/W614677394,現状変更禁止仮処分の本質と効力-2(完)-,T14423,T14423.C04,propose_split,,0.8963205803091259
https://openalex.org/W617888020,Ｖａｌｐｒｏｉｃ ａｃｉｄのｐｏｐｕｌａｔｉｏｎ ｐｈａｒｍａｃｏｋｉｎｅｔｉｃｓ,T14423,T14423.C04,propose_split,,0.9002900538576536
https://openalex.org/W625353792,農を科学する-1-技術-いま何が問題か-上-,T14423,T14423.C04,propose_split,,0.9192335360575157
https://openalex.org/W625761137,天皇・マッカ-サ-第1回会見の内容 (日本史上の人物と史料 ) -- (史料を発掘する),T14423,T14423.C04,propose_split,,0.9083785873466386
https://openalex.org/W630819210,オーラル・リハビリテーション・ロボットのための自動触診アルゴリズムの開発,T14423,T14423.C04,propose_split,,0.9067243144442627
https://openalex.org/W639246596,WEB連載『光と色の話』から (特集 LEDの技術開発),T14423,T14423.C04,propose_split,,0.921016545660012
https://openalex.org/W639743576,Interview キネマ旬報映画総合研究所所長 掛尾良夫 (特集 激変! 映画ビジネス--金脈を掘り当てた会社・苦戦する会社),T14423,T14423.C04,propose_split,,0.906052731774201
https://openalex.org/W644415809,"40318 屋外暑熱環境の温熱性評価に関する研究 : その2 実験結果と2NMおよびPHS modelとの比較(屋外温熱環境評価,環境工学I)",T14423,T14423.C04,propose_split,,0.9094388475860182
https://openalex.org/W649436856,"21aWF-5 奇周波数超伝導状態における準粒子状態(21aWF 新奇超伝導体理論(Ce系・Bドープダイヤモンド系),領域8(強相関系:高温超伝導,強相関f電子系など))",T14423,T14423.C04,propose_split,,0.9131171760408351
https://openalex.org/W650225786,"肥料の夜明け(8)女性にはコラーゲン,男性には馬力 : 健康美と強健な骨は土の中のケイ素がつくる",T14423,T14423.C04,propose_split,,0.9146713742047842
https://openalex.org/W653652841,"1021 アパタイト超薄膜を用いた多孔質インプラントへの生体親和性付与(G02-2 バイオエンジニアリング(2),G02 バイオエンジニアリング)",T14423,T14423.C04,propose_split,,0.9176134617268896
https://openalex.org/W655625468,ビル火災の記録を顧みる (特集 20世紀の建築防災--災害と技術(11)),T14423,T14423.C04,propose_split,,0.9271479283266385
https://openalex.org/W7115096645,Cоциальные движения в контексте электронных социальных сетей,T14423,T14423.C02,propose_split,,0.8928003629786324
https://openalex.org/W7116820737,МЕХАНИЗМ ПРИМЕНЕНИЯ СМАРТ-КОНТРАКТОВ В АДВОКАТСКОЙ ДЕЯТЕЛЬНОСТИ,T14423,T14423.C02,propose_split,,0.8918286935463837
https://openalex.org/W7117083716,РАЗНООБРАЗИЕ АЛЛЕЛЬНОГО СОСТОЯНИЯ ГЕНОВ GLU-1 В КОЛЛЕКЦИИ ОБРАЗЦОВ ТВЕРДОЙ ПШЕНИЦЫ (TRITICUM DURUM DESF.),T14423,T14423.C02,propose_split,,0.8912081497662088
https://openalex.org/W7119367549,Осложненное перфорацией трахеи инородное тело в пищеводе у ребенка двух лет: клиническое наблюдение,T14423,T14423.C02,propose_split,,0.8882199526843402
https://openalex.org/W7126301072,Изучение мнения студентов о целесообразности включения антидопингового образования в процесс физического воспитания в вузах неспортивной направленности,T14423,T14423.C02,propose_split,,0.893725966254443
https://openalex.org/W7127204471,ОБ АДМИНИСТРАТИВНО-ЮРИСДИКЦИОННЫХ ПОЛНОМОЧИЯХ НЕКОТОРЫХ ДОЛЖНОСТНЫХ КАТЕГОРИЙ СОТРУДНИКОВ ВОЙСК НАЦИОНАЛЬНОЙ ГВАРДИИ РОССИЙСКОЙ ФЕДЕРАЦИИ,T14423,T14423.C02,propose_split,,0.9048692881484306
https://openalex.org/W74194756,公立RC造校舎における間取りの可変性について : 教育施設のリモデルに関する研究 その1 : 建築計画,T14423,T14423.C04,propose_split,,0.9108022486329387
https://openalex.org/W773286759,"吴晨曦：真诚加实力,乃TATA之魂——访TATA木门董事长 吴晨曦",T14423,T14423.C01,propose_split,,0.9233831407629937
https://openalex.org/W780737119,逼出那多“势”，造就出版“市”——“那多推理悬疑小说”是怎样炼出的？,T14423,T14423.C01,propose_split,,0.9221496131315476
https://openalex.org/W783506268,一首充满浪漫气息的游仙诗——李贺《天上谣》赏鉴,T14423,T14423.C01,propose_split,,0.9007125899127347
https://openalex.org/W79111027,100) 肺動脈の拡張により招来されたOrtner症候群の2例 : 原発性肺高血圧症および動脈管開存症 : 日本循環器学会第42回中国・四国地方会,T14423,T14423.C04,propose_split,,0.912785818545955
https://openalex.org/W835203959,马克思肯定了“一般历史哲学理论”了吗——与赵家祥先生商榷,T14423,T14423.C01,propose_split,,0.9029960718006169
https://openalex.org/W893720922,宋元遗珍 明清精萃——记首都博物馆海外华人及海峡两岸重要藏家珍藏展,T14423,T14423.C01,propose_split,,0.9152113112764957
https://openalex.org/W910340296,素食 绿色＋健康＋文化＋时尚,T14423,T14423.C01,propose_split,,0.9262441955997437
https://openalex.org/W922744804,读有关“重庆钉子户”新闻,T14423,T14423.C01,propose_split,,0.921147809073739
https://openalex.org/W944116018,甲骨卜辞语法研究应谨慎——读《谈谈殷墟甲骨卜辞中的“于”》有感,T14423,T14423.C01,propose_split,,0.9204928385886523
https://openalex.org/W946434734,方法课程·科研实习·论文指导——论高师学前教育专业本科生科研能力之培养途径,T14423,T14423.C01,propose_split,,0.9141523009758785
https://openalex.org/W950171422,振兴民族金融产业 打造国家一流培训基地——访中国人民银行郑州培训学院院长王敏,T14423,T14423.C01,propose_split,,0.9099437646717596
https://openalex.org/W966087283,《尚书》讫于《秦誓》原委考辨,T14423,T14423.C01,propose_split,,0.9186931150505511
https://openalex.org/W967645977,为自己 为生活 为人生 为创造——中外写作理念的契合点,T14423,T14423.C01,propose_split,,0.9238919004324454
https://openalex.org/W973129695,关于《矿山机械》课程教学的几点研究,T14423,T14423.C01,propose_split,,0.9251709344438735
https://openalex.org/W974069889,《新建小区》教学设计、反思与评析,T14423,T14423.C01,propose_split,,0.8987569615269821
https://openalex.org/W978030409,屯溪“三农”：与城市化同行,T14423,T14423.C01,propose_split,,0.9041906494454919
https://openalex.org/W979358284,孤城叙利亚“：总统滚蛋”不重要,T14423,T14423.C01,propose_split,,0.9092077035730791
https://openalex.org/W982496743,渡边淳一《紫阳花日记》在上海首发,T14423,T14423.C01,propose_split,,0.915222981670708
https://openalex.org/W987084894,油汽（水）换热器酸洗工艺的研究与分析,T14423,T14423.C01,propose_split,,0.8902660047877281
https://openalex.org/W988970925,A50期货:先处罚多方 空方再追进,T14423,T14423.C01,propose_split,,0.9211739916340401
https://openalex.org/W994510078,从“独白”到“对话”：思想政治理论课教学改革的价值取向,T14423,T14423.C01,propose_split,,0.9142603195286788
https://openalex.org/W994787593,"总结经验,发扬传统,以改革精神建设新型外国语大学:在上外校庆五 …",T14423,T14423.C01,propose_split,,0.9169417762107409
https://openalex.org/W998247055,由《白帝城》说慈禧看《连营寨》,T14423,T14423.C01,propose_split,,0.9125919605127482
https://openalex.org/W102696996,PINCH EFFECT IN CURRENT SUSTAINING TOKAMAK BY RF TRAVELLING WAVE,T10346,T10346.C05,propose_split,,0.9285014809423382
https://openalex.org/W112701465,INVESTIGATION OF LOW FREQUENCY INSTABILITY OF A ROTATING MAGNETIC NEUTRON STAR.,T10346,T10346.C03,propose_split,,0.9269535337103856
https://openalex.org/W1142567999,First assessment of microwave diagnostics for DEMO,T10346,T10346.C01,propose_split,,0.9033343469680357
https://openalex.org/W144482556,Dependence of low frequency flux noise on SQUID-washer dimensions,T10346,T10346.C03,propose_split,,0.904608178827377
https://openalex.org/W1498655693,Superconducting electric machines,T10346,T10346.C03,propose_split,,0.9071018119456041
https://openalex.org/W1511050984,Hvdc Power Transmission,T10346,T10346.C03,propose_split,,0.89898150521495
https://openalex.org/W1523457803,Minimum energy states of the cylindrical plasma pinch in single-fluid and Hall magnetohydrodynamics,T10346,T10346.C04,propose_split,,0.9141607623514086
https://openalex.org/W1537034685,Empirical Scaling Laws of Neutral Beam Injection Power in HL-2A Tokamak,T10346,T10346.C05,propose_split,,0.9280567907265581
https://openalex.org/W1541552225,LVIII. On the electric spark and shock from a permanent magnet,T10346,T10346.C03,propose_split,,0.9045389104654121
https://openalex.org/W1555202355,Commissioning of the new AGS MMPS transformers,T10346,T10346.C01,propose_split,,0.9009244973984994
https://openalex.org/W1567656933,Dynamics of an Intense Electron Ring in a Modified Betatron Field.,T10346,T10346.C02,propose_split,,0.9292292619147937
https://openalex.org/W1578818531,The bowing of solid breeder rods in a pin-type fusion blankets,T10346,T10346.C02,propose_split,,0.8949888006764748
https://openalex.org/W1584012125,Drift-Resonant Interaction of Magnetospheric Relativistic Electrons with Ultra-Low Frequency (ULF) Waves: Comparison between Observations and Simulations,T10346,T10346.C02,propose_split,,0.9173530709578516
https://openalex.org/W1593533362,Conceptual design studies of GDT-based neutron source,T10346,T10346.C01,propose_split,,0.9079726108061287
https://openalex.org/W1603820338,Limits for the feasibility of ignition experiments,T10346,T10346.C01,propose_split,,0.8858408685526825
https://openalex.org/W1607516672,Alfven wave. [Book on linear and nonlinear properties for fusion applications],T10346,T10346.C02,propose_split,,0.9247450338594527
https://openalex.org/W1609473786,Theory and Simulation of the Electron Cloud Instability,T10346,T10346.C02,propose_split,,0.9246974030200356
https://openalex.org/W1614847594,Measurements of poloidal magnetic field perturbations in Alcator,T10346,T10346.C03,propose_split,,0.9039332794185772
https://openalex.org/W1623080491,The role of turbulence of the relativistic electron-positron plasma in generating in the prepulses of the Crab radio pulsar,T10346,T10346.C04,propose_split,,0.91819909500326
https://openalex.org/W1640681218,FIELD-REVERSED MIRROR REACTOR,T10346,T10346.C03,propose_split,,0.9008039074670989
https://openalex.org/W1643894847,STATISTICAL THEORY OF NONLINEAR EFFECTS IN THE POLARIZATION OF AN IMPERFECT GAS (thesis),T10346,T10346.C02,propose_split,,0.9082956989613337
https://openalex.org/W1652104898,L-H Transition and Turbulence Behavior in Ohmic H-modes on NSTX,T10346,T10346.C03,propose_split,,0.924308807454224
https://openalex.org/W1656971433,Recommended in-vessel tubing failure rates for the International Thermonuclear Experimental Reactor,T10346,T10346.C01,propose_split,,0.9044385590736385
https://openalex.org/W1657189252,Objectives and design of the Echo 6 electron beam experiment - Large ionospheric perturbations and energetic particle patterns,T10346,T10346.C02,propose_split,,0.9137200902299482
https://openalex.org/W1670415441,Influence of a Nonuniform Resistive Wall on the RWM Stability in a Tokamak,T10346,T10346.C05,propose_split,,0.9274808251827859
https://openalex.org/W1678006119,Collisional tests and an extension of the TEMPEST continuum gyrokinetic code,T10346,T10346.C02,propose_split,,0.9006927545935818
https://openalex.org/W1756939820,Basic Requirements for a 1000-MW(electric) Class Tokamak Fusion-Fission Hybrid Reactor and Its Blanket Concept,T10346,T10346.C05,propose_split,,0.9111236794458609
https://openalex.org/W1759875087,Computational simulation of magnetic field configurations in helical magneto-cumulative generators,T10346,T10346.C03,propose_split,,0.9097218858724198
https://openalex.org/W182695222,Current profile tailoring with far off-axis ECH power deposition in the TCV-Tokamak,T10346,T10346.C05,propose_split,,0.9269421912819481
https://openalex.org/W183121284,MHD (magnetohydrodynamics) instabilities in simple plasma configuration,T10346,T10346.C03,propose_split,,0.9283456203093439
https://openalex.org/W191615750,Measurement of the Vertical Magnetic Field in TEXTOR Using the Electron Beam Technique,T10346,T10346.C02,propose_split,,0.9128001266257225
https://openalex.org/W1965197668,New concepts for x-ray spectroscopy of tokamak plasmas,T10346,T10346.C05,propose_split,,0.9365070652772282
https://openalex.org/W1965557323,Fluctuation and edge-current sustainment in a reversed-field pinch,T10346,T10346.C03,propose_split,,0.9136748803320908
https://openalex.org/W1966546175,Generalized moments for low-frequency modes in tokamaks and their application to drift and ballooning instabilities,T10346,T10346.C05,propose_split,,0.9206573223519641
https://openalex.org/W1966849035,Measurements of triton burnup in low q discharges in the FT tokamak,T10346,T10346.C05,propose_split,,0.9278680244629169
https://openalex.org/W1967264735,Operation and Test Results From the SULTAN Test Facility,T10346,T10346.C01,propose_split,,0.8993110496279422
https://openalex.org/W1969450699,A large-orbit model of fast ion slowing down during ICRH: Comparison with JET data,T10346,T10346.C02,propose_split,,0.922056687047443
https://openalex.org/W1969949957,Neoclassical theory of the plasma edge,T10346,T10346.C04,propose_split,,0.9073762920945219
https://openalex.org/W1970332289,Effective ripple in the CHS-qa configuration,T10346,T10346.C01,propose_split,,0.8869039524533461
https://openalex.org/W1971185137,Prospects for Alpha Particle Studies on TFTR,T10346,T10346.C01,propose_split,,0.9036616443905069
https://openalex.org/W1971720524,Dynamic accessibility of inflow and outflow reconnective solutions,T10346,T10346.C03,propose_split,,0.8983732818130981
https://openalex.org/W1973790506,The Parker Problem Revisited: Response to the Interpretation of Low (2010),T10346,T10346.C03,propose_split,,0.883967777500661
https://openalex.org/W1975619967,Energy transport during off-axis neutral beam heating in the DIII-D tokamak,T10346,T10346.C05,propose_split,,0.9309427626691625
https://openalex.org/W1976088490,Depolarisation d'un faisceau de protons polarises dans un synchrotron,T10346,T10346.C02,propose_split,,0.9065698229313189
https://openalex.org/W1976672053,Toroidally localized and nonlocalized ballooning instabilities in a stellarator,T10346,T10346.C03,propose_split,,0.9193968813970198
https://openalex.org/W1980047967,Easy use of high performance computers for fusion simulations,T10346,T10346.C01,propose_split,,0.9087155866423811
https://openalex.org/W1980762810,Planar MHD stagnation-point flows with velocity shear,T10346,T10346.C03,propose_split,,0.9153642198054875
https://openalex.org/W1983571817,A comparison and review of steady-state and time-varying reconnection,T10346,T10346.C03,propose_split,,0.8847702663818613
https://openalex.org/W1986540850,Improved Bhatnagar-Gross-Krook model of electron-ion collisions,T10346,T10346.C02,propose_split,,0.9204246177177979
https://openalex.org/W198793133,Computation of transport and neutral beam injection in tokamaks,T10346,T10346.C05,propose_split,,0.9376127202848659
https://openalex.org/W1989823017,The intor workshop: A unique international collaboration in fusion,T10346,T10346.C01,propose_split,,0.9000329114642021
https://openalex.org/W1993991229,Lack of Equilibrium due to Magnetic Guarding,T10346,T10346.C03,propose_split,,0.919413821245767
https://openalex.org/W1994018822,Can tokamaks PFC survive a single event of any plasma instabilities?,T10346,T10346.C05,propose_split,,0.8918449241213536
https://openalex.org/W1996512893,Investigation of plasma edge turbulence using a gas-puff imaging system in the reversed-field pinch device TPE-RX,T10346,T10346.C04,propose_split,,0.9232966994481825
https://openalex.org/W1996838176,MHD normal mode analysis with equilibrium pressure anisotropy,T10346,T10346.C03,propose_split,,0.9206026672679887
https://openalex.org/W1997278088,Streaming Plasma Transport and Cutoff in Transverse Magnetic Fields,T10346,T10346.C04,propose_split,,0.9269018117076304
https://openalex.org/W1997362215,Extracted beam composition with a mixed isotope feed to a neutral-beam system,T10346,T10346.C02,propose_split,,0.8975637131325322
https://openalex.org/W1998768913,Kinetic effect of thermal force on impurity transport: Simulation of JT-60SA divertor with integrated divertor code SONIC,T10346,T10346.C02,propose_split,,0.915330835271647
https://openalex.org/W1998955852,Two dimensional simulation of ion beam-plasm interaction,T10346,T10346.C04,propose_split,,0.9239473835916671
https://openalex.org/W1999706863,Kinetic description of Alfvén wave heating,T10346,T10346.C02,propose_split,,0.8805502039655315
https://openalex.org/W2000917424,Architecture of WEST plasma control system,T10346,T10346.C04,propose_split,,0.9002528037885247
https://openalex.org/W2000932461,Polygon structure of plasma crystals,T10346,T10346.C04,propose_split,,0.9054625858328043
https://openalex.org/W2002584257,Stability of Alfvén eigenmodes in optimized tokamaks,T10346,T10346.C05,propose_split,,0.9294566178007138
https://openalex.org/W2003135829,Optimization of the active MHD spectroscopy system on JET for the excitation of individual intermediate and high-n Alfvén eigenmodes,T10346,T10346.C02,propose_split,,0.9100916343361961
https://openalex.org/W2005694062,A NbTi 10T 388mm bore magnet working at 1.8K in pressurized superfluid helium,T10346,T10346.C03,propose_split,,0.8978366864282773
https://openalex.org/W2005750638,Deposition and Thermalization of Fusion Products in a Tokamak Plasma,T10346,T10346.C05,propose_split,,0.9399485840236249
https://openalex.org/W2007116917,Analytic core-envelope models with continuity of density at the boundary,T10346,T10346.C03,propose_split,,0.893596625766209
https://openalex.org/W2009625003,Resonant plasma heating below the cyclotron frequency,T10346,T10346.C04,propose_split,,0.9226038576675797
https://openalex.org/W2011000030,Effects of radio-frequency-induced radial diffusion on triton burnup,T10346,T10346.C02,propose_split,,0.9019335231368742
https://openalex.org/W2013864392,Practical formula for Mach number probe diagnostics in weakly magnetized plasmas,T10346,T10346.C04,propose_split,,0.9257103343399611
https://openalex.org/W2016013837,The EPSILON experimental pseudo-symmetric trap,T10346,T10346.C03,propose_split,,0.9041232483067232
https://openalex.org/W2016128733,Emissive probe measurements of plasma potential fluctuations in the edge plasma regions of tokamaks,T10346,T10346.C05,propose_split,,0.9337239357803647
https://openalex.org/W2017170634,Impurity desorption behavior from low activation ferritic steel installed in the JFT-2M tokamak,T10346,T10346.C05,propose_split,,0.9199798843513586
https://openalex.org/W2018245650,Magnetic field structure evolution in rotating magnetic field plasmas,T10346,T10346.C04,propose_split,,0.9197125074719309
https://openalex.org/W2021527329,ANALYSES OF THE KAON PHOTO- AND ELECTRO-PRODUCTION IN THE ISOBAR MODEL,T10346,T10346.C02,propose_split,,0.8890675539178352
https://openalex.org/W2022471238,Effects of a Colder Electron Species on the Nonlinear Propagation of Ion Acoustic Waves,T10346,T10346.C02,propose_split,,0.9105975958379311
https://openalex.org/W2022821687,Observation of fast-ion Doppler-shifted cyclotron resonance with shear Alfvén waves,T10346,T10346.C02,propose_split,,0.9183291008853928
https://openalex.org/W2026515053,Thomson Scattering Device Calibrated by Rotational Raman Scattering of Hydrogen,T10346,T10346.C02,propose_split,,0.9129026567779811
https://openalex.org/W2026603271,STARE observations of a Pc 5 pulsation with large azimuthal wave number,T10346,T10346.C02,propose_split,,0.9018563182939742
https://openalex.org/W2027574434,ASDEX Upgrade's new plasma control scheme,T10346,T10346.C04,propose_split,,0.901502498662133
https://openalex.org/W2030813664,Excitation of Ion Cyclotron Harmonic Waves in a Plasma by a Perpendicularly Injected Electron Beam,T10346,T10346.C04,propose_split,,0.9309380426510194
https://openalex.org/W2030961705,A remotely controlled positioning system for the ALT-II limiter blades,T10346,T10346.C01,propose_split,,0.8893003555707344
https://openalex.org/W2031687499,Effect of electrode biasing on the radial electric field structure bifurcation in tokamak plasmas,T10346,T10346.C05,propose_split,,0.9293381112335639
https://openalex.org/W2033596324,Interaction of a Quasi Transverse Extraordinary Wave with Density Fluctuations in an Inhomogeneous Magnetized Plasma,T10346,T10346.C04,propose_split,,0.9278584252180859
https://openalex.org/W2034925892,General Theory of Coherent Curvature Radiation,T10346,T10346.C02,propose_split,,0.9003991824665715
https://openalex.org/W2037319568,A 28 ?m water-vapor laser interferometer for plasma diagnostics,T10346,T10346.C04,propose_split,,0.9142525912946652
https://openalex.org/W2037413165,Damping and destabilization of drift waves by electron-neutral collisions,T10346,T10346.C03,propose_split,,0.9158286234782032
https://openalex.org/W2039883589,Rotating magnetic quadrupole current drive for field-reversed configurations,T10346,T10346.C03,propose_split,,0.9176932694770463
https://openalex.org/W2040860626,Spectrum of the H − Ion in the s-Wave Model,T10346,T10346.C02,propose_split,,0.9024459124796352
https://openalex.org/W2040927302,Suppression of drift-type instabilities by radio frequency waves,T10346,T10346.C03,propose_split,,0.9084136984033518
https://openalex.org/W2042668452,"Studies of solar flares using optical, X-ray and radio data",T10346,T10346.C02,propose_split,,0.9014164504662847
https://openalex.org/W2044975683,Simulation of shell like heavy ion distributions downstream of the bow shock,T10346,T10346.C02,propose_split,,0.9152440388772024
https://openalex.org/W2045112598,Quasi-stability of a plasma bicylinder,T10346,T10346.C04,propose_split,,0.9127218777947341
https://openalex.org/W2045993601,Electron-scale turbulence spectra and plasma thermal transport responding to continuous E × B shear ramp-up in a spherical tokamak,T10346,T10346.C05,propose_split,,0.9392030255891329
https://openalex.org/W2051046169,K-dV and Burgers’ equations on DA waves with strongly coupled dusty plasma,T10346,T10346.C04,propose_split,,0.9158097417393022
https://openalex.org/W2051114037,Response of plasma facing components to off-normal heat loads in a next generation nuclear fusion device,T10346,T10346.C04,propose_split,,0.9289255226926846
https://openalex.org/W2054144132,Trapped-particle scattering by electrostatic turbulence in toroidal plasmas,T10346,T10346.C05,propose_split,,0.9308758172456714
https://openalex.org/W2055851260,The Thermic Excitation of Parametric Instability in a Plasma,T10346,T10346.C04,propose_split,,0.9272545230726981
https://openalex.org/W2056447071,Design approach of the ARIES-AT power core and vacuum vessel cost assessment,T10346,T10346.C01,propose_split,,0.9121325353882054
https://openalex.org/W2056733553,Collective dynamics of Josephson fluxons in Bi2Sr2CaCu2O8+δ intrinsic junctions,T10346,T10346.C02,propose_split,,0.9084366554523521
https://openalex.org/W2058157280,A volumetric neutron source for fusion nuclear technology testing and development,T10346,T10346.C01,propose_split,,0.9076607102328493
https://openalex.org/W2058597341,Radio frequency electric fields in ion cyclotron excitation of multispecies plasma,T10346,T10346.C04,propose_split,,0.9298327770698857
https://openalex.org/W2062580272,Measurement of helium leak rates with temperature and pressure in RHIC,T10346,T10346.C02,propose_split,,0.9132463647380579
https://openalex.org/W2062974168,Plasma Acceleration in the Magnetotail as an Origin of the Electric Field Generation during a Substorm.,T10346,T10346.C04,propose_split,,0.9238804878935387
https://openalex.org/W2066154518,TEMPEST simulations of the plasma transport in a single-null tokamak geometry,T10346,T10346.C05,propose_split,,0.9355995903303803
https://openalex.org/W2067456782,Investigating fusion plasma instabilities in the Mega Amp Spherical Tokamak using mega electron volt proton emissions (invited),T10346,T10346.C05,propose_split,,0.9406018133138698
https://openalex.org/W2068244872,Nonlinear Mode Competition in Beam-Plasma Instability,T10346,T10346.C03,propose_split,,0.9081362890151222
https://openalex.org/W2068815106,Transducers and signal conditioners of the RFX new magnetic measurement system,T10346,T10346.C01,propose_split,,0.9059703086144867
https://openalex.org/W2069288271,Fully implicit solution methods for fluid plasma equations with physics-based pre-conditioning,T10346,T10346.C04,propose_split,,0.9138218131543115
https://openalex.org/W2069991653,Prediction and suppression of beam breakup instability in multicell superconducting cavities,T10346,T10346.C03,propose_split,,0.9172604337468953
https://openalex.org/W2072709305,Determination of edge plasma parameters by a genetic algorithm analysis of spectral line shapes,T10346,T10346.C04,propose_split,,0.9111145333871318
https://openalex.org/W2074639988,"Interpretation of Langmuir, heat-flux, deposition, trapping and gridded energy analyser probe data for impure plasmas",T10346,T10346.C02,propose_split,,0.9122898120300289
https://openalex.org/W2079509370,Measurement of central nickel density in Doublet III plasmas with a soft x-ray diode array,T10346,T10346.C04,propose_split,,0.9113115001120096
https://openalex.org/W2081389582,Modeling of impurity effect on drift instabilities in plasmas with many ion species,T10346,T10346.C04,propose_split,,0.9219701307628022
https://openalex.org/W2085908240,Dispersion and Stability of Moving Striations,T10346,T10346.C03,propose_split,,0.9172097496790255
https://openalex.org/W2086123277,"Janus, a bidirectional, multifunctional plasma diagnostic",T10346,T10346.C04,propose_split,,0.8992615571842951
https://openalex.org/W2090672460,Measurement of the Dα spectrum produced by fast ions in DIII-D,T10346,T10346.C02,propose_split,,0.9054445123918682
https://openalex.org/W2092441603,Data acquisition and real-time signal processing of plasma diagnostics on ASDEX Upgrade using LabVIEW RT,T10346,T10346.C04,propose_split,,0.9085066266028312
https://openalex.org/W2093494971,Transport modelling of L - H transition and barrier formation,T10346,T10346.C03,propose_split,,0.9115791695135085
https://openalex.org/W2094137086,"Erratum: “The Heavy‐Ion Approximation for Ambipolar Diffusion Calculations for Weakly Ionized Plasmas” (ApJ, 653, 1280 [2006])",T10346,T10346.C02,propose_split,,0.9159687584440637
https://openalex.org/W2096078484,MHD Equilibrium Property with Bootstrap Current in Heliotron Plasmas,T10346,T10346.C04,propose_split,,0.9273517360693534
https://openalex.org/W2097181561,Simulation of mode conversion process from upper-hybrid waves to LO-mode waves in the vicinity of the plasmapause,T10346,T10346.C04,propose_split,,0.9228860134426373
https://openalex.org/W2099568154,Characteristics of bistable transition in magnetized plasma by control of voltage biasing,T10346,T10346.C04,propose_split,,0.9170119188844057
https://openalex.org/W2105178085,High- performance of the START spherical tokamak,T10346,T10346.C05,propose_split,,0.9261637494086269
https://openalex.org/W2111841648,A superconductive integrated circuit foundry,T10346,T10346.C01,propose_split,,0.8960890320777224
https://openalex.org/W2118542983,Recent experience with inductive insert at PSR,T10346,T10346.C01,propose_split,,0.905388099148941
https://openalex.org/W2133602751,RETRACTED ARTICLE: Turbulent Transport in the Tokamak Edge Plasma and SOL Region,T10346,T10346.C05,propose_split,,0.931419837169124
https://openalex.org/W2135187493,Excitation of wakefield in a rectangular waveguide: Comparative study with different microwave pulses,T10346,T10346.C02,propose_split,,0.9194818252102547
https://openalex.org/W2141607491,Flute instability in a Tokamak of arbitrary cross-section,T10346,T10346.C05,propose_split,,0.9123679948288753
https://openalex.org/W2143556169,Investigation of the injection into the ANKA storage ring by a turn by turn BPM system,T10346,T10346.C02,propose_split,,0.9067509022261943
https://openalex.org/W2166854673,Numerical analysis of buoyant-convective liquid metal flow in channels exposed to strong magnetic fields,T10346,T10346.C03,propose_split,,0.9181848246483274
https://openalex.org/W2177019468,"A new look at solid-state fractures, particle emission and «cold» nuclear fusion",T10346,T10346.C02,propose_split,,0.921147994856073
https://openalex.org/W2182536266,Master Thesis: Optimization of Hybrid Scenario ITER Ramp-Up,T10346,T10346.C01,propose_split,,0.911176455217842
https://openalex.org/W2182712539,Pulse Propagation and Fast Transient Transport Model with Self Consistent Nonlinear Noise,T10346,T10346.C02,propose_split,,0.9114214348271974
https://openalex.org/W2183654768,Dust removal from next generation tokamaks by laser and flashlamp cleaning,T10346,T10346.C05,propose_split,,0.9180559689298758
https://openalex.org/W219772819,GRAPHITE DAMAGE THROUGH NEUTRON IRRADIATION AT 77$sup 0$K. A STUDY OF NEUTRON EFFICIENCY IN RELATION TO FLUX ENERGY DISTRIBUTION BY MEASUREMENT OF THE ENERGY RELEASED.,T10346,T10346.C02,propose_split,,0.9214658530266369
https://openalex.org/W2202876945,Development of a He-Cooled Divertor: Status of the Fabrication Technology,T10346,T10346.C01,propose_split,,0.9028653920364327
https://openalex.org/W2249713231,Effects of density gradient caused by multi-pulsing CHI on two-fluid flowing equilibria of spherical torus plasmas,T10346,T10346.C04,propose_split,,0.9142125924158032
https://openalex.org/W2256918926,Rapid Thermal-Hydraulic Analysis and Design Optimization of ITER Upper ELM Coils,T10346,T10346.C01,propose_split,,0.91885457060566
https://openalex.org/W2259860167,Dual roles of shear flow in nonlinear multi-scale interactions,T10346,T10346.C03,propose_split,,0.9053144006914283
https://openalex.org/W2262123831,Trapped electron mode driven electron heat transport in JET: experimental investigation and gyro-kinetic theory validation,T10346,T10346.C02,propose_split,,0.925023830526936
https://openalex.org/W2271797798,"Electromagnetic, stress and thermal analysis of the Superconducting Magnet",T10346,T10346.C03,propose_split,,0.9113336107256257
https://openalex.org/W2313202207,The dependence of solar hard X-ray burst intensity on magnetic field strength,T10346,T10346.C02,propose_split,,0.9077640248247769
https://openalex.org/W2316732202,Effective numerical mathod for inverstigation of spectra of the toroidal dissipativ plasma,T10346,T10346.C05,propose_split,,0.9163722339926386
https://openalex.org/W2318123762,Report on recent results obtained in TCABR,T10346,T10346.C01,propose_split,,0.8971760279923435
https://openalex.org/W2319660946,Magnetic Determination of the Current Center Line for the Superconducting ITER Toroidal Field Coils: Results on a Double-Pancake Prototype,T10346,T10346.C01,propose_split,,0.9150826406119751
https://openalex.org/W2331315993,Magnetosonic Solitary Waves in Hot Plasmas,T10346,T10346.C04,propose_split,,0.9200703220471229
https://openalex.org/W2509995431,Machine learning applied to proton radiography of high-energy-density plasmas,T10346,T10346.C04,propose_split,,0.9246672072723152
https://openalex.org/W2513164513,Equilibrium and Stability Analysis of Modular Stellarators Designed by the Helical Wind Back Method,T10346,T10346.C03,propose_split,,0.9113009291340667
https://openalex.org/W2516256938,Nonlinear evolution of multi-helicity neo-classical tearing modes in rotating tokamak plasmas,T10346,T10346.C05,propose_split,,0.9375388955591578
https://openalex.org/W2516520635,Density limit disruption suppression in a current-carrying stellarator,T10346,T10346.C03,propose_split,,0.9081506581565368
https://openalex.org/W2520060802,"The Vasimr Engine: Concept Development, Recent Accomplishments and Future Plans",T10346,T10346.C01,propose_split,,0.9003996099122062
https://openalex.org/W2524934144,Divertor from the technology perspective,T10346,T10346.C01,propose_split,,0.9036671604696735
https://openalex.org/W2557868614,SRF Developments at MSU for FRIB,T10346,T10346.C01,propose_split,,0.8875359404471315
https://openalex.org/W2558092083,Status of the Continuous Mode Scan for Undulator Beamlines at BESSY II,T10346,T10346.C03,propose_split,,0.9025989893521555
https://openalex.org/W2568944056,Snowflake Divertor Configuration Effects on Pedestal Stabilityand Edge Localized Modes in NSTX and DIII-D tokamaks.,T10346,T10346.C03,propose_split,,0.919430530559648
https://openalex.org/W2582532687,Design of a millimeter-wave phased array antenna for Gaussian beam shaping and steering,T10346,T10346.C01,propose_split,,0.8917795712355098
https://openalex.org/W258412838,Simulation of Electron Beam Acceleration by Electromagnetic Field in Static Inhomogeneous Magnetic Field,T10346,T10346.C02,propose_split,,0.9273419248475473
https://openalex.org/W2586164307,Magnetfeldoptimierung des LFCS Luftspulensystems für das KATRIN Hauptspektrometer,T10346,T10346.C01,propose_split,,0.8787391285882918
https://openalex.org/W2587143361,General Theory of Electrically Conducting Orthotropic Toroidal Shells for Tokmak Fusion Reactor,T10346,T10346.C05,propose_split,,0.9322427876111822
https://openalex.org/W2595219290,SCRAPE-OFF LAYER FEATURES OF THE QH-MODE,T10346,T10346.C03,propose_split,,0.9025339689471735
https://openalex.org/W2601408106,Particle Control in the Sustained Spheromak Physics Experiment,T10346,T10346.C02,propose_split,,0.9133009643245459
https://openalex.org/W2602354814,"ADX: a high field, high power density, Advanced Divertor test eXperiment",T10346,T10346.C03,propose_split,,0.9090294397769566
https://openalex.org/W2612084678,Rogue Waves Associated with Circularly Polarized Waves in Magnetized Plasmas,T10346,T10346.C04,propose_split,,0.9281149281562535
https://openalex.org/W2625481570,Betatron Acceleration in a plasma,T10346,T10346.C04,propose_split,,0.926911260616534
https://openalex.org/W2717817476,Numerical Study of LHRF Heating in INTOR,T10346,T10346.C02,propose_split,,0.9144223972993397
https://openalex.org/W2741104828,Pulsed fusion space propulsion: Computational Magneto-Hydro Dynamics of a multi-coil parabolic reaction chamber,T10346,T10346.C02,propose_split,,0.9255985006451978
https://openalex.org/W2741540973,High Excitation Energy Structures in 2,T10346,T10346.C03,propose_split,,0.9116072131873764
https://openalex.org/W2743627142,Simulation of profile evolution from ramp-up to ramp-down and optimization of tokamak plasma termination with the RAPTOR code,T10346,T10346.C05,propose_split,,0.9299704249895688
https://openalex.org/W2744706407,Study of electron transport across the magnetic filter of NIO1 negative ion source,T10346,T10346.C02,propose_split,,0.9168739384039716
https://openalex.org/W2746886753,Broadband plasma waves in the magnetopause and plasma-sheet boundary layers,T10346,T10346.C04,propose_split,,0.922133641085357
https://openalex.org/W2747579803,Parity Violation in Deep Inelastic Scattering in Hall C at JLab,T10346,T10346.C02,propose_split,,0.922703285088415
https://openalex.org/W2790136504,Nuclear Processes in D-3He Fusion Reactor Plasmas,T10346,T10346.C04,propose_split,,0.9094823713073394
https://openalex.org/W2793875495,Real-Time 2-D Optical Polarization Properties of the Fusion Reactor First Mirror Based on Active Polarized Beams,T10346,T10346.C02,propose_split,,0.9169867195700662
https://openalex.org/W2796784192,Gyrofluid modeling and phenomenology of low-βe Alfvén wave turbulence,T10346,T10346.C02,propose_split,,0.9145452825621408
https://openalex.org/W2810220478,Accelerated procedure to solve kinetic equation for neutral atoms in a hot plasma,T10346,T10346.C04,propose_split,,0.9183208711939729
https://openalex.org/W2810269770,Estimation of the Fast-Ion Anisotropy Effect on the Neutron Source Intensity Measurement and the Experimental Observation,T10346,T10346.C02,propose_split,,0.918131423494448
https://openalex.org/W2810410865,Response of magnetized plasma having linearly varying electron density profile to oblique electromagnetic wave incidence,T10346,T10346.C04,propose_split,,0.9367478454014347
https://openalex.org/W2903045051,Generation and transport of atomic lithium during the exposure of liquid metals to hot plasmas in TJ-II,T10346,T10346.C04,propose_split,,0.9073468942600001
https://openalex.org/W2906307168,Quantification of Neutral Beam Driven Current and the effect of radial fast ion transport in ASDEX Upgrade,T10346,T10346.C02,propose_split,,0.9231566284928033
https://openalex.org/W2906308739,Turbulent Plasma transport in the PKU Plasma Test (PPT) device,T10346,T10346.C04,propose_split,,0.9233539950311332
https://openalex.org/W2906753225,Design of the RF negative hydrogen ion source at HUST,T10346,T10346.C01,propose_split,,0.9051274046262883
https://openalex.org/W2911981048,Kinetic Simulations of Electron Pre-energization by Magnetized Collisionless Shocks in Expanding Laboratory Plasmas,T10346,T10346.C04,propose_split,,0.9270858420583936
https://openalex.org/W2916118620,"Maryland Controlled Fusion Research Program. Progress report, November 1, 1993--October 31, 1994",T10346,T10346.C01,propose_split,,0.9064856520140342
https://openalex.org/W2938776847,EHF FW panel for ITER BM with mechanical attachment of the plasma-facing components,T10346,T10346.C04,propose_split,,0.9116565281407071
https://openalex.org/W2947646139,LDV measurements in a radial plane after the stator of the TTM-stage,T10346,T10346.C03,propose_split,,0.902946460844616
https://openalex.org/W2954163116,Amplification of coupled nonlinear oscillations of charged particle beam in crossed magnetic fields,T10346,T10346.C02,propose_split,,0.9156537259212539
https://openalex.org/W2979438490,Un modelo hidrogenoide apantallado relativista para el cálculo de propiedades ópticas de plasmas de fusión por confinamiento inercial ( FCI ),T10346,T10346.C02,propose_split,,0.9007579048424966
https://openalex.org/W2981942455,Mapping the sawtooth,T10346,T10346.C03,propose_split,,0.8876529424610021
https://openalex.org/W2982016296,Nuclear diagnostics for Inertial Confinement Fusion (ICF) plasmas,T10346,T10346.C04,propose_split,,0.9242170883828158
https://openalex.org/W2990715210,Elmy H-mode near the Greenwald limit on JET with impurity seeding,T10346,T10346.C03,propose_split,,0.8994883599219499
https://openalex.org/W2991426347,O the Phenomenon of Onset in Magnetoplasmadynamic Thrusters,T10346,T10346.C04,propose_split,,0.9233048586285929
https://openalex.org/W2995889976,Geant4 simulation and validation of the CNA cyclotron beam parameters,T10346,T10346.C02,propose_split,,0.9155962954358836
https://openalex.org/W2996518647,"Plasmas in particle accelerators: The warm-beam equilibria, part 1",T10346,T10346.C04,propose_split,,0.9271929950422891
https://openalex.org/W2996547407,"Radar Detection of 9 Metis, 80 Sappho, 356 Liguria, 694 Ekard, and 2101 Adonis",T10346,T10346.C03,propose_split,,0.8815722125958667
https://openalex.org/W2999127945,Suppression of parametric instabilities in a time-varying plasma,T10346,T10346.C04,propose_split,,0.9192421140799092
https://openalex.org/W3003308404,An Algorithm for Toroidal Field Harmonics Computation in Arbitrary Magnetic Configurations,T10346,T10346.C03,propose_split,,0.907391684415263
https://openalex.org/W3007587592,3) Additional plasma streams in streamer belt rays: their association with blobs and CME's,T10346,T10346.C04,propose_split,,0.9034586130091256
https://openalex.org/W3011397375,Control of neoclassical tearing modes in fusion reactors,T10346,T10346.C03,propose_split,,0.9065110118570231
https://openalex.org/W3017118678,Pressure-Driven Transport in the Core of Tokamak Plasmas,T10346,T10346.C05,propose_split,,0.9419743712296347
https://openalex.org/W3018195199,Investigation of the Neutral Sheet Profile during Magnetic Reconnection in a Laboratory Plasma,T10346,T10346.C04,propose_split,,0.9307434031963884
https://openalex.org/W3026148927,Polward Boundary Intensification and their Relation to Plasma Sheet Dynamics: OpenGGCM Simulations and Data Comparisons,T10346,T10346.C02,propose_split,,0.9238217484070661
https://openalex.org/W3026490107,Equilibrium and turbulent transport in the BLAAMANN plasma torus.,T10346,T10346.C04,propose_split,,0.9222893685011112
https://openalex.org/W3032233625,Thomson Scattering and Diamagnetic Loop Studies of a Relativistic Electron Beam-Heated Plasma.,T10346,T10346.C04,propose_split,,0.9336872682425499
https://openalex.org/W3035534380,Model-based control-oriented scenario construction in tokamaks,T10346,T10346.C05,propose_split,,0.918084170899283
https://openalex.org/W3035725974,Characteristics of a Plasma Source with adjustable multi-pole line cusp geometry,T10346,T10346.C04,propose_split,,0.925343006839756
https://openalex.org/W3045267048,Electron‐Driven Magnetic Dip Embedded Within the Proton‐Driven Magnetic Dip and the Related Echoes of Butterfly Distribution of Relativistic Electrons,T10346,T10346.C02,propose_split,,0.9097724817702967
https://openalex.org/W3049619300,Transport studies of ECH heated bumpy torus plasmas,T10346,T10346.C04,propose_split,,0.916710721472305
https://openalex.org/W3064633627,Centrality and pseudorapidity dependence of charged particle densities at RHIC energies,T10346,T10346.C02,propose_split,,0.9069438979817375
https://openalex.org/W3079520946,Hollow Current Profiles During Discharge Initiation and Fast Current Ramps in the DIII--D Tokamak,T10346,T10346.C05,propose_split,,0.9303096795389526
https://openalex.org/W3082227538,An intelligent controller design based on the neuroendocrine algorithm for the plasma density control system on Tokamak devices,T10346,T10346.C05,propose_split,,0.9203892213654536
https://openalex.org/W3087113816,XMM-Newton Observations of AGN Iron Line profiles,T10346,T10346.C02,propose_split,,0.8988171736255156
https://openalex.org/W3113257103,Structure of collisional magnetized plasma sheath with non-extensive distribution of electrons,T10346,T10346.C04,propose_split,,0.9304154349619351
https://openalex.org/W3118740881,Momentum and Current Transport in the MST Reversed Field Pinch,T10346,T10346.C03,propose_split,,0.9198025646826365
https://openalex.org/W3124771693,Dielectric Characteristics of an Axisymmetric Low Aspect Ratio Tokamak with Circular Magnetic Surfaces,T10346,T10346.C05,propose_split,,0.9221317455610022
https://openalex.org/W3128299616,Fluctuation Measurements During Collisionless Magnetic Reconnection,T10346,T10346.C03,propose_split,,0.9213263721890133
https://openalex.org/W3146312266,Hydromagnetic cavity eigenmodes in a non-uniform plasma,T10346,T10346.C04,propose_split,,0.9200037670154362
https://openalex.org/W3150593586,A new method of solution for one-dimensional quasi-neutral bounded plasmas,T10346,T10346.C04,propose_split,,0.924137625310563
https://openalex.org/W3156293415,"Saturated tearing modes in Tokamaks, renewal proposal",T10346,T10346.C05,propose_split,,0.9297019017896349
https://openalex.org/W3164825465,A study of the turn-off behavior of high power gate turn off thyristors (GTO): Computer-aid to design and utilization,T10346,T10346.C01,propose_split,,0.9031496247604035
https://openalex.org/W3165849940,The First Experimental Results of Time-of-Flight Neutron Spectrometer at EAST,T10346,T10346.C02,propose_split,,0.9110675506618534
https://openalex.org/W3175070363,Energy amplification in Tokamaks by fast-ion injection,T10346,T10346.C05,propose_split,,0.9273978629891634
https://openalex.org/W3182778955,Superconducting magnets,T10346,T10346.C03,propose_split,,0.9190656540263782
https://openalex.org/W3183337854,Optimization of Ion-Cyclotron Range of Frequency Wave Heating in the Minimum-B Configuration on GAMMA 10,T10346,T10346.C02,propose_split,,0.9132557226292967
https://openalex.org/W3184917387,Beta Limits in Long-Pulse Tokamak Discharges,T10346,T10346.C05,propose_split,,0.919236864232918
https://openalex.org/W3195741545,Limitation of field amplitude at plasma resonance in a nonuniform collisionless current-carrying plasma,T10346,T10346.C04,propose_split,,0.9262717351487054
https://openalex.org/W3198740281,Three‐Dimensional Closure of Field‐Aligned Currents in the Polar Ionosphere,T10346,T10346.C02,propose_split,,0.9101402234385894
https://openalex.org/W3201822200,Status of search for anti ν/sub e/ + e - → anti ν/sub e/ + e -,T10346,T10346.C03,propose_split,,0.9005658802100602
https://openalex.org/W3213891333,ICRF oscillations of an inhomogeneous plasma cylinder,T10346,T10346.C04,propose_split,,0.9291724015756978
https://openalex.org/W4206805560,Session: computers in plasma science. II,T10346,T10346.C04,propose_split,,0.923813203926998
https://openalex.org/W4210531435,96/06034 High frequency radiation from a moving charged particle in an anisotropic hot plasma,T10346,T10346.C04,propose_split,,0.9245426172703773
https://openalex.org/W4214946462,"Transport effects of low (m,n) MHD modes on TFTR supershots",T10346,T10346.C03,propose_split,,0.9170825919582783
https://openalex.org/W4220725376,"Preface: Non-equilibrium transport, interfaces, and mixing in plasmas",T10346,T10346.C04,propose_split,,0.9262523558712848
https://openalex.org/W4224609739,CANREB EBIS commissioning at TRIUMF,T10346,T10346.C01,propose_split,,0.8833489212128024
https://openalex.org/W4226425558,Neural net modeling of equilibria in NSTX-U,T10346,T10346.C03,propose_split,,0.9046027162654702
https://openalex.org/W4231189225,"A coaxial, three-coil probe for measuring local values of electricalconductivity and velocity in plasma streams",T10346,T10346.C04,propose_split,,0.9128223705424401
https://openalex.org/W4235561977,A. 1. 48–9 Indignant Juno,T10346,T10346.C02,propose_split,,0.8934227300449102
https://openalex.org/W4235609526,Soft x-ray camera for internal shape and current density measurements on a noncircular tokamak,T10346,T10346.C05,propose_split,,0.913346355538672
https://openalex.org/W4239878932,Kinetic theory of drift-dissipative instabilities of a plasma,T10346,T10346.C04,propose_split,,0.9172512368156736
https://openalex.org/W4242023747,81. Anode region in a low pressure gas discharge.,T10346,T10346.C03,propose_split,,0.8947522238388084
https://openalex.org/W4247114570,Ion acoustic waves in turbulent plasma,T10346,T10346.C04,propose_split,,0.9222362404594064
https://openalex.org/W4253015031,Detection of Disruptions in the High-β Spherical Torus NSTX,T10346,T10346.C03,propose_split,,0.922518071384766
https://openalex.org/W4253846575,Restoration of the DIII-D solenoid,T10346,T10346.C03,propose_split,,0.8916280863890718
https://openalex.org/W4255262618,Neutronics and photonics calculations for the tokamak experimental power reactor,T10346,T10346.C05,propose_split,,0.9302798758448453
https://openalex.org/W4280591650,Linear analysis of plasma pressure-driven mode in reversed shear cylindrical tokamak plasmas,T10346,T10346.C05,propose_split,,0.9385785106253642
https://openalex.org/W4282591879,Nonlinear mode couplings between geodesic acoustic mode and toroidal Alfvén eigenmodes in the EAST tokamak,T10346,T10346.C05,propose_split,,0.9143251774742035
https://openalex.org/W4308178583,AMR Sensors Studies and Development for Cavities Tests Magnetometry at CEA,T10346,T10346.C01,propose_split,,0.9072222246596687
https://openalex.org/W4311734804,Peripheral temperature gradient screening of high-Z impurities in optimised ‘hybrid’ scenario H-mode plasmas in JET-ILW,T10346,T10346.C02,propose_split,,0.9205726379254272
https://openalex.org/W4312627262,A high-k mm-wave scattering diagnostic for measuring binormal wavenumber electron scale turbulence on MAST-U,T10346,T10346.C02,propose_split,,0.918134192776939
https://openalex.org/W435681523,Improving energy confinement in fusion plasmas by plasma shaping and current profile tailoring in the TCV tokamak,T10346,T10346.C05,propose_split,,0.9376998868884399
https://openalex.org/W4366229538,Studies of Jet Production Rates in $e^+ e^-$ Annihilation at $e$({CM}) = 29-{GeV},T10346,T10346.C02,propose_split,,0.9153329614847749
https://openalex.org/W4386489323,Demonstration of a Sparse Sensor Placement Technique to the Limited Diagnostic Set in a Fusion Power Plant,T10346,T10346.C01,propose_split,,0.9097656334170188
https://openalex.org/W4389169603,Mitigation Plans for Insulation Failures and Arcing in the ITER Magnets,T10346,T10346.C01,propose_split,,0.9072815862156051
https://openalex.org/W4391010050,Lab demonstration of wavefront reconstruction for the fragmented aperture of the ELT,T10346,T10346.C02,propose_split,,0.9066627809750736
https://openalex.org/W4393622334,"Supplemental IPWM Run for ""Ion heating in the polar cap under northwards IMF Bz"": AMPOP_May2014",T10346,T10346.C02,propose_split,,0.8909549699689285
https://openalex.org/W4393690069,TDB2 databases for LargeRDFBench,T10346,T10346.C01,propose_split,,0.8737602345788501
https://openalex.org/W4399474442,Dynamical Inference and 3D Imaging of Magnetized Dusty Plasmas,T10346,T10346.C04,propose_split,,0.9323759349565915
https://openalex.org/W4402125519,Assessment of the Runaway Electrons Induced Damage To The Tokamak First Wall,T10346,T10346.C05,propose_split,,0.9175892664786868
https://openalex.org/W4403819579,Measurements of the Magnetic Flux Density in Steel Blocks of the CMS Magnet Yoke with the Solenoid Coil Fast Discharges,T10346,T10346.C02,propose_split,,0.9043249568370109
https://openalex.org/W4404615186,Fusion Energy Technology R&D Priorities,T10346,T10346.C01,propose_split,,0.912311217829703
https://openalex.org/W4404616328,ASME boiler & pressure vessel code Section III Division 4 construction rules for fusion energy,T10346,T10346.C01,propose_split,,0.8922571255481483
https://openalex.org/W4405215634,Сomplex for ion cyclotron plasma heating and current drive at the L-2M stellarator.,T10346,T10346.C04,propose_split,,0.9184387900801714
https://openalex.org/W4405784042,Measurement of charge-dependent directed flow in STAR Beam Energy Scan (BES-II) Au+Au and U+U collisions,T10346,T10346.C02,propose_split,,0.9185696039698173
https://openalex.org/W4406058785,The Two-loop MHV Momentum Amplituhedron from Fibrations of Fibrations,T10346,T10346.C03,propose_split,,0.9144238623744928
https://openalex.org/W4407357994,Improved Coulomb collision operator for kinetic ion transport with EMC3-EIRENE simulating Nitrogen seeding in medium density ITER L-mode scenario,T10346,T10346.C02,propose_split,,0.9176285226650528
https://openalex.org/W4407893703,Design and verification of a new multiharmonic feedback control system for CSNS-II RCS,T10346,T10346.C01,propose_split,,0.9124409523850029
https://openalex.org/W4408299640,Study on the Radiation Mechanism of Plasmas Near L1 Point Affected by CMEs and the Associated Microwave Bursts,T10346,T10346.C04,propose_split,,0.9243020666181833
https://openalex.org/W4413195348,Integrated operation scenarios: Chapter 6 of the special issue: on the path to tokamak burning plasma operation,T10346,T10346.C05,propose_split,,0.9257617594271366
https://openalex.org/W4414223043,Status of design and manufacturing qualification activities of the first wall of the Divertor Tokamak test facility,T10346,T10346.C01,propose_split,,0.9029454493859236
https://openalex.org/W4414943169,A Simulation Based Inference Approach to the Dynamics of the MW-LMC System -- Validation,T10346,T10346.C02,propose_split,,0.9015235387489972
https://openalex.org/W4416591104,Bennett Vorticity: A family of nonlinear Shear-Flow Stabilized Z-pinch equilibria,T10346,T10346.C03,propose_split,,0.9007498725285301
https://openalex.org/W4416800533,Overview of Flow Z-Pinch Theory and Modeling at Zap Energy,T10346,T10346.C02,propose_split,,0.9004303515453468
https://openalex.org/W574976880,Perspectives of Development of Magnetic Mirror Traps in Novosibirsk,T10346,T10346.C01,propose_split,,0.9004462207350995
https://openalex.org/W631438734,Experimental study of MHD instabilities based on magnetic fluctuation measurement in low-aspect-ratio helical plasmas,T10346,T10346.C03,propose_split,,0.9264414836557503
https://openalex.org/W65628721,Initial soft x-ray production experiments on RACE (Ring ACceleration Experiment),T10346,T10346.C02,propose_split,,0.9094981717339546
https://openalex.org/W7048317416,L’Élasticité des alliages de fer sous conditions êxtreme,T10346,T10346.C03,propose_split,,0.8825374068016948
https://openalex.org/W7050514650,Medicine and Art,T10346,T10346.C01,propose_split,,0.881214891376773
https://openalex.org/W7053582465,The Witching Hour and Other Plays,T10346,T10346.C03,propose_split,,0.8309357979567021
https://openalex.org/W7055997962,A distribution-free description of fragmentation by blasting based on dimensional analysis,T10346,T10346.C03,propose_split,,0.8934498366373206
https://openalex.org/W7056958459,Hash Function Requirements for Schnorr Signatures,T10346,T10346.C01,propose_split,,0.8806643493126168
https://openalex.org/W7061383357,Propuesta experimental para la fabricación de las cuerdas de una cítara griega,T10346,T10346.C01,propose_split,,0.8815707202923636
https://openalex.org/W7066561656,Interlaboratory proficiency tests in measuring thermal insulation and evaporative resistance of clothing using the Newton-type thermal manikin,T10346,T10346.C01,propose_split,,0.8945504575666323
https://openalex.org/W7116124625,Quantum Fusion Engines & Informational Power,T10346,T10346.C01,propose_split,,0.9109371026039056
https://openalex.org/W7132274520,PARC WP5.2 NAM development,T10346,T10346.C01,propose_split,,0.8843915164928426
https://openalex.org/W7132551899,Unfolding of energies of fusion products measured by the activation probe at JET,T10346,T10346.C02,propose_split,,0.9208181838428537
https://openalex.org/W7135647800,Využití lavinových fotodiod pro diagnostiku Thomsonova rozptylu na tokamacích,T10346,T10346.C05,propose_split,,0.8831596812131352
https://openalex.org/W7144784355,Recent Activities of Technical Committee on Plasma Science and Technology,T10346,T10346.C04,propose_split,,0.904775355339885
https://openalex.org/W7145305317,EUV Spectroscopic Analysis of Highly Charged Kr24+ Ion for Impurity Seeding Studies in Fusion Plasmas via Electron-Impact Excitation and Collisional-Radiative Modeling,T10346,T10346.C02,propose_split,,0.9192702599025542
https://openalex.org/W7154626436,First Experiments with Ion Cyclotron Heating at the Spherical Tokamak Globus-M2,T10346,T10346.C05,propose_split,,0.9204577321632741
https://openalex.org/W7162969817,Plan of the Ultra Highly Magnetized Plasma Device (ULMAP-FU-I),T10346,T10346.C04,propose_split,,0.9179276214223845
https://openalex.org/W7171466750,Expanding Analytical Efforts on Characterizing the Heterogeneous Effects of Irradiation for Fusion,T10346,T10346.C02,propose_split,,0.9150286414551032
https://openalex.org/W7204523968,Densification and Node-Block Nonautonomy in Canonical ACRF-4: An Exact Zero-Cut Destruction Theorem and Generated Cross-Cut Retained Coupling,T10346,T10346.C02,propose_split,,0.8949109196653573
https://openalex.org/W7208099909,Behavior of 2^3S metastable state He atoms in low-temperature recombining plasmas,T10346,T10346.C04,propose_split,,0.9108588637243289
https://openalex.org/W761364890,Experimental diagnoses of plasma electron density by interferometry using an x-ray laser as probe,T10346,T10346.C04,propose_split,,0.9230804974841722
https://openalex.org/W807156200,Simulations of energetic particle driven instabilities in Tokamak,T10346,T10346.C05,propose_split,,0.9486469758783022
https://openalex.org/W810837711,Transport in JET H-mode plasmas with beam and ion cyclotron heating,T10346,T10346.C04,propose_split,,0.9247975919797183
https://openalex.org/W81857253,Data acquisition for PLT,T10346,T10346.C01,propose_split,,0.8867183159928564
https://openalex.org/W89603332,Simulations of ICRF-fast wave current drive on DIIID,T10346,T10346.C02,propose_split,,0.9181695006616358
https://openalex.org/W982813617,Divertor Performance of High Density H-Mode Discharges in ASDEX Upgrade,T10346,T10346.C03,propose_split,,0.9107764114838719
https://openalex.org/W991366584,ICRF Heating In the W-VII-A Stellarator,T10346,T10346.C02,propose_split,,0.9030964054323847
https://openalex.org/W1580264346,LibGuides: LVC Authors: Faculty: Dr. Edward Sullivan,T13370,T13370.C02,propose_split,,0.8923422021673453
https://openalex.org/W1606095495,特許協力条約雑俎--代理人について-2-,T13370,T13370.C06,propose_split,,0.8751207824637528
https://openalex.org/W168984594,English Title Not Available [Turkish Title: GELiŞME VE EŞİTSİZ GELiŞME YASASI] -,T13370,T13370.C01,propose_split,,0.9109235078860604
https://openalex.org/W2003698503,"R4D Newsletter, April 2008",T13370,T13370.C01,propose_split,,0.9057731642535582
https://openalex.org/W2016111967,JOHN CHARLES PUGH,T13370,T13370.C07,propose_split,,0.895424400160311
https://openalex.org/W2017411477,"Official Documents- Supplemental Letter ref. Financial Data, L8229-AM (Closing Package)",T13370,T13370.C01,propose_split,,0.9081751224879564
https://openalex.org/W2048931852,Egghead to Egghead.com (A),T13370,T13370.C06,propose_split,,0.9090129369596343
https://openalex.org/W2067912889,Foreword and Acknowledgments,T13370,T13370.C01,propose_split,,0.9247021243535261
https://openalex.org/W2304583216,"Wilcox, Miscellaneous Military Papers, Document 20, Muster-In Roll of Charles W. Wilcox",T13370,T13370.C01,propose_split,,0.8776684202412978
https://openalex.org/W2327743635,Buyer Guidance Please!,T13370,T13370.C01,propose_split,,0.9198797308736549
https://openalex.org/W2482708967,1.7 Abkürzungen,T13370,T13370.C03,propose_split,,0.9055344143878361
https://openalex.org/W2482778360,Title Page / Contents / Foreword,T13370,T13370.C03,propose_split,,0.9357690266853484
https://openalex.org/W2487877025,JOHN PIERPONT MORGAN,T13370,T13370.C07,propose_split,,0.8988771759168384
https://openalex.org/W2508455234,CHAPTER VII,T13370,T13370.C01,propose_split,,0.9128081850804993
https://openalex.org/W2510341387,Book of Brown - Accession 715 #2,T13370,T13370.C01,propose_split,,0.9011955381089334
https://openalex.org/W2553810896,Rapid Ratings International,T13370,T13370.C01,propose_split,,0.8925883032144286
https://openalex.org/W2555237479,If Fully Implemented...,T13370,T13370.C06,propose_split,,0.9060640538503646
https://openalex.org/W2557162326,"December 9, 2003",T13370,T13370.C04,propose_split,,0.910816393387308
https://openalex.org/W2725213398,8th Annual Magic Silver Show,T13370,T13370.C06,propose_split,,0.8862236657321287
https://openalex.org/W2731036980,Editor’s Note to Chapter 7,T13370,T13370.C01,propose_split,,0.9267628455849355
https://openalex.org/W2772767002,CONTENTS VOLUME I,T13370,T13370.C01,propose_split,,0.9315399113540722
https://openalex.org/W2784649864,CWU Faculty Senate Minutes - 02/08/12,T13370,T13370.C04,propose_split,,0.9216822389604068
https://openalex.org/W2906754744,To-do-Liste mit Permanenz,T13370,T13370.C06,propose_split,,0.8865919964018987
https://openalex.org/W2917579266,PRESIDENT'S REPORT FOR VOLUME 53,T13370,T13370.C07,propose_split,,0.9279426120706801
https://openalex.org/W2941607457,The Christmas pageant,T13370,T13370.C06,propose_split,,0.8907359249888597
https://openalex.org/W2997915760,P/1994 N2 = 2014 M6 (McNaught-Hartley),T13370,T13370.C06,propose_split,,0.8915075491246339
https://openalex.org/W3017145825,Libguides: APA 7th Edition - Citation Guide - CBS Library: Patents,T13370,T13370.C01,propose_split,,0.8986187699767627
https://openalex.org/W3080152541,CHAPTER THREE. PUPA,T13370,T13370.C06,propose_split,,0.9134976920509116
https://openalex.org/W3113044909,Authors’ response to the Interactive Comment by Reviewer#2,T13370,T13370.C02,propose_split,,0.9158560610377735
https://openalex.org/W3207055174,Meet the Section Editor,T13370,T13370.C02,propose_split,,0.9263140083843076
https://openalex.org/W351319561,新・捜査書類作成ゼミナール(55)供述調書(47),T13370,T13370.C07,propose_split,,0.9021893929658934
https://openalex.org/W4205194654,Editorial Board,T13370,T13370.C05,propose_split,,0.9993034896627428
https://openalex.org/W4205354289,Index of numbers of English patents abstracts,T13370,T13370.C03,propose_split,,0.8658779908488459
https://openalex.org/W4205388834,Information for authors,T13370,T13370.C02,propose_split,,0.9493974984790132
https://openalex.org/W4205485084,Title Page/Section Editors,T13370,T13370.C02,propose_split,,0.9198274878828001
https://openalex.org/W4205608808,Diary of Events,T13370,T13370.C01,propose_split,,0.9168781482103153
https://openalex.org/W4205611214,Editorial Board,T13370,T13370.C05,propose_split,,0.9993034896627428
https://openalex.org/W4205618690,Author index for volume 68,T13370,T13370.C02,propose_split,,0.9263070062655815
https://openalex.org/W4206192330,Author index of volume 162,T13370,T13370.C02,propose_split,,0.9269322534576663
https://openalex.org/W4206273248,No title available in English,T13370,T13370.C06,propose_split,,0.8827061137324693
https://openalex.org/W4207017482,Inhaltsverzeichnis,T13370,T13370.C03,propose_split,,0.9283553726947871
https://openalex.org/W4207037575,Editorial Board,T13370,T13370.C05,propose_split,,0.9993034896627428
https://openalex.org/W4210264455,New Books and Publications,T13370,T13370.C01,propose_split,,0.9065550154579055
https://openalex.org/W4210306399,Table of Contents,T13370,T13370.C03,propose_split,,0.9765956438492942
https://openalex.org/W4210351728,TENSING THE VERBS,T13370,T13370.C06,propose_split,,0.9104245733753705
https://openalex.org/W4210391621,S ettlement M onitor,T13370,T13370.C06,propose_split,,0.9172522637022311
https://openalex.org/W4210449618,Table of Contents,T13370,T13370.C03,propose_split,,0.9765956438492942
https://openalex.org/W4210569704,Editorial Board,T13370,T13370.C05,propose_split,,0.9993034896627428
https://openalex.org/W4210660757,10.4028/0-87849-368-9.397,T13370,T13370.C06,propose_split,,0.9045288117910029
https://openalex.org/W4210666870,硫化EPDM/PP共混热塑弹性体的形态结构,T13370,T13370.C06,propose_split,,0.8693990172939857
https://openalex.org/W4211224966,KSB improves both sales and revenue,T13370,T13370.C01,propose_split,,0.8422115323148164
https://openalex.org/W4213360637,Subject index to volume 47,T13370,T13370.C03,propose_split,,0.8956801031019272
https://openalex.org/W4214922612,Table of Contents,T13370,T13370.C03,propose_split,,0.9765956438492942
https://openalex.org/W4214932957,Editorial Board,T13370,T13370.C05,propose_split,,0.9993034896627428
https://openalex.org/W4223571658,[RETRACTED] MUST READ!Unabis CBD Gummies Reviews [Worth Or Waste] v1,T13370,T13370.C01,propose_split,,0.9034483849655501
https://openalex.org/W4225333465,معجم الحيوانات والطيور في ((التوراة)),T13370,T13370.C06,propose_split,,0.8603579191456572
https://openalex.org/W4225496061,Sure 63 – Die Heuchler,T13370,T13370.C06,propose_split,,0.8898679796357147
https://openalex.org/W4229567338,Condensed price list : spring 1923 /,T13370,T13370.C06,propose_split,,0.8815439459480363
https://openalex.org/W4229991157,Editorial Board,T13370,T13370.C05,propose_split,,0.9993034896627428
https://openalex.org/W4230454609,Editorial Board and Publication information,T13370,T13370.C05,propose_split,,0.9676948504465621
https://openalex.org/W4230475820,Table of Contents,T13370,T13370.C03,propose_split,,0.9765956438492942
https://openalex.org/W4230534110,Editorial Board,T13370,T13370.C05,propose_split,,0.9993034896627428
https://openalex.org/W4230730158,Foreign Department,T13370,T13370.C01,propose_split,,0.9220822826538337
https://openalex.org/W4231124822,Oxford,T13370,T13370.C06,propose_split,,0.9181639843414625
https://openalex.org/W4231213323,The Center Cannot Hold,T13370,T13370.C06,propose_split,,0.8940762434592188
https://openalex.org/W4231492399,Issue Information,T13370,T13370.C03,propose_split,,0.9359700357832949
https://openalex.org/W4231661749,Inhaltsverzeichnis und Impressum,T13370,T13370.C03,propose_split,,0.9124245486102421
https://openalex.org/W4231948339,PT1c Stage Finding,T13370,T13370.C06,propose_split,,0.912422011805872
https://openalex.org/W4232038283,Acknowledgments,T13370,T13370.C01,propose_split,,0.9272842582857055
https://openalex.org/W4232341054,Letters,T13370,T13370.C01,propose_split,,0.9310393868845492
https://openalex.org/W4232707544,"DISTRICT No. 8, TEXAS AND RIO GRANDE VALLEY",T13370,T13370.C01,propose_split,,0.8711159876669611
https://openalex.org/W4232808060,"Editorial Board, Aims & Scope, Table of Contents",T13370,T13370.C05,propose_split,,0.9382528218549531
https://openalex.org/W4233007089,Contents Digest,T13370,T13370.C03,propose_split,,0.9424339691429772
https://openalex.org/W4233098172,SFETD 2012 – Index des auteurs,T13370,T13370.C02,propose_split,,0.9178776900989143
https://openalex.org/W4233329130,AER volume 116 issue 1177 Cover and Front matter,T13370,T13370.C08,propose_split,,0.9504501825171181
https://openalex.org/W4233340195,E.A.C.M.F.S. Announcements,T13370,T13370.C01,propose_split,,0.9126995300890907
https://openalex.org/W4233506052,Editorial Board,T13370,T13370.C05,propose_split,,0.9993034896627428
https://openalex.org/W4233545275,List of Contributors,T13370,T13370.C02,propose_split,,0.9448463487101011
https://openalex.org/W4233658562,10.3726/978-3-653-05119-3/6,T13370,T13370.C01,propose_split,,0.9094124096820002
https://openalex.org/W4234097698,Books Received,T13370,T13370.C01,propose_split,,0.9192344134933674
https://openalex.org/W4234260782,"33701, 1873-02-21, [L'EPINE (Comte de) ; TIMBAL (Charles) ; DREYFUS ; FAU]",T13370,T13370.C06,propose_split,,0.8803104090984886
https://openalex.org/W4234371516,Abbildungs- und Tabellennachweis,T13370,T13370.C03,propose_split,,0.9099697608474856
https://openalex.org/W4234589534,Zeitschriftenschau,T13370,T13370.C06,propose_split,,0.9035688329022669
https://openalex.org/W4234725440,Cadoux,T13370,T13370.C06,propose_split,,0.9004889207399549
https://openalex.org/W4235092514,Publications Received,T13370,T13370.C01,propose_split,,0.9347259261208882
https://openalex.org/W4235106973,CORNELL PROGRAM,T13370,T13370.C06,propose_split,,0.8963820664892058
https://openalex.org/W4235131213,Mitteilungen / Information,T13370,T13370.C03,propose_split,,0.9103007495299507
https://openalex.org/W4235493233,William Hone,T13370,T13370.C06,propose_split,,0.8899035822614001
https://openalex.org/W4235537032,Liardet,T13370,T13370.C06,propose_split,,0.9124311991207465
https://openalex.org/W4235633529,"List of Tables, Illustrations, Maps",T13370,T13370.C03,propose_split,,0.9208308584086805
https://openalex.org/W4235807148,IPO volume 49 issue 2 Cover and Front matter,T13370,T13370.C08,propose_split,,0.9501662208649386
https://openalex.org/W4235819547,Other Chromatic Harmonies,T13370,T13370.C06,propose_split,,0.882156829797424
https://openalex.org/W4235917820,Prelim Full Title Page including EDB,T13370,T13370.C01,propose_split,,0.9045041429956081
https://openalex.org/W4235923642,Editorial Board,T13370,T13370.C05,propose_split,,0.9993034896627428
https://openalex.org/W4236134471,Institute News and Radio Notes,T13370,T13370.C01,propose_split,,0.9136458663163515
https://openalex.org/W4236392677,Editorial Board,T13370,T13370.C05,propose_split,,0.9993034896627428
https://openalex.org/W4236413534,Patent Selections,T13370,T13370.C01,propose_split,,0.9127789913138449
https://openalex.org/W4237244054,Cover 2 - Editorial Board with barcode,T13370,T13370.C05,propose_split,,0.9246522812053094
https://openalex.org/W4237401904,WSSFN Society News,T13370,T13370.C01,propose_split,,0.9042282913529015
https://openalex.org/W4237785112,"Chart II. Tracks of Centers of High Areas, January, 1913",T13370,T13370.C06,propose_split,,0.878117424550451
https://openalex.org/W4237789743,Abstracts (Part 15 of 23),T13370,T13370.C01,propose_split,,0.9116396769517044
https://openalex.org/W4238150314,Editorial Board EOV,T13370,T13370.C05,propose_split,,0.9561210325339022
https://openalex.org/W4238171800,List of figures,T13370,T13370.C03,propose_split,,0.9167251141894193
https://openalex.org/W4238477416,Advertisers index,T13370,T13370.C02,propose_split,,0.9193839472878805
https://openalex.org/W4238874175,List of Statements from which Quotations Are Taken,T13370,T13370.C03,propose_split,,0.8783789354670793
https://openalex.org/W4239016742,List of Cited Patent Documents,T13370,T13370.C03,propose_split,,0.8984946440281083
https://openalex.org/W4239308157,News/Nouvelles,T13370,T13370.C01,propose_split,,0.9138395515057184
https://openalex.org/W4239352802,Guidelines for Contributors,T13370,T13370.C02,propose_split,,0.9233199930048849
https://openalex.org/W4239378970,Table of Contents,T13370,T13370.C03,propose_split,,0.9765956438492942
https://openalex.org/W4239688363,Front & Back Matter,T13370,T13370.C08,propose_split,,0.9565897945542791
https://openalex.org/W4240160774,Forthcoming regular articles,T13370,T13370.C01,propose_split,,0.927145596071036
https://openalex.org/W4240305590,On the Move box,T13370,T13370.C06,propose_split,,0.9054811552269701
https://openalex.org/W4240394354,Editorial board,T13370,T13370.C05,propose_split,,0.995091440979703
https://openalex.org/W4240641054,Editorial Board,T13370,T13370.C05,propose_split,,0.9993034896627428
https://openalex.org/W4240784077,10.1115/IECEC2001-RE-07,T13370,T13370.C01,propose_split,,0.9087370534759175
https://openalex.org/W4240920445,Editorial Board,T13370,T13370.C05,propose_split,,0.9993034896627428
https://openalex.org/W4240933927,"IFC (Board, Scope, Publ. info, Orders, )",T13370,T13370.C01,propose_split,,0.9045937705384803
https://openalex.org/W4241052521,Recent Publications,T13370,T13370.C01,propose_split,,0.9279716815485214
https://openalex.org/W4241341507,PSM volume 6 issue 4 Back matter,T13370,T13370.C08,propose_split,,0.9374097544979948
https://openalex.org/W4241427137,Table of Contents,T13370,T13370.C03,propose_split,,0.9765956438492942
https://openalex.org/W4241768430,Table of Contents,T13370,T13370.C03,propose_split,,0.9765956438492942
https://openalex.org/W4241785273,Graphical contents list,T13370,T13370.C03,propose_split,,0.9268576717166065
https://openalex.org/W4241864777,Namenverzeichnis,T13370,T13370.C03,propose_split,,0.8924170315055882
https://openalex.org/W4242267484,Notes on Contributors,T13370,T13370.C02,propose_split,,0.94455388766338
https://openalex.org/W4242773098,Program Committee,T13370,T13370.C01,propose_split,,0.9120631978515048
https://openalex.org/W4242924282,Editorial Board,T13370,T13370.C05,propose_split,,0.9993034896627428
https://openalex.org/W4243227196,Editorial Board,T13370,T13370.C05,propose_split,,0.9993034896627428
https://openalex.org/W4243362527,About the Author,T13370,T13370.C02,propose_split,,0.9387580009824771
https://openalex.org/W4243372678,Forthcoming Articles,T13370,T13370.C01,propose_split,,0.9362632138805049
https://openalex.org/W4244373773,List of symbols,T13370,T13370.C03,propose_split,,0.9071474691952323
https://openalex.org/W4244512255,Table_of_Contents,T13370,T13370.C03,propose_split,,0.9394658434194004
https://openalex.org/W4244623881,INCORRECT STATEMENT,T13370,T13370.C01,propose_split,,0.9157781711475601
https://openalex.org/W4245716469,"Author index, volume 156",T13370,T13370.C02,propose_split,,0.9218317084747251
https://openalex.org/W4245780152,ROP volume 59 issue 4 Cover and Front matter,T13370,T13370.C08,propose_split,,0.9581851429371352
https://openalex.org/W4246023210,Inside Front Cover,T13370,T13370.C08,propose_split,,0.9391592137774172
https://openalex.org/W4246476771,PHILADELPHIA PLAN IS SPREADING,T13370,T13370.C01,propose_split,,0.9010995025741619
https://openalex.org/W4246512447,[Front cover and table of contents],T13370,T13370.C08,propose_split,,0.9357468248342082
https://openalex.org/W4246811064,Organizing Committee,T13370,T13370.C01,propose_split,,0.9158017539438895
https://openalex.org/W4246823271,Editorial Board,T13370,T13370.C05,propose_split,,0.9993034896627428
https://openalex.org/W4246977461,Certification Corner,T13370,T13370.C01,propose_split,,0.9186636084637375
https://openalex.org/W4247424970,Editorial Board,T13370,T13370.C05,propose_split,,0.9993034896627428
https://openalex.org/W4247673983,IV. VIES DES SAINTS.,T13370,T13370.C06,propose_split,,0.913518021414058
https://openalex.org/W4247735180,Abstract Selection,T13370,T13370.C01,propose_split,,0.9165456974760993
https://openalex.org/W4247742364,Editorial board,T13370,T13370.C05,propose_split,,0.995091440979703
https://openalex.org/W4247822260,Editors & Editorial board,T13370,T13370.C05,propose_split,,0.9735929802103402
https://openalex.org/W4248342284,Table of Contents,T13370,T13370.C03,propose_split,,0.9765956438492942
https://openalex.org/W4248356605,Correction: From the JCC,T13370,T13370.C01,propose_split,,0.9164830512251603
https://openalex.org/W4248587692,List of Contributors,T13370,T13370.C02,propose_split,,0.9448463487101011
https://openalex.org/W4248597134,Index to Vol. XXXVI,T13370,T13370.C01,propose_split,,0.9134112317778834
https://openalex.org/W4249075610,List of Contributors,T13370,T13370.C02,propose_split,,0.9448463487101011
https://openalex.org/W4249495032,Program August 31 ? September 5,T13370,T13370.C01,propose_split,,0.8909632706348762
https://openalex.org/W4249499424,ISH volume 8 issue 3 Front matter,T13370,T13370.C08,propose_split,,0.9516128760181495
https://openalex.org/W4249659315,Tb Terbium,T13370,T13370.C06,propose_split,,0.9045964140943024
https://openalex.org/W4249756400,Issue Information,T13370,T13370.C03,propose_split,,0.9359700357832949
https://openalex.org/W4249771438,BJW volume 11 issue 4 Cover and Front matter,T13370,T13370.C08,propose_split,,0.9611754852533334
https://openalex.org/W4250130419,MES volume 24 issue 1 Cover and Back matter,T13370,T13370.C08,propose_split,,0.9446315507317423
https://openalex.org/W4250278596,"Author and Subject Indexes—Volume 22, 1987",T13370,T13370.C02,propose_split,,0.9087792645608848
https://openalex.org/W4250383217,Forthcoming papers,T13370,T13370.C01,propose_split,,0.9263265130514197
https://openalex.org/W4250701697,Author Index - Volume 1,T13370,T13370.C02,propose_split,,0.9333595554150931
https://openalex.org/W4251118065,Issue Information,T13370,T13370.C03,propose_split,,0.9359700357832949
https://openalex.org/W4251213616,List of reviewers,T13370,T13370.C02,propose_split,,0.9246552272962156
https://openalex.org/W4251535132,Issue Information,T13370,T13370.C03,propose_split,,0.9359700357832949
https://openalex.org/W4251605341,Editorial Board,T13370,T13370.C05,propose_split,,0.9993034896627428
https://openalex.org/W4251675692,Additional Journal Content,T13370,T13370.C01,propose_split,,0.9257444042587771
https://openalex.org/W4251686842,Editorial Board,T13370,T13370.C05,propose_split,,0.9993034896627428
https://openalex.org/W4251872509,Editorial Board,T13370,T13370.C05,propose_split,,0.9993034896627428
https://openalex.org/W4252495477,Editorial Board/Publication Information,T13370,T13370.C05,propose_split,,0.9659970389711738
https://openalex.org/W4252588670,Editorial No. 54,T13370,T13370.C07,propose_split,,0.9402869116491109
https://openalex.org/W4252956017,Meeting Announcement,T13370,T13370.C01,propose_split,,0.9304200502316347
https://openalex.org/W4253168117,Editorial board,T13370,T13370.C05,propose_split,,0.995091440979703
https://openalex.org/W4253249352,"Correspondence 2 - April, 1956",T13370,T13370.C01,propose_split,,0.8964965530513819
https://openalex.org/W4253656853,10.4028/0-87849-369-7.57,T13370,T13370.C06,propose_split,,0.9054151717513574
https://openalex.org/W4253879892,Meetings and Conferences · Tagungen und Kongresse,T13370,T13370.C03,propose_split,,0.903569868194467
https://openalex.org/W4253987041,About the Authors,T13370,T13370.C02,propose_split,,0.9478157209700458
https://openalex.org/W4254014067,[Copyright notice],T13370,T13370.C01,propose_split,,0.9268981609463066
https://openalex.org/W4254016942,Front Matter Volume XI Fall 2010,T13370,T13370.C08,propose_split,,0.9315708080303168
https://openalex.org/W4254077875,Twelfth Night: The Worst Pun,T13370,T13370.C06,propose_split,,0.8978995277265319
https://openalex.org/W4254091413,"Zoning Digest, Volume 14, Issue 11, November 1962",T13370,T13370.C07,propose_split,,0.9063899113096524
https://openalex.org/W4254289575,Acronyms and Abbreviations,T13370,T13370.C03,propose_split,,0.9125564672655659
https://openalex.org/W4254485626,Editorial Board,T13370,T13370.C05,propose_split,,0.9993034896627428
https://openalex.org/W4254648706,Committees and Chairs,T13370,T13370.C01,propose_split,,0.9148355448442425
https://openalex.org/W4254834546,Notes on Supplementary Plates CXLIX–CLII,T13370,T13370.C01,propose_split,,0.9117281373300797
https://openalex.org/W4254899528,JHL volume 53 issue 1 Cover and Front matter,T13370,T13370.C08,propose_split,,0.9560050179313909
https://openalex.org/W4255362264,Editorial board,T13370,T13370.C05,propose_split,,0.995091440979703
https://openalex.org/W4255565398,New publications,T13370,T13370.C01,propose_split,,0.9228805298779215
https://openalex.org/W4255688666,WO 34/059/154 - Autograph Letter to Sir John St Clair,T13370,T13370.C07,propose_split,,0.9079554080059405
https://openalex.org/W4255688695,"35186a, 1874-12-08, [CALVETTI], [DONALDSON], [SCHRIEBER], [REYNOLDS (Charles)], [FERREIRA], and others",T13370,T13370.C01,propose_split,,0.8797043548251842
https://openalex.org/W4255717258,10.3726/978-3-653-03217-8/6,T13370,T13370.C01,propose_split,,0.9089358973998901
https://openalex.org/W4255960910,Acknowledgments,T13370,T13370.C01,propose_split,,0.9272842582857055
https://openalex.org/W4256076740,Quotations wanted,T13370,T13370.C01,propose_split,,0.9133397472469146
https://openalex.org/W4256426732,Correspondence Letter,T13370,T13370.C01,propose_split,,0.9244972445601594
https://openalex.org/W4298874827,Acknowledgements,T13370,T13370.C01,propose_split,,0.9244966721398123
https://openalex.org/W4312100014,Relevant Issues,T13370,T13370.C01,propose_split,,0.9350118899672669
https://openalex.org/W4367305621,List of Tables and Maps,T13370,T13370.C03,propose_split,,0.9330633982712749
https://openalex.org/W4372328744,Editorial Board,T13370,T13370.C05,propose_split,,0.9993034896627428
https://openalex.org/W4378714024,Tabellenverzeichnis,T13370,T13370.C03,propose_split,,0.937849533345174
https://openalex.org/W4383888816,Table of Contents,T13370,T13370.C03,propose_split,,0.9765956438492942
https://openalex.org/W4385129255,"jack ladder, n.¹",T13370,T13370.C06,propose_split,,0.8956472836896715
https://openalex.org/W4385137349,"ingrained, adj.",T13370,T13370.C06,propose_split,,0.9105521362702095
https://openalex.org/W4386355289,Table of Contents,T13370,T13370.C03,propose_split,,0.9765956438492942
https://openalex.org/W4386904800,Index of References,T13370,T13370.C03,propose_split,,0.9423683317068933
https://openalex.org/W4386969381,Die Autorinnen und Autoren dieses Heftes,T13370,T13370.C02,propose_split,,0.9094466863124172
https://openalex.org/W4387227473,Index,T13370,T13370.C03,propose_split,,0.9383329124628843
https://openalex.org/W4388493567,"Back Matter (""Indices"")",T13370,T13370.C08,propose_split,,0.9237092856251784
https://openalex.org/W4393323932,About the editors,T13370,T13370.C02,propose_split,,0.9248057848471639
https://openalex.org/W4393866814,About the Author,T13370,T13370.C02,propose_split,,0.9387580009824771
https://openalex.org/W4394055802,uprolls2022-223,T13370,T13370.C01,propose_split,,0.9042155510356406
https://openalex.org/W4396589209,改善精神疾病患者之安樂死管控：從比利時看安樂死的刑事法院判決（一）,T13370,T13370.C06,propose_split,,0.8845912825050558
https://openalex.org/W4396884387,Table of Contents,T13370,T13370.C03,propose_split,,0.9765956438492942
https://openalex.org/W4396886694,GAST 2024 Cover Page,T13370,T13370.C01,propose_split,,0.9163909610900844
https://openalex.org/W4398587870,A94_6573.jpg,T13370,T13370.C06,propose_split,,0.9112593027275154
https://openalex.org/W4398600598,13M-Month121-135.7z,T13370,T13370.C06,propose_split,,0.9072545926932384
https://openalex.org/W4398654212,DTA900.file6214.W1_employment.sav,T13370,T13370.C01,propose_split,,0.9079730164804394
https://openalex.org/W4398983305,KippsB_TranscriptApprovalForm_20121126.pdf,T13370,T13370.C01,propose_split,,0.9070389078624984
https://openalex.org/W4399003174,RP_Combined.RP_WTR_1_7.G38B_P1_1_T-G07.nsp-o726.PMF.digested.fq.gz,T13370,T13370.C01,propose_split,,0.9124699493227997
https://openalex.org/W4399015906,DP19_Combined.DP19_X21_10.G38B_P1_1_T-F06.nsp-o735.PMF.digested.fq.gz,T13370,T13370.C01,propose_split,,0.9151917438877623
https://openalex.org/W4399192485,Table des matiéres,T13370,T13370.C03,propose_split,,0.9036181802324732
https://openalex.org/W4399846947,ACKNOWLEDGMENTS,T13370,T13370.C01,propose_split,,0.9356203600573936
https://openalex.org/W4401069690,[Illustrations],T13370,T13370.C01,propose_split,,0.9237813577075908
https://openalex.org/W4402367718,About the Author,T13370,T13370.C02,propose_split,,0.9387580009824771
https://openalex.org/W4403288915,CATESOL Journal Editorial Staff,T13370,T13370.C02,propose_split,,0.9095191486818457
https://openalex.org/W4404365235,Table of Contents,T13370,T13370.C03,propose_split,,0.9765956438492942
https://openalex.org/W4405474078,Personenverzeichnis,T13370,T13370.C03,propose_split,,0.9018333190715372
https://openalex.org/W4406636951,10.1016/b978-0-7295-4299-9.00019-4,T13370,T13370.C01,propose_split,,0.9283213339633403
https://openalex.org/W4406658451,Table of Contents,T13370,T13370.C03,propose_split,,0.9765956438492942
https://openalex.org/W4407877173,SELECTED BIBLIOGRAPHY,T13370,T13370.C01,propose_split,,0.9195920381001442
https://openalex.org/W4408414618,AWWA Water Science Author Spotlight: Pooja Oberoi,T13370,T13370.C02,propose_split,,0.8867468490882383
https://openalex.org/W4408437596,Editorial Board,T13370,T13370.C05,propose_split,,0.9993034896627428
https://openalex.org/W4410026280,Issue Information,T13370,T13370.C03,propose_split,,0.9359700357832949
https://openalex.org/W4412040118,FLM volume 1013 Cover and Front matter,T13370,T13370.C08,propose_split,,0.9527046919359238
https://openalex.org/W4413149441,Announcements: News from sponsoring organizations,T13370,T13370.C01,propose_split,,0.9145530124511747
https://openalex.org/W4413195271,Editorial Board,T13370,T13370.C05,propose_split,,0.9993034896627428
https://openalex.org/W4413686486,ASQ-Jahrestagung 1961,T13370,T13370.C06,propose_split,,0.8797219798106782
https://openalex.org/W4416585483,[Illustrations],T13370,T13370.C01,propose_split,,0.9237813577075908
https://openalex.org/W4417471457,AIPMV 2025 Cover Page,T13370,T13370.C01,propose_split,,0.9186113914515169
https://openalex.org/W7108947757,Letter to A. Sauvy,T13370,T13370.C07,propose_split,,0.918553696667793
https://openalex.org/W7113237600,"4.2.6.S.1.文丁帝乙.7_Z-WENDING-POWER-CONSOLIDATION-V2 | 文丁的雙管齊下奪權：先削軍權，再改神權 (Wen Ding's Two-Pronged Power Grab: First Military, Then Theocratic) v1.0",T13370,T13370.C06,propose_split,,0.9058474311598925
https://openalex.org/W7113792341,"Faculty Recital: February 15, 1987",T13370,T13370.C04,propose_split,,0.9050965457742663
https://openalex.org/W7114149870,"Factory Commissioner's report medical opinions, &c. &c. &c",T13370,T13370.C01,propose_split,,0.8972610030824049
https://openalex.org/W7117794640,"q.04, Image 023",T13370,T13370.C06,propose_split,,0.9205602263275221
https://openalex.org/W7117888604,"q.01-03, Image 082",T13370,T13370.C06,propose_split,,0.9152439756776233
https://openalex.org/W7117894833,"q.ha, Image 168",T13370,T13370.C06,propose_split,,0.9082529280781158
https://openalex.org/W7124384206,"Senior Recital Schneider: March 28, 2009",T13370,T13370.C06,propose_split,,0.9008715562721452
https://openalex.org/W7126910043,"Vol. 05, No. 33",T13370,T13370.C07,propose_split,,0.9097351994750131
https://openalex.org/W7128354686,"[Document, 1786 October 09]",T13370,T13370.C01,propose_split,,0.9097615200388912
https://openalex.org/W7131147561,10. Tabellenverzeichnis,T13370,T13370.C03,propose_split,,0.9237821762452332
https://openalex.org/W7134425541,"Giles, Manaclair",T13370,T13370.C06,propose_split,,0.8776355833418752
https://openalex.org/W7135294551,"WSU Report It Presentation, September 25, 2023",T13370,T13370.C01,propose_split,,0.9009666474229386
https://openalex.org/W7135442727,"OGH und FaBo+, zweiter Akt. Anmerkung zu OGH 25. 6. 2020, 9 Ob 59/19w",T13370,T13370.C06,propose_split,,0.8846000423877786
https://openalex.org/W7135486554,§§ 387-404 (Neubearbeitung von Nr. 1 bzw Nr. 65 und Nr. 96),T13370,T13370.C06,propose_split,,0.874547245492238
https://openalex.org/W7139578650,Vol17#2_FrontCover,T13370,T13370.C08,propose_split,,0.933978009830939
https://openalex.org/W7139622540,Mailing Statement,T13370,T13370.C01,propose_split,,0.9285364350933414
https://openalex.org/W7167626408,Lecture Slide Collection 495,T13370,T13370.C01,propose_split,,0.9067473204884545
https://openalex.org/W7172210610,Statistical Audit of the 5-Smooth Semigroup Mass-Ratio Claim,T13370,T13370.C01,propose_split,,0.8829936974811452
https://openalex.org/W7172510975,"电脑版意大利人,第 1 卷(共 3 卷)(The Italian, Volume 1 (of 3)).zip",T13370,T13370.C06,propose_split,,0.8949069220198113
https://openalex.org/W7197137275,UUP/SB Newsletter,T13370,T13370.C01,propose_split,,0.9193462818522461
https://openalex.org/W7203463853,§ 49. Allgemeine Grundlagen,T13370,T13370.C06,propose_split,,0.8716201703132256
https://openalex.org/W7204080138,457. Stele des Obergütervorstehers Dw-r-nhh,T13370,T13370.C06,propose_split,,0.9043246832129768
https://openalex.org/W7206224070,Margaret A. MacDonell,T13370,T13370.C06,propose_split,,0.8600289331550139
https://openalex.org/W7206412255,1_270_2411.08275.pdf_wordcloud.png,T13370,T13370.C01,propose_split,,0.9146242016286631
https://openalex.org/W7206852448,Portaria 066/CCB/2013,T13370,T13370.C06,propose_split,,0.8992089819810748
https://openalex.org/W7206910132,平成28（2016）年度 修士論文要旨,T13370,T13370.C01,propose_split,,0.8892386813551548
https://openalex.org/W7206995229,1988 Treasurer's Report,T13370,T13370.C07,propose_split,,0.899668961297821
https://openalex.org/W7207013564,1_488_2411.19064.pdf_text_cluster.png,T13370,T13370.C06,propose_split,,0.9110344972067244
https://openalex.org/W7207055578,Subject and Use Index,T13370,T13370.C03,propose_split,,0.928906032319449
https://openalex.org/W7207360273,[7201_3261_4009_0037],T13370,T13370.C01,propose_split,,0.9054349883291433
https://openalex.org/W7207364517,Portaria 088/CCB/2013,T13370,T13370.C06,propose_split,,0.8945515303268846
https://openalex.org/W7207431588,41_5_2411.10965.pdf.png,T13370,T13370.C01,propose_split,,0.917272940651448
https://openalex.org/W7208934102,JSW I/16 Pressmeddelande,T13370,T13370.C01,propose_split,,0.9010232750266199
https://openalex.org/W7209017486,"MGRRE_PureOilScoutTickets_Cominsky, Vincent_3_21159056530000",T13370,T13370.C06,propose_split,,0.8845477961207661
https://openalex.org/W7209354815,co-06 Membership 2012-05-11,T13370,T13370.C06,propose_split,,0.9060669630696233
https://openalex.org/W7209564296,2000 UNOPA Rose Frolik Award,T13370,T13370.C06,propose_split,,0.8626901005335319
https://openalex.org/W7209566955,Student Ledger Book 13,T13370,T13370.C06,propose_split,,0.9021435789988423
https://openalex.org/W7209633837,IlluminierteUrkunden 1476-07-12_Modena,T13370,T13370.C06,propose_split,,0.9033560636477967
https://openalex.org/W7209878062,"Resist Newsletter, Sept-Oct 2010",T13370,T13370.C01,propose_split,,0.9098090278835587
https://openalex.org/W7210202059,"Staff Council Minutes of December 15, 2005",T13370,T13370.C04,propose_split,,0.9210582605368071
https://openalex.org/W7210229466,d§ZË{xËZe16/06/1392 Ë~axËZe25/08/1392,T13370,T13370.C06,propose_split,,0.9284957685858666
https://openalex.org/W7210809451,Genizah MS T-S AS 141.44B,T13370,T13370.C06,propose_split,,0.900555742966819
https://openalex.org/W7210812024,Fiddler on the Roof Image 05,T13370,T13370.C06,propose_split,,0.8893635830462413
https://openalex.org/W7210887697,MGRRE_ThinSections_09-A_82,T13370,T13370.C01,propose_split,,0.9163301884868759
https://openalex.org/W7211032054,FLN_G1_D6_CONVER_Copa2014_VIDEO4,T13370,T13370.C06,propose_split,,0.9089275646822066
https://openalex.org/W7211039593,"Volume 54, Fall 1979, Number 1",T13370,T13370.C07,propose_split,,0.9185374797944003
https://openalex.org/W7211045840,"The BG News December 10, 1999",T13370,T13370.C04,propose_split,,0.9155455404354202
https://openalex.org/W7211051425,"The Bates Student - volume 137 number 08 - November 13, 2007",T13370,T13370.C01,propose_split,,0.8909270754935957
https://openalex.org/W7211080886,"Spartan Daily, October 27, 2004",T13370,T13370.C04,propose_split,,0.9352548974683541
https://openalex.org/W7211127223,"Las Vegas Daily Optic, 12-02-1899",T13370,T13370.C04,propose_split,,0.902849354099053
https://openalex.org/W7211178251,"Daily Eastern News: October 30, 2019",T13370,T13370.C01,propose_split,,0.9069467687240428
https://openalex.org/W7211181025,"Spartan Daily, May 18, 1951",T13370,T13370.C04,propose_split,,0.9182348741666473
https://openalex.org/W7211294541,"Harding Bulletin January 1974 (vol. 49, no. 7)",T13370,T13370.C07,propose_split,,0.9090951318074456
https://openalex.org/W7211375672,015417_ieed_portraits005.JPG,T13370,T13370.C06,propose_split,,0.907782719066652
https://openalex.org/W7211407317,Social Science Division minutes 03/07/1975,T13370,T13370.C04,propose_split,,0.9210511154312118
https://openalex.org/W7211559595,"Spartan Daily, September 10, 1985",T13370,T13370.C04,propose_split,,0.9305537506168581
https://openalex.org/W7211584312,Social Science Division minutes 10/25/2000,T13370,T13370.C04,propose_split,,0.9391278740315793
https://openalex.org/W7211589789,MGRRE_ThinSections_MGRRE_12_114,T13370,T13370.C01,propose_split,,0.9150471363186399
https://openalex.org/W7211771529,"Daily Eastern News: December 08, 2010",T13370,T13370.C04,propose_split,,0.9257630347151087
https://openalex.org/W7211802443,2015-11-19 Faculty Senate Newsletter,T13370,T13370.C01,propose_split,,0.9128340655268847
https://openalex.org/W7211840792,"Faculty Senate Meeting Minutes, 11/28/2000, p 152-155",T13370,T13370.C04,propose_split,,0.9171788553260071
https://openalex.org/W773540515,Text messages 1,T13370,T13370.C01,propose_split,,0.9059165868048908
https://openalex.org/W842842683,Perishable: Twined Object AZRU61-8142,T13370,T13370.C06,propose_split,,0.8965453466930878
https://openalex.org/W976904877,SONY DVp-NS系列DVD播放机,T13370,T13370.C06,propose_split,,0.87299275591459
https://openalex.org/W1015455377,Infrared spectral analys is and paleo-environment reconstruction on Mars,T12157,T12157.C01,propose_split,,0.8931220678987839
https://openalex.org/W1028400159,韩（城）-铜（川）铝土矿带地质特征及找矿方向,T12157,T12157.C02,propose_split,,0.8630770155350681
https://openalex.org/W118515621,"National Uranium Resource Evaluation: Corpus Christi Quadrangle, Texas",T12157,T12157.C01,propose_split,,0.8944792628904966
https://openalex.org/W122176423,Some facts about aftershocks to large earthquakes in California,T12157,T12157.C01,propose_split,,0.8649174326031527
https://openalex.org/W1541609181,Controls on gold and silver volcanogenic sulphide deposits (84/P210) AMIRA report(CODES publication 10),T12157,T12157.C02,propose_split,,0.8950302347720799
https://openalex.org/W1561742226,Geological Factor Analysis,T12157,T12157.C01,propose_split,,0.9361444485891404
https://openalex.org/W1567029924,"He–Ar Isotope Composition of Pyrite and Wolframite in the Tieshanlong Tungsten Deposit, Jiangxi, China: Implications for Fluid Evolution",T12157,T12157.C02,propose_split,,0.9153207341096734
https://openalex.org/W1568239315,"Evidence of an early NS magmatic event in the Paleoproterozoic Teofil�ndia granitoids (S�o Francisco Craton, Brazil): a combined microstructural and magnetic fabric study",T12157,T12157.C02,propose_split,,0.9161350951098536
https://openalex.org/W1571171618,Metamorphic petrology and zircon geochronology of high‐grade rocks from the central Mozambique Belt of Tanzania: crustal recycling of Archean and Palaeoproterozoic material during the Pan‐African orogeny,T12157,T12157.C02,propose_split,,0.9245268334432011
https://openalex.org/W1581962244,Geochemical processes in the earth's mantle and the nature of crust-mantle interactions : evidence from studies of Nd and Sr isotope ratios in mantle-derived igneous rocks and lherzolite nodules,T12157,T12157.C02,propose_split,,0.9256377187950292
https://openalex.org/W1583287540,Aeromagnetic map of Michigan and the adjacent Great Lakes,T12157,T12157.C01,propose_split,,0.8894525905215106
https://openalex.org/W1605900583,Vertical and Horizontal Spatial Variation of Geostatistical Prediction,T12157,T12157.C01,propose_split,,0.918866626066152
https://openalex.org/W1788688987,Analysis of Oil Production in the Near-Depleted Mexia-Powell Fault-Line Fields of Texas,T12157,T12157.C01,propose_split,,0.8976607752535406
https://openalex.org/W179225069,Pre-earthquake Electromagnetic Waves Propagation from the Underground Seismic Source to the Earth's Surface,T12157,T12157.C02,propose_split,,0.8902434459563442
https://openalex.org/W1807461408,The Dabieshan Coesite‐bearing Eclogite Terrain—A Late Archaean Ultra ‐ high‐ Pressure Metamorphic Belt,T12157,T12157.C02,propose_split,,0.9147081230535621
https://openalex.org/W1838996508,"High-Resolution Sequence Stratigraphic Setting of Mississippian Eolianites, Appalachian and Illinois Basins",T12157,T12157.C01,propose_split,,0.9043374568479051
https://openalex.org/W1889564928,Matched Filter Processor for Detection and Discrimination of Unexploded Ordnance,T12157,T12157.C01,propose_split,,0.8910164736916923
https://openalex.org/W1910978123,THE RECOGNITION OF BASINAL RHOMBOIDAL FAULT PATTERNS AS A BASIS FOR THE DEVELOPMENT OF A PLATE TECTONICS STRUCTURAL MODEL FOR THE WESTERN CANADA SEDIMENTARY BASIN,T12157,T12157.C01,propose_split,,0.9086304391451933
https://openalex.org/W1964235494,Fault-block structure and the stress state of the upper crust of lake Baikal’s eastern coast (field observations and modeling),T12157,T12157.C02,propose_split,,0.9050719673870573
https://openalex.org/W1973754468,National geological surveys Policies and practice,T12157,T12157.C01,propose_split,,0.8865519180415699
https://openalex.org/W1974412895,"Structural, eruptive, and intrusive evolution of the Grizzly Peak caldera, Sawatch Range, Colorado",T12157,T12157.C02,propose_split,,0.9101784812282182
https://openalex.org/W1974839212,Bias correction for the orientation distribution of slump fold axes: Application to the Cretaceous Izumi basin,T12157,T12157.C01,propose_split,,0.9085687681311009
https://openalex.org/W1983029922,"Petrological, geochemical and source criteria for the classification of granitic rocks: a discussion",T12157,T12157.C02,propose_split,,0.9236075045805274
https://openalex.org/W1987717748,Identification of Saskatchewan Gravels and Sands,T12157,T12157.C01,propose_split,,0.8838650748855679
https://openalex.org/W1988422717,Banded iron formations of the calciphyre-metabasite-gneiss association in the East European Craton,T12157,T12157.C02,propose_split,,0.9209187683458063
https://openalex.org/W1997468863,Geochemical investigation of mercury and other elements in urban soil of Idrija (Slovenia),T12157,T12157.C02,propose_split,,0.9097908010868004
https://openalex.org/W1998895259,"PGE mineralization of dunite-wehrlite massifs at the Gutara-Uda interfluve, Eastern Sayan",T12157,T12157.C02,propose_split,,0.9138672522511166
https://openalex.org/W2000945203,Paleoproterozoic arc magmatism in the North China Craton: No Siderian global plate tectonic shutdown,T12157,T12157.C02,propose_split,,0.9116850336301551
https://openalex.org/W2003972367,Source characterization of highly mature pyrobitumens using trace and rare earth element geochemistry: Sinian–Paleozoic paleo-oil reservoirs in South China,T12157,T12157.C02,propose_split,,0.930974547716242
https://openalex.org/W2005715075,The gold-silver Okhotsk-Chukotka volcanic belt,T12157,T12157.C02,propose_split,,0.8988361242489712
https://openalex.org/W2007172335,Fault tectonics and deformation: a method of quantification using field data,T12157,T12157.C01,propose_split,,0.9177868711731805
https://openalex.org/W2013590956,"Geology of the Lampeter district‐a brief explanation of the geological map. Sheet Explanation of the British Geological Survey. 1:50 000 Sheet 195 Lampeter (England and Wales). J. R. Davies, D. I. Schofield, T. H. Sheppard, R. A. Waters, M. Williams and D. Wilson (eds). Publisher: British Geological Survey, Keyworth, 2006 ISBN: 978‐0‐85272‐565‐8.. Geology of the Llangranog district‐a brief explanation of the geological map. Sheet Explanation of the British Geological Survey. 1:50 000 Sheet 194 Llangranog (England and Wales). J. R. Davies, T. H. Sheppard, R. A. Waters and D. Wilson (eds). Publisher: British Geological Survey, Keyworth, 2006 ISBN: 978‐0‐85272‐566‐5",T12157,T12157.C01,propose_split,,0.90796142544292
https://openalex.org/W2021151695,Automatic extraction of closed pixel clusters for target cueing in hyperspectral images,T12157,T12157.C01,propose_split,,0.8825083522419088
https://openalex.org/W2021965102,Environmental applications of magnetometry profiling,T12157,T12157.C01,propose_split,,0.9004492586151395
https://openalex.org/W2022376050,The geochemical characteristics of some plutonic-volcanic complexes along the southern part of the Cameroon line,T12157,T12157.C02,propose_split,,0.9084914851972217
https://openalex.org/W2026472082,"Structural control of El Sela granites and associated uranium deposits, Southern Eastern Desert, Egypt",T12157,T12157.C02,propose_split,,0.9132495011932955
https://openalex.org/W2027515814,The clay minerals of some British coal measure rocks,T12157,T12157.C02,propose_split,,0.8821731671486186
https://openalex.org/W2038215555,The Higher Crystalline Plateau of Southeastern Brazil,T12157,T12157.C02,propose_split,,0.9053849679989118
https://openalex.org/W2047761022,"N-way modelling of sediment monitoring data from Mar Menor lagoon, Spain",T12157,T12157.C01,propose_split,,0.9122030434694679
https://openalex.org/W2047871319,Comparative Color Ratios of American and European Rocks,T12157,T12157.C01,propose_split,,0.8930333314153178
https://openalex.org/W2047995999,Lithology/fluid Prediction from AVO Seismic Data,T12157,T12157.C01,propose_split,,0.9237703404800807
https://openalex.org/W2052914426,"Typecasting prospective Au-bearing sedimentary lithologies using sedimentary geochemistry and Nd isotopes in poorly exposed Proterozoic basins of the Tanami region, Northern Australia",T12157,T12157.C02,propose_split,,0.9232870035765123
https://openalex.org/W2055223506,"Book Review ""Resources of the Earth: Origin, Use, and Environmental Impact,"" Second Edition.",T12157,T12157.C01,propose_split,,0.8928803410930153
https://openalex.org/W2056731403,Upper Cretaceous and Tertiary Stratigraphy of Guatemala: DISCUSSION,T12157,T12157.C02,propose_split,,0.909722211794072
https://openalex.org/W2059384939,"The Petrographigal Province of Essex Co., Mass. General Discussion and Conclusions. V",T12157,T12157.C02,propose_split,,0.8949855592820996
https://openalex.org/W2068354790,"Using SkyTEM to build a hydrogeological framework at the Tooele Army Depot, Utah",T12157,T12157.C01,propose_split,,0.9089472806406472
https://openalex.org/W2069336158,Statistical Procedures of Testing for Orbitally Derived Periodicity: With Application to Pleistocene Deep Sea Cores: ABSTRACT,T12157,T12157.C01,propose_split,,0.9124375503864958
https://openalex.org/W2076913526,"Heavy metal contamination in soil alongside mountain railway in Sichuan, China",T12157,T12157.C02,propose_split,,0.9117487162967829
https://openalex.org/W2078117885,Stability of micas on the surface of Venus,T12157,T12157.C02,propose_split,,0.8740329352472576
https://openalex.org/W2079654542,Characteristics of Yichun Late Triassic - Early Jurassic Monzogranite,T12157,T12157.C02,propose_split,,0.8950212982757683
https://openalex.org/W2083751283,New Terms in Geology,T12157,T12157.C02,propose_split,,0.9210780059180301
https://openalex.org/W2084285443,Melting of dehydrated oceanic crust from the stagnant slab and of the hydrated mantle transition zone: Constraints from Cenozoic alkaline basalts in eastern China,T12157,T12157.C02,propose_split,,0.9247533813184486
https://openalex.org/W2085825309,The potential of lacquer-peel soil profiles for palaeo-geochemical analysis using XRF analysis,T12157,T12157.C01,propose_split,,0.9096121081315084
https://openalex.org/W2088896755,The regional geology of the Poços de Caldas alkaline complex: mineralogy and geochemistry of selected nepheline syenites and phonolites,T12157,T12157.C02,propose_split,,0.9181984255023625
https://openalex.org/W2089931884,"Element profiles and Ir concentration of Cretaceous-Tertiary (K-T) boundary layers at Medetli, Goelpazari, northwestern Turkey",T12157,T12157.C02,propose_split,,0.9113175668409164
https://openalex.org/W2089946275,Shale volume estimation based on the factor analysis of well-logging data,T12157,T12157.C01,propose_split,,0.9116516178451701
https://openalex.org/W2090038455,Structural Control on Paleozoic Sedimentation in Eastern Kentucky: ABSTRACT,T12157,T12157.C02,propose_split,,0.916088377725299
https://openalex.org/W2093373027,Geodetic observations for the detection of vertical crustal movement,T12157,T12157.C01,propose_split,,0.9094513870875174
https://openalex.org/W2093454699,The possible roles of Precambrian biota in the origin of magmatogene and hydrothermal silver-bearing vein deposits,T12157,T12157.C02,propose_split,,0.9100768516126864
https://openalex.org/W2094873455,"Geochronology of the Lumby Lake greenstone belt: A 3 Ga complex within the Wabigoon subprovince, northwest Ontario",T12157,T12157.C02,propose_split,,0.8883580551579355
https://openalex.org/W2095040244,"Tourmalinite-associated Pb-Zn-Ag mineralization at Bottino, Apuane Alps, Italy; geologic setting, mineral textures, and sulfide chemistry",T12157,T12157.C02,propose_split,,0.9202451517035413
https://openalex.org/W2098047604,"Origin of Lherzolite Inclusions in the Malapai Hill Basalt, Joshua Tree National Monument, California",T12157,T12157.C02,propose_split,,0.9116728643355633
https://openalex.org/W2103931061,Note on an Abstract Inversion Principle,T12157,T12157.C01,propose_split,,0.8906315859379001
https://openalex.org/W2108079593,"The Quaternary. Vol. 2. Kalervo Rankama, Ed. Interscience (Wiley), New York, 1967. viii + 477 pp., illus. $19.50. The Geologic Systems",T12157,T12157.C02,propose_split,,0.910230085104732
https://openalex.org/W2108233738,,T12157,,unassigned,insufficient_text,
https://openalex.org/W2109944578,A contribution to the problem of mapping seabed transition zones.,T12157,T12157.C01,propose_split,,0.9114189639017171
https://openalex.org/W2111774058,"Petrogenetic modelling of strongly residual metapelitic xenoliths within the southern Platreef, Bushveld Complex, South Africa",T12157,T12157.C02,propose_split,,0.9176285026519235
https://openalex.org/W2114293299,"Petrology and zircon U-Pb dating combined with Hf isotope study of granitic rocks from the Kuluketage Block (Tarim Craton, NW China)",T12157,T12157.C02,propose_split,,0.9189592757229853
https://openalex.org/W2142618863,Phase equilibrium constraints on the viscosity of silicic magmas II: implications for mafic-silicic mixing processes,T12157,T12157.C02,propose_split,,0.8986145889894859
https://openalex.org/W2145824404,Noise-Adjusted Principal Component Analysis for Buried Radioactive Target Detection and Classification,T12157,T12157.C01,propose_split,,0.9030636702899101
https://openalex.org/W2147421704,Unsupervised change detection in satellite images using fuzzy c-means clustering and principal component analysis,T12157,T12157.C01,propose_split,,0.9030371159308133
https://openalex.org/W2148509613,On some chloritic minerals associated wlth the basaltic Carboniferous rocks of Derbyshire,T12157,T12157.C02,propose_split,,0.9016237158707836
https://openalex.org/W2150745336,"The distributions of particulate heavy metals and its indication to the transfer of sediments in the Changjiang Estuary and Hangzhou Bay, China",T12157,T12157.C02,propose_split,,0.9035472509152751
https://openalex.org/W2153091377,Analysis of tectonic settings of global superlarge porphyry copper deposits,T12157,T12157.C02,propose_split,,0.9130005158899596
https://openalex.org/W2154205994,"Plagiogranites and gabbroic rocks from the Mingora ophiolitic mélange, Swat Valley, NW Frontier Province, Pakistan",T12157,T12157.C02,propose_split,,0.9146377507827158
https://openalex.org/W2154605380,Accounting for Seismic Trends in Stochastic Well Correlation,T12157,T12157.C01,propose_split,,0.9161585631789612
https://openalex.org/W2156561945,STRUCTURE OF THE MID-ATLANTIC RIDGE AND ADJACENT PARTS OF THE ABYSSAL PLAIN AT LAT. 13° N,T12157,T12157.C02,propose_split,,0.8934561189446658
https://openalex.org/W2159767673,The use of cation packing index for characterizing the weathering degree of granitic rocks,T12157,T12157.C01,propose_split,,0.8953833685434229
https://openalex.org/W2164106816,Integrated analysis of high-resolution field and airborne spectroradiometer data for alteration mapping,T12157,T12157.C01,propose_split,,0.915106331968135
https://openalex.org/W2167498492,"Assemblages and genesis of platinum-group minerals in low-sulfide ores of the monchetundra deposit, Kola Peninsula, Russia",T12157,T12157.C02,propose_split,,0.9191347911130693
https://openalex.org/W2169061213,Formation of intra-arc volcanosedimentary basins in the western flank of the central Peruvian Andes during Late Cretaceous oblique subduction: field evidence and constraints from U?Pb ages and Hf isotopes,T12157,T12157.C02,propose_split,,0.9172942955408551
https://openalex.org/W2169779507,"PETROGRAPHY, STRUCTURES, AND PETROFABRICS OF THE PINCKNEYVILLE QUARTZ DIORITE, ALABAMA",T12157,T12157.C02,propose_split,,0.9002707141650779
https://openalex.org/W2196078218,The Mineral Waters of Indiana,T12157,T12157.C02,propose_split,,0.8881597753476637
https://openalex.org/W2212816335,Geomorphological Setting and Tectonic Context of the Tigris Valley in the Diyarbakır Region,T12157,T12157.C02,propose_split,,0.9120075092016844
https://openalex.org/W2215461731,"TURBIDITES AND BOTTOM-CURRENT REWORKED DEPOSITS IN A FOREARC, SLOPE APRON",T12157,T12157.C01,propose_split,,0.8965959137658003
https://openalex.org/W2224346326,"A Sequence Stratigraphic Framework of the Marine and Continental Triassic Series in the Paris Basin, France",T12157,T12157.C01,propose_split,,0.892731465153361
https://openalex.org/W223574561,Surface reflectance correction and stereo enhancement of Landsat thematic mapper imagery for structural geologic exploration,T12157,T12157.C01,propose_split,,0.9102865681414261
https://openalex.org/W2247894116,"Early Diagenetic Dolomites and the Origin of Dolomite-Bearing Breccias, Lower Monterey Formation, Arroyo Seco, Monterey County, California",T12157,T12157.C02,propose_split,,0.903476869843038
https://openalex.org/W2294626504,Re-evaluation of the Jesse Ewing Canyon Formation : Implications for Neoproterozoic Paleogeography and Tectonic Setting of Northeastern Utah,T12157,T12157.C02,propose_split,,0.9064876098881911
https://openalex.org/W2312276623,"Studies on Soils, I.",T12157,T12157.C01,propose_split,,0.913851409354392
https://openalex.org/W2313308312,Geochemical Studies on the Ore Deposits in Ishikawa Prefecture. I,T12157,T12157.C02,propose_split,,0.916436740400861
https://openalex.org/W2321626519,"Relations of the degree of metamorphism to geological structure and to acid igneous intrusion in the Narragansett Basin, Rhode Island",T12157,T12157.C02,propose_split,,0.9143982212912211
https://openalex.org/W2324710292,"Foraminiferal Stratigraphy and Paleoenvironments of Late Jurassic to Early Cretaceous Deposits in Thakkhola, Nepal",T12157,T12157.C02,propose_split,,0.9196924755076029
https://openalex.org/W2324906298,The fault at the west edge of the Triassic in southern Pennsylvania,T12157,T12157.C02,propose_split,,0.874152304410516
https://openalex.org/W2330520671,Continental to Oceanic Mantle Transition--REE and Sr-Nd Isotopic Geochemistry of the Lanzo Lherzolite Massif,T12157,T12157.C02,propose_split,,0.9222349009198243
https://openalex.org/W2340214316,"The Chahnaly Low-Sulfidation Epithermal Gold Deposit, Western Makran Volcanic Arc, Southeast Iran",T12157,T12157.C02,propose_split,,0.9149776497237918
https://openalex.org/W2347287698,KECENT PROGRESSES ON THE STUDIES AND SEARCHES FOR SUPERLARGE MINERAL DEPOSITS,T12157,T12157.C02,propose_split,,0.9063693944405415
https://openalex.org/W2356198292,"Genesis Study of Magnetite-rich Ore in Gongchangling Iron Deposit,Liaoning",T12157,T12157.C02,propose_split,,0.9102176626099647
https://openalex.org/W2358771521,"Geological characteristics and genetic analysis of the Mayoumu gold deposit,Tibet,China",T12157,T12157.C02,propose_split,,0.9293780995294508
https://openalex.org/W2368317651,STATISTICAL DISTRIBUTION CHARACTERISTICS OF YUERYA GOLD MINE'S Au GRADE AND THE GEOLOGICAL SIGNIFICANCE,T12157,T12157.C01,propose_split,,0.9113780688790973
https://openalex.org/W2372945765,"Geological characteristics of Luping poly-metallic lead deposit and prospecting potential in the Heqing area,Yunnan",T12157,T12157.C02,propose_split,,0.9082492657809345
https://openalex.org/W2373845231,Petrogeochemical characteristics of Lower Cretaceous and Pliocene rocks and paleoclimate evolution in Wulanhua region,T12157,T12157.C02,propose_split,,0.9173089511498281
https://openalex.org/W2377247053,Early Mesozoic geotectonic processes in South China,T12157,T12157.C02,propose_split,,0.9093850441217518
https://openalex.org/W2377382384,QUANTITATIVE RESERVOIR MODELS OF ALLUVIAL FAN SYSTEM,T12157,T12157.C01,propose_split,,0.8972314060971133
https://openalex.org/W2383158845,"Spatial Affecting Extents Limited Comprehensive Geo-information Mineral Resources Quantitative Prediction Models;A Case Study of Manganese Ore Predictionin Western Guangxi and Southeastern Yunnan,China",T12157,T12157.C02,propose_split,,0.9091755501279082
https://openalex.org/W2383331499,Research progression about hotspots,T12157,T12157.C01,propose_split,,0.9084769476648498
https://openalex.org/W240858176,The Determination of Iron and Titanium in Silicate Rocks,T12157,T12157.C02,propose_split,,0.9010516958531086
https://openalex.org/W2418605946,"Grounding sound, distilling time: models of stasis in recent compositional frameworks",T12157,T12157.C01,propose_split,,0.9101493464738294
https://openalex.org/W2479322119,Day 6: Overview of arc processes and tempos,T12157,T12157.C01,propose_split,,0.9069712559255644
https://openalex.org/W2511275847,Clay mineral provenances in glacial/interglacial period,T12157,T12157.C02,propose_split,,0.9007191358344427
https://openalex.org/W2525148691,Regional Three-Dimensional Modelling of Iron Ore Exploration Targets,T12157,T12157.C01,propose_split,,0.9174276234733728
https://openalex.org/W2529077586,Análise espaço-temporal de carbono orgânico dissolvido colorido no reservatório de Barra Bonita/SP,T12157,T12157.C01,propose_split,,0.901163944472509
https://openalex.org/W2558720854,"History of faulting in the Northern Hastings Block, southern New England Orogen",T12157,T12157.C02,propose_split,,0.8694074636973578
https://openalex.org/W2566073057,"Trace elements and their behaviour during the combustion of marine oil shale from Changliang Mountain, northern Tibet, China",T12157,T12157.C02,propose_split,,0.9186453716398907
https://openalex.org/W2588071239,"Geology and geochemistry of the sediment-hosted Cheshmeh-Konan redbed-type copper deposit, NW Iran",T12157,T12157.C02,propose_split,,0.918267071990262
https://openalex.org/W2588765590,"Nickel, molybdenum, and cobalt in the black shales of the Bazhenov Formation of the West Siberian basin",T12157,T12157.C02,propose_split,,0.9065004779028215
https://openalex.org/W2603530950,"Dissolved Silica as an Indicator of ASR Performance in the Chao Phraya River Valley Aquifer, Central Thailand",T12157,T12157.C02,propose_split,,0.9122174834947561
https://openalex.org/W260926840,Curiosity Finds Iron Meteorite on Mars,T12157,T12157.C02,propose_split,,0.9026170539307051
https://openalex.org/W2614097299,SİSMOLOJİ’DE CBS UYGULAMALARI,T12157,T12157.C01,propose_split,,0.8540380987969926
https://openalex.org/W2617077567,بررسی ژئوشیمی، مینرالشیمی و تغییرات نسلهای کانهزایی مگنتیت در اسکارن آهن خاکسرخ، باختر یزد.,T12157,T12157.C02,propose_split,,0.8986051778051477
https://openalex.org/W2626992686,"Nature, Genesis, and Tectonic Setting of Mesothermal Gold Mineralization in the Yilgarn Block, Western Australia",T12157,T12157.C02,propose_split,,0.9217936682064155
https://openalex.org/W26513016,"Analytical results and sample locality map for stream-sediment and panned-concentrate samples from the McEleny Addition and a part of the West Panther Creek Addition to the Frank Church-River of No Return Wilderness, Lemhi County, Idaho",T12157,T12157.C01,propose_split,,0.8822568129488966
https://openalex.org/W2724834177,Corrosion and Scaling in the Geothermal Cycle of Soultz-sous-Forêts (France),T12157,T12157.C02,propose_split,,0.9143253744031916
https://openalex.org/W2731391120,Rare Earth Element Deposits in China,T12157,T12157.C02,propose_split,,0.9135712182880523
https://openalex.org/W2735741634,The first U–Pb SIMS age datings of zircons from upper Permian deposits of the Northeastern Russia: Significance for interregional correlations,T12157,T12157.C02,propose_split,,0.9031062465268961
https://openalex.org/W2745896423,東濃地域に関わる試錐検層柱状図等; 深沢区、平岩区、松野区および木暮区,T12157,T12157.C01,propose_split,,0.8837187046614954
https://openalex.org/W2753947467,Principal component scores on XRD logratio mineralogy of sediment core JM07-WP-174-GC,T12157,T12157.C02,propose_split,,0.9070283938985236
https://openalex.org/W2760433626,"Geophysical Response of Sulfide-Poor PGM-Bearing Mafic-Ultramafic Rocks: Example of the Boston Creek Flow, Abitibi Greenstone Belt, Ontario",T12157,T12157.C02,propose_split,,0.9180002478976733
https://openalex.org/W2766223694,"Geochemical characteristics and conditions of formation of the Chah-Bazargan peraluminous granitic patches, ShahrBabak, Iran",T12157,T12157.C02,propose_split,,0.9257968070981704
https://openalex.org/W2773367732,"MIS 4 AND OLDER PLEISTOCENE DEPOSITS IN THE PUGET LOWLAND, WASHINGTON STATE",T12157,T12157.C01,propose_split,,0.8788400233852829
https://openalex.org/W2776907782,"Age and geochemistry of the Charlestown Group, Ireland: Implications for the Grampian orogeny, its mineral potential and the Ordovician timescale",T12157,T12157.C02,propose_split,,0.9076339187676294
https://openalex.org/W2789909659,"Evolution of Middle-Late Triassic granitic intrusions from the Badaguan Cu-Mo deposit, Inner Mongolia: Constraints from zircon U-Pb dating, geochemistry and Hf isotopes",T12157,T12157.C02,propose_split,,0.9266269974660296
https://openalex.org/W2792091331,"The Structure, Composition, and Conditions of Generation for the Early Cretaceous Mongolia–East-Transbaikalia Volcanic Belt: The Durulgui–Torei Area (Southern Transbaikalia, Russia)",T12157,T12157.C02,propose_split,,0.9136084325464017
https://openalex.org/W2795311795,Probabilistic NWP-Dependent Volcanic Ash Detection in Satellite Data,T12157,T12157.C01,propose_split,,0.9087228938735477
https://openalex.org/W2807965197,"MODELING THE PRECAMBRIAN TOPOGRAPHY OF COLUMBIA COUNTY, WISCONSIN USING TWO-DIMENSIONAL MODELS OF GRAVITY AND AEROMAGNETIC DATA AND WELL CONSTRUCTION REPORTS",T12157,T12157.C01,propose_split,,0.9114294014777178
https://openalex.org/W2891645934,"Geology of parts of Satara District, Maharashtra, (Toposheet 47K/ 2, 3, 6, 7)",T12157,T12157.C02,propose_split,,0.8925105428499666
https://openalex.org/W2892015821,"Tectonic evolution of the Standfast Creek fault and Clachnacudainn terrane, southern Omineca Belt, Canadian Cordillera.",T12157,T12157.C02,propose_split,,0.9097055398148827
https://openalex.org/W2902391015,Heliborne Time Domain Electromagnetic Data Aiding Delineation of Carbonaceous Shale in Southwestern Part of Bijawar Basin and its Implication on Basinal Stratigraphy,T12157,T12157.C01,propose_split,,0.9137590866085994
https://openalex.org/W2904844428,Igneous mineral stratigraphy and chemistry of the Cyprus crustal study project drill core in the plutonic sequences of the Troodos Ophiolite,T12157,T12157.C02,propose_split,,0.9140874641148572
https://openalex.org/W2907128939,"Mafic potassic volcanics from the Altiplano, South America: indication of a dynamic A-type magma source under construction?",T12157,T12157.C02,propose_split,,0.8907565026252943
https://openalex.org/W2910059650,"Geology, Nash Creek, Yukon Territory",T12157,T12157.C02,propose_split,,0.9009340494119434
https://openalex.org/W2915180749,"Metallogenesis of Precambrian SEDEX-type Barite-(Pb-Cu-Zn) deposits in the Mishu mountain, NW Iran: Constrains on the geochemistry and tectonic evolution of mineralization",T12157,T12157.C02,propose_split,,0.933132406359556
https://openalex.org/W2923249672,"The role of halogens with sulfide melting at Broken Hill, New South Wales, Australia",T12157,T12157.C02,propose_split,,0.9052776884671221
https://openalex.org/W2932264431,Developing Logistic Regression Models to Identify Salt-Affected Soils Using Optical Remote Sensing,T12157,T12157.C01,propose_split,,0.9197665888381718
https://openalex.org/W2943161508,Litoteca Regional de Caçapava do Sul – possibilidades de acesso ao patrimônio geológico da CPRM,T12157,T12157.C02,propose_split,,0.8695684382220845
https://openalex.org/W2945889957,"Geochemistry, petrogenesis and tectonic setting of volcanic rocks North Qazvin (Western Alborz)",T12157,T12157.C02,propose_split,,0.9198191556984519
https://openalex.org/W2952908815,Gamma-spectrometry and mineralogy in Guarapari (ES) beach sands,T12157,T12157.C02,propose_split,,0.9096613240162914
https://openalex.org/W2954709312,Development and application of the Re-Os isotope system to sediment-hosted Zn-Pb ores and sedimentary pore waters,T12157,T12157.C02,propose_split,,0.9018816464563545
https://openalex.org/W2969949478,"Volcaniclastic and Biogenic Sequence of the Tuluanshan Formation, Coastal Range, Taiwan:Symposium on the Arc-Continent Collision and Orogenic Sedimentationin Eastern Taiwan and Ancient Analogs",T12157,T12157.C02,propose_split,,0.9075677725238327
https://openalex.org/W2980907399,"Lagoas marginais do alto-médio curso do rio São Francisco: dinâmica hidrogeomorfológica, geocronologia e impactos ambientais",T12157,T12157.C01,propose_split,,0.9036318925133231
https://openalex.org/W2982077670,"Thorium map (eTh), Nunim Lake, Saskatchewan, NTS 64M/8",T12157,T12157.C01,propose_split,,0.889939067443351
https://openalex.org/W2988878881,"Primary gold mineralization in the Lisungwe Valley area, Kirk Range, southern Malawi",T12157,T12157.C02,propose_split,,0.9126961480238641
https://openalex.org/W2989983409,Soil geochemistry at the continental scale: quantifying the impact of anthropogenic activities,T12157,T12157.C01,propose_split,,0.9102719965919961
https://openalex.org/W2991482866,The Role of Groundwater Flow and Faulting on Hydrothermal Ore Formation in Sedimentary Basins,T12157,T12157.C02,propose_split,,0.9093029262601602
https://openalex.org/W2995970798,Geothermal conditions of hydrocarbon prospects of Meso-Cenozoic formations in South Caspian Basin,T12157,T12157.C02,propose_split,,0.921033522048209
https://openalex.org/W2998632123,"Significance of Granulite Metamorphism for Stabilization of Planetary Crust: Charnockite Formation at Kabbaldurga, S. India: Roles of CO 2 and H 2 O: Speculations of Venus and Mars",T12157,T12157.C02,propose_split,,0.9173570212423661
https://openalex.org/W3003174072,The 780 Gunbarrel Magmatic Event: U-Pb Documentation of Widespread Mafic Magmatism Along the Neoproterozoic Western of Laurentia,T12157,T12157.C02,propose_split,,0.9106841298656286
https://openalex.org/W3003785407,The distribution of halogens between fluids and upper-mantle minerals,T12157,T12157.C02,propose_split,,0.8975730496212552
https://openalex.org/W3010293682,Geoscientific model of a seafloor hydrothermal system associated with the formation of massive sulfide deposits,T12157,T12157.C02,propose_split,,0.9086725649952712
https://openalex.org/W3013969744,"THE MINERALS OF THE NODA-TAMAGAWA MINE, IWATE, PREFECTURE, JAPAN:I. Notes on Geology and parageneses of Minerals",T12157,T12157.C02,propose_split,,0.9215102777109945
https://openalex.org/W3018554178,"PGE and Re-Os geochemistry of lamprophyres in the Zhenyuan gold deposit in Yunnan Province, China: Petrogenetic implications and mantle evolution",T12157,T12157.C02,propose_split,,0.9221910592958518
https://openalex.org/W3022727452,Interpretaçăo Sismoestratigráfica da Plataforma do Amazonas,T12157,T12157.C01,propose_split,,0.8876012855496823
https://openalex.org/W3027543043,Sm-Nd and Rb-Sr Isotopic Systematics of Australasian Tektites,T12157,T12157.C02,propose_split,,0.9031042107148306
https://openalex.org/W3027829235,"Integrating Multivariate Statistical Analysis and GIS for the delineation of the hydrochemical processes of two aquifers in Nomia, Monemvasia Municipality, Greece",T12157,T12157.C01,propose_split,,0.9078663176178057
https://openalex.org/W3029738691,LA-ICPMS studies of microscale trace element variations in zoned minimum-melt magma systems,T12157,T12157.C02,propose_split,,0.9039296756687873
https://openalex.org/W3045628578,"Author response for ""Petrogenesis of Cretaceous granites in the southern Sulu Orogen: Implications for the flare‐up of post‐collisional magmatism""",T12157,T12157.C02,propose_split,,0.9107247484552246
https://openalex.org/W3082880788,Volcanic Geomorphology: A Review of Worldwide Research,T12157,T12157.C01,propose_split,,0.9152004199746798
https://openalex.org/W3088733697,"Zircon U-Pb dating of the Lower Cretaceous strata on the margin of the Erlian Basin, North China and its Constraints on basin evolution",T12157,T12157.C02,propose_split,,0.9090361855741438
https://openalex.org/W3092358785,Mineralogical and geochemical controls on Arsenic mobility in geothermal areas of the Philippines,T12157,T12157.C02,propose_split,,0.905572088665595
https://openalex.org/W3092932172,Signatures of continental collisions and magmatic activity in central Brazil as indicated by a magnetotelluric profile across the southern Alto Paranaiba igneous province,T12157,T12157.C02,propose_split,,0.9035784612254886
https://openalex.org/W3095232163,"Alteration and structural features mapping in Kacho-Mesqal zone, Central Iran using ASTER remote sensing data for porphyry copper exploration",T12157,T12157.C01,propose_split,,0.9059331118762439
https://openalex.org/W3097727938,Determination of trace metals in palm oil plantation soil and its potential risk towards human health / Nur Fatihah Abdul Rahman,T12157,T12157.C02,propose_split,,0.8957153947274672
https://openalex.org/W3112909910,"A 3D Geological Model Constrained by Gravity and Magnetic Inversion and its Exploration Implications for the World‐class Zhuxi Tungsten Deposit, South China",T12157,T12157.C02,propose_split,,0.9189095360138302
https://openalex.org/W3114799695,Lithophile Element Systematics of Gold Vein Deposits in Archean Greenstone Belts,T12157,T12157.C02,propose_split,,0.9130376064091341
https://openalex.org/W3118537834,"Maps of clay minerals: kaolinite, illite and smectite in western Victoria",T12157,T12157.C02,propose_split,,0.8936975961666787
https://openalex.org/W3129380852,Late carboniferous-middle permian granitoids in south Mongolia: implications for post-subduction processes in southern central asian orogenic belt,T12157,T12157.C02,propose_split,,0.9131996751781877
https://openalex.org/W3134086630,"Geochemical Characteristics and the Origin of Superdeep Condensates in Tarim Basin, China",T12157,T12157.C02,propose_split,,0.9261934484957456
https://openalex.org/W3135012264,"ELECTRON MICROPROBE ANALYSES OF HEAZLEWOODITE AND MILLERITE FROM THE KEFDAĞ (GULEMAN-ELAZIĞ"") CHROMITE, MINE",T12157,T12157.C02,propose_split,,0.9129918648618274
https://openalex.org/W3140641328,In-situ trace element analyses of zircons from Dabieshan Huangzhen eclogite: Trace element characteristics of eclogite-facies metamorphic zircon,T12157,T12157.C02,propose_split,,0.9124269451534204
https://openalex.org/W3140734357,"Exploration of deep, previously unknown semi-fossil aquifers of the Kalahari Basin (southern Africa)",T12157,T12157.C02,propose_split,,0.9104386838548423
https://openalex.org/W3146074553,How does the elevation changing response to crustal thickening process in the central Tibetan Plateau since 120 Ma?,T12157,T12157.C02,propose_split,,0.8766435776435733
https://openalex.org/W3152195012,"U-Pb Age and Hf Isotope Study of Detrital Zircons from the Wanzi Supracrustals： Constraints on the Tectonic Setting and Evolution of the Fuping Complex, Trans-North China Orogen",T12157,T12157.C02,propose_split,,0.9200221154526961
https://openalex.org/W3153322821,Highland Chemistry: Major and Trace Element Classification of Rock Types,T12157,T12157.C02,propose_split,,0.9079767247510308
https://openalex.org/W3154313334,Investigation of Oil Shale Response Using Terahertz-Time Domain Spectroscopy,T12157,T12157.C01,propose_split,,0.9127851727349247
https://openalex.org/W3157243498,"Environmental Risk Assessment of Petroleum Activities in Surface Sediments, Suez Gulf, Egypt",T12157,T12157.C01,propose_split,,0.9053685190136374
https://openalex.org/W3159614346,Data for: Field biotite weathering rate determination using U-series disequilibria,T12157,T12157.C01,propose_split,,0.9005735584228312
https://openalex.org/W3161138553,Philadelphia Mineraiogical Society,T12157,T12157.C02,propose_split,,0.8876519618965547
https://openalex.org/W3162583457,Compositional Variations of Apatite and REE-Bearing Minerals in Relation to Crystallization Trends in the Monchepluton Layered Complex (Kola Peninsula),T12157,T12157.C02,propose_split,,0.9195819136138281
https://openalex.org/W3166950863,"Delineation of Concentration of Ferruginous Minerals in Aquifers in Yenegoa, Bayelsa State, Nigeria, using Geoelectric Vertical Sounding (VES) and Physicochemical Techniques",T12157,T12157.C02,propose_split,,0.9167653927259151
https://openalex.org/W3169954102,Paleoproterozoic Age of Gneiss-Granites of the Mamskaya Zone (Baikal–Patom Belt): Geological Implications,T12157,T12157.C02,propose_split,,0.9095394137059659
https://openalex.org/W3178671738,A GIS/GPS Approach For The Abondoned Mine Inventory Of The Monongahela National Forest Using Space Borne And Aerial Images For Basemap Selection,T12157,T12157.C01,propose_split,,0.8978132557934533
https://openalex.org/W3181848003,EXPLAINABLE FEATURE- AND DECISION-LEVEL FUSION,T12157,T12157.C01,propose_split,,0.8969031087077772
https://openalex.org/W3194926376,"Geological map of Athens Metropolitan Area, Attica (Greece): A review based on Athens Metro ground investigation data",T12157,T12157.C01,propose_split,,0.9191960111428595
https://openalex.org/W3196971741,"Structural and hydrothermal modification of the Gaertner uranium deposit, Key Lake, Saskatchewan, Canada",T12157,T12157.C02,propose_split,,0.9126730239914013
https://openalex.org/W3198469383,Modeling North Pacific Time Series,T12157,T12157.C01,propose_split,,0.8973154105254947
https://openalex.org/W3199329087,Dating of monazite-apatite-allanite-epidote corona from the Bayan Obo Group in the northern margin of the North China Craton: implications for the time of regional Au and REE mineralization,T12157,T12157.C02,propose_split,,0.9222831885016191
https://openalex.org/W3204163425,"GEOLOGY AND MINERAL RESOURCES, JOHORE BAHRU, KULAI AREA, SOUTH JOHORE.",T12157,T12157.C02,propose_split,,0.9194987073024157
https://openalex.org/W3209700746,Spring Water Geochemistry: A Geothermal Exploration Tool in the Rhenohercynian Fold-and-Thrust Belt in Belgium,T12157,T12157.C02,propose_split,,0.9087217034316818
https://openalex.org/W3210050427,Extraction of Lineament Density Analysis from ASTER DEM for Determine the Vein Direction,T12157,T12157.C01,propose_split,,0.9073900318087618
https://openalex.org/W3213214838,The mafic intrusive magmatism from the Paraná LIP constrained by new U-Pb baddeleyite ID-TIMS ages,T12157,T12157.C02,propose_split,,0.9052351767494276
https://openalex.org/W321558286,"Volcanological investigation of the Banco Bonito eruption and subsurface geology of the ring fracture zone, Valles Caldera, New Mexico: Final technical report, September 1, 1985-December 31, 1986",T12157,T12157.C02,propose_split,,0.9001462259403082
https://openalex.org/W35405955,THE AIRBORNE SCINTILLOMETER A GEOPHYSICAL APPLIANCE FOR GEOLOGICAL AND MINING SURVEYS,T12157,T12157.C01,propose_split,,0.9069722528021023
https://openalex.org/W381450111,Petrochemical Studies on the Active Volcanoes in Japan,T12157,T12157.C02,propose_split,,0.9012059068204843
https://openalex.org/W413654419,"De la marge Ouest du craton du Yangtze à la bordure Est du plateau Tibétain : évolution géodynamique à partir de l'étude structurale, pétrologique, géochimique et géochronologique de roches magmatiques et métamorphiques",T12157,T12157.C02,propose_split,,0.9115805027995598
https://openalex.org/W4200585498,"Comments on “Mineral chemistry of hydrothermal alteration assemblage in hanging wall Shahapur Granite associated with vein type Gogi uranium deposit, Bhima basin, Eastern Dharwar Craton, India: Implication for physico-chemical conditions of ore formation” by Mohd Qaim Raza and Nurul Absar. [Ore Geol. Review, 2021, 128, 1–20]",T12157,T12157.C02,propose_split,,0.9207340320840952
https://openalex.org/W4206432669,"Geology and petrography of the volcanic rocks in the Yakhab area, central Iran",T12157,T12157.C02,propose_split,,0.9075325545248363
https://openalex.org/W4210541968,Seasonal Variation and Contamination Risk Assessment of Heavy Metals in Surface Sediment of an Estuary Alluvial Island in Eastern China,T12157,T12157.C02,propose_split,,0.9110750856056921
https://openalex.org/W4210972316,Minerals and Rocks Observed under the Polarizing Optical Microscope,T12157,T12157.C02,propose_split,,0.9131780799977288
https://openalex.org/W4211073302,Second report: development of site suitability criteria for the high level waste repository for Lawrence Livermore Laboratory,T12157,T12157.C01,propose_split,,0.8831510189399819
https://openalex.org/W4213125146,Editorial,T12157,T12157.C01,propose_split,,0.8976488065806985
https://openalex.org/W4220869493,Internet Directory for the Earth Sciences,T12157,T12157.C01,propose_split,,0.9020336050344584
https://openalex.org/W4230871379,Krigagem das proporções utilizando a krigagem da média: uma ferramenta auxiliar na modelagem de reservatórios,T12157,T12157.C01,propose_split,,0.90304332140078
https://openalex.org/W4234053934,Geologiska Föreningen,T12157,T12157.C02,propose_split,,0.8898115694616542
https://openalex.org/W4234313118,Pre-Permian Axes of Maximum Deposition in West Texas,T12157,T12157.C01,propose_split,,0.886263116759714
https://openalex.org/W4234540698,Part 5. The California Geological Survey,T12157,T12157.C01,propose_split,,0.9119085738869784
https://openalex.org/W4236725574,Jarrell-Ash,T12157,T12157.C01,propose_split,,0.8814019086416423
https://openalex.org/W4237812288,"Geologic map of the Willard quadrangle, Box Elder County, Utah",T12157,T12157.C02,propose_split,,0.8994425302900375
https://openalex.org/W4238512958,Utilização dos critérios de avaliação ambiental de metais pesados nos sedimentos de fundo da plataforma continental do Amazonas,T12157,T12157.C01,propose_split,,0.8935401073810713
https://openalex.org/W4238869454,"Geology of the Matachewan District, Northern Ontario. H. C. Cooke",T12157,T12157.C02,propose_split,,0.8933478621649151
https://openalex.org/W4238869536,What does kaolin mean to your business?,T12157,T12157.C01,propose_split,,0.8095394245222421
https://openalex.org/W4242943254,Mapping permeability in heterogeneous aquifers using hydrologic and seismic data,T12157,T12157.C01,propose_split,,0.9102237535570467
https://openalex.org/W4243266566,Independent evaluation of monitoring data,T12157,T12157.C01,propose_split,,0.8807754408659973
https://openalex.org/W4247081257,geobiology,T12157,T12157.C01,propose_split,,0.9212489621867622
https://openalex.org/W4249232843,"Hydrothermal Alteration, Ore Fluid Characteristics, and Gold Depositional Processes along a Trondhjemite-Komatiite Contact at Tarmoola, Western Australia",T12157,T12157.C02,propose_split,,0.9183425980526112
https://openalex.org/W4249281270,青海湖地区晚第四纪黄土的物质来源,T12157,T12157.C02,propose_split,,0.8659739136561101
https://openalex.org/W4249587527,Correction: Earth Sciences: Deep Heat in Oregon,T12157,T12157.C01,propose_split,,0.9072836883634836
https://openalex.org/W4249618641,Victorian Notes,T12157,T12157.C01,propose_split,,0.8856105070763488
https://openalex.org/W4250628457,"Review for ""Palaeozoic tectonic evolution and magmatism in the Kalatag area, East Tianshan, NW China: Evidence from the geochronology and geochemistry of intrusive rocks""",T12157,T12157.C02,propose_split,,0.9237608863334379
https://openalex.org/W4252596252,The dissolution of biotite and chlorite at 25°C in the near-neutral pH region,T12157,T12157.C02,propose_split,,0.9043616745592348
https://openalex.org/W4254103587,Calculating Compactness in North Carolina Plans,T12157,T12157.C01,propose_split,,0.883015789923397
https://openalex.org/W4256373116,"The Role of Manganese in the Paragenesis of Magmatic Garnet: An Example from the Old Woman-Piute Range, California: A Reply",T12157,T12157.C02,propose_split,,0.9137339112170115
https://openalex.org/W4281677620,Thermal And Magnetic Context of Central Brazil Structures: A Study of Magnetic Lineaments in The Central Portion of The Transbrasiliano Lineament And Adjacent Regions,T12157,T12157.C02,propose_split,,0.9020546650970465
https://openalex.org/W4289323434,Element Geochemistry,T12157,T12157.C02,propose_split,,0.9307107343421708
https://openalex.org/W4292258324,"LA-ICP-MS Trace Element Composition of Sphalerite and Galena of the Proterozoic Carbonate-Hosted Morro Agudo Zn-Pb Sulfide District, Brazil: Insights into Ore Genesis",T12157,T12157.C02,propose_split,,0.9160175314021637
https://openalex.org/W4298344935,2002 IEEE International Geoscience And Remote Sensing Symposium,T12157,T12157.C01,propose_split,,0.8932763356370088
https://openalex.org/W4299799570,"Mineralogy of the sulfate-sulfide mineralizations at the Garus District; NW of Iran Mineralogía de las mineralizaciones sulfato-sulfurosas del Distrito Garus, NW de Irán",T12157,T12157.C02,propose_split,,0.9144815889041612
https://openalex.org/W4311347462,SOURCES OF LOWER PALEOZOIC SANDSTONES FROM THE NORA-SUKHOTINO TERRANE: RESULTS OF U-Th-Pb AND Lu-Hf ISOTOPE STUDIES OF THE DETRITAL ZIRCONS,T12157,T12157.C02,propose_split,,0.9039866543487846
https://openalex.org/W4313816558,Transfer learning based on dynamic time warping algorithms to improve qualitative analysis and quantitative prediction of rocks over multiple LIBS instruments,T12157,T12157.C01,propose_split,,0.9086857894769941
https://openalex.org/W4317603222,Classification of soil by laser-induced breakdown spectroscopy combined with PCA-RF,T12157,T12157.C01,propose_split,,0.9076253297946077
https://openalex.org/W4318715290,What is mineral informatics?,T12157,T12157.C01,propose_split,,0.8552209392337249
https://openalex.org/W4319439016,Species of Dickinsonia Sprigg from the Ediacaran of South Australia,T12157,T12157.C02,propose_split,,0.8542586540769723
https://openalex.org/W4321437822,Convergence arguments to bridge cauchy and matérn covariance functions,T12157,T12157.C01,propose_split,,0.8790361394929996
https://openalex.org/W4321996392,Mitigating the effects of remanance in magnetic data processing and inversion,T12157,T12157.C01,propose_split,,0.8921419212986591
https://openalex.org/W4328091822,Coherent provenance analysis of terra rossa from the northern Adriatic based on heavy mineral assemblages reveals the emerged Adriatic shelf as the main recurring source of siliciclastic material for their formation,T12157,T12157.C02,propose_split,,0.9069434001482077
https://openalex.org/W4376454814,Mineral Resources Tasmania: New 3D modelling series,T12157,T12157.C01,propose_split,,0.8897164627145819
https://openalex.org/W4377967478,"Supplemental Material: Syn-tectonic fluids decoding effects of tectono-metamorphic cycles on regional metallogenic evolution of the Chinese Altai, central Asia",T12157,T12157.C02,propose_split,,0.917434375740312
https://openalex.org/W438308246,"Alteration minerals and mineralization in the Shakanai kuroko deposit, Akita prefecture.",T12157,T12157.C02,propose_split,,0.9259927865149082
https://openalex.org/W4383957708,"Monazite from lithium-bearing pegmatites of the Lipovskoye vein field, Middle Urals (composition and chemical dating)",T12157,T12157.C02,propose_split,,0.912420926215939
https://openalex.org/W4385256603,Experimental Study on Geochemical Characteristics of Paleogene Source Rocks,T12157,T12157.C02,propose_split,,0.9294784481587022
https://openalex.org/W4385491290,Merging machine learning and geostatistical approaches for spatial modeling of geoenergy resources,T12157,T12157.C01,propose_split,,0.9213808935919415
https://openalex.org/W4388848169,Modeling of zonal anisotropic variograms,T12157,T12157.C01,propose_split,,0.9028071385926352
https://openalex.org/W4389663460,"Author response for ""Crustal evolution of the amphibolite‐ to granulite‐facies transition zone in the eastern Dharwar Craton, southern India: Insight from petrological modelling, zircon U–Pb geochronology and Hf isotopes""",T12157,T12157.C02,propose_split,,0.9105491749443037
https://openalex.org/W4394727572,Supplemental Material: Identifying and characterizing missing source orogens for syn-orogenic basins based on detrital accessory mineral U-Pb geochronology and trace element geochemistry,T12157,T12157.C02,propose_split,,0.9179424040230018
https://openalex.org/W4396852813,Use of Neural Networks for Ore and Waste classification of mining deposits based on geophysical data,T12157,T12157.C01,propose_split,,0.917676710013614
https://openalex.org/W4400076840,"Geochemical Behaviour and Influencing Factors of Salt-Forming Elements in Lithium-Rich Salt Lake Region: A Case Study from the Nalenggele River Basin, Qaidam Basin",T12157,T12157.C02,propose_split,,0.9185063241327962
https://openalex.org/W4400288262,"Abiotic organo-minerals, a threat for identification of bio-minerals in hydrothermal systems and extraterrestrial environments",T12157,T12157.C02,propose_split,,0.8957432789704389
https://openalex.org/W4400568996,Mapping Rocks From Space,T12157,T12157.C01,propose_split,,0.9258379274488693
https://openalex.org/W4400931598,Root structure of the Dariganga and Vitim volcanic fields of the Japan-Baikal geodynamic corridor: Relationships between sources of Late Cenozoic magmatic melts and modern local low-velocity anomalies in the upper mantle,T12157,T12157.C02,propose_split,,0.9201305952211648
https://openalex.org/W4400978446,Computer modeling of normal fault-related damage zones: implications for estimating geothermal energy potential,T12157,T12157.C01,propose_split,,0.9096078645243986
https://openalex.org/W4402005118,Source apportionment of some heavy metals in metropolitan and nearby agricultural soils using the multivariate statistical technique and kriging in the North of Iran,T12157,T12157.C01,propose_split,,0.9043422901535353
https://openalex.org/W4402146196,Heavy Metal Contamination of Surface Sediments-Soil Adjoining the Largest Copper Mine Waste Dump in Central India Using Multivariate Pattern Recognition Techniques and Geo-Statistical Mapping,T12157,T12157.C01,propose_split,,0.9126660340091534
https://openalex.org/W4402261864,WALGREEN: Web Based Platform for Soil Organic Carbon Inference Applications,T12157,T12157.C01,propose_split,,0.8977650001322212
https://openalex.org/W4403128501,The generalized Gaussian log-Minkowski problem,T12157,T12157.C01,propose_split,,0.8799959402411379
https://openalex.org/W4403670630,Provenance Evolution And Sedimentary Records in a Rift Basin: U-Pb Detrital Zircon and Petrography of Sandstones of the Volta Redonda Basin (Central Segment of the Continental Rift of Southeastern Brazil),T12157,T12157.C02,propose_split,,0.9119275608874065
https://openalex.org/W4404124813,Development of multilevel models to forecast adsorption properties of clays,T12157,T12157.C01,propose_split,,0.9074641832893411
https://openalex.org/W4404500337,"Geochemistry of Felsic Volcanics from Gurapratap Singh and Diri, Pali District, Rajasthan (Part-I, Major Elements)",T12157,T12157.C02,propose_split,,0.911122345214745
https://openalex.org/W4404687466,Geochemical Characteristics of Melts from the Eastern Volcanic Belt and Sredinny Range of Kamchatka: Analysis of Evidence from Melt Inclusions,T12157,T12157.C02,propose_split,,0.9179787847429455
https://openalex.org/W4404895250,The composition of magmatic-hydrothermal fluids and their related metal mineralization,T12157,T12157.C02,propose_split,,0.8971950081024636
https://openalex.org/W4408687817,Timing and tectonic setting of sediment-hosted Pb–Zn mineralization in Palaeoproterozoic northern Australia: a review and comparison with Mississippi Valley- and Irish-type deposits,T12157,T12157.C02,propose_split,,0.9224823226942301
https://openalex.org/W4409045533,"Conodont biostratigraphy of the upper member of the Henryhouse Formation (late Ludfordian—Prídolí, Silurian), southern Oklahoma, USA",T12157,T12157.C02,propose_split,,0.8847942491483852
https://openalex.org/W4409327067,Evidence for a rapid anthropoclastic rock cycle,T12157,T12157.C02,propose_split,,0.9005930406198129
https://openalex.org/W4409885700,"Reconstructing a pre-mining geochemical baseline using a proximal natural analog and geochemical modeling: Los Bronces and Yerba Loca, Central Chile",T12157,T12157.C02,propose_split,,0.9228729814625339
https://openalex.org/W4413756523,Improving the Accuracy of Nuclear Spectroscopy Logs in the Permian Basin by Calibrating Elemental Composition with Mixed-Lithology Core Chemistry,T12157,T12157.C01,propose_split,,0.9059341269250073
https://openalex.org/W4413897410,Trace element composition of chalcopyrite as a tool for deposit type discrimination from magmatic and hydrothermal settings: a machine learning approach,T12157,T12157.C01,propose_split,,0.9172637417900534
https://openalex.org/W4413978048,Mitigating Class Imbalance and Enhancing Unlabeled Data Extraction in Semi-Supervised Deep Learning for Martian Terrain Segmentation,T12157,T12157.C01,propose_split,,0.9092457897904045
https://openalex.org/W4414343486,A Neural Network‐Based Estimate of the Seasonal to Inter‐Annual Variability of the Lake Superior Carbon Cycle,T12157,T12157.C01,propose_split,,0.9046506394582589
https://openalex.org/W4414767585,"Geochronological and petrochemical constraints on Paleoproterozoic granites in the Liaoshang gold deposit, Jiaodong Peninsula: Implications for geological setting and ore sources",T12157,T12157.C02,propose_split,,0.9279538120832441
https://openalex.org/W4415185271,"Geochemical signatures, hydrocarbon generation kinetics, and oil-source correlation of the Es4 member source rocks in the Liaohe Western depression: implications for tight oil exploration in continental rift basins",T12157,T12157.C02,propose_split,,0.9231164289092156
https://openalex.org/W4415494204,Paleoenvironmental Changes in Organic Matter Deposition in Shales and Their Significance for Shale Gas Exploration,T12157,T12157.C02,propose_split,,0.9213767459119362
https://openalex.org/W4415509341,Geochemical tools for lithium-rich pegmatites and their application to Archean and Proterozoic examples in Australia,T12157,T12157.C02,propose_split,,0.916279678364954
https://openalex.org/W4415536781,Analytical advances and structural controls: New paradigms in earth science research,T12157,T12157.C01,propose_split,,0.9091380322433111
https://openalex.org/W568788814,Earth Science Today,T12157,T12157.C01,propose_split,,0.9307898957110158
https://openalex.org/W572414458,"Geological and mineralogical researches, during a period of more than fifty years, in England, Scotland, Ireland, Switzerland, Holland, France, Flanders, and Spain : wherein the effects of the deluge are traced, and the veracity of the Mosaic account is established",T12157,T12157.C02,propose_split,,0.8925196327070476
https://openalex.org/W581305363,Geology of the country between Hereford and Leominster : memoir for 1:50000 geological sheet 198 (England and Wales),T12157,T12157.C02,propose_split,,0.8927262948639565
https://openalex.org/W588208567,"Manbarrum Zn-Pb-Ag Project, Burt Range Shelf, Bonaparte Basin, NT: Conference Abstract",T12157,T12157.C02,propose_split,,0.8984951640719419
https://openalex.org/W627383671,"Mineralogic variability of the Kelso Dunes, Mojave Desert, California derived from Thermal Infrared Multispectral Scanner (TIMS) data",T12157,T12157.C02,propose_split,,0.916281159935584
https://openalex.org/W7118206097,"VNIR spectral signatures of chromium-substituted goethite and hematite in Sukinda ultramafic laterites, India: From mineral spectra to spaceborne hyperspectral mapping",T12157,T12157.C02,propose_split,,0.9086076051327889
https://openalex.org/W7119282170,"A litho-structural study of gold mineralization in the environs of São Gonçalo do Sapucai - Campanha, Minas Gerais",T12157,T12157.C02,propose_split,,0.9159718501787026
https://openalex.org/W7120613227,"Discriminação de classes de solo, quantificação de atributos e determinação do comportamento espectral de minerais de ferro e argila esmectítica utilizando espectrorradiometria difusa",T12157,T12157.C01,propose_split,,0.9143617619187944
https://openalex.org/W7125484184,"Geological and geochemical characteristics of the non-volcanic geothermal system in Surat Thani area, southern Thailand",T12157,T12157.C02,propose_split,,0.9190309601114343
https://openalex.org/W7134057373,Compositional data analysis for modelling and forecasting mortality using the α -transformation,T12157,T12157.C01,propose_split,,0.8994655057815585
https://openalex.org/W7134287336,"Diffusive copper redistribution from shallow degassed magmas to mafic enclaves. Insight from anomalously Cu-enriched enclaves from Bezymianny volcano, Kamchatka",T12157,T12157.C02,propose_split,,0.9212093903180786
https://openalex.org/W7152478229,AC/DC : Automatic Crater Detection and Characterization,T12157,T12157.C01,propose_split,,0.8994987637937595
https://openalex.org/W7161970395,"Geology of the Empire mine, Bralorne, B.C. --.",T12157,T12157.C02,propose_split,,0.914154322837132
https://openalex.org/W7162485249,工程地质勘察与地基处理技术研究,T12157,T12157.C01,propose_split,,0.8850166076747128
https://openalex.org/W7166979828,"Registered Map 2658 : Piihonua, South Hilo, Hawaii (tracing)",T12157,T12157.C01,propose_split,,0.864668527657253
https://openalex.org/W800772465,Distribution of trace elements in lake sediments: a scientometric analysis,T12157,T12157.C01,propose_split,,0.9002870394381244
https://openalex.org/W95389566,Influence of Electric Characteristics of Inhomogeneous Lithosphere on Excitation and Propagation of Seismogenic Electromagnetic Emissions,T12157,T12157.C01,propose_split,,0.9002266517990338
https://openalex.org/W97486852,Using Processed Imagery of FORMOSAT-2 Satellite for Disaster Investigation / Prediction.,T12157,T12157.C01,propose_split,,0.9155737983971949
https://openalex.org/W978459107,Chapter 5 Carbonates as Hydrocarbon Source Rocks,T12157,T12157.C02,propose_split,,0.9082185760583148
https://openalex.org/W109913770,Locus typicus Extremadurae (Hispania): Plantae,T10451,T10451.C02,propose_split,,0.8838054298371152
https://openalex.org/W1468285907,Refraining the regeneration of Armillaria rhizomorphs using Trichoderma,T10451,T10451.C02,propose_split,,0.9117610733883106
https://openalex.org/W1482087802,Fungal growth and effects of different wood decomposing fungi on the indigenous bacterial community of polluted and unpolluted soils,T10451,T10451.C02,propose_split,,0.9206419499663985
https://openalex.org/W1485241145,Diversidad florística en zonas truferas de Navarra,T10451,T10451.C02,propose_split,,0.8779218906211282
https://openalex.org/W1489250706,Biodiversity of Xylariaceae (Ascomycota) and their hosts in protected areas from Tucuman (Argentina): Biodiversidad de la familia Xylariaceae (Ascomycota) y sus hospedantes en áreas protegidas de Tucumán (Argentina),T10451,T10451.C02,propose_split,,0.9103583128542269
https://openalex.org/W1490277008,"Studies on the traditional management, andprocessing of matsutake mushrooms InOaxaca, Mexico",T10451,T10451.C02,propose_split,,0.8976806984344852
https://openalex.org/W1517395987,"Estudio biogeográfico de los briófitos en los melojares del sistema central oriental (Sierras de Ayllón, Guadarrama y Gredos)",T10451,T10451.C02,propose_split,,0.8845533604910861
https://openalex.org/W15411180,Mycorrhizal fungi-Bradyrhizobium-soybean tripartite symbiosis in Iowa soils,T10451,T10451.C02,propose_split,,0.9238172091827026
https://openalex.org/W1569256313,Scum actinomycetes in sewage treatment plants—Part 1,T10451,T10451.C02,propose_split,,0.9148157271661261
https://openalex.org/W1577465186,优质超级小麦新品系—兰考906—4简介,T10451,T10451.C02,propose_split,,0.8304577944190694
https://openalex.org/W1667916540,Mycoflora of Euphorbia complex in Yugoslavia.,T10451,T10451.C02,propose_split,,0.9192352655442867
https://openalex.org/W172748968,Sporisorium ignotum - a remarkable smut fungus from Zimbabwe originally classified in the genus Ustilago.,T10451,T10451.C02,propose_split,,0.9071691953815602
https://openalex.org/W177088036,A Final Word: The Future of Planctomycetology and Related Studies,T10451,T10451.C02,propose_split,,0.9007354272742377
https://openalex.org/W1830814861,Viabilité de souches ectomycorhiziennes après conservation : application du protocole de Hofmann.,T10451,T10451.C02,propose_split,,0.8978447904473746
https://openalex.org/W183370343,Root Stripping of Ectomycorrhizae Decreases Field Performance of Loblolly and Longleaf Pine Seedlings,T10451,T10451.C02,propose_split,,0.9170061719719346
https://openalex.org/W1921612311,THE WOOD OF THE STERCULIACEAE,T10451,T10451.C02,propose_split,,0.8937950343011555
https://openalex.org/W1940412581,"Understanding cultural significance, the edible mushrooms case",T10451,T10451.C02,propose_split,,0.8994712157439465
https://openalex.org/W1966332385,ITS rDNA variation of the Coprinopsis phlyctidospora (syn.: Coprinus phlyctidosporus) complex in the Northern and Southern Hemispheres,T10451,T10451.C02,propose_split,,0.9102596676437733
https://openalex.org/W1967029517,"Chromosome number variation of the Italian endemic vascular flora. State-of-the-art, gaps in knowledge and evidence for an exponential relationship among even ploidy levels",T10451,T10451.C02,propose_split,,0.9095971368772617
https://openalex.org/W1969066899,Miscellaneous fungi from Burma,T10451,T10451.C02,propose_split,,0.9026016589953997
https://openalex.org/W1973441495,Distribution of Cren- and Euryarchaeota in Scots Pine Mycorrhizospheres and Boreal Forest Humus,T10451,T10451.C02,propose_split,,0.9126617102777594
https://openalex.org/W1973655374,Attractive Characters in Fungi,T10451,T10451.C02,propose_split,,0.904220764759857
https://openalex.org/W1978808146,New and interesting records of South African fungi. XIV. Cercosporoid fungi from weeds,T10451,T10451.C02,propose_split,,0.9271504735902001
https://openalex.org/W1982406969,Fungal solubilization of rock phosphate is enhanced by forming fungal–rhizobial biofilms,T10451,T10451.C02,propose_split,,0.898861382897881
https://openalex.org/W1982816157,"GMC oxidoreductase, a highly expressed protein in a potent biocontrol agent Fusarium oxysporum Cong:1-2, is dispensable for biocontrol activity",T10451,T10451.C02,propose_split,,0.891414051637313
https://openalex.org/W1984509700,Einige Charakteristika der Großpilzflora Nord‐Vietnams,T10451,T10451.C02,propose_split,,0.867061022934291
https://openalex.org/W1985277060,"Leaf-inhabiting genera of the Gnomoniaceae, Diaporthales",T10451,T10451.C02,propose_split,,0.8888253424930892
https://openalex.org/W1991913990,"Nutritional differentiation within the speciesDittrichia viscosa W. Greuter, between a population from a calcareous habitat and another from an acidic habitat",T10451,T10451.C02,propose_split,,0.901528728071674
https://openalex.org/W1998439622,Deadwood Density of Five Boreal Tree Species in Relation to Field-Assigned Decay Class,T10451,T10451.C02,propose_split,,0.9003206042305902
https://openalex.org/W2003280314,Aureobasidium thailandense sp. nov. isolated from leaves and wooden surfaces,T10451,T10451.C02,propose_split,,0.915764404710317
https://openalex.org/W2004454978,Validation of Names of Fossil Fungi from Tertiary Sediments of India,T10451,T10451.C02,propose_split,,0.8976876619481957
https://openalex.org/W2005809652,Increasing the length of hyphae in a sandy soil increases the amount of water-stable aggregates,T10451,T10451.C02,propose_split,,0.8758154137563708
https://openalex.org/W2008220455,The sorediate variety of Sclerophytomyces circumscriptus,T10451,T10451.C02,propose_split,,0.9087181728575234
https://openalex.org/W2009366362,ON THE NITROGEN CONTENT OF GROWING CULTURES OF MYCODERMA AND OF SACCHAROMYCES CEREVISIAE,T10451,T10451.C02,propose_split,,0.9069236175449658
https://openalex.org/W2009505151,"(1459) Proposal to conserve the name Armillaria matsutake against Armillaria nauseosa (Fungi, Basidiomycotina, Tricholomataceae)",T10451,T10451.C02,propose_split,,0.9028445890314544
https://openalex.org/W2020402009,A role forAmanita muscaria L. in the circulation of cadmium and vanadium in a non-polluted woodland,T10451,T10451.C02,propose_split,,0.8985847534724523
https://openalex.org/W2025375767,A proposito del llamado micetoma maduro-micosico del pulmon,T10451,T10451.C02,propose_split,,0.879135771399599
https://openalex.org/W2028471622,Diversity of polyporous fungi (Polyporaceae) in northern boreal forests: effects of forest site type and logging intensity,T10451,T10451.C02,propose_split,,0.9202807447679433
https://openalex.org/W2032529991,"Spadicoides camelliae and Diplococcium livistonae, two new hyphomycetes on dead branches from Fujian Province, China",T10451,T10451.C02,propose_split,,0.9143193626212913
https://openalex.org/W2032545538,Sporulation and diversity of arbuscular mycorrhizal fungi in Brazil Pine in the field and in the greenhouse,T10451,T10451.C02,propose_split,,0.9292471868957632
https://openalex.org/W2033650631,Respiration of field-grown loblolly pine roots as influenced by temperature and root type,T10451,T10451.C02,propose_split,,0.8979830942565704
https://openalex.org/W2034639533,Some physiological responses of chickpea cultivars to arbuscular mycorrhiza under drought stress,T10451,T10451.C02,propose_split,,0.9146280490704979
https://openalex.org/W2040491628,The ectomycorrhizal community structure in high mountain Norway spruce stands,T10451,T10451.C02,propose_split,,0.9081365437838648
https://openalex.org/W2047421305,Pleurotus Ostreatus ? breeding potential of a new cultivated mushroom,T10451,T10451.C02,propose_split,,0.8937900913975348
https://openalex.org/W2051267164,Possible involvement of hyphal phosphatase in phosphate efflux from intraradical hyphae isolated from mycorrhizal roots colonized by Gigaspora margarita,T10451,T10451.C02,propose_split,,0.9188195837516048
https://openalex.org/W2057442142,Microfluorescenza in Foglie di Fagiolo Suscettibile e Resistente alia Ruggine1),T10451,T10451.C02,propose_split,,0.8869259730513845
https://openalex.org/W2058877429,Sexual reproduction and mating-type–mediated strain development in the penicillin-producing fungus Penicillium chrysogenum,T10451,T10451.C02,propose_split,,0.9131108384502776
https://openalex.org/W2059506186,Urban Fungi-interesting Fungi from Parks and Gardens of West London,T10451,T10451.C02,propose_split,,0.9036459007261151
https://openalex.org/W2061035135,Sequences and interactions of mycorrhizal fungi on birch,T10451,T10451.C02,propose_split,,0.9215593098975995
https://openalex.org/W2062902316,Mycorrhizal status of Eucalyptus plantations in south China and implications for management,T10451,T10451.C02,propose_split,,0.9126170857794815
https://openalex.org/W2066233885,"Changes in soil organic carbon, total nitrogen, and abundance of arbuscular mycorrhizal fungi along a large-scale aridity gradient",T10451,T10451.C02,propose_split,,0.9178979107974539
https://openalex.org/W2068862669,Mycological notes from the Tatra National Park. II,T10451,T10451.C02,propose_split,,0.9131698811375109
https://openalex.org/W2074077385,Hidden Likelihood Support in Genomic Data: Can Forty-Five Wrongs Make a Right?,T10451,T10451.C02,propose_split,,0.8822063000850561
https://openalex.org/W2079156014,Cryopreservation of ectomycorrhizal fungi has minor effects on root colonization of Pinus sylvestris plantlets and their subsequent nutrient uptake capacity,T10451,T10451.C02,propose_split,,0.9171543630098807
https://openalex.org/W2083578706,Macromycetes in the Dendrological Park of the Warsaw Agricultural University,T10451,T10451.C02,propose_split,,0.9151319982852141
https://openalex.org/W2088231348,FEEDING HABITS OF THE SWARM CELLS OF THE MYXOMYCETE DICTYDIAETHALIUM PLUMBEUM,T10451,T10451.C02,propose_split,,0.912004232861155
https://openalex.org/W2090788776,First Report of Diplodia corticola Causing Grapevine (Vitis vinifera) Cankers and Trunk Cankers and Dieback of Canyon Live Oak (Quercus chrysolepis) in California,T10451,T10451.C02,propose_split,,0.8958492512111347
https://openalex.org/W2096013955,Biogeography and ecology of Alnusassociated ectomycorrhizal fungi – from regional to global scale,T10451,T10451.C02,propose_split,,0.9218588282711283
https://openalex.org/W2096078839,Effect of Trichoderma Colonization on Auxin-Mediated Regulation of Root Elongation,T10451,T10451.C02,propose_split,,0.8994931913563793
https://openalex.org/W2101170067,First Report of Fusarium Root Rot of Stored Carrot Caused by Fusarium avenaceum in Serbia,T10451,T10451.C02,propose_split,,0.9033826162552494
https://openalex.org/W2105341194,Sebacinales: a hitherto overlooked cosm of heterobasidiomycetes with a broad mycorrhizal potential,T10451,T10451.C02,propose_split,,0.9123141927207081
https://openalex.org/W2125088216,Response of ectomycorrhizal and nonmycorrhizal pitch pine (Pinusrigida) seedlings to nutrient supply and aluminum: growth and mineral nutrition,T10451,T10451.C02,propose_split,,0.9068983506378114
https://openalex.org/W2127596170,A revised checklist of corticioid and hydnoid fungi in China for 2010,T10451,T10451.C02,propose_split,,0.9046471538100195
https://openalex.org/W2128252110,Glomus intraradixeffects on citrus rootstock seedling growth in various potting media,T10451,T10451.C02,propose_split,,0.902896442392476
https://openalex.org/W2142145195,Ecological stress and sex evolution in soil microfungi,T10451,T10451.C02,propose_split,,0.9176686329919651
https://openalex.org/W2142533405,Effects of the invasive plant garlic mustard (Alliaria petiolata) on bacterial communities in a northern hardwood forest soil,T10451,T10451.C02,propose_split,,0.9108983692683833
https://openalex.org/W2147139089,"Molecular phylogeny of European Trametes (Basidiomycetes, Polyporales) species based on LSU and ITS (nrDNA) sequences",T10451,T10451.C02,propose_split,,0.8998430938476291
https://openalex.org/W2147790337,Assembling The Fungal Tree of Life (AFTOL),T10451,T10451.C02,propose_split,,0.9073541478523987
https://openalex.org/W2154405729,Interactions between the arbuscular mycorrhizal fungus Glomus intraradices and the plant growth promoting rhizobacteria Paenibacillus polymyxa and P. macerans in the mycorrhizosphere of Cucumis sativus,T10451,T10451.C02,propose_split,,0.9243639822407768
https://openalex.org/W2157529409,Correlations between Indigenous Brazilian Folk Classifications of Fungi and Their Systematics,T10451,T10451.C02,propose_split,,0.9090269874435891
https://openalex.org/W2165824267,Modern View on the Origin and Phylogenetic Reconstruction of Homobasidiomycetes Fungi,T10451,T10451.C02,propose_split,,0.9276744451322217
https://openalex.org/W2171875369,Development of soil quality metrics using mycorrhizal fungi,T10451,T10451.C02,propose_split,,0.9153054293299696
https://openalex.org/W2184979769,WHY OMPHALOTUSILLUDENS(SCHWEIN.) BRESINSKY ETBESLffiANINDEPENDENTSPECIES,T10451,T10451.C02,propose_split,,0.8973317821561511
https://openalex.org/W2187919270,Locational variability of Physico-chemical Properties of Rhizospheric soil and myco-biota associated with Abroma augusta L.,T10451,T10451.C02,propose_split,,0.9137639331989209
https://openalex.org/W2189172815,New or interesting species of Ascobolus and Saccobolus in the USSR.,T10451,T10451.C02,propose_split,,0.9087404499908118
https://openalex.org/W2194316124,ارزیابی اثر دوگونه میکوریزا و کود زیستی نیتروکسین بر عملکرد و اجزای عملکرد سیر (Allium sativum L.) در یک نظام زراعی اکولوژیک,T10451,T10451.C02,propose_split,,0.8915763742085481
https://openalex.org/W2204875621,Freezing tolerance of mycorrhizal and non-mycorrhizal Scots pine seedlings,T10451,T10451.C02,propose_split,,0.904933061737276
https://openalex.org/W2218530032,딸기 시설재배에서 Arbuscular 균근균의 분포,T10451,T10451.C02,propose_split,,0.8904772532787825
https://openalex.org/W2239550845,Paecilomyces lilacinus と Acremonium spp. が分離された角膜真菌症の1例,T10451,T10451.C02,propose_split,,0.8859421897537263
https://openalex.org/W2241211823,Bio-control of wit of Albizzia lebbek by using AM fungi and Trichoderma viride.,T10451,T10451.C02,propose_split,,0.9213081220375561
https://openalex.org/W2241296980,Lignophyte evolution and heterospory: the early steps,T10451,T10451.C02,propose_split,,0.9114626693356767
https://openalex.org/W2258933911,"LYCOPODIUM SCARIOSUM, Forst.; var. decurrens",T10451,T10451.C02,propose_split,,0.9064491359966702
https://openalex.org/W2261244385,Importance of arbuscular mycorrhiza fungi in the restoration of a disturbed site in Kakamega forest,T10451,T10451.C02,propose_split,,0.9094343796579631
https://openalex.org/W2269187992,Development of Ash Dieback in South-Eastern Germany and the Increasing Occurrence of Secondary Pathogens,T10451,T10451.C02,propose_split,,0.904492589871381
https://openalex.org/W2301352966,Effect of growing season upon microbial status of peppermint (Mentha x piperita L.) rhizosphere,T10451,T10451.C02,propose_split,,0.9110229076443449
https://openalex.org/W2303705803,Effect of vesicular arbuscular mycorrhizal fungus and Rhizobium on soybean plant growth.,T10451,T10451.C02,propose_split,,0.9281535890631945
https://openalex.org/W2314764949,Management effects on fungal assemblages in irrigation ponds: are biodiversity conservation and the control of phytopathogens compatible?,T10451,T10451.C02,propose_split,,0.8956050250214234
https://openalex.org/W2319296860,Sporobolomycetaceae in Kansas,T10451,T10451.C02,propose_split,,0.8934913273794528
https://openalex.org/W2322726422,"Cordochaete (Agaricomycetes), a new corticioid genus from India",T10451,T10451.C02,propose_split,,0.893515244263905
https://openalex.org/W232378396,Physiological responses of halophytic C4 grass Aeluropus littoralis to salinity and arbuscular mycorrhizal fungi colonization,T10451,T10451.C02,propose_split,,0.9197470755661324
https://openalex.org/W2324546165,"On the typification of Omphalina umbellifera (L.: Fr.) Quél. (Fungi, Agaricales)",T10451,T10451.C02,propose_split,,0.9098406935842676
https://openalex.org/W2327776172,Pseudocyphellaria arvidssonii New to Africa and P. mallota New to North America,T10451,T10451.C02,propose_split,,0.890853529254948
https://openalex.org/W2330604602,"Fungus Spores, Their Liberation and Dispersal.",T10451,T10451.C02,propose_split,,0.9253921389355484
https://openalex.org/W2333671618,A propos de quelques groupements végétaux observés entre monaco et gênes,T10451,T10451.C02,propose_split,,0.8981980207458238
https://openalex.org/W2339630195,Influence of salinity on the development of the banana colonised by arbuscular mycorrhizal fungi,T10451,T10451.C02,propose_split,,0.9151255342530388
https://openalex.org/W2344501965,"CO2 Assimilation, Carbohydrate Metabolism, Xanthophyll Cycle, and the Antioxidant System of `Honeycrisp' Apple Leaves with Zonal Chlorosis",T10451,T10451.C02,propose_split,,0.9015469854968252
https://openalex.org/W2353315382,Effects of AM Fungi on the Growth and Microelement of Scuteliaria baiealensis Goorgi under Different N-applied Levels,T10451,T10451.C02,propose_split,,0.9158629287681397
https://openalex.org/W2369281542,Study on Techniques for Facilitating the Formation of Off-Season Edible Fungi's Fruiting Bodies,T10451,T10451.C02,propose_split,,0.9126128283657833
https://openalex.org/W2378214989,Study of arbuscular mycorrhzizal fungi on decomposition of alfalfa litter,T10451,T10451.C02,propose_split,,0.9255176282264763
https://openalex.org/W2394898400,"Erratum to: Pilze (Fungi, Mycētes)",T10451,T10451.C02,propose_split,,0.892888829873147
https://openalex.org/W2429684464,[Sexual differentiation in heterobasidiomycetous yeasts (author's transl)].,T10451,T10451.C02,propose_split,,0.9060291229170606
https://openalex.org/W2522197296,First report of tomato leaf spot caused by Fusarium proliferatum in China,T10451,T10451.C02,propose_split,,0.9125910777232166
https://openalex.org/W2527601931,Annotated list of the pleosporacean fungi and related genera reported from the Iberian Peninsula and Balearic Islands,T10451,T10451.C02,propose_split,,0.8936124823425609
https://openalex.org/W2549874967,(119) Mycorrhizal Effects on Grape Acclimation,T10451,T10451.C02,propose_split,,0.9071137470489348
https://openalex.org/W2554736864,Two different microbial communities did not cause differences in occlusion of particulate organic matter in a sandy agricultural soil,T10451,T10451.C02,propose_split,,0.8869732871171881
https://openalex.org/W2561249682,"Tricholosporum, a newly recorded genus of Agaricomycetes in China",T10451,T10451.C02,propose_split,,0.909260945639492
https://openalex.org/W2579574475,"Radical Mycology: A Treatise On Seeing And Working With Fungi. By Peter McCoy. 2016. Portland, Oregon: Chthaeus Press. Pp. xx+646 and numerous illustrations. Page size 253mm×208mm, weight 2kg. ISBN 978-0-9863996-0-2. Paperback $49.95.",T10451,T10451.C02,propose_split,,0.9121648436889024
https://openalex.org/W2582239741,Control of Meloidogyne incognita on egg plant using Glomus mosseae integrated with Paecilomyces lilacinus and neem cake,T10451,T10451.C02,propose_split,,0.907354454848916
https://openalex.org/W2591102076,CHANGES IN PLANT GROWTH AND DEVELOPMENT BY RHIZOSPHERE BACTERIA THAT MODIFY PLANT ETHYLENE LEVELS,T10451,T10451.C02,propose_split,,0.9160602114143371
https://openalex.org/W2592392407,First Report of Anthracnose Caused byColletotrichum gloeosporioidesonActinidia argutain China,T10451,T10451.C02,propose_split,,0.898633810808109
https://openalex.org/W2594482250,Ecological and taxonomic studies of the Russulaceae and other ectomycorrhizal Basidiomycetes in the high-elevation forests of the southern Appalachians,T10451,T10451.C02,propose_split,,0.9045079410283289
https://openalex.org/W2594710316,Culture of Cordyceps Myrmecophila Cesati,T10451,T10451.C02,propose_split,,0.8896154424220226
https://openalex.org/W2595820675,VPLIV DEFOLIACIJE IN DOZOREVANJE GROZDJA NA KAKOVOST VINA SORTE 'MODRI PINOT',T10451,T10451.C02,propose_split,,0.8533883072450976
https://openalex.org/W2604885907,"Draft Genome Sequence of Salmacisia buchloëana (Basidiomycota), Which Induces Hermaphroditism in Dioecious Buffalograss",T10451,T10451.C02,propose_split,,0.9117166416045815
https://openalex.org/W2605799709,Mycorrhizal functioning as part of the survival mechanisms of barley (Hordeum vulgare L) at long-term heavy metal stress,T10451,T10451.C02,propose_split,,0.9089828509331596
https://openalex.org/W2739438066,"Two new species of Dyfrolomyces (Dyfrolomycetaceae, Dothideomycetes) from karst landforms",T10451,T10451.C02,propose_split,,0.9045745064982156
https://openalex.org/W2743760388,"Mycorrhiza - Eco-Physiology, Secondary Metabolites, Nanomaterials",T10451,T10451.C02,propose_split,,0.9093032280029976
https://openalex.org/W2747307032,I microrganismi simbionti di piante e animali: generalità ed esempi di interazioni,T10451,T10451.C02,propose_split,,0.8769451870204032
https://openalex.org/W2751158585,NEW RECORDS OF ASCOMYCETES (PEZIZALES) FOR THE MYCOBIOTA OF UZBEKISTAN,T10451,T10451.C02,propose_split,,0.9084298056112218
https://openalex.org/W2755408551,Fusarium equiseti LPSC 1166 and its in vitro role in the decay of Heterostachys ritteriana leaf litter,T10451,T10451.C02,propose_split,,0.904715272129042
https://openalex.org/W2760836530,Role of the mycorrhizal symbiosis in the nursery production of olive trees [Olea europaea L.],T10451,T10451.C02,propose_split,,0.9241450290809964
https://openalex.org/W2778692982,Multi-gene phylogenetic analyses reveals Neohelicosporium gen. nov. and five new species of helicosporous hyphomycetes from aquatic habitats,T10451,T10451.C02,propose_split,,0.9122760183762026
https://openalex.org/W2784623394,"Indagini briogeografiche nel territorio della Sicilia occidentale e lavori di sintesi delle conoscenze tassonomiche, corologiche ed ecologiche sulla brioflora siciliana.",T10451,T10451.C02,propose_split,,0.8973887682649924
https://openalex.org/W2792542815,Effects of land use on arbuscular mycorrhizal fungal communities in Estonia,T10451,T10451.C02,propose_split,,0.91074496829647
https://openalex.org/W2794134164,Diversifying crop rotation increased metabolic soil diversity and activity of the microbial community,T10451,T10451.C02,propose_split,,0.9031309137610876
https://openalex.org/W2839183017,Experimental and molecular approximation to microbial niche: trophic interactions between oribatid mites and microfungi in an oligotrophic freshwater system,T10451,T10451.C02,propose_split,,0.9174062074380761
https://openalex.org/W28572929,"Cyttariales, Lahmiales, Leotiales, Medeolariales, Ostropales, Patellariales, Rhytismatales, and Triblidiales",T10451,T10451.C02,propose_split,,0.9116492480730526
https://openalex.org/W2883164093,A new Pyrgulopsis from Oregon,T10451,T10451.C02,propose_split,,0.898712304096411
https://openalex.org/W2885358902,Heterogeneity in arbuscular mycorrhizal fungal communities may contribute to inconsistent plant-soil feedback in a Neotropical forest,T10451,T10451.C02,propose_split,,0.9196149524085848
https://openalex.org/W2886233929,Aproximación al conocimiento del género Quercus L. Sect. Gallifera Spach (Fagaceae) en Extremadura (España),T10451,T10451.C02,propose_split,,0.885443209843782
https://openalex.org/W2886480437,Mushroom Survey England,T10451,T10451.C02,propose_split,,0.903152277205968
https://openalex.org/W2889552708,Antimicrobial activity of Agaricus brasiliensis on Plasmopara viticola and its effect on the induction of resistance to the control of downy mildew on ‘Isabel Precoce’,T10451,T10451.C02,propose_split,,0.908307892474161
https://openalex.org/W2895813601,The response of dominant and rare taxa for fungal diversity within different root environments to the cultivation of Bt and conventional cotton varieties,T10451,T10451.C02,propose_split,,0.9114517264048068
https://openalex.org/W2899717099,Dissolved carbon and nitrogen release from deadwood of different tree species in various stages of decomposition,T10451,T10451.C02,propose_split,,0.8985070870501232
https://openalex.org/W2905280452,Comparison of three trap types in sampling saproxylic beetles living in hollow urban trees,T10451,T10451.C02,propose_split,,0.8847499447955934
https://openalex.org/W2908196960,Phaeoacremonium vrste u vinovoj lozi sa simptomima eske i Petrijeve bolesti,T10451,T10451.C02,propose_split,,0.8821272164606557
https://openalex.org/W2909990448,"Hortiboletus kohistanensis (Boletaceae), a new bolete species from temperate and subalpine oak forests of Pakistan",T10451,T10451.C02,propose_split,,0.8889924941542001
https://openalex.org/W2919401343,Effects of abiotic and biotic factors on Trichoderma strains with biocontrol potential,T10451,T10451.C02,propose_split,,0.9048520721238336
https://openalex.org/W2959911937,Mediation of plant–mycorrhizal interaction by a lectin receptor-like kinase,T10451,T10451.C02,propose_split,,0.9060664639443242
https://openalex.org/W2966246442,Mycorrhization profile in a truffle plantation of Tuber aestivum Vittad..,T10451,T10451.C02,propose_split,,0.9252196497199043
https://openalex.org/W2972729851,Population dynamics of root inhibiting and invading micro-flora in citrus rhizosphere,T10451,T10451.C02,propose_split,,0.9137792806939389
https://openalex.org/W2973080001,Comparative study of down-regulated genes in arbuscular mycorrhizal fungal colonised tomato plants,T10451,T10451.C02,propose_split,,0.9189301658193842
https://openalex.org/W2990025880,Estimation of Fungal Diversity and Identification of Major Abiotic Drivers Influencing Fungal Richness and Communities in Northern Temperate and Boreal Quebec Forests,T10451,T10451.C02,propose_split,,0.9159189328917937
https://openalex.org/W3000920941,Myxomycetes in Bohemian Karst and Hřebeny Mts.,T10451,T10451.C02,propose_split,,0.9114001538941077
https://openalex.org/W3011497083,Revision of the Herbarium URM I. Agaricomycetes from the semi-arid region of Brazil.,T10451,T10451.C02,propose_split,,0.9195425842635385
https://openalex.org/W3016522065,Red list assessment of macrofungi in China: Challenges and measures,T10451,T10451.C02,propose_split,,0.9054609101762032
https://openalex.org/W3021570916,Uncovering the hidden diversity of litter-decomposition mechanisms in mushroom-forming fungi,T10451,T10451.C02,propose_split,,0.9192366686217273
https://openalex.org/W3034204475,First Report of Vascular Wilt Caused by Fusarium proliferatum on Cauliflower in China,T10451,T10451.C02,propose_split,,0.9114069236778086
https://openalex.org/W3035947721,CULTIVATION OF MYCELIUM AND THE STUDY OF THE PHYTOPATHOGENICITY OF CERTAIN XYLOTROPHIC BASIDIOMYCETES UNDER IN VITRO CONDITIONS,T10451,T10451.C02,propose_split,,0.9221066858269019
https://openalex.org/W3043427989,"Mallocybe velutina (Agaricales, Inocybaceae), a new species from Pakistan",T10451,T10451.C02,propose_split,,0.9013786737490326
https://openalex.org/W3049130459,Identification of arbuscular mycorrhizal fungi in soils of the North Caucasus based on Illumina MiSeq data for ITS1 and ITS2 regions,T10451,T10451.C02,propose_split,,0.9194702769131446
https://openalex.org/W3084863693,Continuous wastewater treatment by t. Versicolor immobilized on lignocellulosic supports,T10451,T10451.C02,propose_split,,0.8871674640070851
https://openalex.org/W3087017166,"Studies in Inocybe - V. Some interesting species from Medelpad and Jämtland, Sweden.",T10451,T10451.C02,propose_split,,0.904938313659735
https://openalex.org/W3087440057,Dentiscutata nigerita - a new species of arbuscular mycorrhizal fungi from India.,T10451,T10451.C02,propose_split,,0.9258943556611198
https://openalex.org/W3094687011,Cycling in degradation of organic polymers and uptake of nutrients by a litter‐degrading fungus,T10451,T10451.C02,propose_split,,0.9163371980515214
https://openalex.org/W3114866726,Avvizzimenti su peperone causati da Fusarium solani in Italia centrale.,T10451,T10451.C02,propose_split,,0.8810683041892649
https://openalex.org/W3120535194,Investigation on mycelial growth requirements of Cantharellus cibarius under laboratory conditions,T10451,T10451.C02,propose_split,,0.909000400314698
https://openalex.org/W3124031622,ゼニゴケMarchantia polymorphaと珪藻Nitzschia sp.NIES4239のゲノム解析,T10451,T10451.C02,propose_split,,0.889827474082657
https://openalex.org/W3126400719,Analysis of microbial habitats in soil-root interfaces in space and time,T10451,T10451.C02,propose_split,,0.9042810235806268
https://openalex.org/W3134841313,"Hongos ectomicorrízicos asociados a plantas jóvenes de Pinus patula y Quercus crassifolia en plantaciones del sistema matarrasa de la Sierra Juárez de Oaxaca, México",T10451,T10451.C02,propose_split,,0.9036494963507327
https://openalex.org/W3137433318,Hawaiian Fungal Amplicon Sequence Variants Reveal Otherwise Hidden Biogeography,T10451,T10451.C02,propose_split,,0.9168170001623761
https://openalex.org/W3162775900,Effects of Field Fumigation and Inoculation With the Pecan Truffle (Tuber lyonii) on the Fungal Community of Pecan (Carya illinoinensis) Seedlings Over 5 Years,T10451,T10451.C02,propose_split,,0.9192061076919358
https://openalex.org/W3164424204,"Inosperma subsphaerosporum (Inocybaceae), a new species from Hainan, tropical China",T10451,T10451.C02,propose_split,,0.900374770194796
https://openalex.org/W3165153712,"Effect of formulation on the viabilty of biocontrol agent, Trchoderma harzanum conidia",T10451,T10451.C02,propose_split,,0.8946069829138822
https://openalex.org/W3169371593,"Centipede biodiversity (Myriapoda, Chilopoda) in two eucalyptus plantations in northern Spain and other records from Vegadeo (Asturias, Spain)",T10451,T10451.C02,propose_split,,0.9000655334824119
https://openalex.org/W3172937627,"Plant-Associated Pink Yeasts: Isolation, characterization and screening for biocontrol ability",T10451,T10451.C02,propose_split,,0.9122817028643524
https://openalex.org/W318462271,"Occurrence and Distribution of Arbuscular Mycorrhizal Fungi in Agricultural Fields of Madurai District, Tamil Nadu",T10451,T10451.C02,propose_split,,0.9203775235616372
https://openalex.org/W3210241813,Structure and diversity of fungal communities in long-term copper-contaminated agricultural soil,T10451,T10451.C02,propose_split,,0.9166486050272384
https://openalex.org/W3214485323,Efecto de la inoculación de microorganismos solubilizadores de fosfato y hongos micorrícicos arbusculares en plantas de Eugenia dysenterica crecidas en diferentes sustratos,T10451,T10451.C02,propose_split,,0.9040037237702269
https://openalex.org/W3215446445,An MYB Transcription Factor Modulates Panax notoginseng Resistance Against the Root Rot Pathogen Fusarium solani by Regulating the Jasmonate Acid Signaling Pathway and Photosynthesis,T10451,T10451.C02,propose_split,,0.9063112673289494
https://openalex.org/W323604982,Pseudocercospora siparunae - a new cercosporoid fungus from the Brazilian tropical forest,T10451,T10451.C02,propose_split,,0.9204103333014989
https://openalex.org/W34892574,"Adiciones al catálogo florístico de los quintos de mora (Los Yébenes, Toledo)",T10451,T10451.C02,propose_split,,0.870128061959674
https://openalex.org/W4200044576,"Figure 3 from: Zhang H, Wei T-P, Mao Y-T, Ma M-X, Ma K, Shen Y, Zheng M-J, Jia W-Y, Luo M-Y, Zeng Y, Jiang Y-L, Tao G-C (2021) Ascodesmis rosicola sp. nov. and Talaromyces rosarhiza sp. nov., two endophytes from Rosa roxburghii in China. Biodiversity Data Journal 9: e70088. https://doi.org/10.3897/BDJ.9.e70088",T10451,T10451.C02,propose_split,,0.9037456139473533
https://openalex.org/W4206363911,"Colacogloea armeniacae sp. nov., a novel pucciniomycetous yeast species isolated from apricots",T10451,T10451.C02,propose_split,,0.9131288805844706
https://openalex.org/W4214947550,The Structure of Simblum Sphaerocephalum,T10451,T10451.C02,propose_split,,0.8828804940899394
https://openalex.org/W4220875133,"An updated world key to the species ofAcanthotheciss. lat. (Ascomycota:Graphidaceae), with ten new species from Brazil",T10451,T10451.C02,propose_split,,0.9000331495676889
https://openalex.org/W4224138910,First report of the fungus Gnomoniopsis smithogilvyi causing cankers on sweet chestnut (Castanea sativa) in Ireland,T10451,T10451.C02,propose_split,,0.9044347801194668
https://openalex.org/W4230552012,Polyols in Schizophyllum commune,T10451,T10451.C02,propose_split,,0.8790715307931048
https://openalex.org/W4230798784,"Utricularia lateriflora: Bourke, G.",T10451,T10451.C02,propose_split,,0.893005537843318
https://openalex.org/W4230913266,Patterns of Substrate Utilization in Species of Capronia and Allied Black Yeasts: Ecological and Taxonomic Implications,T10451,T10451.C02,propose_split,,0.8983657330688012
https://openalex.org/W4231312024,Proposals concerning the Nomenclature of the Gill Fungi including a List of Proposed Lectotypes and Genera Conservanda,T10451,T10451.C02,propose_split,,0.8912278961172221
https://openalex.org/W4232658910,Studies in Coprinus sphaerosporus,T10451,T10451.C02,propose_split,,0.8901252638292433
https://openalex.org/W4234032350,"Amphitecna regalis: Fuentes, A.C.D., Martínez Salas, E. & Samain, M.-S.",T10451,T10451.C02,propose_split,,0.8863594195686815
https://openalex.org/W4235836361,"Planaeschna viridis: Manh, C.D.",T10451,T10451.C02,propose_split,,0.8807716175689685
https://openalex.org/W4235948950,"Neocordulia volxemi: von Ellenrieder, N.",T10451,T10451.C02,propose_split,,0.8709710609528348
https://openalex.org/W4236112691,"Metschnikowia continentalis var. borealis, Metschnikowia continentalis var. continentalis, and Metschnikowia hibisci, new heterothallic haploid yeasts from ephemeral flowers and associated insects",T10451,T10451.C02,propose_split,,0.9091957513630945
https://openalex.org/W4236880863,Nomenclature Abstract for Agromyces rhizospherae Takeuchi and Hatano 2001.,T10451,T10451.C02,propose_split,,0.9031001989615784
https://openalex.org/W4238404246,"Hemibrycon mikrostiktos: Ortega Torres, H. & Correa, E.",T10451,T10451.C02,propose_split,,0.8880437562986435
https://openalex.org/W4239667536,"Distribution, Plant Associates and Variation in Basidiocarps of Pisolithus tinctorius in the United States",T10451,T10451.C02,propose_split,,0.9034707699120089
https://openalex.org/W4241018615,,T10451,,unassigned,insufficient_text,
https://openalex.org/W4243008612,Nomenclature Abstract for Novosphingobium colocasiae Chen et al. 2016.,T10451,T10451.C02,propose_split,,0.9048857240192322
https://openalex.org/W4243690422,"Antrodia alpina: Senn-Irlet, B.",T10451,T10451.C02,propose_split,,0.8784470426029967
https://openalex.org/W4246318124,"Argia deami: González-Soriano, E. & Ortega-Salas, H.",T10451,T10451.C02,propose_split,,0.8855574143776311
https://openalex.org/W4247288423,A New Species of Phacidiella Causing the So-Called Phomopsis Disease of Conifers,T10451,T10451.C02,propose_split,,0.9119107925641016
https://openalex.org/W4251016865,The Quest for a General and Reliable Fungal DNA Barcode,T10451,T10451.C02,propose_split,,0.9047513603432832
https://openalex.org/W4251999900,Mycorrhiza,T10451,T10451.C02,propose_split,,0.9368594239356282
https://openalex.org/W4254068548,"Ludia pinnatinervia: Razafiniary, V.",T10451,T10451.C02,propose_split,,0.8770766184999883
https://openalex.org/W4281652943,"Four New Pale-Spored Species of Xylaria (Xylariaceae, Xylariales) with a Key to Worldwide Species on Fallen Fruits and Seeds",T10451,T10451.C02,propose_split,,0.9066691086423374
https://openalex.org/W4283453235,Trait relationships of fungal decomposers in response to drought using a dual field and laboratory approach,T10451,T10451.C02,propose_split,,0.9136560242957872
https://openalex.org/W4292768966,"Xylaria rohrensis, a new species inhabiting nutshells of Juglans regia in Austria",T10451,T10451.C02,propose_split,,0.8972107020345453
https://openalex.org/W4294712544,Effects of continuous and rotational cropping practices on soil fungal communities in pineapple cultivation,T10451,T10451.C02,propose_split,,0.9078062212386404
https://openalex.org/W4299548162,Armillaria species identified in China and Japan,T10451,T10451.C02,propose_split,,0.8716679527213593
https://openalex.org/W4302609119,Two new species of Ulocladium from Southwest China,T10451,T10451.C02,propose_split,,0.8952872418019835
https://openalex.org/W4308548058,Beneficial effects of arbuscular mycorrhizae on Cu detoxification in Mimosa pudica L. grown in Cu-polluted soils,T10451,T10451.C02,propose_split,,0.9140877743573665
https://openalex.org/W4309616741,"Diversity of Arbuscular Mycorrhizal Fungi of Kalappia celebica: An endemic and endangered plant species in Sulawesi, Indonesia",T10451,T10451.C02,propose_split,,0.9170962415187045
https://openalex.org/W4310489742,Nueva cita de Utricularia australis R. Br. en el País Vasco.,T10451,T10451.C02,propose_split,,0.8933164900487736
https://openalex.org/W4312270384,Scytalidioses,T10451,T10451.C02,propose_split,,0.9030184001526349
https://openalex.org/W4312534078,Scylla serrata,T10451,T10451.C02,propose_split,,0.8748559986772695
https://openalex.org/W4316806108,Diversity of Fast-Growth Spore-Forming Microbes and Their Activity as Plant Partners,T10451,T10451.C02,propose_split,,0.9264418562189405
https://openalex.org/W4319160055,Morphological characteristics and phylogenetic analyses revealed four new species of Agaricales from China,T10451,T10451.C02,propose_split,,0.9081658742694646
https://openalex.org/W4321369119,Physiological and Chitinase Gene Expression Responses of Male Zizania latifolia to Ustilago esculenta Infection,T10451,T10451.C02,propose_split,,0.898952037018527
https://openalex.org/W4377233651,Phylogeny and Taxonomy of the Genus Amphichorda (Bionectriaceae): An Update on Beauveria-like Strains and Description of a Novel Species from Marine Sediments,T10451,T10451.C02,propose_split,,0.8970511610048965
https://openalex.org/W4378840870,Effectiveness of Single and Consortium Arbuscular Mycorrhizal Fungi Inoculum on Indigofera zollingeriana Plant Nurseries,T10451,T10451.C02,propose_split,,0.9251675120903743
https://openalex.org/W4381114121,A new species of Tremella from India,T10451,T10451.C02,propose_split,,0.8905624332126849
https://openalex.org/W4382049393,A Review of Botryosphaeriales in Venezuela with Special Reference to Woody Plants,T10451,T10451.C02,propose_split,,0.9060731234284257
https://openalex.org/W4382655220,Using Streptomyces spp. as plant growth promoters and biocontrol agents,T10451,T10451.C02,propose_split,,0.9086562321971082
https://openalex.org/W4386032582,"Current Studies on Bakanae Disease in Rice: Host Range, Molecular Identification, and Disease Management",T10451,T10451.C02,propose_split,,0.8945683851230714
https://openalex.org/W4387577236,"ENVIRONMENTAL, ECONOMIC, AND SOCIAL BENEFITS OF CULTIVATING THE OYSTER MUSHROOM PLEUROTUS OSTREATUS (JACQ.,) P. KUMM. IN A COMMUNITY ORGANIZATION IN SOUTHWEST UGANDA",T10451,T10451.C02,propose_split,,0.8824621975364756
https://openalex.org/W4387917622,Transcriptional Response of the White-Rot Fungus Dichomitus Squalens to Polysaccharides Reveals a Co-Expression Network of Plant Biomass Conversion Related Genes,T10451,T10451.C02,propose_split,,0.918214800329579
https://openalex.org/W4389564782,Isolation and identification of fungi from Rhizosphere soils of the botanical garden,T10451,T10451.C02,propose_split,,0.9161290095629833
https://openalex.org/W4390475412,The Adaptations of High-Altitude Mushrooms in the Cold Desert of Ladakh,T10451,T10451.C02,propose_split,,0.9015318368851192
https://openalex.org/W4393130472,New records of rare and protected species of fungi in St. Petersburg (North-West of Russia),T10451,T10451.C02,propose_split,,0.9054477249124339
https://openalex.org/W4395302241,Occurrence Download,T10451,T10451.C01,propose_split,,1.0000000091546384
https://openalex.org/W4395351792,Occurrence Download,T10451,T10451.C01,propose_split,,1.0000000091546384
https://openalex.org/W4395372441,Occurrence Download,T10451,T10451.C01,propose_split,,1.0000000091546384
https://openalex.org/W4395505197,Occurrence Download,T10451,T10451.C01,propose_split,,1.0000000091546384
https://openalex.org/W4395518014,Occurrence Download,T10451,T10451.C01,propose_split,,1.0000000091546384
https://openalex.org/W4395529580,Occurrence Download,T10451,T10451.C01,propose_split,,1.0000000091546384
https://openalex.org/W4395591493,Occurrence Download,T10451,T10451.C01,propose_split,,1.0000000091546384
https://openalex.org/W4395782196,Occurrence Download,T10451,T10451.C01,propose_split,,1.0000000091546384
https://openalex.org/W4395841549,Occurrence Download,T10451,T10451.C01,propose_split,,1.0000000091546384
https://openalex.org/W4395856948,Occurrence Download,T10451,T10451.C01,propose_split,,1.0000000091546384
https://openalex.org/W4395870558,Occurrence Download,T10451,T10451.C01,propose_split,,1.0000000091546384
https://openalex.org/W4396024097,Occurrence Download,T10451,T10451.C01,propose_split,,1.0000000091546384
https://openalex.org/W4396140619,Occurrence Download,T10451,T10451.C01,propose_split,,1.0000000091546384
https://openalex.org/W4396269184,Occurrence Download,T10451,T10451.C01,propose_split,,1.0000000091546384
https://openalex.org/W4396313489,Occurrence Download,T10451,T10451.C01,propose_split,,1.0000000091546384
https://openalex.org/W4396443441,Occurrence Download,T10451,T10451.C01,propose_split,,1.0000000091546384
https://openalex.org/W4396446347,Occurrence Download,T10451,T10451.C01,propose_split,,1.0000000091546384
https://openalex.org/W4396826655,"Molecular systematics and taxonomy reveal three new wood-inhabiting fungal species (Basidiomycota) from Yunnan Province, southern China",T10451,T10451.C02,propose_split,,0.9084552662092302
https://openalex.org/W4400483563,Arbuscular Mycorrhizal Fungi Mediate the Acclimation of Rice to Submergence,T10451,T10451.C02,propose_split,,0.9255134640323497
https://openalex.org/W4401943160,Root Endophyte-Manipulated Alteration in Rhizodeposits Stimulates Claroideoglomus in the Rhizosphere to Enhance Drought Resistance in Peanut,T10451,T10451.C02,propose_split,,0.913062022350112
https://openalex.org/W4403608304,Arbuscular mycorrhizal fungi on the development and copper content in corn and sorghum plants,T10451,T10451.C02,propose_split,,0.924689870866633
https://openalex.org/W4403909246,Lichen-associated Fungi Inhabiting from a Mangrove Ecosystem in Sri Lanka: A Novel Source of Antibacterial Agents,T10451,T10451.C02,propose_split,,0.9222236957841964
https://openalex.org/W4404680855,Effet de la diversité des porte-greffes et des cépages sur les communautés de champignons mycorhiziens à arbuscules associés aux racines de vigne,T10451,T10451.C02,propose_split,,0.9098497621856249
https://openalex.org/W4406085568,Primera parte. Pudriciones Fungosas Radiculares del Fríjol en Valle de Medellín Colombia.,T10451,T10451.C02,propose_split,,0.9066935353632796
https://openalex.org/W4406569572,DESCRIPTION OF THE CULTURE CHARACTERISTICS OF SOME LIGNICOLOUS BASIDIOMYCETES SPECIES GROWN ON THREE SYNTHETIC MEDIA,T10451,T10451.C02,propose_split,,0.8973566760363197
https://openalex.org/W4406741168,Influencia de la precipitación y la temperatura en el crecimiento radial de Pinus uncinata Ramond y Pinus nigra Arnold subsp. salzmannii (Dunal) Franco en la provincia de Teruel,T10451,T10451.C02,propose_split,,0.8923804723497727
https://openalex.org/W4407190643,Soil Multitrophic Interactions in a Changing World,T10451,T10451.C02,propose_split,,0.9104826013483973
https://openalex.org/W4409159313,Cytochemical demonstration of enzymes in hyphae of mycelial cultures of macromycetes (Ascomycotina and Basidiomycotina). I. Esterases and glycosidases.,T10451,T10451.C02,propose_split,,0.9059757984417373
https://openalex.org/W4409377943,Field application of arbuscular mycorrhizal fungi and Alocasia calidora (Schott) G.Don for effective remediation of heavy metal/metalloid-polluted landfill soil,T10451,T10451.C02,propose_split,,0.9090179479544701
https://openalex.org/W4409587938,Glomalin-Related Soil Proteins as Robust Indicators of Soil Quality: A Comparison Between Irrigated Systems with Pig Slurry Fertigation and Rainfed Systems,T10451,T10451.C02,propose_split,,0.89787166597895
https://openalex.org/W4413258348,Nitrogen addition alters arbuscular mycorrhizal fungi and soil bacteria networks without promoting phosphorus mineralization in a semiarid grassland,T10451,T10451.C02,propose_split,,0.9158006635453891
https://openalex.org/W4413334473,Fire severity drives shifts in ectomycorrhizal fungal communities and Pseudotsuga menziesii seedling performance,T10451,T10451.C02,propose_split,,0.9144560819159027
https://openalex.org/W4415112410,Descriptions of new taxa and records of the microleafhopper tribe Alebrini (Hemiptera: Cicadellidae: Typhlocybinae) from China,T10451,T10451.C02,propose_split,,0.8940479778696213
https://openalex.org/W4415395956,Erosion barriers act as potential reservoirs for soil fungal species key for restoring areas affected by high-severity wildfire in Sierra de la Culebra (NW Spain),T10451,T10451.C02,propose_split,,0.897401125528447
https://openalex.org/W50823979,VA Mycorrhizal Colonization and Spore Populations in an Abandoned Agricultural Field after Five Years of Sludge Application,T10451,T10451.C02,propose_split,,0.9184447867600388
https://openalex.org/W591161329,13) ゴボウ萎ちょう病の病原菌 Fusarium oxysporum f. sp. arctii n. f. (秋季関東部会講演要旨),T10451,T10451.C02,propose_split,,0.8954608767435642
https://openalex.org/W652853498,Beiträge zur Physiologie der Holzgewächse,T10451,T10451.C02,propose_split,,0.8815950350449162
https://openalex.org/W6940710954,Optimal supply chain design and management over a multi-period horizon under demand uncertainty. Part I: MINLP and MILP models,T10451,T10451.C02,propose_split,,0.8677788537171625
https://openalex.org/W6940895258,Valid Inequalities for Mixed Integer Linear Programs,T10451,T10451.C02,propose_split,,0.8477268023765006
https://openalex.org/W7111217891,Microbial consortia inoculants stimulate early growth of maize depending on nitrogen and phosphorus supply,T10451,T10451.C02,propose_split,,0.9048654296476799
https://openalex.org/W7112610861,Geastrum hirsutum: a new earthstar fungus with a hairy exoperidium,T10451,T10451.C02,propose_split,,0.9093450570368387
https://openalex.org/W7117281706,PRELIMINARY ASSESSMENT OF THE USE OF BIOLOGICAL AGENTS TO ENHANCE SORGHUM BICOLOR BIOMASS PRODUCTION AND PHYTOREMEDIATION CAPACITY: GREENHOUSE AND FIELD EXPERIENCES,T10451,T10451.C02,propose_split,,0.9091163578084233
https://openalex.org/W7127614505,Effects of wood decay fungi and tree species on saproxylic beetles: A field experiment using sawdust blocks,T10451,T10451.C02,propose_split,,0.9161287236525695
https://openalex.org/W7128645155,Additional file 1 of Temporal and spatial shifts in the foliar fungal endophyte community of Norway spruce (Picea abies) over 150 years in Finland,T10451,T10451.C02,propose_split,,0.9038153275819494
https://openalex.org/W7128707719,Biocontrol-based Eco-friendly Management of Fusarium Wilt in Carnation: A Review,T10451,T10451.C02,propose_split,,0.9117235206402388
https://openalex.org/W7128736115,Isotopic and biochemical fingerprinting of Auricularia heimuer grown on agricultural substrates: A multivariate approach to nutritional traceability,T10451,T10451.C02,propose_split,,0.9165976824949988
https://openalex.org/W7132096132,Agaricus bisporus‘un (J.E. Lange) Imbach (Kültür Mantarı) Hasat Sonrası Muhafaza Teknikleri,T10451,T10451.C02,propose_split,,0.8706247611141821
https://openalex.org/W7132432011,"Zeytin çeliklerinde trichoderma harzianum uygulamalarının kök gelişimi, fidan kalitesi ve karbonhidrat birikimi üzerine etkilerinin belirlenmesi",T10451,T10451.C02,propose_split,,0.8806334417374332
https://openalex.org/W7134053058,Root colonisation and spore numbers of the arbuscular mycorrhizal fungi in subalpine grasslands vary depending on the host shrub species,T10451,T10451.C02,propose_split,,0.9136458582634815
https://openalex.org/W7134230873,Linking Genes to Traits in Fungi,T10451,T10451.C02,propose_split,,0.9070203129942211
https://openalex.org/W7140024333,"Enoplomischus formiculus Wesołowska & Russell-Smith & Danflous 2026, comb. nov.",T10451,T10451.C02,propose_split,,0.8898611545176113
https://openalex.org/W71455819,Arbuscular mycorrhizal fungi,T10451,T10451.C02,propose_split,,0.9267262947989243
https://openalex.org/W7152077315,Manure addition improves soil quality in subalpine meadows by affecting fungal diversity and network complexity,T10451,T10451.C02,propose_split,,0.8966911842687023
https://openalex.org/W7158938286,Research on the treatment of potato tubers with nitrogen-fixing bacteria and biological preparations with mycorrhizal properties: experience and prospects,T10451,T10451.C02,propose_split,,0.9160183282888181
https://openalex.org/W7160832144,Increasing the Production of Chili Peppers (Capsicum frutescens) with Application of Mycorrhiza Glomus Moseae and Gigaspora on Sea Sand Media,T10451,T10451.C02,propose_split,,0.9084391144197473
https://openalex.org/W7161036505,Mechanisms underlying potato straw incorporation driving soil microbiome–metabolite interactions to enhance soybean growth,T10451,T10451.C02,propose_split,,0.9056223586286115
https://openalex.org/W7161400414,"Lecanicillium hemileiae Colman, H. C. Evans, J. P. M. Araujo & R. W. Barreto 2025, sp. nov.",T10451,T10451.C02,propose_split,,0.8997154008475756
https://openalex.org/W7171847593,"Proterochaete bambusicola Spirin 2026, comb. nov.",T10451,T10451.C02,propose_split,,0.897731561043009
https://openalex.org/W7172575029,Behavior of the natural arbuscular mycorrhiza of oil-bearing rose under the influence of organic fertilization,T10451,T10451.C02,propose_split,,0.9084588485755958
https://openalex.org/W7201859320,Phragmidium leucoaecium Y. M. Liang & Y. Liu,T10451,T10451.C02,propose_split,,0.9038949493880587
https://openalex.org/W7203607346,Endophytic Beauveria bassiana differentially regulates photosynthetic performance across three Brassica oleracea varieties under developmental shifts and drought stress,T10451,T10451.C02,propose_split,,0.9093536839057349
https://openalex.org/W7204238498,"Pithoascus cavernicola X. F. Liu, Karun., Tibpromma & K. D. Hyde 2026, sp. nov.",T10451,T10451.C02,propose_split,,0.9004949686656315
https://openalex.org/W7211929642,Nine years of CO2 enrichment at the alpine treeline stimulates soil respiration but does not alter soil microbial communities,T10451,T10451.C02,propose_split,,0.8866026220174534
https://openalex.org/W7213637624,Regional variation strongly shapes the culturable root mycobiome of rosette-stage rapeseed (Brassica napus L.) in northwestern Spain,T10451,T10451.C02,propose_split,,0.905338669077736
https://openalex.org/W74936838,Protein Profiling Analyses in Arbuscular Mycorrhizal Symbiosis,T10451,T10451.C02,propose_split,,0.9198228505284323
https://openalex.org/W785842723,Adaptive evolution in the Pseudomonas fluorescens Wsp signalling pathway : exploring the relationship between genetic cause and phenotypic effect,T10451,T10451.C02,propose_split,,0.9031747155293633
https://openalex.org/W853105695,Observations on Armillaria.,T10451,T10451.C02,propose_split,,0.9099821363191182
https://openalex.org/W855073940,Phytopathogenic micromycetes in southern Lower Saxony.,T10451,T10451.C02,propose_split,,0.9170026419858949
https://openalex.org/W878971836,Ability of Ectomycorrhizal FUngus Laccaria biclor S238N to Increase the Growth of Douglas FIr Seedlings and Their Phosphorus and Potassium Uptake,T10451,T10451.C02,propose_split,,0.9126499451219008
https://openalex.org/W899102170,Vesicular-arbuscular mycorrhiza in Solanum-lycocarpum st.-hil.,T10451,T10451.C02,propose_split,,0.9267048656499035
https://openalex.org/W918887673,丛枝菌根（AM）真菌对翅果油树幼苗根系的影响,T10451,T10451.C02,propose_split,,0.8700946767598116
https://openalex.org/W94489622,Effect of Different Types of Inocula of Ectomycorrhizal Fungus ( Pisolithus albus ) on the Growth Improvement of Eucalyptus tereticornis Clone,T10451,T10451.C02,propose_split,,0.9193378651866058
https://openalex.org/W951600084,A review of the challenges for long term management of krasnozems in Australia,T10451,T10451.C02,propose_split,,0.8824273337606118
https://openalex.org/W967696761,70 lat dzialalnosci Polskiego Towarzystwa Mikrobiologow,T10451,T10451.C02,propose_split,,0.8661503436072718
https://openalex.org/W98392026,Phaeosphaeria in the Arctic and Alpine Zones,T10451,T10451.C02,propose_split,,0.8950147200729611
https://openalex.org/W986859558,Wiciokrzewy kwitnace kaskady,T10451,T10451.C02,propose_split,,0.8687743979498627
https://openalex.org/W988896650,Debaryomyces Lodder & Kreger-van Rij Nom. Cons,T10451,T10451.C02,propose_split,,0.8997229027961231
https://openalex.org/W99284464,Semantische Technologien für ein öffentlich-privates Wissensmanagement im Agrarbereich.,T10451,T10451.C02,propose_split,,0.8688620704305062
https://openalex.org/W144162059,Improving classification accuracy of spectrally similar tree species: a complex case study in the Kruger National Park,T10895,T10895.C03,propose_split,,0.9215852711284142
https://openalex.org/W1486152513,Vegetative mapping with false-color infrared aerial photography …and comparison with black and white,T10895,T10895.C03,propose_split,,0.906672562373684
https://openalex.org/W1753998000,Formative Evaluation of Massachusetts Audubon Society?s Coastal Waterbird Program,T10895,T10895.C03,propose_split,,0.8986798775122686
https://openalex.org/W1897550767,COMPARATIVE PHYLOGEOGRAPHY OF SOME ARIDLAND BIRD SPECIES1,T10895,T10895.C02,propose_split,,0.8977264484763636
https://openalex.org/W2004984459,Assisted colonization in a changing climate: a test‐study using two U.K. butterflies,T10895,T10895.C03,propose_split,,0.9195105561709409
https://openalex.org/W2006360665,Does vicariance shape biotas? Biogeographical tests of the vicariance model in the north‐west European land snail fauna,T10895,T10895.C03,propose_split,,0.8984484327477613
https://openalex.org/W2008033349,"Potenciais efeitos das mudanças climáticas futuras sobre a distribuiçãode um anuro da Caatinga Rhinella granulosa (Anura, Bufonidae)",T10895,T10895.C03,propose_split,,0.9074179901905228
https://openalex.org/W2010915238,Diagnostic stages of urodele metamorphosis. With references to Amblystoma punctatum and triturus viridescens,T10895,T10895.C01,propose_split,,0.9166507049672912
https://openalex.org/W2038467011,"How heterogeneous are the cloud forest communities in the mountains of central Veracruz, Mexico?",T10895,T10895.C02,propose_split,,0.8571019331120778
https://openalex.org/W2042221865,Evolution of the indoor biome,T10895,T10895.C05,propose_split,,0.8900779649990448
https://openalex.org/W2042622298,Classification and evaluation of spider (Araneae) assemblages on environmentally sensitive areas in Northern Ireland,T10895,T10895.C03,propose_split,,0.90591851213735
https://openalex.org/W2076085372,On Bird Species Diversity. II. Prediction of Bird Census from Habitat Measurements,T10895,T10895.C03,propose_split,,0.9298028840907981
https://openalex.org/W2082786772,Crunching Bugs' - Quantitative biostratigraphy for explorations,T10895,T10895.C03,propose_split,,0.9128670334270281
https://openalex.org/W2084723593,Moths in fragments: insights into the biology and ecology of the Australian endangered golden sun moth Synemon plana (Lepidoptera: Castniidae) in natural temperate and exotic grassland remnants,T10895,T10895.C05,propose_split,,0.9119436522235628
https://openalex.org/W2087770990,Predicting breeding shorebird distributions on the Arctic Coastal Plain of Alaska,T10895,T10895.C03,propose_split,,0.9175674425849265
https://openalex.org/W2089781772,Software for minimalistic data management in large camera trap studies,T10895,T10895.C03,propose_split,,0.8759573256602603
https://openalex.org/W2097339885,Further Thoughts on Subspecies and Trinomials,T10895,T10895.C01,propose_split,,0.9143052581396155
https://openalex.org/W2155470232,New Heuristic Methods for Joint Species Delimitation and Species Tree Inference,T10895,T10895.C03,propose_split,,0.9222771971401278
https://openalex.org/W2171100696,Occupancy patterns of large mammals in the Far North of Ontario under imperfect detection and spatial autocorrelation,T10895,T10895.C05,propose_split,,0.9209338328400588
https://openalex.org/W2249244841,Prioridades de Conservación de Flora Cantábrica de Interés en Castilla y León,T10895,T10895.C02,propose_split,,0.8898705861602624
https://openalex.org/W2265923254,Toward a digital resilience,T10895,T10895.C03,propose_split,,0.8731873872195697
https://openalex.org/W2308807905,La distribución geográfica de la tángara azul-gris (Thraupis episcopus) en hábitats modificados antropogénicamente en México The geographical distribution of the Blue-gray Tanager (Thraupis episcopus) through anthropogenically modified habitats in Mexico,T10895,T10895.C03,propose_split,,0.9137223856588769
https://openalex.org/W2315776692,A Record of Homing in the Big Brown Bat,T10895,T10895.C05,propose_split,,0.8858742475066701
https://openalex.org/W2321652415,Cooling and Thermal Conductivity in Three Small Alaskan Mammals,T10895,T10895.C05,propose_split,,0.9148208147642659
https://openalex.org/W2322716337,Comparative evaluation of multiple models of the effects of climate change on the potential distribution of Pinus massoniana,T10895,T10895.C03,propose_split,,0.924909475112281
https://openalex.org/W23317817,Protocol for Landsat-Based Monitoring of Landscape Dynamics at North Coast and Cascades Network Parks,T10895,T10895.C03,propose_split,,0.903399798319044
https://openalex.org/W2332605181,The Pleistocene Storks of California,T10895,T10895.C05,propose_split,,0.9168539484900075
https://openalex.org/W2345980388,Patchy distribution and varied habitats of Macrozamia lucida cycads explained by constancy in a key environmental variable,T10895,T10895.C03,propose_split,,0.9150322772887846
https://openalex.org/W2543878096,"Seasonal adaptation, phenology and survival in gall-inducing sawflies (Tenthredinidae: Nematinae: Pontania)",T10895,T10895.C05,propose_split,,0.9095989688785467
https://openalex.org/W2558911611,Wat heeft het nemen van beslissingen te maken met een ijsklontje,T10895,T10895.C05,propose_split,,0.841310144691799
https://openalex.org/W2583878062,The Global Pollen Project: a new tool for pollen identification and the dissemination of physical reference collections,T10895,T10895.C03,propose_split,,0.9029171566686217
https://openalex.org/W2610389174,Below Canopy Meteorological Measurements at Three Florida Sites with Varying Tree Cover and Development,T10895,T10895.C03,propose_split,,0.9079464653040454
https://openalex.org/W2747630878,Phylogenetic relationships and genetic diversity of the Polypedates leucomystax complex in Thailand,T10895,T10895.C01,propose_split,,0.9012458960839465
https://openalex.org/W2748636145,Tree Phenology,T10895,T10895.C03,propose_split,,0.9257879950771308
https://openalex.org/W2780334439,Long‐term increases in tropical flowering activity across growth forms in response to rising CO 2 and climate change,T10895,T10895.C03,propose_split,,0.9082562193338846
https://openalex.org/W2804366674,"Spatial abundance models and seasonal distribution for guanaco (Lama guanicoe) in central Tierra del Fuego, Argentina",T10895,T10895.C03,propose_split,,0.9090323014360586
https://openalex.org/W2805084181,Defender or sentinel? Evaluating mechanisms of predator protection in corvid nesting associations,T10895,T10895.C05,propose_split,,0.9034706607539783
https://openalex.org/W2884449058,Citizen Science and Low-Cost Sensors for Integrated Water Resources Management,T10895,T10895.C03,propose_split,,0.9036931084763199
https://openalex.org/W2895498258,"Barred Owls: A Nocturnal Generalist Thrives in Wooded, Suburban Habitats",T10895,T10895.C05,propose_split,,0.9005324397619507
https://openalex.org/W2901147594,Evidence for a geographical gradient selection in the distribution of breeding Podicipedidae and Rallidae in the south-western Mediterranean,T10895,T10895.C03,propose_split,,0.9083151730696081
https://openalex.org/W2914541071,"New distribution records for amphibians and reptiles in eastern Chihuahua, Mexico",T10895,T10895.C05,propose_split,,0.9049049603751781
https://openalex.org/W2947270788,"Review of the endemic New Zealand genus Arctesthes Meyrick (Lepidoptera, Geometridae, Larentiinae), with descriptions of two new range-restricted species",T10895,T10895.C01,propose_split,,0.9157724783825292
https://openalex.org/W2977308714,Climate-induced phenology shifts linked to range expansions in species with multiple reproductive cycles per year,T10895,T10895.C03,propose_split,,0.9044030836815423
https://openalex.org/W2993102187,"Primera aproximación al uso de la ocupación del tapir (Tapirella bairdii Gill, 1865) como indicador de la integridad ecológica en la Reserva de la Biosfera Maya, Guatemala",T10895,T10895.C05,propose_split,,0.8957626544609557
https://openalex.org/W3049584116,Folksonomies to Support Coordination and Coordination of Folksonomies,T10895,T10895.C02,propose_split,,0.8857651909907532
https://openalex.org/W3134583800,Iniciativa del Corredor del Jaguar: un Corredor Biológico y un compromiso a largo plazo para la conservación,T10895,T10895.C02,propose_split,,0.8953538180576133
https://openalex.org/W3182057078,Estimation of the Recent Expansion Rate of Ruspolia nitidula (Orthoptera) on a Regional and Landscape Scale,T10895,T10895.C03,propose_split,,0.9126669031724656
https://openalex.org/W3203974766,Predicting distribution and range dynamics of Trillium govanianum under climate change and growing human footprint for targeted conservation,T10895,T10895.C03,propose_split,,0.9315634663256099
https://openalex.org/W3210434201,Murina peninsularis Hill 1964,T10895,T10895.C02,propose_split,,0.8908504570887352
https://openalex.org/W4213085300,Variations in accuracy of leaf functional trait prediction due to spectral mixing,T10895,T10895.C03,propose_split,,0.9024557765356557
https://openalex.org/W4223960728,Integrating presence‐only and occupancy data to model habitat use for the northernmost population of jaguars,T10895,T10895.C03,propose_split,,0.9146615159384968
https://openalex.org/W4229008136,"Effects of habitat, season and flood on corvid scavenging dynamics in Central Australia",T10895,T10895.C05,propose_split,,0.9030580605402081
https://openalex.org/W4231875190,Instructions for Contributions toWaterbirds,T10895,T10895.C02,propose_split,,0.8955679560549197
https://openalex.org/W4231901790,Flightlessness in Steamer-Ducks (Anatidae: tachyeres): Its Morphological Bases and Probable Evolution,T10895,T10895.C05,propose_split,,0.9011507406357259
https://openalex.org/W4232421869,Corrigendum,T10895,T10895.C01,propose_split,,0.9117297244575704
https://openalex.org/W4234256692,Nomenclature Abstract for Incertae sedis 497 Pfleiderer et al. 2013.,T10895,T10895.C01,propose_split,,0.9017301179680974
https://openalex.org/W4235401866,Climate Change Projections of Terrestrial Primary Productivity over the Hindu Kush Himalayan Forests,T10895,T10895.C03,propose_split,,0.914720931480321
https://openalex.org/W4237033148,Rhinella yunga: IUCN SSC Amphibian Specialist Group,T10895,T10895.C02,propose_split,,0.9246647587210246
https://openalex.org/W4237424060,Taxonomic Abstract for the species.,T10895,T10895.C01,propose_split,,0.9567324547425283
https://openalex.org/W4241602123,"Edwards, John Menlove (1910–1958), rock-climber",T10895,T10895.C01,propose_split,,0.8463089553080111
https://openalex.org/W4241716641,Zenaida asiatica: BirdLife International,T10895,T10895.C02,propose_split,,0.9270036769774614
https://openalex.org/W4243407248,Taxonomic Abstract for the species.,T10895,T10895.C01,propose_split,,0.9567324547425283
https://openalex.org/W4243586068,Arthroleptis variabilis: IUCN SSC Amphibian Specialist Group,T10895,T10895.C02,propose_split,,0.9306298885031442
https://openalex.org/W4243609704,Skull of the neotenic salamandrid amphibian Triturus alpestris and abbreviated development in the Tertiary Salamandridae,T10895,T10895.C01,propose_split,,0.9097364765869093
https://openalex.org/W4250963556,29. Taxonomy And Amphibian Declines,T10895,T10895.C01,propose_split,,0.9316674140112693
https://openalex.org/W4253982390,The Midsummer Status of Certain Birds in the Southern California Lowlands,T10895,T10895.C05,propose_split,,0.9074465253659376
https://openalex.org/W4254573373,Taxonomic Abstract for the species.,T10895,T10895.C01,propose_split,,0.9567324547425283
https://openalex.org/W4255286430,Megaceryle maxima: BirdLife International,T10895,T10895.C02,propose_split,,0.920021395512348
https://openalex.org/W4255800967,"Peer Review #3 of ""An integrative taxonomic analysis reveals a new species of lotic Hynobius salamander from Japan (v0.1)""",T10895,T10895.C01,propose_split,,0.9208515604965648
https://openalex.org/W4282981372,Choice of climate data affects the performance and interpretation of species distribution models.,T10895,T10895.C03,propose_split,,0.9000715429279941
https://openalex.org/W4292466940,"Decision letter for ""Huge spring migrations of insects from the Middle East to Europe: quantifying the migratory assemblage and ecosystem services""",T10895,T10895.C03,propose_split,,0.9119851974017124
https://openalex.org/W4312381700,"Argentine Black and White Tegu in South Florida: Population Growth, Spread, and Containment",T10895,T10895.C05,propose_split,,0.9146033530794214
https://openalex.org/W4313169192,"A rapid assessment of mammals of the Nassau and Lely plateaus, Eastern Suriname",T10895,T10895.C05,propose_split,,0.9169720996967489
https://openalex.org/W4376870802,Weed resistance assessment through airborne multimodal data fusion and deep learning: A novel approach towards sustainable agriculture,T10895,T10895.C03,propose_split,,0.9247865490736124
https://openalex.org/W4385200184,Decision: Personalised ecology and the future of biodiversity — R0/PR6,T10895,T10895.C03,propose_split,,0.9150452169033264
https://openalex.org/W4385974564,Preface to the Fourth Edition,T10895,T10895.C01,propose_split,,0.9047094321810484
https://openalex.org/W4387803498,Investigating the Effects of Autocorrelation in Dataset Construction on Tree Species Classification using Field and Airborne Hyperspectral Data,T10895,T10895.C03,propose_split,,0.9241936048707392
https://openalex.org/W4389121641,Warming and top‐down control of stage‐structured prey: Linking theory to patterns in natural systems,T10895,T10895.C05,propose_split,,0.9156347751371613
https://openalex.org/W4390000941,Lechriodus fletcheri: IUCN SSC Amphibian Specialist Group,T10895,T10895.C02,propose_split,,0.9195614973706104
https://openalex.org/W4390001570,Minervarya asmati: IUCN SSC Amphibian Specialist Group,T10895,T10895.C02,propose_split,,0.928256492852905
https://openalex.org/W4390062107,Spearhead blues: How threats to the damselfly Coenagrion hastulatum changed over time,T10895,T10895.C05,propose_split,,0.8992328577667825
https://openalex.org/W4393445146,Sardinia_Pr_Gfdl-Esm2M_Rcp4P5_2006-2099_Monthly.Dat,T10895,T10895.C03,propose_split,,0.8873008424529042
https://openalex.org/W4394158581,"Evolution, diversity and interactions with past human populations of recently extinct Pholidoscelis lizards (Squamata: Teiidae) from the Guadeloupe Islands (French West-Indies)",T10895,T10895.C05,propose_split,,0.9110787291608778
https://openalex.org/W4395136673,Occurrence Download,T10895,T10895.C04,propose_split,,1.000000009154638
https://openalex.org/W4395139306,Occurrence Download,T10895,T10895.C04,propose_split,,1.000000009154638
https://openalex.org/W4395139803,Occurrence Download,T10895,T10895.C04,propose_split,,1.000000009154638
https://openalex.org/W4395144370,Occurrence Download,T10895,T10895.C04,propose_split,,1.000000009154638
https://openalex.org/W4395151579,Occurrence Download,T10895,T10895.C04,propose_split,,1.000000009154638
https://openalex.org/W4395155045,Occurrence Download,T10895,T10895.C04,propose_split,,1.000000009154638
https://openalex.org/W4395159131,Occurrence Download,T10895,T10895.C04,propose_split,,1.000000009154638
https://openalex.org/W4395162553,Occurrence Download,T10895,T10895.C04,propose_split,,1.000000009154638
https://openalex.org/W4395164854,Occurrence Download,T10895,T10895.C04,propose_split,,1.000000009154638
https://openalex.org/W4395166041,Occurrence Download,T10895,T10895.C04,propose_split,,1.000000009154638
https://openalex.org/W4395166444,Occurrence Download,T10895,T10895.C04,propose_split,,1.000000009154638
https://openalex.org/W4395166943,Occurrence Download,T10895,T10895.C04,propose_split,,1.000000009154638
https://openalex.org/W4395171344,Occurrence Download,T10895,T10895.C04,propose_split,,1.000000009154638
https://openalex.org/W4395177420,Occurrence Download,T10895,T10895.C04,propose_split,,1.000000009154638
https://openalex.org/W4395182516,Occurrence Download,T10895,T10895.C04,propose_split,,1.000000009154638
https://openalex.org/W4395189197,Occurrence Download,T10895,T10895.C04,propose_split,,1.000000009154638
https://openalex.org/W4395189215,Occurrence Download,T10895,T10895.C04,propose_split,,1.000000009154638
https://openalex.org/W4395203145,Occurrence Download,T10895,T10895.C04,propose_split,,1.000000009154638
https://openalex.org/W4395219786,Occurrence Download,T10895,T10895.C04,propose_split,,1.000000009154638
https://openalex.org/W4395219838,Occurrence Download,T10895,T10895.C04,propose_split,,1.000000009154638
https://openalex.org/W4395231847,Occurrence Download,T10895,T10895.C04,propose_split,,1.000000009154638
https://openalex.org/W4395232670,Occurrence Download,T10895,T10895.C04,propose_split,,1.000000009154638
https://openalex.org/W4395236041,Occurrence Download,T10895,T10895.C04,propose_split,,1.000000009154638
https://openalex.org/W4395237703,Occurrence Download,T10895,T10895.C04,propose_split,,1.000000009154638
https://openalex.org/W4395241069,Occurrence Download,T10895,T10895.C04,propose_split,,1.000000009154638
https://openalex.org/W4395249827,Occurrence Download,T10895,T10895.C04,propose_split,,1.000000009154638
https://openalex.org/W4395259658,Occurrence Download,T10895,T10895.C04,propose_split,,1.000000009154638
https://openalex.org/W4395260616,Occurrence Download,T10895,T10895.C04,propose_split,,1.000000009154638
https://openalex.org/W4395261187,Occurrence Download,T10895,T10895.C04,propose_split,,1.000000009154638
https://openalex.org/W4395267295,Occurrence Download,T10895,T10895.C04,propose_split,,1.000000009154638
https://openalex.org/W4395267832,Occurrence Download,T10895,T10895.C04,propose_split,,1.000000009154638
https://openalex.org/W4395277067,Occurrence Download,T10895,T10895.C04,propose_split,,1.000000009154638
https://openalex.org/W4395299422,Occurrence Download,T10895,T10895.C04,propose_split,,1.000000009154638
https://openalex.org/W4395302649,Occurrence Download,T10895,T10895.C04,propose_split,,1.000000009154638
https://openalex.org/W4395305925,Occurrence Download,T10895,T10895.C04,propose_split,,1.000000009154638
https://openalex.org/W4395313783,Occurrence Download,T10895,T10895.C04,propose_split,,1.000000009154638
https://openalex.org/W4395320251,Occurrence Download,T10895,T10895.C04,propose_split,,1.000000009154638
https://openalex.org/W4395327256,Occurrence Download,T10895,T10895.C04,propose_split,,1.000000009154638
https://openalex.org/W4395336783,Occurrence Download,T10895,T10895.C04,propose_split,,1.000000009154638
https://openalex.org/W4395341300,Occurrence Download,T10895,T10895.C04,propose_split,,1.000000009154638
https://openalex.org/W4395346499,Occurrence Download,T10895,T10895.C04,propose_split,,1.000000009154638
https://openalex.org/W4395353348,Occurrence Download,T10895,T10895.C04,propose_split,,1.000000009154638
https://openalex.org/W4395373226,Occurrence Download,T10895,T10895.C04,propose_split,,1.000000009154638
https://openalex.org/W4395376570,Occurrence Download,T10895,T10895.C04,propose_split,,1.000000009154638
https://openalex.org/W4395378545,Occurrence Download,T10895,T10895.C04,propose_split,,1.000000009154638
https://openalex.org/W4395380470,Occurrence Download,T10895,T10895.C04,propose_split,,1.000000009154638
https://openalex.org/W4395383257,Occurrence Download,T10895,T10895.C04,propose_split,,1.000000009154638
https://openalex.org/W4395383375,Occurrence Download,T10895,T10895.C04,propose_split,,1.000000009154638
https://openalex.org/W4395388500,Occurrence Download,T10895,T10895.C04,propose_split,,1.000000009154638
https://openalex.org/W4395389319,Occurrence Download,T10895,T10895.C04,propose_split,,1.000000009154638
https://openalex.org/W4395392857,Occurrence Download,T10895,T10895.C04,propose_split,,1.000000009154638
https://openalex.org/W4395404942,Occurrence Download,T10895,T10895.C04,propose_split,,1.000000009154638
https://openalex.org/W4395405569,Occurrence Download,T10895,T10895.C04,propose_split,,1.000000009154638
https://openalex.org/W4395405702,Occurrence Download,T10895,T10895.C04,propose_split,,1.000000009154638
https://openalex.org/W4395420562,Occurrence Download,T10895,T10895.C04,propose_split,,1.000000009154638
https://openalex.org/W4395427124,Occurrence Download,T10895,T10895.C04,propose_split,,1.000000009154638
https://openalex.org/W4395428912,Occurrence Download,T10895,T10895.C04,propose_split,,1.000000009154638
https://openalex.org/W4395433614,Occurrence Download,T10895,T10895.C04,propose_split,,1.000000009154638
https://openalex.org/W4395486377,Occurrence Download,T10895,T10895.C04,propose_split,,1.000000009154638
https://openalex.org/W4395486734,Occurrence Download,T10895,T10895.C04,propose_split,,1.000000009154638
https://openalex.org/W4395486932,Occurrence Download,T10895,T10895.C04,propose_split,,1.000000009154638
https://openalex.org/W4395501574,Occurrence Download,T10895,T10895.C04,propose_split,,1.000000009154638
https://openalex.org/W4395504218,Occurrence Download,T10895,T10895.C04,propose_split,,1.000000009154638
https://openalex.org/W4395515556,Occurrence Download,T10895,T10895.C04,propose_split,,1.000000009154638
https://openalex.org/W4395519653,Occurrence Download,T10895,T10895.C04,propose_split,,1.000000009154638
https://openalex.org/W4395522310,Occurrence Download,T10895,T10895.C04,propose_split,,1.000000009154638
https://openalex.org/W4395524561,Occurrence Download,T10895,T10895.C04,propose_split,,1.000000009154638
https://openalex.org/W4395525000,Occurrence Download,T10895,T10895.C04,propose_split,,1.000000009154638
https://openalex.org/W4395529347,Occurrence Download,T10895,T10895.C04,propose_split,,1.000000009154638
https://openalex.org/W4395529713,Occurrence Download,T10895,T10895.C04,propose_split,,1.000000009154638
https://openalex.org/W4395532048,Occurrence Download,T10895,T10895.C04,propose_split,,1.000000009154638
https://openalex.org/W4395533540,Occurrence Download,T10895,T10895.C04,propose_split,,1.000000009154638
https://openalex.org/W4395558346,Occurrence Download,T10895,T10895.C04,propose_split,,1.000000009154638
https://openalex.org/W4395561499,Occurrence Download,T10895,T10895.C04,propose_split,,1.000000009154638
https://openalex.org/W4395563664,Occurrence Download,T10895,T10895.C04,propose_split,,1.000000009154638
https://openalex.org/W4395583152,Occurrence Download,T10895,T10895.C04,propose_split,,1.000000009154638
https://openalex.org/W4395586280,Occurrence Download,T10895,T10895.C04,propose_split,,1.000000009154638
https://openalex.org/W4395594539,Occurrence Download,T10895,T10895.C04,propose_split,,1.000000009154638
https://openalex.org/W4395604886,Occurrence Download,T10895,T10895.C04,propose_split,,1.000000009154638
https://openalex.org/W4395613696,Occurrence Download,T10895,T10895.C04,propose_split,,1.000000009154638
https://openalex.org/W4395622252,Occurrence Download,T10895,T10895.C04,propose_split,,1.000000009154638
https://openalex.org/W4395628529,Occurrence Download,T10895,T10895.C04,propose_split,,1.000000009154638
https://openalex.org/W4395632131,Occurrence Download,T10895,T10895.C04,propose_split,,1.000000009154638
https://openalex.org/W4395636906,Occurrence Download,T10895,T10895.C04,propose_split,,1.000000009154638
https://openalex.org/W4395643516,Occurrence Download,T10895,T10895.C04,propose_split,,1.000000009154638
https://openalex.org/W4395648247,Occurrence Download,T10895,T10895.C04,propose_split,,1.000000009154638
https://openalex.org/W4395654510,Occurrence Download,T10895,T10895.C04,propose_split,,1.000000009154638
https://openalex.org/W4395709819,Occurrence Download,T10895,T10895.C04,propose_split,,1.000000009154638
https://openalex.org/W4395726575,Occurrence Download,T10895,T10895.C04,propose_split,,1.000000009154638
https://openalex.org/W4395731645,Occurrence Download,T10895,T10895.C04,propose_split,,1.000000009154638
https://openalex.org/W4395742803,Occurrence Download,T10895,T10895.C04,propose_split,,1.000000009154638
https://openalex.org/W4395773746,Occurrence Download,T10895,T10895.C04,propose_split,,1.000000009154638
https://openalex.org/W4395774793,Occurrence Download,T10895,T10895.C04,propose_split,,1.000000009154638
https://openalex.org/W4395781941,Occurrence Download,T10895,T10895.C04,propose_split,,1.000000009154638
https://openalex.org/W4395810066,Occurrence Download,T10895,T10895.C04,propose_split,,1.000000009154638
https://openalex.org/W4395817209,Occurrence Download,T10895,T10895.C04,propose_split,,1.000000009154638
https://openalex.org/W4395827632,Occurrence Download,T10895,T10895.C04,propose_split,,1.000000009154638
https://openalex.org/W4395840862,Occurrence Download,T10895,T10895.C04,propose_split,,1.000000009154638
https://openalex.org/W4395857810,Occurrence Download,T10895,T10895.C04,propose_split,,1.000000009154638
https://openalex.org/W4395863177,Occurrence Download,T10895,T10895.C04,propose_split,,1.000000009154638
https://openalex.org/W4395865036,Occurrence Download,T10895,T10895.C04,propose_split,,1.000000009154638
https://openalex.org/W4395867615,Occurrence Download,T10895,T10895.C04,propose_split,,1.000000009154638
https://openalex.org/W4395869308,Occurrence Download,T10895,T10895.C04,propose_split,,1.000000009154638
https://openalex.org/W4395870316,Occurrence Download,T10895,T10895.C04,propose_split,,1.000000009154638
https://openalex.org/W4395877679,Occurrence Download,T10895,T10895.C04,propose_split,,1.000000009154638
https://openalex.org/W4395878184,Occurrence Download,T10895,T10895.C04,propose_split,,1.000000009154638
https://openalex.org/W4395886920,Occurrence Download,T10895,T10895.C04,propose_split,,1.000000009154638
https://openalex.org/W4395887057,Occurrence Download,T10895,T10895.C04,propose_split,,1.000000009154638
https://openalex.org/W4395893269,Occurrence Download,T10895,T10895.C04,propose_split,,1.000000009154638
https://openalex.org/W4395899665,Occurrence Download,T10895,T10895.C04,propose_split,,1.000000009154638
https://openalex.org/W4395900272,Occurrence Download,T10895,T10895.C04,propose_split,,1.000000009154638
https://openalex.org/W4395904791,Occurrence Download,T10895,T10895.C04,propose_split,,1.000000009154638
https://openalex.org/W4395913265,Occurrence Download,T10895,T10895.C04,propose_split,,1.000000009154638
https://openalex.org/W4395916583,Occurrence Download,T10895,T10895.C04,propose_split,,1.000000009154638
https://openalex.org/W4395923721,Occurrence Download,T10895,T10895.C04,propose_split,,1.000000009154638
https://openalex.org/W4395926113,Occurrence Download,T10895,T10895.C04,propose_split,,1.000000009154638
https://openalex.org/W4395927228,Occurrence Download,T10895,T10895.C04,propose_split,,1.000000009154638
https://openalex.org/W4395930094,Occurrence Download,T10895,T10895.C04,propose_split,,1.000000009154638
https://openalex.org/W4395932229,Occurrence Download,T10895,T10895.C04,propose_split,,1.000000009154638
https://openalex.org/W4395933588,Occurrence Download,T10895,T10895.C04,propose_split,,1.000000009154638
https://openalex.org/W4395937162,Occurrence Download,T10895,T10895.C04,propose_split,,1.000000009154638
https://openalex.org/W4395952302,Occurrence Download,T10895,T10895.C04,propose_split,,1.000000009154638
https://openalex.org/W4395975502,Occurrence Download,T10895,T10895.C04,propose_split,,1.000000009154638
https://openalex.org/W4395976213,Occurrence Download,T10895,T10895.C04,propose_split,,1.000000009154638
https://openalex.org/W4395980097,Occurrence Download,T10895,T10895.C04,propose_split,,1.000000009154638
https://openalex.org/W4396001722,Occurrence Download,T10895,T10895.C04,propose_split,,1.000000009154638
https://openalex.org/W4396004163,Occurrence Download,T10895,T10895.C04,propose_split,,1.000000009154638
https://openalex.org/W4396014588,Occurrence Download,T10895,T10895.C04,propose_split,,1.000000009154638
https://openalex.org/W4396014605,Occurrence Download,T10895,T10895.C04,propose_split,,1.000000009154638
https://openalex.org/W4396029377,Occurrence Download,T10895,T10895.C04,propose_split,,1.000000009154638
https://openalex.org/W4396030162,Occurrence Download,T10895,T10895.C04,propose_split,,1.000000009154638
https://openalex.org/W4396030911,Occurrence Download,T10895,T10895.C04,propose_split,,1.000000009154638
https://openalex.org/W4396037491,Occurrence Download,T10895,T10895.C04,propose_split,,1.000000009154638
https://openalex.org/W4396040583,Occurrence Download,T10895,T10895.C04,propose_split,,1.000000009154638
https://openalex.org/W4396054147,Occurrence Download,T10895,T10895.C04,propose_split,,1.000000009154638
https://openalex.org/W4396058646,Occurrence Download,T10895,T10895.C04,propose_split,,1.000000009154638
https://openalex.org/W4396058982,Occurrence Download,T10895,T10895.C04,propose_split,,1.000000009154638
https://openalex.org/W4396060300,Occurrence Download,T10895,T10895.C04,propose_split,,1.000000009154638
https://openalex.org/W4396062482,Occurrence Download,T10895,T10895.C04,propose_split,,1.000000009154638
https://openalex.org/W4396063493,Occurrence Download,T10895,T10895.C04,propose_split,,1.000000009154638
https://openalex.org/W4396064596,Occurrence Download,T10895,T10895.C04,propose_split,,1.000000009154638
https://openalex.org/W4396076020,Occurrence Download,T10895,T10895.C04,propose_split,,1.000000009154638
https://openalex.org/W4396077161,Occurrence Download,T10895,T10895.C04,propose_split,,1.000000009154638
https://openalex.org/W4396089091,Occurrence Download,T10895,T10895.C04,propose_split,,1.000000009154638
https://openalex.org/W4396090038,Occurrence Download,T10895,T10895.C04,propose_split,,1.000000009154638
https://openalex.org/W4396091825,Occurrence Download,T10895,T10895.C04,propose_split,,1.000000009154638
https://openalex.org/W4396096168,Occurrence Download,T10895,T10895.C04,propose_split,,1.000000009154638
https://openalex.org/W4396098204,Occurrence Download,T10895,T10895.C04,propose_split,,1.000000009154638
https://openalex.org/W4396113124,Occurrence Download,T10895,T10895.C04,propose_split,,1.000000009154638
https://openalex.org/W4396116998,Occurrence Download,T10895,T10895.C04,propose_split,,1.000000009154638
https://openalex.org/W4396123883,Occurrence Download,T10895,T10895.C04,propose_split,,1.000000009154638
https://openalex.org/W4396130989,Occurrence Download,T10895,T10895.C04,propose_split,,1.000000009154638
https://openalex.org/W4396133248,Occurrence Download,T10895,T10895.C04,propose_split,,1.000000009154638
https://openalex.org/W4396144011,Occurrence Download,T10895,T10895.C04,propose_split,,1.000000009154638
https://openalex.org/W4396151353,Occurrence Download,T10895,T10895.C04,propose_split,,1.000000009154638
https://openalex.org/W4396156570,Occurrence Download,T10895,T10895.C04,propose_split,,1.000000009154638
https://openalex.org/W4396170182,Occurrence Download,T10895,T10895.C04,propose_split,,1.000000009154638
https://openalex.org/W4396190606,Occurrence Download,T10895,T10895.C04,propose_split,,1.000000009154638
https://openalex.org/W4396196628,Occurrence Download,T10895,T10895.C04,propose_split,,1.000000009154638
https://openalex.org/W4396198029,Occurrence Download,T10895,T10895.C04,propose_split,,1.000000009154638
https://openalex.org/W4396199288,Occurrence Download,T10895,T10895.C04,propose_split,,1.000000009154638
https://openalex.org/W4396200563,Occurrence Download,T10895,T10895.C04,propose_split,,1.000000009154638
https://openalex.org/W4396204275,Occurrence Download,T10895,T10895.C04,propose_split,,1.000000009154638
https://openalex.org/W4396247381,Occurrence Download,T10895,T10895.C04,propose_split,,1.000000009154638
https://openalex.org/W4396253453,Occurrence Download,T10895,T10895.C04,propose_split,,1.000000009154638
https://openalex.org/W4396258279,Occurrence Download,T10895,T10895.C04,propose_split,,1.000000009154638
https://openalex.org/W4396260036,Occurrence Download,T10895,T10895.C04,propose_split,,1.000000009154638
https://openalex.org/W4396262645,Occurrence Download,T10895,T10895.C04,propose_split,,1.000000009154638
https://openalex.org/W4396263246,Occurrence Download,T10895,T10895.C04,propose_split,,1.000000009154638
https://openalex.org/W4396274525,Occurrence Download,T10895,T10895.C04,propose_split,,1.000000009154638
https://openalex.org/W4396275350,Occurrence Download,T10895,T10895.C04,propose_split,,1.000000009154638
https://openalex.org/W4396276537,Occurrence Download,T10895,T10895.C04,propose_split,,1.000000009154638
https://openalex.org/W4396277598,Occurrence Download,T10895,T10895.C04,propose_split,,1.000000009154638
https://openalex.org/W4396287508,Occurrence Download,T10895,T10895.C04,propose_split,,1.000000009154638
https://openalex.org/W4396304219,Occurrence Download,T10895,T10895.C04,propose_split,,1.000000009154638
https://openalex.org/W4396304489,Occurrence Download,T10895,T10895.C04,propose_split,,1.000000009154638
https://openalex.org/W4396327504,Occurrence Download,T10895,T10895.C04,propose_split,,1.000000009154638
https://openalex.org/W4396334490,Occurrence Download,T10895,T10895.C04,propose_split,,1.000000009154638
https://openalex.org/W4396335363,Occurrence Download,T10895,T10895.C04,propose_split,,1.000000009154638
https://openalex.org/W4396335823,Occurrence Download,T10895,T10895.C04,propose_split,,1.000000009154638
https://openalex.org/W4396338679,Occurrence Download,T10895,T10895.C04,propose_split,,1.000000009154638
https://openalex.org/W4396349812,Occurrence Download,T10895,T10895.C04,propose_split,,1.000000009154638
https://openalex.org/W4396359384,Occurrence Download,T10895,T10895.C04,propose_split,,1.000000009154638
https://openalex.org/W4396359754,Occurrence Download,T10895,T10895.C04,propose_split,,1.000000009154638
https://openalex.org/W4396364056,Occurrence Download,T10895,T10895.C04,propose_split,,1.000000009154638
https://openalex.org/W4396367640,Occurrence Download,T10895,T10895.C04,propose_split,,1.000000009154638
https://openalex.org/W4396373126,Occurrence Download,T10895,T10895.C04,propose_split,,1.000000009154638
https://openalex.org/W4396376679,Occurrence Download,T10895,T10895.C04,propose_split,,1.000000009154638
https://openalex.org/W4396378234,Occurrence Download,T10895,T10895.C04,propose_split,,1.000000009154638
https://openalex.org/W4396379282,Occurrence Download,T10895,T10895.C04,propose_split,,1.000000009154638
https://openalex.org/W4396389791,Occurrence Download,T10895,T10895.C04,propose_split,,1.000000009154638
https://openalex.org/W4396396941,Occurrence Download,T10895,T10895.C04,propose_split,,1.000000009154638
https://openalex.org/W4396404913,Occurrence Download,T10895,T10895.C04,propose_split,,1.000000009154638
https://openalex.org/W4396419716,Occurrence Download,T10895,T10895.C04,propose_split,,1.000000009154638
https://openalex.org/W4396439742,Occurrence Download,T10895,T10895.C04,propose_split,,1.000000009154638
https://openalex.org/W4396464936,Occurrence Download,T10895,T10895.C04,propose_split,,1.000000009154638
https://openalex.org/W4396480441,Occurrence Download,T10895,T10895.C04,propose_split,,1.000000009154638
https://openalex.org/W4396490403,Occurrence Download,T10895,T10895.C04,propose_split,,1.000000009154638
https://openalex.org/W4396492401,Occurrence Download,T10895,T10895.C04,propose_split,,1.000000009154638
https://openalex.org/W4400006640,Habitat quality or quantity? Niche marginality across 21 plants and animals suggests differential responses between highland and lowland species to past climatic changes,T10895,T10895.C03,propose_split,,0.9052434925265471
https://openalex.org/W4401854358,Scientific Names of Birds Mentioned in the Text,T10895,T10895.C01,propose_split,,0.9119176016283884
https://openalex.org/W4402882891,Habitat Suitability Assessment for Two Burrowing Rodents on the Island of Lesvos: A Niche-Based Approach,T10895,T10895.C03,propose_split,,0.9094836970816189
https://openalex.org/W4405146701,"Additions to the Pleistocene Mammal Faunas of South Carolina, North Carolina, and Georgia",T10895,T10895.C05,propose_split,,0.9181026064438651
https://openalex.org/W4406488000,Trochalopteron variegatum: BirdLife International,T10895,T10895.C02,propose_split,,0.925670935152329
https://openalex.org/W4407684552,Evaluating effects of data quality and variable weighting on habitat suitability modelling,T10895,T10895.C03,propose_split,,0.9173517863256226
https://openalex.org/W4408211035,An assessment of the accuracy of satellite-derived woody and grass foliage cover estimates for Australia,T10895,T10895.C03,propose_split,,0.9096785676048028
https://openalex.org/W4408483282,3DFin and 3DFos: Open-Source CloudCompare Plugins for Automated 3D Forest Inventory and Classification,T10895,T10895.C03,propose_split,,0.9002136084447806
https://openalex.org/W4413483166,Forest home of ‘polar dinosaurs’ 120 million years ago in southern Australia recreated in detail for the first time,T10895,T10895.C05,propose_split,,0.8950870758689853
https://openalex.org/W4416890236,A case for multi-gear assessments: Detection probabilities of nearshore fish with eDNA and seine nets vary by functional traits,T10895,T10895.C03,propose_split,,0.909811520296004
https://openalex.org/W6948602630,Strong constraints on the $b \to s\gamma$ photon polarisation from $B^0 \to K^{*0} e^+ e^-$ decays,T10895,T10895.C03,propose_split,,0.8789689489546905
https://openalex.org/W7117464449,"Global Suitability Areas of Two Rice Pests, Nilaparvata lugens and Sogatella furcifera , and Their Management Implications",T10895,T10895.C03,propose_split,,0.8951870807319263
https://openalex.org/W7123362985,Identifying broader distribution and permanent refugia of Korean pine (Pinus koraiensis) for adaptive management in a changing climate,T10895,T10895.C03,propose_split,,0.9238448292961379
https://openalex.org/W7126139830,DNA Divers: Volunteer-based eDNA capture for local and global marine biodiversity monitoring,T10895,T10895.C03,propose_split,,0.8897133980823907
https://openalex.org/W7160648170,Environmentally Grounded Pseudo‐Absence Sampling for Species Distribution Models: A Language Guided Framework,T10895,T10895.C03,propose_split,,0.9248149865410643
https://openalex.org/W7163919413,Versioned Archive and Review of Biotic Interactions and Taxon Names Found within mammalbase/database hash://md5/e2f396bf3ac5d5b2985297be6d577b98,T10895,T10895.C01,propose_split,,0.9268891135672245
https://openalex.org/W7169501178,Preliminary evidence for taxon-specific decoupling from local resource pathways under land-use intensification.,T10895,T10895.C03,propose_split,,0.9158193594883282
https://openalex.org/W7169764244,Variation in Greenhouse Gas Fluxes in the Nests of Leaf‐Cutting Ants ( Atta cephalotes ) Across a Dry–Wet Seasonal Transition,T10895,T10895.C03,propose_split,,0.9072977453552469
https://openalex.org/W102696996,PINCH EFFECT IN CURRENT SUSTAINING TOKAMAK BY RF TRAVELLING WAVE,T11367,T11367.C02,propose_split,,0.9079288534653633
https://openalex.org/W1173257722,Characteristics of the electromagnetic unit pulsator PUEJ.,T11367,T11367.C01,propose_split,,0.9005099213878098
https://openalex.org/W117881479,Beam dynamics studies of the 8 GeV Linac at FNAL,T11367,T11367.C01,propose_split,,0.914071736066652
https://openalex.org/W1481034158,Time-resolved diode current density measurements for the Recirculating Linac injector,T11367,T11367.C01,propose_split,,0.9143646388128094
https://openalex.org/W1537034685,Empirical Scaling Laws of Neutral Beam Injection Power in HL-2A Tokamak,T11367,T11367.C01,propose_split,,0.9161310808547279
https://openalex.org/W1551794623,Optimized magnet for a 250 MeV proton radiotherapy cyclotron,T11367,T11367.C01,propose_split,,0.9238852851063168
https://openalex.org/W1567656933,Dynamics of an Intense Electron Ring in a Modified Betatron Field.,T11367,T11367.C01,propose_split,,0.9307184316511065
https://openalex.org/W1571774647,REB pumped systems with multipole magnetic field wall shielding,T11367,T11367.C01,propose_split,,0.902260229214383
https://openalex.org/W1609473786,Theory and Simulation of the Electron Cloud Instability,T11367,T11367.C01,propose_split,,0.9193804185385134
https://openalex.org/W1620953181,High fidelity 3-dimensional models of beam-electron cloud interactions in circular accelerators,T11367,T11367.C01,propose_split,,0.9255371723743183
https://openalex.org/W1640681218,FIELD-REVERSED MIRROR REACTOR,T11367,T11367.C02,propose_split,,0.9057422518451518
https://openalex.org/W165813214,A Chopped Electron Beam Driver for H-Type Cavities,T11367,T11367.C01,propose_split,,0.9163846965941135
https://openalex.org/W1675176064,Electromagnetic Interactions of High Energy Muons.,T11367,T11367.C01,propose_split,,0.9244148917563787
https://openalex.org/W173188004,"Superconductividad: presión, temperatura y otros caminos. Discurso inaugural del año académico 2001/2002: presión, temperatura y otros caminos. Discurso inaugural del año académico 2001/2002",T11367,T11367.C02,propose_split,,0.9067628794098725
https://openalex.org/W1764462009,Sources of Halo and Beam Losses in a High Intensity Hadron Linac,T11367,T11367.C01,propose_split,,0.9130387622926686
https://openalex.org/W182695222,Current profile tailoring with far off-axis ECH power deposition in the TCV-Tokamak,T11367,T11367.C02,propose_split,,0.9072699850653894
https://openalex.org/W183673226,SPACE NUCLEAR POWER: SNAP-50/SPUR,T11367,T11367.C02,propose_split,,0.9048505550564558
https://openalex.org/W184788980,G88-879 Peafowl,T11367,T11367.C02,propose_split,,0.8871650263960636
https://openalex.org/W1856515865,MMF linac upgrade possibilities for the pulsed neutron source,T11367,T11367.C01,propose_split,,0.9033282336611468
https://openalex.org/W185662885,MECHANISM OF ISOTOPIC EXCHANGE IN MOLECULAR HYDROGEN ON PLATINUM FILMS,T11367,T11367.C01,propose_split,,0.8989190594173531
https://openalex.org/W1932969966,On solvable model with synchrotron mode-coupling [particle beam],T11367,T11367.C01,propose_split,,0.9175802633368395
https://openalex.org/W1963495667,Hall current ion-thruster performance,T11367,T11367.C01,propose_split,,0.8884704502118166
https://openalex.org/W196368871,ANALYSIS OF THE NEUTRON DYNAMICS OF A LARGE REACTOR CORE.,T11367,T11367.C01,propose_split,,0.9094728360624547
https://openalex.org/W1966849035,Measurements of triton burnup in low q discharges in the FT tokamak,T11367,T11367.C01,propose_split,,0.9069957118517508
https://openalex.org/W1967264735,Operation and Test Results From the SULTAN Test Facility,T11367,T11367.C02,propose_split,,0.9003128481114969
https://openalex.org/W1967480881,Micropulse slippage and optical mode distortion in the Boeing APLE amplifier,T11367,T11367.C01,propose_split,,0.9052737759979969
https://openalex.org/W1969201776,Analytical method for calculation of critical energy of technical superconductors based on the minimum propagating zone theory,T11367,T11367.C01,propose_split,,0.9014008146688527
https://openalex.org/W1972907968,3D simulations on output power fluctuation in a short bunch rf-linac FEL,T11367,T11367.C01,propose_split,,0.9200017538330254
https://openalex.org/W1974072736,The electron accelerator Ridgetron for industrial irradiation,T11367,T11367.C01,propose_split,,0.9052800523231912
https://openalex.org/W1975619967,Energy transport during off-axis neutral beam heating in the DIII-D tokamak,T11367,T11367.C01,propose_split,,0.9076456559970225
https://openalex.org/W1976088490,Depolarisation d'un faisceau de protons polarises dans un synchrotron,T11367,T11367.C01,propose_split,,0.9129007278800049
https://openalex.org/W1976267265,Potential model calculation for coplanar and noncoplanar proton-proton bremsstrahlung,T11367,T11367.C01,propose_split,,0.9148582382529477
https://openalex.org/W1976389600,Possibility of using a large orbit regime for operation at bounce-frequency harmonics in a free-electron maser with a guiding magnetic field,T11367,T11367.C01,propose_split,,0.90944781560271
https://openalex.org/W1980800033,LEVIS active anode lithium ion source development on PBFA-II,T11367,T11367.C02,propose_split,,0.9045194717442522
https://openalex.org/W1983236496,Optics measurement algorithms and error analysis for the proton energy frontier,T11367,T11367.C01,propose_split,,0.9059281050608852
https://openalex.org/W1984329341,Upgrade program of the high current heavy ion UNILAC as an injector for FAIR,T11367,T11367.C02,propose_split,,0.9032871768228464
https://openalex.org/W1985220087,A throttle valve for automatic pressure control in sputtering and reactive sputter etching,T11367,T11367.C02,propose_split,,0.8894042191728105
https://openalex.org/W1986740432,A Low-Loss Launcher for the Beam Waveguide (Correspondence),T11367,T11367.C01,propose_split,,0.9093692591846595
https://openalex.org/W198793133,Computation of transport and neutral beam injection in tokamaks,T11367,T11367.C01,propose_split,,0.9182622472105945
https://openalex.org/W1988532385,A decade of experiments and recent upgrading at the AMS facility in Bucharest,T11367,T11367.C02,propose_split,,0.8998293826413118
https://openalex.org/W1988713283,Effect of the Electron‐Beam Self‐Fields on Gain in an Optical Wiggler Pumped Free‐Electron Laser,T11367,T11367.C01,propose_split,,0.9078727152308287
https://openalex.org/W1989887088,Electron beam requirements for Smith-Purcell backward wave oscillator with external focusing,T11367,T11367.C01,propose_split,,0.9016671633931355
https://openalex.org/W1990896819,Water as an insulator in pulsed facilities (Review),T11367,T11367.C02,propose_split,,0.9120780205104094
https://openalex.org/W1991869398,Introduction of a controlled energy-mode in the U-150-2 cyclotron of the institute of nuclear physics of the UzbSSR academy of sciences,T11367,T11367.C01,propose_split,,0.905252022804959
https://openalex.org/W1992338001,Helium-jet system for radioactivity studies,T11367,T11367.C01,propose_split,,0.8941990329627882
https://openalex.org/W1994815792,The NA48 Trigger Supervisor design,T11367,T11367.C02,propose_split,,0.9024507444001267
https://openalex.org/W1997278088,Streaming Plasma Transport and Cutoff in Transverse Magnetic Fields,T11367,T11367.C01,propose_split,,0.9102435054388942
https://openalex.org/W1997362215,Extracted beam composition with a mixed isotope feed to a neutral-beam system,T11367,T11367.C01,propose_split,,0.9030640355287606
https://openalex.org/W1998955852,Two dimensional simulation of ion beam-plasm interaction,T11367,T11367.C01,propose_split,,0.9206864874633082
https://openalex.org/W2000884088,Design of a 180° electron scattering facility,T11367,T11367.C01,propose_split,,0.9055225880924799
https://openalex.org/W2002619612,Self-healing effect in strained multifilamentary Nb3Sn conductors,T11367,T11367.C01,propose_split,,0.8962472780074262
https://openalex.org/W2002641954,Secondary electron yields from Mo and Mo/Cs surfaces by ion impact,T11367,T11367.C01,propose_split,,0.9051754242210822
https://openalex.org/W2005694062,A NbTi 10T 388mm bore magnet working at 1.8K in pressurized superfluid helium,T11367,T11367.C01,propose_split,,0.9003400784177245
https://openalex.org/W2008920963,A method of measuring the phase angle of a charged particle beam in a cyclotron,T11367,T11367.C01,propose_split,,0.9019003794631538
https://openalex.org/W2009682857,Green function analysis of a Raman FEL,T11367,T11367.C01,propose_split,,0.9021200635307735
https://openalex.org/W2014758173,A Phenomenological consideration on E x B discharges,T11367,T11367.C01,propose_split,,0.8984602827023892
https://openalex.org/W2021031424,The positron injection process for the 7-GeV advanced photon source,T11367,T11367.C01,propose_split,,0.9079027592906914
https://openalex.org/W2024504268,The fishtail effect in irradiated YBaCuO thick films,T11367,T11367.C01,propose_split,,0.8928441365765021
https://openalex.org/W2025313491,Critical-current densities of bronze-processed Nb3(Sn1−xGax) wires up to 23.5 T,T11367,T11367.C01,propose_split,,0.9050850123033485
https://openalex.org/W2027239867,New Neutron-Rich Nuclei and Isomers Produced in Symmetric Fisson,T11367,T11367.C01,propose_split,,0.9058046998995982
https://openalex.org/W2027574434,ASDEX Upgrade's new plasma control scheme,T11367,T11367.C02,propose_split,,0.9026608859907365
https://openalex.org/W2027748909,Correlation between Film Thickness and Critical Current Density of Sm1+xBa2-xCu3O6+δ Films Deposited by Pulsed Laser Deposition,T11367,T11367.C01,propose_split,,0.9028448308990132
https://openalex.org/W202799012,DETECTION AND SCATTERING CROSS SECTION FOR N$sub 2$ MOLECULES WITH ENERGIES IN THE RANGE 20 TO 200 eV.,T11367,T11367.C01,propose_split,,0.9145512015773269
https://openalex.org/W2036973057,Cyclo-Synchrotron Radiation at Small Angels.,T11367,T11367.C01,propose_split,,0.9101486714535298
https://openalex.org/W2037487580,Electron-beam envelopes and matching for a combined wiggler and alternating-gradient quadrupole channel,T11367,T11367.C01,propose_split,,0.9091249868799354
https://openalex.org/W2037740624,Calculation of the coupling constant using a new KN forward dispersion relation,T11367,T11367.C01,propose_split,,0.9033449673360167
https://openalex.org/W2039197644,Positrons from Radio-Scandium,T11367,T11367.C01,propose_split,,0.9047095300146417
https://openalex.org/W2041062869,A new detector for photon beam position monitoring designed for synchrotron radiation beamlines,T11367,T11367.C01,propose_split,,0.9148770243220775
https://openalex.org/W2041848371,Operation Of Harmonic Gyrotrons In The Submillimeter Region,T11367,T11367.C01,propose_split,,0.9074085764751604
https://openalex.org/W2043003229,Production of Irotons and Negative Ions with Low Energy Spread,T11367,T11367.C01,propose_split,,0.9092694344851162
https://openalex.org/W2045914978,Decay Rates of Bound Negative Muons,T11367,T11367.C01,propose_split,,0.8931387941733158
https://openalex.org/W2046062682,IBFFM description of energy levels and electromagnetic properties of 134Cs,T11367,T11367.C01,propose_split,,0.8961668175673538
https://openalex.org/W2046506552,U.S. Accelerator Research Program for Heavy-Ion Fusion,T11367,T11367.C01,propose_split,,0.9079543512455761
https://openalex.org/W2047069304,Investigation of magnetic-pole-enhanced inductively coupled nitrogen-argon plasmas,T11367,T11367.C01,propose_split,,0.9149583364243346
https://openalex.org/W2051287312,"Combination Vacuum Tube Switch for Double-Trace Cathode-Ray Oscillograph, Audio-Amplifier and Mixer",T11367,T11367.C01,propose_split,,0.8895240043842765
https://openalex.org/W2051848698,NEUTRINO PHYSICS AT NEUTRINO FACTORIES,T11367,T11367.C01,propose_split,,0.9245438462777131
https://openalex.org/W2054009279,Method for stabilizing beam intensity and energy in the SPring-8 linac,T11367,T11367.C01,propose_split,,0.9033572865014743
https://openalex.org/W2054318405,On line multitarget selection device with multiple facilities,T11367,T11367.C02,propose_split,,0.8933177883613257
https://openalex.org/W2060638705,Status report on the design and construction of the Superconducting Source for Ions at the National Superconducting Cyclotron Laboratory/Michigan State University,T11367,T11367.C02,propose_split,,0.9032267704571257
https://openalex.org/W2061072426,Stigmatische fokussierung mit homogenen magnetischen sektorfeldern,T11367,T11367.C01,propose_split,,0.8840668470314047
https://openalex.org/W2062580272,Measurement of helium leak rates with temperature and pressure in RHIC,T11367,T11367.C01,propose_split,,0.9097633666114244
https://openalex.org/W2062994442,Effect of preoscillation fluctuations on the space-charge distribution in a magnetron,T11367,T11367.C01,propose_split,,0.9020185113714682
https://openalex.org/W2064671224,A liquid deuterium target for the production of a monoenergetic neutron beam,T11367,T11367.C01,propose_split,,0.8987108175004814
https://openalex.org/W2065306349,DIGITAL INTERNAL MODEL CONTROL OF HIGH-PRECISION POWER SUPPLY FOR PARTICLE ACCELERATOR MAGNETS,T11367,T11367.C01,propose_split,,0.910181637580501
https://openalex.org/W206715545,TENSORIAL PARAMETERS OF THE ELASTIC SCATTERING OF 22-Mev DEUTERONS BY CALCIUM,T11367,T11367.C01,propose_split,,0.9072212734625862
https://openalex.org/W2068815106,Transducers and signal conditioners of the RFX new magnetic measurement system,T11367,T11367.C01,propose_split,,0.8983599474578697
https://openalex.org/W2069991653,Prediction and suppression of beam breakup instability in multicell superconducting cavities,T11367,T11367.C01,propose_split,,0.9155862659201396
https://openalex.org/W2070391805,Transition energies and polarizabilities of hydrogen like ions in plasma,T11367,T11367.C01,propose_split,,0.9036454539234196
https://openalex.org/W2084646744,Q-Factor Calculations for Cylindrical Microwave Resonators (Computer Program Descriptions),T11367,T11367.C01,propose_split,,0.9054204992845315
https://openalex.org/W2085398579,A Worldly Approach to a New Accelerator,T11367,T11367.C02,propose_split,,0.9138914425878056
https://openalex.org/W2085623460,Operational Experience of the Superconducting Ring Cyclotron at RI Beam Factory (RIBF) and Upgrade Plans for RIBF Accelerators,T11367,T11367.C01,propose_split,,0.9086447971111844
https://openalex.org/W2087722969,Fundamental relativistic solution for the rail gun,T11367,T11367.C01,propose_split,,0.8935991050322807
https://openalex.org/W2092936883,Sparking rate studies and spark breakdown protection studies with a cw radiofrequency quadrupole linac,T11367,T11367.C01,propose_split,,0.9193839732244559
https://openalex.org/W2094926537,Periodic boundary conditions and the fast multipole method,T11367,T11367.C01,propose_split,,0.8962741093098969
https://openalex.org/W2096741097,Half cell 'SSC' 40 mm aperture magnet string,T11367,T11367.C01,propose_split,,0.8993468412040834
https://openalex.org/W2103055829,SIMULATION OF COOLING MECHANISMS OF HIGHLY-CHARGED IONS IN THE HITRAP COOLER TRAP,T11367,T11367.C02,propose_split,,0.8998290133631226
https://openalex.org/W2103134494,The RF gun development at SRRC,T11367,T11367.C02,propose_split,,0.8971045232894005
https://openalex.org/W2105855671,Linear dispersion relation of backward-wave oscillators with finite-strength axial magnetic field,T11367,T11367.C01,propose_split,,0.9025243778175457
https://openalex.org/W2108678227,Use of a virtual accelerator for a development of an accelerator control system,T11367,T11367.C02,propose_split,,0.8878904490670226
https://openalex.org/W2111046628,Investigation on Dielectric Window Treelike Breakdown and Suppression Under HPM in Vacuum,T11367,T11367.C01,propose_split,,0.9158453165176044
https://openalex.org/W2112906580,Development of high power CW 3.7 GHz klystrons for fusion experiments on Tore Supra,T11367,T11367.C01,propose_split,,0.9186073624183538
https://openalex.org/W2113387752,MAGNETO-OPTICAL ABSORPTION SPECTRUM OF CALCIUM IN THE REGION 202 TO 209 nm,T11367,T11367.C01,propose_split,,0.9031019837579761
https://openalex.org/W2118542983,Recent experience with inductive insert at PSR,T11367,T11367.C02,propose_split,,0.9043304283989557
https://openalex.org/W2119693858,Design of a TE>inf<11>/inf<-to-HE>inf<11>/inf,T11367,T11367.C02,propose_split,,0.9103259132442763
https://openalex.org/W2133715702,Status of the Terawatt Accumulator Accelerator project,T11367,T11367.C02,propose_split,,0.8943870904897921
https://openalex.org/W2137498013,Statistical estimation of quench characteristics of quadrupole magnets,T11367,T11367.C01,propose_split,,0.8951015568819033
https://openalex.org/W2138638019,Analysis of a Lithium Vaporizer for the Advanced Lithium-Fed Applied Field Lorentz Force Accelerator,T11367,T11367.C01,propose_split,,0.9183151234273365
https://openalex.org/W2143556169,Investigation of the injection into the ANKA storage ring by a turn by turn BPM system,T11367,T11367.C02,propose_split,,0.9109326402663244
https://openalex.org/W2144688571,A SIMPLE ANALYSIS OF HELICAL SLOW-WAVE STRUCTURE LOADED BY DIELECTRIC EMBEDDED METAL SEGMENTS FOR WIDEBAND TRAVELING-WAVE TUBES,T11367,T11367.C01,propose_split,,0.9097164443697366
https://openalex.org/W2144869676,Experimental Low-Cost Short Pulse Generators,T11367,T11367.C01,propose_split,,0.9148886474409549
https://openalex.org/W2145356550,The status of the Fermilab Main Injector Project,T11367,T11367.C02,propose_split,,0.9041629268175437
https://openalex.org/W2148076469,The input gap voltage of a klystron,T11367,T11367.C01,propose_split,,0.8908850954151127
https://openalex.org/W2149121023,Analysis of a large-orbit backward wave oscillator,T11367,T11367.C01,propose_split,,0.893187993778897
https://openalex.org/W2163846914,Status of the microwave paser experiment,T11367,T11367.C01,propose_split,,0.8891955290537117
https://openalex.org/W2164120755,A High-Current Four-Beam Xenon Ion Source for Heavy-Ion Fusion,T11367,T11367.C01,propose_split,,0.9123082414812073
https://openalex.org/W2170163389,Operating Results and Improvements on the Zero Gradient Synchrotron (ZGS) Polarized Proton Ion Source,T11367,T11367.C01,propose_split,,0.9083789782549064
https://openalex.org/W2182462173,USING SUPER-ACO's FIFTH HARMONIC CAVITY AS A PASSIVE,T11367,T11367.C01,propose_split,,0.9012280909984464
https://openalex.org/W2183479762,Conceptual Design of an Electromagnetic Driven Undulator Based Positron Target System for ILC,T11367,T11367.C01,propose_split,,0.9128211020792747
https://openalex.org/W2184292564,UNIFIED ACCELERATOR MODELING USING THE Bmad SOFTWARE LIBRARY,T11367,T11367.C02,propose_split,,0.9050811539138429
https://openalex.org/W2188898067,SNS BEAM COMMISSIONING STATUS,T11367,T11367.C02,propose_split,,0.8975111460904457
https://openalex.org/W2252545205,Development of 154 GHz 1 MW Gyrotron for ECRH of LHD,T11367,T11367.C01,propose_split,,0.9143185587954477
https://openalex.org/W2256120194,"ELECTRON BEAM DYNAMICS IN THE LONG-PULSE, HIGH-CURRENT DARHT-II LINEAR INDUCTION ACCELERATOR*",T11367,T11367.C01,propose_split,,0.9155782339093835
https://openalex.org/W2256918926,Rapid Thermal-Hydraulic Analysis and Design Optimization of ITER Upper ELM Coils,T11367,T11367.C02,propose_split,,0.9110947828167905
https://openalex.org/W2264713733,"Li$sup 7$(p,$gamma$) ANGULAR DISTRIBUTION IN THE 441-kev RESONANCE AND SPIN- ORBIT COUPLING IN Be$sup 8$",T11367,T11367.C01,propose_split,,0.8974052396299874
https://openalex.org/W2266398023,STUDY OF A 3160 Mc SUPERCONDUCTING CAVITY USED IN THE DEVELOPMENT OF A STABILIZED FREQUENCY OSCILLATOR,T11367,T11367.C01,propose_split,,0.9116447877789525
https://openalex.org/W2271797798,"Electromagnetic, stress and thermal analysis of the Superconducting Magnet",T11367,T11367.C01,propose_split,,0.9056879741074548
https://openalex.org/W2278968093,Enhancement of impurity pumping efficiency in a CGL snout,T11367,T11367.C02,propose_split,,0.898338763010077
https://openalex.org/W2288552560,Effect of pressure vents on the fast cookoff of energetic materials.,T11367,T11367.C01,propose_split,,0.8994470528866859
https://openalex.org/W2292155103,Apparatus for Measuring the Angular Distribution of Annihilation Radiation of Positrons in Condensed Media; USTANOVKA DLYA IZMERENIYA UGLOVOGO RASPREDELENIYA ANNIGILYATSIONNOGO IZLUCHENIYA POZITRONOV V KONDENSIROVANNYKH SREDAKH,T11367,T11367.C01,propose_split,,0.9116916126993357
https://openalex.org/W2301942301,SYNCHROTRON-RADIATION PHOTON DISTRIBUTION FOR HIGHEST ENERGY CIRCULAR COLLIDERS*,T11367,T11367.C01,propose_split,,0.9185310119972551
https://openalex.org/W2318900191,Nonstationary reflection of electromagnetic impulses in structures with strong wave-guide dispersion,T11367,T11367.C01,propose_split,,0.9093287100807017
https://openalex.org/W2319660946,Magnetic Determination of the Current Center Line for the Superconducting ITER Toroidal Field Coils: Results on a Double-Pancake Prototype,T11367,T11367.C01,propose_split,,0.9141500052712959
https://openalex.org/W2339187276,THE ENERGY SPECTRA AND ANGULAR DISTRIBUTION OF Li$sup 8$ FRAGMENTS PRODUCED IN THE INTERACTION BETWEEN 660 Mev PROTONS AND ALUMINIUM NUCLEI,T11367,T11367.C01,propose_split,,0.9020667925521355
https://openalex.org/W2351351562,Space Focusing Simulation for Pulsed Slow Positron Beam by SIMION,T11367,T11367.C01,propose_split,,0.9230060248337857
https://openalex.org/W2352250235,THE FUNCTION AND PROPERTIES OF SYNCHRONOUS PRECESSING ELECTRO-MAGNETIC FIELD IN FEL IN LONGITUDINAL UNIFORM FIELD,T11367,T11367.C01,propose_split,,0.9243435333579622
https://openalex.org/W2376563428,An ionization chamber developed for the facility of heavy ions therapy at IMP,T11367,T11367.C02,propose_split,,0.8896041137216455
https://openalex.org/W2381114560,Microwave characteristics of high current linear induction accelerator cavity,T11367,T11367.C01,propose_split,,0.9069750413611672
https://openalex.org/W2394528904,Electron beam alignment and beam collimation in a dual beam betatron.,T11367,T11367.C01,propose_split,,0.929225422119476
https://openalex.org/W2413199561,[Investigation of sulcus under standard pressure].,T11367,T11367.C02,propose_split,,0.9052042113557962
https://openalex.org/W2442640421,ENHANCEMENT OF THE UPPER CRITICAL-FIELD OF 2-BAND SUPERCONDUCTORS,T11367,T11367.C01,propose_split,,0.9100712114835742
https://openalex.org/W2460251769,Multi-slit Based Emittance Measurement Study for BNL ERL,T11367,T11367.C02,propose_split,,0.9076587136385186
https://openalex.org/W2467438479,Development of Free Electron Lasers in Europe Local and Global Implications – 2016,T11367,T11367.C02,propose_split,,0.8957843520350679
https://openalex.org/W2469268559,Techniques with H/sup 0/ produced from polarized H/sup -/ beams,T11367,T11367.C01,propose_split,,0.9092545212634544
https://openalex.org/W2469637146,Development of Cryosorption Panels for Cryopumps,T11367,T11367.C02,propose_split,,0.9091968134306794
https://openalex.org/W2471108853,USING MULTI-CARRIER PROBING SIGNALS FOR DETECTING NON-LINEAR OBJECTS,T11367,T11367.C01,propose_split,,0.902313434414045
https://openalex.org/W2482494496,Inelastic scattering of protons by CR{sup 50},T11367,T11367.C01,propose_split,,0.919759607474328
https://openalex.org/W2486676015,A Perpendicular Biased 2nd Harmonic Cavity for the Fermilab Booster,T11367,T11367.C01,propose_split,,0.9127496580178064
https://openalex.org/W2491550599,Status of the Vacuum System for the IPHI Project - (High Intensity Proton Injector),T11367,T11367.C02,propose_split,,0.9111079484255461
https://openalex.org/W2506773821,Lifetime experimental study of graphite cathode for relativistic backward wave oscillator,T11367,T11367.C01,propose_split,,0.9077865997757277
https://openalex.org/W2516256938,Nonlinear evolution of multi-helicity neo-classical tearing modes in rotating tokamak plasmas,T11367,T11367.C01,propose_split,,0.9099036027268682
https://openalex.org/W2516520635,Density limit disruption suppression in a current-carrying stellarator,T11367,T11367.C01,propose_split,,0.9024688114384767
https://openalex.org/W2531782386,Calibration of Magneto-resistive Probes in A1D5 and A1D6 (Beam Spectrometer Magents),T11367,T11367.C01,propose_split,,0.9132664976687901
https://openalex.org/W2540385301,High temperature superconductor accelerator magnets,T11367,T11367.C01,propose_split,,0.9018696150656577
https://openalex.org/W2550296941,DEVELOPMENT OF AN ADVANCED BARIUM ION SOURCE FOR A LASER-INDUCED-FLUORESCENCE (LIF) DIAGNOSTIC ON THE PAUL TRAP SIMULATOR EXPERIMENT (PTSX) ∗,T11367,T11367.C02,propose_split,,0.9118431892107635
https://openalex.org/W2553200486,Simple Models for Beam Loss Near the Half Integer Resonance with Space Charge,T11367,T11367.C01,propose_split,,0.9164908411953867
https://openalex.org/W2554324467,Mechanical Properties Using Japan Proton Accelerator Research Complex (J-PARC),T11367,T11367.C01,propose_split,,0.921786766036782
https://openalex.org/W2557868614,SRF Developments at MSU for FRIB,T11367,T11367.C02,propose_split,,0.8850298455453595
https://openalex.org/W2558060953,DESIGN OF THE WATER-COOLING SYSTEM FOR THE VACUUM SYSTEM OF THE TPS STORAGE RING,T11367,T11367.C02,propose_split,,0.8945200601494485
https://openalex.org/W2558092083,Status of the Continuous Mode Scan for Undulator Beamlines at BESSY II,T11367,T11367.C02,propose_split,,0.9003122932700397
https://openalex.org/W2560006220,First operation of the SACLA control system in spring-8,T11367,T11367.C02,propose_split,,0.8770683309792859
https://openalex.org/W2560561044,Cleanliness and Vacuum Acceptance Tests for the UHV Cavity String of the XFEL Linac,T11367,T11367.C01,propose_split,,0.900986838775925
https://openalex.org/W2569648114,NE‐F2: Fluids and Propulsion Design: Summer 2014 Pathways Report,T11367,T11367.C02,propose_split,,0.9068470063986791
https://openalex.org/W2582532687,Design of a millimeter-wave phased array antenna for Gaussian beam shaping and steering,T11367,T11367.C01,propose_split,,0.8992112941823956
https://openalex.org/W258412838,Simulation of Electron Beam Acceleration by Electromagnetic Field in Static Inhomogeneous Magnetic Field,T11367,T11367.C01,propose_split,,0.9300961809732043
https://openalex.org/W2585378369,A Tesla-Blumlein PFL-Bipolar Pulsed Power Generator,T11367,T11367.C01,propose_split,,0.9165678612517141
https://openalex.org/W2586164307,Magnetfeldoptimierung des LFCS Luftspulensystems für das KATRIN Hauptspektrometer,T11367,T11367.C02,propose_split,,0.8807326214838468
https://openalex.org/W2602354814,"ADX: a high field, high power density, Advanced Divertor test eXperiment",T11367,T11367.C02,propose_split,,0.911119783016562
https://openalex.org/W2603483841,Gamma Spectroscopy along N - Z towards 100Sn,T11367,T11367.C01,propose_split,,0.9132481096534996
https://openalex.org/W2604927992,Summary of Polarized e-/e+ Source Presentations,T11367,T11367.C02,propose_split,,0.8901023183620974
https://openalex.org/W2605416556,Investigation of losses in eptaxially grown superconducting microwave resonators on MgO substrate,T11367,T11367.C01,propose_split,,0.9165362490144239
https://openalex.org/W2680204679,hot only turbo surge at 2200rpm [fuel pump?],T11367,T11367.C02,propose_split,,0.913074563926884
https://openalex.org/W271831468,ON SOME PECULIARITIES IN A HIGH FREQUENCY SYNCHROTRON SYSTEM WITH A HIGH NUMBER OF ELECTRONS ACCELERATED AT A CYCLE,T11367,T11367.C01,propose_split,,0.9040414219130786
https://openalex.org/W2739145530,Determination of a fit function for the critical current density for NbTi cables used in LHC main bending magnets,T11367,T11367.C01,propose_split,,0.9137873007003138
https://openalex.org/W2743627142,Simulation of profile evolution from ramp-up to ramp-down and optimization of tokamak plasma termination with the RAPTOR code,T11367,T11367.C02,propose_split,,0.9090835411035609
https://openalex.org/W2744706407,Study of electron transport across the magnetic filter of NIO1 negative ion source,T11367,T11367.C01,propose_split,,0.9138953654947255
https://openalex.org/W2756279401,"Dataset for ""Exciting electromagnetic anapoles with Flying Doughnut pulses""",T11367,T11367.C01,propose_split,,0.914511821663001
https://openalex.org/W2767617555,Hydrogen electron cyclotron resonance ion sources plasma characterization based on simple optical emission spectroscopy,T11367,T11367.C01,propose_split,,0.9121356048301791
https://openalex.org/W2767677620,Measurements of the Higher Order Modes of the ALS 500 MHz Accelerating Cavities,T11367,T11367.C01,propose_split,,0.8996738574552036
https://openalex.org/W27727526,Simulation study of proton transport in a cylindrically confined ionomer channel,T11367,T11367.C01,propose_split,,0.9121608939494557
https://openalex.org/W2774234052,SEARCH FOR AW ELECTRON MASS SHIFT IN 133cs IN AN INTENSE ELECTROMAGNETIC FIELD,T11367,T11367.C01,propose_split,,0.9236297622468815
https://openalex.org/W2793517438,A review of radiation-induced demagnetization of permanent magnets,T11367,T11367.C01,propose_split,,0.9035639470332026
https://openalex.org/W2797651489,"A description on plasma background effect in growth rate of THz waves in a metallic cylindrical waveguide, including a dielectric tube and two current sources",T11367,T11367.C01,propose_split,,0.9048004586805737
https://openalex.org/W280366660,Modeling and simulation of charged particle beam transport in the UTA 2 meter Time of Flight Positron Annihilation Induced Auger Spectrometer,T11367,T11367.C01,propose_split,,0.919796885895852
https://openalex.org/W2809654233,Control of FEL Radiation by Tailoring the Seed Pulses,T11367,T11367.C01,propose_split,,0.9076758618755938
https://openalex.org/W2883791259,Nuklir dan Kehancuran Planet Bumi,T11367,T11367.C01,propose_split,,0.885864688864319
https://openalex.org/W2898914621,Design of PIP-II Medium Energy Beam Transport,T11367,T11367.C02,propose_split,,0.902062081241824
https://openalex.org/W2899031190,Research on Multi-Field Coupling Simulation of Pulse Current Shunts,T11367,T11367.C01,propose_split,,0.9148111882565971
https://openalex.org/W2904034579,Double-Beam Amplifier of Traveling Wave and Backward Wave,T11367,T11367.C01,propose_split,,0.9026487078678845
https://openalex.org/W2906307168,Quantification of Neutral Beam Driven Current and the effect of radial fast ion transport in ASDEX Upgrade,T11367,T11367.C01,propose_split,,0.9235957015438874
https://openalex.org/W2906753225,Design of the RF negative hydrogen ion source at HUST,T11367,T11367.C01,propose_split,,0.9003424680301263
https://openalex.org/W2910805420,Optimization of TE11/TE04 mode converters for the cold test of a 250 GHz CARM source,T11367,T11367.C02,propose_split,,0.9079801584519277
https://openalex.org/W2910857869,EOF-Library: Open-source Elmer FEM and OpenFOAM coupler for electromagnetics and fluid dynamics,T11367,T11367.C01,propose_split,,0.8987771053650614
https://openalex.org/W2912191524,Operating Simultaneously Two In-Vacuum Canted Undulators in Synchrotron SOLEIL,T11367,T11367.C01,propose_split,,0.9084930930461532
https://openalex.org/W2915532790,"Design updates of magnet system for Korean fusion demonstration reactor, K-DEMO",T11367,T11367.C02,propose_split,,0.9116827764290202
https://openalex.org/W2954163116,Amplification of coupled nonlinear oscillations of charged particle beam in crossed magnetic fields,T11367,T11367.C01,propose_split,,0.9192460933609888
https://openalex.org/W2975213534,The ENSEMBLES and the BALTEX Projects,T11367,T11367.C02,propose_split,,0.8748307190743243
https://openalex.org/W2978456447,Influence of Nucleon Structure on Tensor and Vector Analyzing Powers in Elastic Electron–Deuteron Scattering,T11367,T11367.C01,propose_split,,0.9105673211358625
https://openalex.org/W2995889976,Geant4 simulation and validation of the CNA cyclotron beam parameters,T11367,T11367.C01,propose_split,,0.9171560719495292
https://openalex.org/W2996399462,Compact Crab Cavity Cryomodule : Deliverable: D4.4,T11367,T11367.C02,propose_split,,0.8992794231479669
https://openalex.org/W2996518647,"Plasmas in particle accelerators: The warm-beam equilibria, part 1",T11367,T11367.C01,propose_split,,0.9145167579170799
https://openalex.org/W2999816496,RI ビームがん治療の実現を目指した1 価C-11 イオン生成実験の状況,T11367,T11367.C02,propose_split,,0.8877340298331414
https://openalex.org/W3005413855,g and τ Results for High-Spin Isomers in 91 Nb and 91 Zr,T11367,T11367.C01,propose_split,,0.9020199277020656
https://openalex.org/W3011322925,ACS Pipeline Calibrations Using PyDrizzle,T11367,T11367.C02,propose_split,,0.8936461011984378
https://openalex.org/W3025574286,Analog electronics for beam instrumentation,T11367,T11367.C01,propose_split,,0.8908897234405408
https://openalex.org/W3029057670,Comparison of 6D Ring Cooler Schemes and Dipole Cooler for Mu+Mu Collider Development,T11367,T11367.C01,propose_split,,0.9103414721668764
https://openalex.org/W3035591305,X-ray Spectroscopy of Muonic Atoms Isolated in Vacuum with Transition Edge Sensors,T11367,T11367.C01,propose_split,,0.9164520426492335
https://openalex.org/W3035725974,Characteristics of a Plasma Source with adjustable multi-pole line cusp geometry,T11367,T11367.C01,propose_split,,0.907603861873744
https://openalex.org/W303844287,DESIGN AND PERFORMANCE OF A COMPACT PASSIVE HYDROGEN MASER,T11367,T11367.C02,propose_split,,0.9050023138440373
https://openalex.org/W3042098609,Lasing of near infrared FEL with the burst-mode beam at LEBRA,T11367,T11367.C01,propose_split,,0.9099182423166278
https://openalex.org/W3047595004,Second harmonic 106.4 GHz gyrotron,T11367,T11367.C01,propose_split,,0.9075757946270826
https://openalex.org/W305184807,16E-14 磁気吸收のSaturational Narrowing,T11367,T11367.C02,propose_split,,0.9029076265583845
https://openalex.org/W3082104650,Nuclear Absorption of Muons in Medium and Heavy Elements.,T11367,T11367.C01,propose_split,,0.9197654259720028
https://openalex.org/W3105768811,Residual Strain Dependence on Matrix Structure in RHQ-Nb3Al Wires by Neutron Diffraction Measurement,T11367,T11367.C01,propose_split,,0.9044404288275919
https://openalex.org/W3111419491,RF Deflector Based Measurements of the Correlations Between Vertical and Longitudinal Planes at ELI-NP-GBS Electron LINAC,T11367,T11367.C01,propose_split,,0.9071212670790708
https://openalex.org/W3112853404,Neutrino Pair Synchrotron Emission from Pulsar Polar Caps,T11367,T11367.C01,propose_split,,0.920740438984836
https://openalex.org/W3124570654,arXiv : Ion Sources for Medical Applications,T11367,T11367.C02,propose_split,,0.8988025807462607
https://openalex.org/W3124771693,Dielectric Characteristics of an Axisymmetric Low Aspect Ratio Tokamak with Circular Magnetic Surfaces,T11367,T11367.C01,propose_split,,0.9052823864219217
https://openalex.org/W3125494646,Mm and Submm Superconducting Receiver Development in China (invited),T11367,T11367.C02,propose_split,,0.9104110386767746
https://openalex.org/W3131864383,Three-Dimensional Filament Eruption Driven by an Emerging Flux,T11367,T11367.C01,propose_split,,0.910831741296089
https://openalex.org/W31337547,Design of a High Voltage Acceleration Power Supply for a Neutral Beam Injection System,T11367,T11367.C01,propose_split,,0.9125971891335838
https://openalex.org/W3137874559,Analysis on calculation of transmutation rate for Plutonium and minor actinide in TRIGA-JAERI reactor with Ads; Analisis perhitungan laju transmutasi Plutonium dan minor aktinida di reaktor TRIGA-JAERI dengan Ads,T11367,T11367.C02,propose_split,,0.906136914023082
https://openalex.org/W3146998360,Control action of MM-waves on space stations indemnification,T11367,T11367.C01,propose_split,,0.8933570755958598
https://openalex.org/W3160737018,An estimation of life time for a low energy negative pionlike particle beam,T11367,T11367.C01,propose_split,,0.9049076580655601
https://openalex.org/W3161015515,ASAS-SN Transient Discovery Report for 2019-06-18,T11367,T11367.C02,propose_split,,0.9129239181129384
https://openalex.org/W3171239263,Structure functions of nucleons in nuclei,T11367,T11367.C01,propose_split,,0.8737086283743082
https://openalex.org/W3175070363,Energy amplification in Tokamaks by fast-ion injection,T11367,T11367.C01,propose_split,,0.9030815849353048
https://openalex.org/W3179363509,Medium-energy neutrino physics,T11367,T11367.C01,propose_split,,0.919609891641079
https://openalex.org/W3182778955,Superconducting magnets,T11367,T11367.C01,propose_split,,0.9183245999038756
https://openalex.org/W3182860474,臨界Sobolev指数を持つ周期的Schroedinger方程式のための基底状態解【Powered by NICT】,T11367,T11367.C02,propose_split,,0.8962258893233929
https://openalex.org/W3183337854,Optimization of Ion-Cyclotron Range of Frequency Wave Heating in the Minimum-B Configuration on GAMMA 10,T11367,T11367.C01,propose_split,,0.9138715776034444
https://openalex.org/W3186702843,Influence of errors of a solenoidal magnetic field of the first accelerating section of LUE-200 accelerator on electron beam dynamics,T11367,T11367.C01,propose_split,,0.916103658645239
https://openalex.org/W3192009285,Calculational and experimental data comparison for critical experiments at core with hexagonal water ring,T11367,T11367.C01,propose_split,,0.9092500156117443
https://openalex.org/W3197771235,Alfven wave experiments in TCA,T11367,T11367.C02,propose_split,,0.8886770879828365
https://openalex.org/W3201822200,Status of search for anti ν/sub e/ + e - → anti ν/sub e/ + e -,T11367,T11367.C02,propose_split,,0.9076357213248543
https://openalex.org/W3203547963,Multi-Bunch Resistive Wall Wake Field Tracking via Pseudomodes in the ALS-U Accumulator Ring,T11367,T11367.C01,propose_split,,0.9046993273581797
https://openalex.org/W320451866,Isotopic Water Handling and Hydrogen Isotope Recovery for Fusion Application Using the Zr(V0.5Fe0.5)2Alloy – II: Conversion Behavior under Water Vapor Flow Conditions,T11367,T11367.C02,propose_split,,0.906724186128306
https://openalex.org/W3207489135,Optimization of transformer ratio and beam loading in plasma wakefield accelerator(PWFA) with structure-based algorithm,T11367,T11367.C01,propose_split,,0.9118487430227875
https://openalex.org/W3210156467,Proton-proton bremsstrahlung at 100 MEV,T11367,T11367.C01,propose_split,,0.9132186142946462
https://openalex.org/W3213891333,ICRF oscillations of an inhomogeneous plasma cylinder,T11367,T11367.C01,propose_split,,0.9107508805292975
https://openalex.org/W3217741280,Electron Beam Diagnostics in the Fermilab Electron Cooling Experiment,T11367,T11367.C01,propose_split,,0.9270151200038892
https://openalex.org/W4210667001,Super Beams,T11367,T11367.C02,propose_split,,0.9076502905247602
https://openalex.org/W421139723,Dipole excitation of alpha clusters in (6)Li and (7)Li.,T11367,T11367.C01,propose_split,,0.9136481881469699
https://openalex.org/W4224609739,CANREB EBIS commissioning at TRIUMF,T11367,T11367.C02,propose_split,,0.8857187529620233
https://openalex.org/W4230219752,DWI PPA571ES spray approval,T11367,T11367.C02,propose_split,,0.8984090714103772
https://openalex.org/W4231632134,Analytical Study of HAT Joint between PHC Pile and Steel Tube Column,T11367,T11367.C02,propose_split,,0.9067135683245638
https://openalex.org/W4231736384,BEAM EXTRACTION FROM THE PROTON SYNCHROTRON.,T11367,T11367.C01,propose_split,,0.9340341526653669
https://openalex.org/W4235116895,"FITTING, ELBOW, 90°, STANDARD AND REDUCER, FLARELESS TUBE TO PIPE, EXTERNAL THREAD",T11367,T11367.C02,propose_split,,0.9018490440199975
https://openalex.org/W4235255671,5208537 Method for matching antennas in a nuclear magnetic resonance imaging apparatus,T11367,T11367.C01,propose_split,,0.8994519735760989
https://openalex.org/W4240784294,Upgrades to PEP-II Tune Measurements,T11367,T11367.C02,propose_split,,0.9036801742784627
https://openalex.org/W4253463058,Proton,T11367,T11367.C01,propose_split,,0.9143383523111059
https://openalex.org/W427709402,"Use of computers in NDE engineering and data acquisition systems : presented at the 1986 Pressure Vessels and Piping Conference and Exhibition, Chicago, Illinois, July 20-24, 1986",T11367,T11367.C02,propose_split,,0.8889004314669723
https://openalex.org/W4288218911,Preliminary design of a helium cryogenic system for SAND detector at LBNF-DUNE near site,T11367,T11367.C02,propose_split,,0.9080094864922648
https://openalex.org/W4292053168,ENCSR372PKJ,T11367,T11367.C02,propose_split,,0.8848994999318129
https://openalex.org/W4297940932,RF-Based Accelerators for HEDP Research,T11367,T11367.C01,propose_split,,0.8999132485022345
https://openalex.org/W4307598935,Permanent magnet edge-field quadrupole,T11367,T11367.C01,propose_split,,0.9004064016979714
https://openalex.org/W4308326552,Polarized beams at the ZGS and the AGS,T11367,T11367.C01,propose_split,,0.9051786988342837
https://openalex.org/W4312468698,Development of energy-tunable positronium beams employing the photodetachment of positronium negative ions,T11367,T11367.C01,propose_split,,0.9158098155297401
https://openalex.org/W4320018374,Overview of Fragment Separator Superconducting Magnets in the Facility for Rare Isotope Beams,T11367,T11367.C01,propose_split,,0.9166894410385049
https://openalex.org/W4385959865,Parametrized uncertainties in the spectral function model of neutrino charged-current quasielastic interactions for oscillation analyses,T11367,T11367.C01,propose_split,,0.9026924626854351
https://openalex.org/W4388053927,Radioisotope Powered Melting Probe for Europa Exploration,T11367,T11367.C01,propose_split,,0.9103283742095559
https://openalex.org/W4391010050,Lab demonstration of wavefront reconstruction for the fragmented aperture of the ELT,T11367,T11367.C01,propose_split,,0.9070656037699004
https://openalex.org/W4391257646,Study on XiPAF-Upgrading Synchrotron Beam Loss,T11367,T11367.C01,propose_split,,0.9202520811597121
https://openalex.org/W4391877750,Design of a W-Band Sheet Beam Extended Interaction Klystron Working at $2\pi\text{-Mode}$,T11367,T11367.C01,propose_split,,0.9155443854368402
https://openalex.org/W4393412708,MicroBooNE BNB Electron Neutrino Overlay Sample (With Wire Info),T11367,T11367.C01,propose_split,,0.913794749263824
https://openalex.org/W4394668709,Spin polarisability of the nucleon at NLO in the chiral expansion,T11367,T11367.C01,propose_split,,0.8919368211101277
https://openalex.org/W4400611347,Neutrino Program at Fermilab -- Enhancing proton beam power and accelerator infrastructure,T11367,T11367.C01,propose_split,,0.9191351148390864
https://openalex.org/W4407357994,Improved Coulomb collision operator for kinetic ion transport with EMC3-EIRENE simulating Nitrogen seeding in medium density ITER L-mode scenario,T11367,T11367.C01,propose_split,,0.9114415978899326
https://openalex.org/W4407893703,Design and verification of a new multiharmonic feedback control system for CSNS-II RCS,T11367,T11367.C02,propose_split,,0.9064222764316148
https://openalex.org/W4412040118,FLM volume 1013 Cover and Front matter,T11367,T11367.C02,propose_split,,0.890394618905063
https://openalex.org/W4414432808,Design and Analysis of Microstrip Monopulse Feed for Tracking Radar Application at $\mathbf{3. 5 G H z}$,T11367,T11367.C01,propose_split,,0.9091549566180506
https://openalex.org/W4416800533,Overview of Flow Z-Pinch Theory and Modeling at Zap Energy,T11367,T11367.C02,propose_split,,0.8969796617212322
https://openalex.org/W4416899852,Auslegung der Kavitäten des Linearbeschleunigers der High Brilliance Neutron Source,T11367,T11367.C01,propose_split,,0.9108052107491775
https://openalex.org/W577803220,"Supercolliders and superdetectors : proceedings of the 19th and 25th Workshops of the INFN Eloisatron Project, Erice, Italy, 19-26 November 1991, 17-22 November 1992",T11367,T11367.C02,propose_split,,0.8896050238927256
https://openalex.org/W58008003,The Non-Imaging Flux Collector as a Compact ECE Antenna for ITER,T11367,T11367.C01,propose_split,,0.9019827980073931
https://openalex.org/W597542699,Base-Vented Performance Analyses for Supercavitating Hydrofoils with Flat Noses Operating within Subcavitating Region.,T11367,T11367.C02,propose_split,,0.910306995419112
https://openalex.org/W64036204,Introduction to Part II — the Electrostatic Accelerator,T11367,T11367.C01,propose_split,,0.9133354213017582
https://openalex.org/W651116580,Testing of large cylinders confined with FRP,T11367,T11367.C02,propose_split,,0.9044548365470503
https://openalex.org/W7054952759,Citrus limonoid nomilin inhibits osteoclastogenesis in vitro by suppression of NFATc1 and MAPK signaling pathways,T11367,T11367.C02,propose_split,,0.8671360646728602
https://openalex.org/W7055997962,A distribution-free description of fragmentation by blasting based on dimensional analysis,T11367,T11367.C01,propose_split,,0.8833546621232626
https://openalex.org/W7056958459,Hash Function Requirements for Schnorr Signatures,T11367,T11367.C02,propose_split,,0.8798091925132814
https://openalex.org/W7061383357,Propuesta experimental para la fabricación de las cuerdas de una cítara griega,T11367,T11367.C02,propose_split,,0.881136226233432
https://openalex.org/W7063323676,少年の公的システムによる措置 : 非行への効果,T11367,T11367.C02,propose_split,,0.8598165712068714
https://openalex.org/W7104276531,Impact of collective effects on beam stability in the FCC-ee main rings and the high-energy booster,T11367,T11367.C01,propose_split,,0.9050678682774009
https://openalex.org/W7113452027,Assembly and Testing of a QWR for the New ISIS MEBT,T11367,T11367.C02,propose_split,,0.9120561686136994
https://openalex.org/W7114791417,Progetto Pico Project,T11367,T11367.C02,propose_split,,0.89152628283603
https://openalex.org/W7125242380,Design and fabrication of a four-rod radio frequency quadrupole with a variable aperture,T11367,T11367.C01,propose_split,,0.9009345678849249
https://openalex.org/W7145712823,Status Report of NIRS Cyclotron,T11367,T11367.C02,propose_split,,0.900084592836398
https://openalex.org/W7154626436,First Experiments with Ion Cyclotron Heating at the Spherical Tokamak Globus-M2,T11367,T11367.C01,propose_split,,0.9106484012669017
https://openalex.org/W7162502740,Emittance Measurements under Selective Heating of Low Z Mixing Gas Ions in Electron Cyclotron Resonance Ion Source,T11367,T11367.C01,propose_split,,0.913729389888592
https://openalex.org/W7206738504,PVN-CAT-055-E-046-002-FWO,T11367,T11367.C02,propose_split,,0.8996654244546182
https://openalex.org/W7206894780,PVN-CAT-033-L-002-002-FWO,T11367,T11367.C02,propose_split,,0.8990236898370444
https://openalex.org/W7209408839,LEP Experiments Committee: Minutes of the 9th meeting 7-8 Feb. 1984,T11367,T11367.C02,propose_split,,0.898128493473983
https://openalex.org/W7210252119,PVN-CAT-144-J-016-001A-LCTH,T11367,T11367.C02,propose_split,,0.8903693264571836
https://openalex.org/W7211041783,CERN Bulletin Issue No. 26/1967,T11367,T11367.C02,propose_split,,0.9109989906858623
https://openalex.org/W7211627400,"CERN Courier Volume 20, Number 5, July-August 1980",T11367,T11367.C02,propose_split,,0.8919045466732951
https://openalex.org/W7211665136,CERN Bulletin Issue No. 3/1987,T11367,T11367.C02,propose_split,,0.9092677903068238
https://openalex.org/W7211708453,PVN-CAT-128-AF-020-001-FWO,T11367,T11367.C02,propose_split,,0.9004177379200046
https://openalex.org/W764059912,"A method for determining optimal fixed-time, N-impulse trajectories between arbitrarily inclined orbits.",T11367,T11367.C01,propose_split,,0.8858988618052257
https://openalex.org/W89603332,Simulations of ICRF-fast wave current drive on DIIID,T11367,T11367.C01,propose_split,,0.9117787459482968
https://openalex.org/W982813617,Divertor Performance of High Density H-Mode Discharges in ASDEX Upgrade,T11367,T11367.C02,propose_split,,0.9039486597797735
