work_id,title,original_topic_id,cluster_id,action,reason,cosine_to_centroid
https://openalex.org/W1000256596,印度《武装部队新闻》杂志特点及启示,T14423,,unassigned,no_shared_vocabulary,
https://openalex.org/W1021479909,论旅行社业的“三化”发展趋势,T14423,,unassigned,no_shared_vocabulary,
https://openalex.org/W1038375429,中医儿科技术方法操作规范——外治疗法（征求意见稿）,T14423,,unassigned,no_shared_vocabulary,
https://openalex.org/W1040321041,新型高节能低成本压缩、真空机械产品——XJY-1技术研究,T14423,,unassigned,no_shared_vocabulary,
https://openalex.org/W1140426257,汉、土家语的接触对土家语的影响——龙山靛房土家语音系变化之分析,T14423,,unassigned,no_shared_vocabulary,
https://openalex.org/W1144693024,用新理念新技术推动城镇供水管网改造建设-《城镇供水设施建设与改造技术指南实施细则》管网部分解读,T14423,,unassigned,no_shared_vocabulary,
https://openalex.org/W1145954368,"Публикации. МРАМОРНАЯ СТУПКА ИЗ КОЛЛЕКЦИИ НАЦИОНАЛЬНОГО ЗАПОВЕДНИКА ""СОФИЯ КИЕВСКАЯ""",T14423,T14423.C03,propose_split,,0.135340795920424
https://openalex.org/W1167084365,序 : アレルギー疾患のフェノタイプ気管支喘息を越えてアレルギー疾患全体へ (特集 アレルギー疾患のフェノタイプとエンドタイプ),T14423,T14423.C04,propose_split,,0.9986686398262994
https://openalex.org/W1207966438,一代知识分子的自我写照——《名士风流》译本序,T14423,,unassigned,no_shared_vocabulary,
https://openalex.org/W1270055111,跨文化交际视角下《功夫熊猫》主题探析,T14423,,unassigned,no_shared_vocabulary,
https://openalex.org/W131364260,永远的经典——记著名歌唱家、歌剧《洪湖赤卫队》韩英的扮演者王玉珍女士,T14423,,unassigned,no_shared_vocabulary,
https://openalex.org/W132525672,基于μC／OS-II的一种嵌入式系统内存管理方案,T14423,,unassigned,no_shared_vocabulary,
https://openalex.org/W140937081,佐藤春夫「西班牙犬の家」の謎をめぐって--比較文学的に読む (染田利信教授還暦記念論集),T14423,,unassigned,no_shared_vocabulary,
https://openalex.org/W1416981049,Педагогические условия формирования информационной компетентности будущих учителей начальных классов,T14423,T14423.C03,propose_split,,0.09929059241083942
https://openalex.org/W144616717,クリスマス・メロディーズ : ピアノ・ソロ,T14423,,unassigned,no_shared_vocabulary,
https://openalex.org/W1479511023,关于建立“长江商贸走廊”的初步构想,T14423,,unassigned,no_shared_vocabulary,
https://openalex.org/W1480716356,专利：科学技术新常态研究的关键节点——沈君博士《专利技术主题的知识网络研究》评介,T14423,,unassigned,no_shared_vocabulary,
https://openalex.org/W1488722156,英国文化唯物论的德国起源：玛格特·汉尼曼论布莱希特,T14423,,unassigned,no_shared_vocabulary,
https://openalex.org/W1490204596,빠스꾸알 두아르떼의 일가에 나타난 인간실존의문제와 스페인적 맥락,T14423,,unassigned,no_shared_vocabulary,
https://openalex.org/W1511877755,전자제어식 주차브레이크(EPB) 시스템의 다축 내구시험법 개발에 관한 연구,T14423,T14423.C03,propose_split,,0.24249663692701207
https://openalex.org/W155086643,경력단절 여성의 감성지능이 고용가능성에 미치는 영향 : 사회 연결망의 매개효과를 중심으로,T14423,T14423.C03,propose_split,,0.2264378888766797
https://openalex.org/W1552753143,"重大主题报道创新路径：高站位,多形式,全媒体",T14423,,unassigned,no_shared_vocabulary,
https://openalex.org/W1571799402,最新商法・会社法がわかる事典 : 読みこなし・使いこなし・活用自在,T14423,,unassigned,no_shared_vocabulary,
https://openalex.org/W162748706,延命治療の差し控えと中止--患者の利益と医師の心理的負担の視点から (第5土曜特集 救急医療UPDATA--現状と展望) -- (倫理・メディア),T14423,T14423.C03,propose_split,,0.135340795920424
https://openalex.org/W1688936418,日本企業のすり合わせ能力を生かす (特集 組織力を高めるマネジメント),T14423,T14423.C04,propose_split,,0.9986686398262994
https://openalex.org/W1824050445,프랙탈 차원을 이용한 한국 해안선길이 특성 연구,T14423,T14423.C03,propose_split,,0.23979349199742037
https://openalex.org/W1931330137,일본시장에서의 수산물 수출경쟁력 분석,T14423,T14423.C03,propose_split,,0.135340795920424
https://openalex.org/W1931628525,아랍어 동사의 상(Aspect)과 시제(Tense),T14423,,unassigned,no_shared_vocabulary,
https://openalex.org/W1936938468,통일에 대비한 한국의 통일비용 재원조달방안에 관한 논의,T14423,T14423.C03,propose_split,,0.18871704406364595
https://openalex.org/W1962967553,에너지 통합 전시회 개최 위해 관련 협단체 ‘의기투합’,T14423,,unassigned,no_shared_vocabulary,
https://openalex.org/W201617984,Рефлексивные модели репутации и норм деятельности,T14423,T14423.C03,propose_split,,0.14314691952573608
https://openalex.org/W2118370542,작업기억의 용량이 컴퓨터 문서의 이해에 미치는 영향,T14423,T14423.C03,propose_split,,0.2264378888766797
https://openalex.org/W2138252148,"미디어 리터러시 구성요인과 부모의 중재 행위, 아동의 이용조절 인식간의 상관관계",T14423,,unassigned,no_shared_vocabulary,
https://openalex.org/W2138891372,中日循环经济：比较、借鉴与合作,T14423,,unassigned,no_shared_vocabulary,
https://openalex.org/W2180382749,Роль Германии в «Группе двадцати»,T14423,,unassigned,no_shared_vocabulary,
https://openalex.org/W2181756604,税務申告書類による農業者の収入のとらえ方(第4回)価格補填金の取扱い,T14423,,unassigned,no_shared_vocabulary,
https://openalex.org/W218298242,海上保安庁管区めぐり(2)第2管区,T14423,,unassigned,no_shared_vocabulary,
https://openalex.org/W219265973,20.新生児特発性食道破裂の治験例 (第23回九州小児外科学会),T14423,T14423.C03,propose_split,,0.17370619399533813
https://openalex.org/W2201756477,배전 계통에서 전기 자동차 계통 연계에 의한 순간전압강하 분석,T14423,T14423.C03,propose_split,,0.135340795920424
https://openalex.org/W2206165554,Комбинационное рассеяние света в органических полупроводниках на основе молекул дифталоцианина эрбия и хлорсодержащих молекул трифталоцианина лютеция и европия,T14423,T14423.C02,propose_split,,0.9596482889747502
https://openalex.org/W2221069905,"초등학생의 운동참여에 따른 신체적 자기개념, 자아탄력성 및 행복감의 관계",T14423,,unassigned,no_shared_vocabulary,
https://openalex.org/W2248643895,룰드 서피스의 곡률 이론을 이용한 5축 NC 기계의 실시간 제어기법의 개발,T14423,T14423.C03,propose_split,,0.18420528464624036
https://openalex.org/W2257927312,医学救援队员对骨髓输液知识知、信、行的调查,T14423,,unassigned,no_shared_vocabulary,
https://openalex.org/W2260387204,《世說新語．識鑒》試析,T14423,,unassigned,no_shared_vocabulary,
https://openalex.org/W2263686077,"Бизнес-территории: определение, сущностные характеристики, основные модели развития и регулирования",T14423,T14423.C03,propose_split,,0.14245780776399242
https://openalex.org/W2265074902,浅析高职《物流配送管理》课程教学改革,T14423,,unassigned,no_shared_vocabulary,
https://openalex.org/W2265588233,복지국가와 역진적 조세의 정치,T14423,,unassigned,no_shared_vocabulary,
https://openalex.org/W2267820795,在纪念《中华人民共和国会计法》施行20周年座谈会上的讲话,T14423,,unassigned,no_shared_vocabulary,
https://openalex.org/W2270188911,섬유강화 고분자 복합재료의 사출성형에 있어서 웰드부의 섬유배향에 미치는 금형형상의 영향,T14423,T14423.C03,propose_split,,0.22217726130528892
https://openalex.org/W2276858589,珍愛生命 全面啟動－全球攜手防自殺：不分你我，不分地區,T14423,,unassigned,no_shared_vocabulary,
https://openalex.org/W2281762425,试析三个版本教科书“分数的概念”的对比分析,T14423,,unassigned,no_shared_vocabulary,
https://openalex.org/W2284737159,SAD は生活・人生にどのような影響を与えるか,T14423,,unassigned,no_shared_vocabulary,
https://openalex.org/W2305844160,مطالعه ریز ساختها در توده گرانیتوئیدی بوئین – میاندشت (زون سنندج – سیرجان),T14423,T14423.C03,propose_split,,0.373632675052553
https://openalex.org/W2335354486,Компьютерное моделирование и оптимизация в химической технологии,T14423,T14423.C03,propose_split,,0.135340795920424
https://openalex.org/W2335585686,برنامج تدريبي لتحسين أداء معلمي الحلقة الأولى من التعليم الأساسي المرتبط بمنبئات بعض أمراض الأطفال في ضوء مفهوم المدارس المعززة للصحة,T14423,T14423.C03,propose_split,,0.2468442860672913
https://openalex.org/W2336614165,成都高校“教材门”赚几何赔几何,T14423,,unassigned,no_shared_vocabulary,
https://openalex.org/W2336709753,在日本新东，我们看到了什么——中铸协第5期赴日本新东工业株式会社研修生学习报告,T14423,,unassigned,no_shared_vocabulary,
https://openalex.org/W2337151501,CCTV寻找最会“玩”的人——中央电视台播出大型互动节目《体验中国》,T14423,,unassigned,no_shared_vocabulary,
https://openalex.org/W2338515501,依法行使诉讼权利 严格履行诉讼义务 努力做好应诉工作,T14423,,unassigned,no_shared_vocabulary,
https://openalex.org/W2338808298,喘息の病態生理に関する最近の進歩 (特集 最新の喘息予防・管理ガイドライン(JGL2015)を読み解く),T14423,T14423.C04,propose_split,,0.9986686398262994
https://openalex.org/W2339542646,作业本“受伤”了,T14423,,unassigned,no_shared_vocabulary,
https://openalex.org/W2352640101,「おいしい」と感じるのはなぜ? 味覚の科学,T14423,,unassigned,no_shared_vocabulary,
https://openalex.org/W2403229555,Совершенствование оценки объекта залога в целях ипотечного кредитования,T14423,T14423.C03,propose_split,,0.135340795920424
https://openalex.org/W2466101763,ПРИЛОГИ О ЗДРАВСТВЕНЕЙ КУЛТУРИ И ЗАЩИТИ У ВИДАНЬОХ РУСКОГО НАРОДНОГО ПРОСВИТНОГО ДРУЖТВА (1921–1941),T14423,T14423.C03,propose_split,,0.12612928761458206
https://openalex.org/W2475271176,IPF2002にみる射出成形分野の技術動向(1) (特集 射出成形機--最近の注目動向),T14423,T14423.C04,propose_split,,0.9986686398262994
https://openalex.org/W2486705003,معرفی و تحلیل سینماتیک معکوس یک روبات موازی جدید جهت شبیه سازی حرکت قایق تندرو,T14423,T14423.C03,propose_split,,0.12612166038921804
https://openalex.org/W24905661,承前启后 开拓前进--北京市中小学教师教育技术能力培训（中级）一期圆满结束,T14423,,unassigned,no_shared_vocabulary,
https://openalex.org/W2507331805,중년층 여성 직업능력개발 실태와 요구,T14423,,unassigned,no_shared_vocabulary,
https://openalex.org/W2520213889,文瀛春雷(下)——彭真的中学时代,T14423,,unassigned,no_shared_vocabulary,
https://openalex.org/W2520495266,ペットボトル分別に伴う“煩わしさ”の定量的評価に関する研究,T14423,,unassigned,no_shared_vocabulary,
https://openalex.org/W2547411247,试从中美两民族思维差异分析＂中国通＂现象,T14423,,unassigned,no_shared_vocabulary,
https://openalex.org/W2555492707,衡阳农信的“金字招牌”——湖南省衡阳市雁峰区联社内控建设聚焦,T14423,,unassigned,no_shared_vocabulary,
https://openalex.org/W2579340381,Воспитание толерантности к дошкольникам с ОВЗ в условиях детского сада,T14423,T14423.C03,propose_split,,0.067670397960212
https://openalex.org/W2587552400,書評 橋本繁著『韓国古代木簡の研究』,T14423,,unassigned,no_shared_vocabulary,
https://openalex.org/W2591774284,آیوروده یا طب سنتی هند در متون ختنی,T14423,T14423.C03,propose_split,,0.373632675052553
https://openalex.org/W2610376508,【危険な波形の正体を暴け！ 心電図ファイル】 頻回に動悸を訴える女性,T14423,,unassigned,no_shared_vocabulary,
https://openalex.org/W2618700952,МАТЕРИАЛЬНОСТЬ КАК ФУНДАМЕНТАЛЬНАЯ СОСТАВЛЯЮЩАЯ ЧЕЛОВЕЧЕСКОЙ СУЩНОСТИ,T14423,,unassigned,no_shared_vocabulary,
https://openalex.org/W265209268,"26pPSA-34 Al_xGa_1-xAS/ALAs量子細線における励起子拡散の観測(26pPSA,領域5(光物性分野))",T14423,,unassigned,no_shared_vocabulary,
https://openalex.org/W2735700141,Основные экологические проблемы Северо-Запада России,T14423,T14423.C03,propose_split,,0.14314691952573608
https://openalex.org/W2738078980,Гистологическая характеристика железистого и мышечного желудков петухов породы плимутрок в постэмбриональном онтогенезе,T14423,,unassigned,no_shared_vocabulary,
https://openalex.org/W2742304817,教育情報(No.1112)東京都が推進する「オリパラ教育」,T14423,,unassigned,no_shared_vocabulary,
https://openalex.org/W2742785608,"Организация и проведение круглого стола в рамках духовно-нравственного воспитания учащихся 5–8 классов по теме «Жизненный путь человека по житию святого», посвященного 700-летию преподобного Сергия Радонежского",T14423,T14423.C03,propose_split,,0.19251912316856254
https://openalex.org/W2742996194,鹿児島湾 深奥な魅力を探る 鹿児島湾における海岸漂着ごみと海底堆積ごみ,T14423,,unassigned,no_shared_vocabulary,
https://openalex.org/W2745398401,1種の脚ロボットシミュレーション運転システムの研究と実現【JST・京大機械翻訳】,T14423,T14423.C01,propose_split,,1.0000000000000002
https://openalex.org/W2745399207,Особенности течения аутосомно-рецессивного поликистоза почек у детей,T14423,T14423.C03,propose_split,,0.18822229365920817
https://openalex.org/W2745806452,Pbチオラートの存在下における汎用PbS量子ドットでの配位子交換システム【Powered by NICT】,T14423,T14423.C03,propose_split,,0.20301119388063596
https://openalex.org/W2746185349,時間遅延のある協調システムの解析:輸送システムへの応用【Powered by NICT】,T14423,T14423.C03,propose_split,,0.20301119388063596
https://openalex.org/W2747678655,高齢者が訴えるかぜ症状 高齢者が訴える「かぜ症状」とおくすりQ&A 13 鎮咳薬は必要?他の対処法はない?,T14423,,unassigned,no_shared_vocabulary,
https://openalex.org/W2748778836,DAIYUNの異なるタイプの植物群落の種多様性と安定性の研究【JST・京大機械翻訳】,T14423,T14423.C01,propose_split,,1.0000000000000002
https://openalex.org/W2751014821,"海外に見る容器包装最新事情 第20回 機能性と戦略性をもつパウチは今後も成長を続ける(2)―硬質容器(ガラス,金属,プラスチック容器)からも目が離せない",T14423,,unassigned,no_shared_vocabulary,
https://openalex.org/W2751178699,975nmのレーザダイオードによって励起された時の異なる濃度でのイッテルビウム(III)の非ドープおよびドープしたけい酸イットリウムナノ粉末によるスペクトル特性と白色光発生【Powered by NICT】,T14423,T14423.C03,propose_split,,0.20301119388063596
https://openalex.org/W2752651016,بیبلیومتریکس، آلتمتریکس و تأثیر پژوهش؛ راهنمای کتابداران در قرن 21,T14423,T14423.C03,propose_split,,0.373632675052553
https://openalex.org/W2755208327,実地診療で遭遇する胆膵疾患 ガイドラインに基づいた実地医家のためのオーバービュー 膵癌早期診断と治療の進歩―膵癌診療ガイドラインの改訂―,T14423,,unassigned,no_shared_vocabulary,
https://openalex.org/W2762633477,مدلسازی سینتیک خشککردن لایهنازک قارچ دکمهای توسط هوای داغ با استفاده از الگوریتم ژنتیک- شبکه عصبی مصنوعی,T14423,T14423.C03,propose_split,,0.17173314759978506
https://openalex.org/W2766560391,Зарубежные интеграционные проекты на постсоветском пространстве,T14423,T14423.C02,propose_split,,0.9596482889747502
https://openalex.org/W2767720491,"«Di Rusn!»: Евреи Западной Белоруссии встречают Красную армию, 1939-1941 гг.",T14423,T14423.C03,propose_split,,0.1608436029717325
https://openalex.org/W2771431944,Актуальные проблемы современного терминоведения,T14423,T14423.C03,propose_split,,0.11552059524347023
https://openalex.org/W2784528312,К ВОПРОСУ О МЕТОДОЛОГИИ АНАЛИЗА МЕХАНИЗМОВ МИФОЛОГИЧЕСКОГО МЫШЛЕНИЯ,T14423,,unassigned,no_shared_vocabulary,
https://openalex.org/W2786307188,Чехов. Дама с собачкой,T14423,,unassigned,no_shared_vocabulary,
https://openalex.org/W2790312570,Физминутки на уроках в начальной школе,T14423,T14423.C02,propose_split,,0.9596482889747502
https://openalex.org/W2793865482,تأثیرآموزش مهارتهای تحصیلی-حرفهای بر ادراک دانشجویان از محیط آموزشی در دانشگاه علوم پزشکی اصفهان,T14423,T14423.C03,propose_split,,0.3349031252919792
https://openalex.org/W2808952479,建設機械の変遷 バッチャープラントの変遷=日本のコンクリートプラント進化の歴史=,T14423,,unassigned,no_shared_vocabulary,
https://openalex.org/W285022521,『皮子文薮』所収「鹿門隠書」について,T14423,,unassigned,no_shared_vocabulary,
https://openalex.org/W288653162,薪火相传 继往开来——写给西南大学美术学院的艺术家们,T14423,,unassigned,no_shared_vocabulary,
https://openalex.org/W289161008,2375 多入力地震波を受ける構造物の応答特性について : その7 振動実験による数値計算モデルの検討,T14423,T14423.C03,propose_split,,0.135340795920424
https://openalex.org/W2892733011,بررسی میزان هیستامین، تیوباربیوتوریک اسید و ازت فرار کل در کنسرو تون ماهی تولید شده در برخی کارخانههای شهرک صنعتی کنارک,T14423,T14423.C03,propose_split,,0.373632675052553
https://openalex.org/W2895005398,应用课程基地资源进行高中数学教学的实践与思考——以江苏省“数字化高中数学课程基地”为例,T14423,,unassigned,no_shared_vocabulary,
https://openalex.org/W2908459654,الحاجات الإرشادية لمعلمي الابتدائي خرجي المدارس العليا,T14423,T14423.C03,propose_split,,0.09879837415785157
https://openalex.org/W2917842156,技術・技術者・技術教育の問題-3-,T14423,T14423.C03,propose_split,,0.135340795920424
https://openalex.org/W2921701032,손자녀 양육지원을 거부한조모의 경험에 관한 연구,T14423,T14423.C03,propose_split,,0.24249663692701207
https://openalex.org/W2942859866,Моделирование полета и разрушения болида Бенешов,T14423,T14423.C03,propose_split,,0.135340795920424
https://openalex.org/W2948834608,Тенденции развития словенского либерализма в конце xix – начале XX в,T14423,T14423.C03,propose_split,,0.11113025784108987
https://openalex.org/W2950360064,Особенности правовой защиты нематериальных благ по современному законодательству Монголии,T14423,T14423.C03,propose_split,,0.21102359583644756
https://openalex.org/W2951023163,Жизнь и творчество поэта михаила Белозёрова,T14423,,unassigned,no_shared_vocabulary,
https://openalex.org/W2952211641,Интеграция кафедр вузов и предприятий - целесообразная форма консолидации сил и средств по разработке бакалаврских работ,T14423,T14423.C03,propose_split,,0.17117512063114418
https://openalex.org/W2956003399,"Детерминация мер уголовной ответственности за деяния, направленные на совершение самоубийства другим лицом",T14423,T14423.C02,propose_split,,0.9596482889747502
https://openalex.org/W2962014851,«ЗАМАНА» АГЫМЫНЫН ИЗИЛДЕНИШИ,T14423,,unassigned,no_shared_vocabulary,
https://openalex.org/W2964091901,"Технология ""vector tile""",T14423,,unassigned,no_shared_vocabulary,
https://openalex.org/W2968939044,샘플링이 소비자 구매의도에 미치는 효과: 소비자 특성의 조절효과,T14423,T14423.C03,propose_split,,0.188985590345517
https://openalex.org/W2970682589,마르크스의 초기 저작과 함께 『자본론』 읽기,T14423,,unassigned,no_shared_vocabulary,
https://openalex.org/W2971647546,Особенности профилактики и лечения спаечного процесса у пациенток с хроническими воспалительными заболеваниями органов малого таза,T14423,T14423.C03,propose_split,,0.15321861620765317
https://openalex.org/W2973027311,Свобода у пошуку вічної правди,T14423,,unassigned,no_shared_vocabulary,
https://openalex.org/W2977949880,"29) 先天性心疾患の術後心電図変化, 特にその血行動態との関連について : 第14回日本循環器学会中国四国地方会",T14423,T14423.C03,propose_split,,0.135340795920424
https://openalex.org/W2979100320,警察庁、法務省及び厚生労働省の三省庁の合意に基づく「不法就労等外国人対策について」の取りまとめについて,T14423,,unassigned,no_shared_vocabulary,
https://openalex.org/W2979842157,دراسة تحليلية لواقع التنمية المستدامة في الجزائر من منظور اقتصادي خلال الفترة 2005-2016,T14423,T14423.C03,propose_split,,0.2869769998732512
https://openalex.org/W2982346081,Чехословакия на Парижской мирной конференции,T14423,T14423.C02,propose_split,,0.7128203155678268
https://openalex.org/W2983297137,SIP 自動走行システムにおけるコネクテッド・ビークルへの取り組み,T14423,,unassigned,no_shared_vocabulary,
https://openalex.org/W2986362773,توجهات التكنولوجيا المالية على ضوء تجارب شركات ناجحة,T14423,T14423.C03,propose_split,,0.12509145597571147
https://openalex.org/W300108864,超高層エレベータの生理心理的問題の検討:その2. エレベータ移動時の生理的反応と環境改善,T14423,T14423.C03,propose_split,,0.135340795920424
https://openalex.org/W3004834202,ルイス酸-ホスフィン複合系試薬によるイミノ酢酸エステルの反応 | 文献情報 | J-GLOBAL 科学技術総合リンクセンター,T14423,,unassigned,no_shared_vocabulary,
https://openalex.org/W3008070585,В Украине начинают устанавливать зарядные станции для электромобилей,T14423,T14423.C03,propose_split,,0.135340795920424
https://openalex.org/W3030738962,胰腺炎灌肠方法的改进,T14423,,unassigned,no_shared_vocabulary,
https://openalex.org/W3031182377,氯胺酮预防麻醉诱导中芬太尼诱发咳嗽的半数有效剂量,T14423,,unassigned,no_shared_vocabulary,
https://openalex.org/W3032438910,辨证施治结合针灸治疗糖尿病神经源性膀胱的疗效观察,T14423,,unassigned,no_shared_vocabulary,
https://openalex.org/W3034961332,ФОРМИ УПРАВЛІНСЬКИХ РІШЕНЬ У ДІЯЛЬНОСТІ ТЕРИТОРІАЛЬНИХ ОРГАНІВ НАЦІОНАЛЬНОЇ ПОЛІЦІЇ УКРАЇНИ,T14423,,unassigned,no_shared_vocabulary,
https://openalex.org/W3036335204,ビッグデータ・ポリシングは何をもたらすか？ : ICT・AI 技術を活用した警察活動に関する議論の展開に向けて,T14423,,unassigned,no_shared_vocabulary,
https://openalex.org/W3080798495,덱사메타손을 담지한 올리바넘 미립자 함유 키토산-젤라틴 동결건조 지지체의 골조직공학 응용,T14423,,unassigned,no_shared_vocabulary,
https://openalex.org/W3082016359,ФУНКЦИЯ ПОЧЕК У НОВОРОЖДЕННЫХ ДЕТЕЙ,T14423,T14423.C03,propose_split,,0.12386774643393883
https://openalex.org/W3083969128,Дослідження історико-культурної спадщини як чинник становлення ідентичності особистості,T14423,,unassigned,no_shared_vocabulary,
https://openalex.org/W3085727478,Використання відпрацьованих олив для виробництва пластичних мастил.,T14423,T14423.C03,propose_split,,0.135340795920424
https://openalex.org/W3093613949,Society5.0 環境における P2M 基本命題と適用領域の拡張,T14423,,unassigned,no_shared_vocabulary,
https://openalex.org/W3094957406,‘नल चद’ उपनयस: इतहस क एक जवनत दसतवज,T14423,T14423.C03,propose_split,,0.135340795920424
https://openalex.org/W3110342345,ОБРАЗОВАТЕЛЬНЫЙ ПОТЕНЦИАЛ – ПОКАЗАТЕЛЬ КАЧЕСТВА ЖИЗНИ,T14423,,unassigned,no_shared_vocabulary,
https://openalex.org/W3111301407,논문 ( 재록 ) : 어린이의 김치 표준화에 대한 연구 (1) - 김치 섭취에 대한 의식 및 섭취실태 -,T14423,T14423.C03,propose_split,,0.16769535502702435
https://openalex.org/W3126584423,1-23 80 11 Коммуникация. Профилизация: Медиаисследования и социальная аналитика. Форма обучения: очная (дневная). Срок обучения 1 год. Е23-083/уч,T14423,T14423.C03,propose_split,,0.1498604339332361
https://openalex.org/W3127650922,한국농어촌공사 물관리전문학교 소개,T14423,,unassigned,no_shared_vocabulary,
https://openalex.org/W3129992517,海外のガスタービン ABBアルストムパワー(UK)社のラインアップと販売戦略,T14423,,unassigned,no_shared_vocabulary,
https://openalex.org/W3135063935,ステップIIの結果を活用した指導事例 (特集 多様な学び方の子どもの指導に役立つアセスメントツール「LD-SKAIP」),T14423,T14423.C04,propose_split,,0.9986686398262994
https://openalex.org/W3152531430,دور المعلومات الإحصائية في اتخاذ القرارات الإدارية بالمؤسسة,T14423,T14423.C03,propose_split,,0.20213124838626803
https://openalex.org/W3153742270,수중불분리성 폴리머 모르타르를 사용한 하수박스 내 단면보수 방법(FRUS 공법)에 대한 고찰,T14423,T14423.C03,propose_split,,0.14524074230147344
https://openalex.org/W3158475873,台灣中小型預拌混凝土業經營模式探討 ─以 G 公司為例,T14423,,unassigned,no_shared_vocabulary,
https://openalex.org/W3160117388,ダイカストの欠陥・不良対策に役立つ最新技術 ハイサイクル化に対応する新ダイカスト金型材料,T14423,,unassigned,no_shared_vocabulary,
https://openalex.org/W3160587587,普遍的地下熱エネルギー利用促進に向けた総合設計手法構築の試み-総合設計(オーバーオールシステムデザイン)の再定義,T14423,,unassigned,no_shared_vocabulary,
https://openalex.org/W3161713813,康德的“根本恶”思想与自由理论,T14423,,unassigned,no_shared_vocabulary,
https://openalex.org/W3167963283,ابعاد حقوقی حمایت دیپلماتیک بریتانیا از نازنین زاغری,T14423,T14423.C03,propose_split,,0.15420672660515203
https://openalex.org/W3176043942,"脛骨骨幹部稜線は,脛骨コンポーネントの内外反設置の有用な指標となるか?~同一個体における左右差の評価~",T14423,,unassigned,no_shared_vocabulary,
https://openalex.org/W3176622296,Совершенствование помольных агрегатов с использованием предизмельчения.,T14423,T14423.C03,propose_split,,0.135340795920424
https://openalex.org/W3180099483,곱셈 지도에 관한 고찰,T14423,T14423.C03,propose_split,,0.19939645405581366
https://openalex.org/W3182021987,기상인자와 비정상성 빈도해석 모형을 이용한 낙동강유역의 계절강수량 전망,T14423,T14423.C03,propose_split,,0.18420528464624036
https://openalex.org/W3183121927,セレンと新型コロナウイルスの研究進展【JST・京大機械翻訳】,T14423,T14423.C01,propose_split,,1.0000000000000002
https://openalex.org/W3183926524,결과적 가중범의 본질과 직접성의 원칙,T14423,,unassigned,no_shared_vocabulary,
https://openalex.org/W3186838808,보건복지전담 공무원과 민간 보건복지종사자의 교육요구 비교,T14423,,unassigned,no_shared_vocabulary,
https://openalex.org/W3190755314,非細胞変性効果を持つ基本標的細胞限定ウイルス動力学モデルに対する準定常状態近似【JST・京大機械翻訳】,T14423,T14423.C01,propose_split,,1.0000000000000002
https://openalex.org/W3196063993,建築外部空間における「リラクゼーション」に関する研究,T14423,,unassigned,no_shared_vocabulary,
https://openalex.org/W3196948058,O-015 薬物依存症患者の回復過程における生活習慣の意味に関する研究 ダルクにおける参加観察を通して,T14423,,unassigned,no_shared_vocabulary,
https://openalex.org/W3198807260,同志との学び合い : ALT同士、JTE同士による質的ペアディスカッション手法,T14423,,unassigned,no_shared_vocabulary,
https://openalex.org/W3210285256,超音波非破壊試験のシミュレーションのためのGTAW溶接のマクロ構造を予測するための現実的モデル【JST・京大機械翻訳】,T14423,T14423.C01,propose_split,,1.0000000000000002
https://openalex.org/W3213032342,تحلیل کاپیولای مناسب برای مدلسازی ساختار وابستگی دادههای تاخیر تروپسفری در بخش کوهستانی اروپای مرکزی,T14423,T14423.C03,propose_split,,0.2979708551752225
https://openalex.org/W3213706205,معوقات دمج الأطفال التوحديين بالمدارس الابتدائية من وجهة نظر المعلمين (دراسة ميدانية بالمدارس الابتدائية بغرداية),T14423,T14423.C03,propose_split,,0.2100788047720533
https://openalex.org/W335758834,27 Aux/IAA リプレッサーとオーキシン初期応答遺伝子発現に対するオーキシンの信号伝達阻害剤 yokonolide B の作用,T14423,,unassigned,no_shared_vocabulary,
https://openalex.org/W347581630,"G601 渦糸ソリトンによる高速火炎伝播メカニズムの検証(GS6 反応を伴う流れ,一般セッション)",T14423,T14423.C03,propose_split,,0.135340795920424
https://openalex.org/W348588249,26a-ZD-6 内殻励起に伴うBaF_2での光増幅の可能性,T14423,,unassigned,no_shared_vocabulary,
https://openalex.org/W351315685,老人福祉施設における身体的ケアの新しい試み (特集 老人福祉施設におけるケアの実態と問題点),T14423,T14423.C04,propose_split,,0.9986686398262994
https://openalex.org/W352818217,不治の病とたたかう妻に寄り添って 介護 (特集 私の休職体験),T14423,T14423.C04,propose_split,,0.9986686398262994
https://openalex.org/W357891818,"P1-289 原因不明の下腹痛に対する腹腔鏡下手術の適応(Group 39 腫瘍・その他II,一般演題,講演要旨,第58回日本産科婦人科学会学術講演会)",T14423,,unassigned,no_shared_vocabulary,
https://openalex.org/W361191970,ゲノム解析による2型糖尿病感受性遺伝子の解明 (第5土曜特集 メタボリックシンドローム時代の糖尿病研究の最前線) -- (ゲノム解析:糖尿病原因遺伝子),T14423,T14423.C03,propose_split,,0.135340795920424
https://openalex.org/W362599442,大学体育の貢献性--熊本工業大学の学生・教職員・地域住民のニーズをもとに,T14423,,unassigned,no_shared_vocabulary,
https://openalex.org/W363675151,「震災と教育」の教育課程 (特集 子どもとつくる教育課程) -- (3・11と向き合う教育課程),T14423,T14423.C04,propose_split,,0.9986686398262994
https://openalex.org/W364939141,マツダ㈱宇品(うじな)工場の見学報告 : 第440回大阪支部技術研究会外部研修会について,T14423,,unassigned,no_shared_vocabulary,
https://openalex.org/W365823862,制癌剤(mitomycin-C)の催奇形効果,T14423,,unassigned,no_shared_vocabulary,
https://openalex.org/W369944699,「終身刑」の導入は、死刑廃止の一里塚,T14423,,unassigned,no_shared_vocabulary,
https://openalex.org/W370125236,インド 極貧からの解放と義務教育の徹底 (特集 世界の子ども家庭福祉) -- (世界の社会的養護の動向),T14423,T14423.C04,propose_split,,0.9986686398262994
https://openalex.org/W378331279,外国人労働者必然論 鎖国論・開国論を超えて-20-期限付き雇用政策の挫折--入国規制と帰国奨励に転じたヨ-ロッパ,T14423,T14423.C03,propose_split,,0.17370619399533813
https://openalex.org/W379385908,ランキング・コーナー 大手銀行のホームページ充実度,T14423,,unassigned,no_shared_vocabulary,
https://openalex.org/W379818118,翻訳論の具体的諸問題--芝木好子の短篇「白萩」と「変身」の英訳を素材に,T14423,,unassigned,no_shared_vocabulary,
https://openalex.org/W381427098,脳挫傷 (特集 スリーステップでわかる! 疾患別 新人がするべき急変予防のための予測と観察) -- (外傷),T14423,T14423.C04,propose_split,,0.9986686398262994
https://openalex.org/W387383246,読書のアニマシオン--公共図書館でこそ活用を! (特集 読書のアニマシオン),T14423,T14423.C04,propose_split,,0.9986686398262994
https://openalex.org/W387702154,レオナード・ショッパ報告「日米構造協議の結果分析」に寄せて,T14423,,unassigned,no_shared_vocabulary,
https://openalex.org/W392171596,Тенденции перемещения рабочей силы в Белоруссии,T14423,T14423.C03,propose_split,,0.12630981195899157
https://openalex.org/W392345031,継続雇用には、障害者が障害者を教える風土をつくる覚悟が必要 (特集 障害者の雇用促進),T14423,T14423.C04,propose_split,,0.9986686398262994
https://openalex.org/W392384812,第1回研究会 第1部 講演 少額電子決済市場動向と地域金融機関への示唆 (地域金融機関IT研究会 講演録 平成19年度研究テーマ 地域金融機関における少額電子決済市場への展開と可能性),T14423,,unassigned,no_shared_vocabulary,
https://openalex.org/W393611346,社会福祉の学習権問題 (福祉問題の焦点(特集)),T14423,T14423.C04,propose_split,,0.9986686398262994
https://openalex.org/W393831621,防臭・防爆掘削工法--臭気性および爆発性物質より汚染された土壌に対応する工法 (特集:最新の土壌浄化技術と機械施工),T14423,T14423.C04,propose_split,,0.9986686398262994
https://openalex.org/W394435695,小脳性疾患群の神経病理学 とくに臨床像との関連を中心に (小脳(特集)),T14423,T14423.C04,propose_split,,0.9986686398262994
https://openalex.org/W402951037,総評大会の論議について(現代の視角 労働),T14423,T14423.C03,propose_split,,0.067670397960212
https://openalex.org/W403850644,本好き人好き(173)生存より生活へ--森本厚吉『生存より生活へ』 国府犀東『犀東文集』,T14423,,unassigned,no_shared_vocabulary,
https://openalex.org/W404143362,Резолюции XVIII всесоюзной конференции ВКП(б) : 15-20 февраля 1941 г,T14423,T14423.C03,propose_split,,0.19721072390213204
https://openalex.org/W404541516,"X-29 韓国と日本の色彩慣用語比較(色彩の文化と教育,ポスターショートプレゼンテーション,第43回全国大会要旨集)",T14423,T14423.C03,propose_split,,0.135340795920424
https://openalex.org/W405384668,"「土地ノ工作物」の概念及び労働基準法,労働者災害補償保険法における遺族給付と損害賠償の関係",T14423,,unassigned,no_shared_vocabulary,
https://openalex.org/W407587810,琉球の創造力(3)原初的発想法を中心に,T14423,,unassigned,no_shared_vocabulary,
https://openalex.org/W410248886,表面センサネットワークにおける高効率カプラ(第二報)共鳴周波数制御による選択的給電方法 (第26回センシングフォーラム資料--センシング技術の新たな展開と融合) -- (センシングシステム(1)),T14423,,unassigned,no_shared_vocabulary,
https://openalex.org/W410848296,江戸のベンチャー(第1回)江戸時代は商人にとっての戦国時代,T14423,,unassigned,no_shared_vocabulary,
https://openalex.org/W414652781,朝米一五〇年対決の最終決算段階--民族自主思想が切り開いた勝利の道,T14423,,unassigned,no_shared_vocabulary,
https://openalex.org/W416144829,構造物の確率論的特性に関する解析的研究 (その1) : 構造,T14423,T14423.C03,propose_split,,0.135340795920424
https://openalex.org/W416288933,世界の喩--説話のおもしろさ (中世説話のコスモロジ- ),T14423,,unassigned,no_shared_vocabulary,
https://openalex.org/W417665166,ITS用3周波(GPS/VICS/ETC)共用スタック化方形マイクロストリップアンテナ(学生若手発表および一般),T14423,,unassigned,no_shared_vocabulary,
https://openalex.org/W4214518456,یک نگاه انتقادی بر جلد اول و دوم افغانستان در مسیر تاریخ / نوشته محمد اعظم سیستانی.,T14423,T14423.C03,propose_split,,0.2937144541966551
https://openalex.org/W421790298,生活交通の確保は国と自治体の責務 住み続けられる地域づくりのために (私の町の公共交通),T14423,,unassigned,no_shared_vocabulary,
https://openalex.org/W4243407412,مملکة ماري السورية: الخلفية الحضارية والتاريخية لنشوء مدينة ماري,T14423,,unassigned,no_shared_vocabulary,
https://openalex.org/W425123093,当院における感染管理認定看護師(ICN)の活動,T14423,,unassigned,no_shared_vocabulary,
https://openalex.org/W4251690689,,T14423,,unassigned,insufficient_text,
https://openalex.org/W427995702,地方公営企業はどれだけ国際活動が可能か?--ストックホルムウォ-タ-会社の活動から得られる示唆,T14423,,unassigned,no_shared_vocabulary,
https://openalex.org/W4293242108,学校的要請と庶民階層─全員就学の状況における進路指導,T14423,,unassigned,no_shared_vocabulary,
https://openalex.org/W429642229,"IA-4 PC12D細胞からの突起誘導におけるGSK-3βの活性についての研究(神経,一般演題発表,第46回日本組織細胞化学会総会・学術集会)",T14423,,unassigned,no_shared_vocabulary,
https://openalex.org/W4297449754,Анализ уровня грамотности населения западных церковных приходов Алексинского уезда в условиях сложившейся на рубеже XIX-XX вв. системы начального народного образования,T14423,T14423.C02,propose_split,,0.5116546338006297
https://openalex.org/W429813877,14) ウイプラについて(日本歯科医史学会第36回(平成20年度)学術大会一般演題抄録),T14423,,unassigned,no_shared_vocabulary,
https://openalex.org/W4302446426,Культурно-історична зумовленість деформацій правової свідомості в посткомуністичному суспільстві,T14423,,unassigned,no_shared_vocabulary,
https://openalex.org/W431060632,「ブラック企業問題」は、労働・貧困運動の突破口である (特集 若者の雇用問題),T14423,T14423.C04,propose_split,,0.5585101030888885
https://openalex.org/W432226735,巧记“奇特”之处，巧解情动难题,T14423,,unassigned,no_shared_vocabulary,
https://openalex.org/W436792893,感染症 UP to Date(65)生物兵器テロとその対策,T14423,,unassigned,no_shared_vocabulary,
https://openalex.org/W4375826760,РОМАН СЕРГІЯ СТЕПИ «ДЕРЕВО ДІРАКА»: ПОЕТИКА ЗАГОЛОВКА,T14423,,unassigned,no_shared_vocabulary,
https://openalex.org/W437834645,"1655 RC部材中に設置するICタグの物理性能評価と現場検証実験(センシング技術,2013年度日本建築学会大会(北海道)学術講演会・建築デザイン発表会)",T14423,,unassigned,no_shared_vocabulary,
https://openalex.org/W4378552050,العلاقة بين التعرض للنشرات الإخبارية في الفضائيات العربية وصورة أطراف الصراع اليمني لدى الشباب الجامعي,T14423,T14423.C03,propose_split,,0.20213124838626803
https://openalex.org/W438051839,内外市場におけるデリバティブズの位置づけ (活動報告 第2回金融工学合同研究集会報告),T14423,,unassigned,no_shared_vocabulary,
https://openalex.org/W4384305066,Управление финансовыми потоками организации,T14423,,unassigned,no_shared_vocabulary,
https://openalex.org/W4391400472,МОНИТОРИНГ И АНАЛИЗ ВЛИЯНИЯ АНОМАЛЬНЫХ МЕТЕОУСЛОВИЙ НА ЭФФЕКТИВНОСТЬ ФУНКЦИОНИРОВАНИЯ АПК КРАСНОЯРСКОГО КРАЯ,T14423,T14423.C02,propose_split,,0.7640356130083061
https://openalex.org/W4402235505,СБЛИЖЕНИЕ РСБУ И МСФО: АДАПТАЦИЯ РОССИЙСКОГО БУХГАЛТЕРСКОГО УЧЕТА К МЕЖДУНАРОДНЫМ СТАНДАРТАМ,T14423,,unassigned,no_shared_vocabulary,
https://openalex.org/W4405829088,महलओ क यग यकत जवन मरग म जनसखय वदध: एक समजक समसय,T14423,T14423.C03,propose_split,,0.135340795920424
https://openalex.org/W4405977062,اثر بيانات المراجعة متعددة الأبعاد على السلوك الغير متماثل للتكاليف دراسة تطبيقية علي قطاع البنوك المصري,T14423,T14423.C03,propose_split,,0.19954250328747494
https://openalex.org/W4407612806,ابن الأنباري وكتابه الأضداد دراسة تفسيرية,T14423,T14423.C03,propose_split,,0.18893419136834547
https://openalex.org/W4408873868,บทบาทพระธรรมทตในการทตวฒนธรรมของไทยตออนเดย,T14423,,unassigned,no_shared_vocabulary,
https://openalex.org/W4415849199,ОЦІКА РИЗИКІВ ЗБОЮ СИСТЕМИ ЗАХИСТУ АВТОРСЬКИХ ПРАВ ПІД ВПЛИВОМ ЗОВНІШНІХ НЕГАТИВНИХ ФАКТОРІВ,T14423,,unassigned,no_shared_vocabulary,
https://openalex.org/W53537450,グループホームにおけるターミナルケアの可能性についての一考察 : 利用者を中心とした身体的・心理社会的ケア,T14423,,unassigned,no_shared_vocabulary,
https://openalex.org/W563107820,トップインタビュー イノベーション生む産学官のプラットフォーム 新化学技術推進協会 会長 藤吉建二氏,T14423,,unassigned,no_shared_vocabulary,
https://openalex.org/W565160583,30p-YG-6 液体テルルの中性子非弾性散乱,T14423,,unassigned,no_shared_vocabulary,
https://openalex.org/W566466937,176) 雪腐小粒菌核病の生物防除 (昭和61年度日本植物病理学会大会講演要旨),T14423,,unassigned,no_shared_vocabulary,
https://openalex.org/W566972287,日本獣医夜明け塾 : 免疫研究から獣医療を変える(最終話)私が日本人獣医師としてやるべきこと,T14423,,unassigned,no_shared_vocabulary,
https://openalex.org/W567734144,世界の生徒指導--海外帰国生の体験から(最終回)やわらかい学校文化,T14423,,unassigned,no_shared_vocabulary,
https://openalex.org/W569636961,R.C.超高煙突の基礎および筒体の振動実験と地震観測-1-基礎の振動実験と基礎構造体のモデルの検討,T14423,,unassigned,no_shared_vocabulary,
https://openalex.org/W570263487,哺乳豚のふん便検査結果から分かること (特集 哺乳期〜離乳後の下痢症対策),T14423,T14423.C04,propose_split,,0.9986686398262994
https://openalex.org/W573354085,"A-12-2 時間ペトリネットから時間オートマトンへのコンパクトな変換について(A-12.システム数理と応用,一般セッション)",T14423,T14423.C03,propose_split,,0.135340795920424
https://openalex.org/W573404753,29p-ZC-10 外場による超伝導転移温度の増大 V : AU-Ge系薄膜についての実験,T14423,,unassigned,no_shared_vocabulary,
https://openalex.org/W576819311,木色——触摸“旧时光”,T14423,,unassigned,no_shared_vocabulary,
https://openalex.org/W577414995,"パニック障害 (特集 救急精神科 救急医に求められる最低限の知識) -- (救急外来編 救急外来で対応に難渋する,または身体疾患との鑑別が問題となる4つの精神障害,または精神症状)",T14423,T14423.C04,propose_split,,0.9986686398262994
https://openalex.org/W583433101,1a-RC-11 KEKブースター・メソンチャネルの建設 (VIII) : 総括,T14423,T14423.C03,propose_split,,0.1142441607313483
https://openalex.org/W585439491,A-16-43 テクスチャプロジェクション方式複合現実感ディスプレイにおける影付け表現,T14423,,unassigned,no_shared_vocabulary,
https://openalex.org/W586431666,FOCUS 保全作業がもっと楽になる工場設備の省エネ改善--誰でもできる新しいインバータの使い方提案,T14423,,unassigned,no_shared_vocabulary,
https://openalex.org/W587542713,"419 末梢全血液によるロイコトリエンB_4, C_4, D_4, E_4産生能測定法",T14423,,unassigned,no_shared_vocabulary,
https://openalex.org/W593106952,"地域で""暮らしに役立つ""議員めざす(福島・広野町) (体験特集 がんばってます! 新人議員(1))",T14423,,unassigned,no_shared_vocabulary,
https://openalex.org/W594612315,62. 除草剤のスクリーニング方法に関する研究 : 水和剤処方について,T14423,,unassigned,no_shared_vocabulary,
https://openalex.org/W597651200,特集「無機材料の合成を支える技術とその評価」 マイクロ波プラズマによるガラスのオキシナイトライド化,T14423,T14423.C04,propose_split,,0.9986686398262994
https://openalex.org/W599895958,P4 園庭道具を考える : その7 : 考案遊具の導入と遊びの観察,T14423,T14423.C03,propose_split,,0.135340795920424
https://openalex.org/W600302724,"『ぼくは都会のロビンソン』の著者に聞く ""多数派""と決別して手にするシアワセ (特集 月7万円で生きる! : 期待しない・期待できない時代の""人生防衛術"")",T14423,T14423.C04,propose_split,,0.9986686398262994
https://openalex.org/W607286370,連載対談 宇宙と地球と人間(6)尊き生命の揺籃を守れ--環境破壊を防ぐ知恵。 A・セレブロフ(宇宙飛行士)・池田大作(創価学会名誉会長),T14423,,unassigned,no_shared_vocabulary,
https://openalex.org/W608651942,109 cDNA発現ベクターを用いたリコンビナント精子不動化抗体Fab fragment産生細胞株の作成,T14423,,unassigned,no_shared_vocabulary,
https://openalex.org/W610988614,医薬品・医薬部外品・化粧品FD申請コード表,T14423,,unassigned,no_shared_vocabulary,
https://openalex.org/W614442620,労働組合と研修(研究) (研修制度をいかに確立するか(特集)) -- (日教組の「研修権」確立運動をどう見るか),T14423,T14423.C04,propose_split,,0.9986686398262994
https://openalex.org/W614595295,"3,5-二置換フランの合成--5-ベンジル-3-フリルメタノ-ルの新合成法〔フラン誘導体の研究-1-〕",T14423,,unassigned,no_shared_vocabulary,
https://openalex.org/W614677394,現状変更禁止仮処分の本質と効力-2(完)-,T14423,,unassigned,no_shared_vocabulary,
https://openalex.org/W617888020,Ｖａｌｐｒｏｉｃ ａｃｉｄのｐｏｐｕｌａｔｉｏｎ ｐｈａｒｍａｃｏｋｉｎｅｔｉｃｓ,T14423,,unassigned,no_shared_vocabulary,
https://openalex.org/W625353792,農を科学する-1-技術-いま何が問題か-上-,T14423,T14423.C03,propose_split,,0.135340795920424
https://openalex.org/W625761137,天皇・マッカ-サ-第1回会見の内容 (日本史上の人物と史料 ) -- (史料を発掘する),T14423,,unassigned,no_shared_vocabulary,
https://openalex.org/W630819210,オーラル・リハビリテーション・ロボットのための自動触診アルゴリズムの開発,T14423,,unassigned,no_shared_vocabulary,
https://openalex.org/W639246596,WEB連載『光と色の話』から (特集 LEDの技術開発),T14423,T14423.C04,propose_split,,0.9986686398262994
https://openalex.org/W639743576,Interview キネマ旬報映画総合研究所所長 掛尾良夫 (特集 激変! 映画ビジネス--金脈を掘り当てた会社・苦戦する会社),T14423,T14423.C04,propose_split,,0.9986686398262994
https://openalex.org/W644415809,"40318 屋外暑熱環境の温熱性評価に関する研究 : その2 実験結果と2NMおよびPHS modelとの比較(屋外温熱環境評価,環境工学I)",T14423,T14423.C03,propose_split,,0.135340795920424
https://openalex.org/W649436856,"21aWF-5 奇周波数超伝導状態における準粒子状態(21aWF 新奇超伝導体理論(Ce系・Bドープダイヤモンド系),領域8(強相関系:高温超伝導,強相関f電子系など))",T14423,,unassigned,no_shared_vocabulary,
https://openalex.org/W650225786,"肥料の夜明け(8)女性にはコラーゲン,男性には馬力 : 健康美と強健な骨は土の中のケイ素がつくる",T14423,,unassigned,no_shared_vocabulary,
https://openalex.org/W653652841,"1021 アパタイト超薄膜を用いた多孔質インプラントへの生体親和性付与(G02-2 バイオエンジニアリング(2),G02 バイオエンジニアリング)",T14423,,unassigned,no_shared_vocabulary,
https://openalex.org/W655625468,ビル火災の記録を顧みる (特集 20世紀の建築防災--災害と技術(11)),T14423,T14423.C04,propose_split,,0.577684566201568
https://openalex.org/W7115096645,Cоциальные движения в контексте электронных социальных сетей,T14423,,unassigned,no_shared_vocabulary,
https://openalex.org/W7116820737,МЕХАНИЗМ ПРИМЕНЕНИЯ СМАРТ-КОНТРАКТОВ В АДВОКАТСКОЙ ДЕЯТЕЛЬНОСТИ,T14423,T14423.C03,propose_split,,0.11552059524347023
https://openalex.org/W7117083716,РАЗНООБРАЗИЕ АЛЛЕЛЬНОГО СОСТОЯНИЯ ГЕНОВ GLU-1 В КОЛЛЕКЦИИ ОБРАЗЦОВ ТВЕРДОЙ ПШЕНИЦЫ (TRITICUM DURUM DESF.),T14423,T14423.C03,propose_split,,0.135340795920424
https://openalex.org/W7119367549,Осложненное перфорацией трахеи инородное тело в пищеводе у ребенка двух лет: клиническое наблюдение,T14423,,unassigned,no_shared_vocabulary,
https://openalex.org/W7126301072,Изучение мнения студентов о целесообразности включения антидопингового образования в процесс физического воспитания в вузах неспортивной направленности,T14423,T14423.C03,propose_split,,0.09002925187868788
https://openalex.org/W7127204471,ОБ АДМИНИСТРАТИВНО-ЮРИСДИКЦИОННЫХ ПОЛНОМОЧИЯХ НЕКОТОРЫХ ДОЛЖНОСТНЫХ КАТЕГОРИЙ СОТРУДНИКОВ ВОЙСК НАЦИОНАЛЬНОЙ ГВАРДИИ РОССИЙСКОЙ ФЕДЕРАЦИИ,T14423,,unassigned,no_shared_vocabulary,
https://openalex.org/W74194756,公立RC造校舎における間取りの可変性について : 教育施設のリモデルに関する研究 その1 : 建築計画,T14423,T14423.C03,propose_split,,0.135340795920424
https://openalex.org/W773286759,"吴晨曦：真诚加实力,乃TATA之魂——访TATA木门董事长 吴晨曦",T14423,,unassigned,no_shared_vocabulary,
https://openalex.org/W780737119,逼出那多“势”，造就出版“市”——“那多推理悬疑小说”是怎样炼出的？,T14423,,unassigned,no_shared_vocabulary,
https://openalex.org/W783506268,一首充满浪漫气息的游仙诗——李贺《天上谣》赏鉴,T14423,,unassigned,no_shared_vocabulary,
https://openalex.org/W79111027,100) 肺動脈の拡張により招来されたOrtner症候群の2例 : 原発性肺高血圧症および動脈管開存症 : 日本循環器学会第42回中国・四国地方会,T14423,,unassigned,no_shared_vocabulary,
https://openalex.org/W835203959,马克思肯定了“一般历史哲学理论”了吗——与赵家祥先生商榷,T14423,,unassigned,no_shared_vocabulary,
https://openalex.org/W893720922,宋元遗珍 明清精萃——记首都博物馆海外华人及海峡两岸重要藏家珍藏展,T14423,,unassigned,no_shared_vocabulary,
https://openalex.org/W910340296,素食 绿色＋健康＋文化＋时尚,T14423,,unassigned,no_shared_vocabulary,
https://openalex.org/W922744804,读有关“重庆钉子户”新闻,T14423,,unassigned,no_shared_vocabulary,
https://openalex.org/W944116018,甲骨卜辞语法研究应谨慎——读《谈谈殷墟甲骨卜辞中的“于”》有感,T14423,,unassigned,no_shared_vocabulary,
https://openalex.org/W946434734,方法课程·科研实习·论文指导——论高师学前教育专业本科生科研能力之培养途径,T14423,,unassigned,no_shared_vocabulary,
https://openalex.org/W950171422,振兴民族金融产业 打造国家一流培训基地——访中国人民银行郑州培训学院院长王敏,T14423,,unassigned,no_shared_vocabulary,
https://openalex.org/W966087283,《尚书》讫于《秦誓》原委考辨,T14423,,unassigned,no_shared_vocabulary,
https://openalex.org/W967645977,为自己 为生活 为人生 为创造——中外写作理念的契合点,T14423,,unassigned,no_shared_vocabulary,
https://openalex.org/W973129695,关于《矿山机械》课程教学的几点研究,T14423,,unassigned,no_shared_vocabulary,
https://openalex.org/W974069889,《新建小区》教学设计、反思与评析,T14423,,unassigned,no_shared_vocabulary,
https://openalex.org/W978030409,屯溪“三农”：与城市化同行,T14423,,unassigned,no_shared_vocabulary,
https://openalex.org/W979358284,孤城叙利亚“：总统滚蛋”不重要,T14423,,unassigned,no_shared_vocabulary,
https://openalex.org/W982496743,渡边淳一《紫阳花日记》在上海首发,T14423,,unassigned,no_shared_vocabulary,
https://openalex.org/W987084894,油汽（水）换热器酸洗工艺的研究与分析,T14423,,unassigned,no_shared_vocabulary,
https://openalex.org/W988970925,A50期货:先处罚多方 空方再追进,T14423,,unassigned,no_shared_vocabulary,
https://openalex.org/W994510078,从“独白”到“对话”：思想政治理论课教学改革的价值取向,T14423,,unassigned,no_shared_vocabulary,
https://openalex.org/W994787593,"总结经验,发扬传统,以改革精神建设新型外国语大学:在上外校庆五 …",T14423,,unassigned,no_shared_vocabulary,
https://openalex.org/W998247055,由《白帝城》说慈禧看《连营寨》,T14423,,unassigned,no_shared_vocabulary,
https://openalex.org/W102696996,PINCH EFFECT IN CURRENT SUSTAINING TOKAMAK BY RF TRAVELLING WAVE,T10346,T10346.C08,propose_split,,0.3538884575596269
https://openalex.org/W112701465,INVESTIGATION OF LOW FREQUENCY INSTABILITY OF A ROTATING MAGNETIC NEUTRON STAR.,T10346,T10346.C04,propose_split,,0.33777362775012987
https://openalex.org/W1142567999,First assessment of microwave diagnostics for DEMO,T10346,T10346.C01,propose_split,,0.10536350458430091
https://openalex.org/W144482556,Dependence of low frequency flux noise on SQUID-washer dimensions,T10346,T10346.C03,propose_split,,0.18152876236390428
https://openalex.org/W1498655693,Superconducting electric machines,T10346,T10346.C03,propose_split,,0.15982084908173602
https://openalex.org/W1511050984,Hvdc Power Transmission,T10346,T10346.C01,propose_split,,0.14795466873591825
https://openalex.org/W1523457803,Minimum energy states of the cylindrical plasma pinch in single-fluid and Hall magnetohydrodynamics,T10346,T10346.C05,propose_split,,0.24585129547741358
https://openalex.org/W1537034685,Empirical Scaling Laws of Neutral Beam Injection Power in HL-2A Tokamak,T10346,T10346.C06,propose_split,,0.35532420668926323
https://openalex.org/W1541552225,LVIII. On the electric spark and shock from a permanent magnet,T10346,T10346.C03,propose_split,,0.15434777753447046
https://openalex.org/W1555202355,Commissioning of the new AGS MMPS transformers,T10346,T10346.C01,propose_split,,0.15830356444172056
https://openalex.org/W1567656933,Dynamics of an Intense Electron Ring in a Modified Betatron Field.,T10346,T10346.C04,propose_split,,0.2745251191502251
https://openalex.org/W1578818531,The bowing of solid breeder rods in a pin-type fusion blankets,T10346,T10346.C02,propose_split,,0.4430233879626193
https://openalex.org/W1584012125,Drift-Resonant Interaction of Magnetospheric Relativistic Electrons with Ultra-Low Frequency (ULF) Waves: Comparison between Observations and Simulations,T10346,T10346.C03,propose_split,,0.27298659188196805
https://openalex.org/W1593533362,Conceptual design studies of GDT-based neutron source,T10346,T10346.C01,propose_split,,0.2217794932423965
https://openalex.org/W1603820338,Limits for the feasibility of ignition experiments,T10346,T10346.C01,propose_split,,0.09445395989789368
https://openalex.org/W1607516672,Alfven wave. [Book on linear and nonlinear properties for fusion applications],T10346,T10346.C02,propose_split,,0.3592340541495338
https://openalex.org/W1609473786,Theory and Simulation of the Electron Cloud Instability,T10346,T10346.C07,propose_split,,0.4993997945494095
https://openalex.org/W1614847594,Measurements of poloidal magnetic field perturbations in Alcator,T10346,T10346.C04,propose_split,,0.5911410075125055
https://openalex.org/W1623080491,The role of turbulence of the relativistic electron-positron plasma in generating in the prepulses of the Crab radio pulsar,T10346,T10346.C03,propose_split,,0.24827650087347694
https://openalex.org/W1640681218,FIELD-REVERSED MIRROR REACTOR,T10346,T10346.C08,propose_split,,0.19926172548074797
https://openalex.org/W1643894847,STATISTICAL THEORY OF NONLINEAR EFFECTS IN THE POLARIZATION OF AN IMPERFECT GAS (thesis),T10346,T10346.C01,propose_split,,0.14247695678375566
https://openalex.org/W1652104898,L-H Transition and Turbulence Behavior in Ohmic H-modes on NSTX,T10346,T10346.C01,propose_split,,0.22826244706857132
https://openalex.org/W1656971433,Recommended in-vessel tubing failure rates for the International Thermonuclear Experimental Reactor,T10346,T10346.C01,propose_split,,0.16889388552842036
https://openalex.org/W1657189252,Objectives and design of the Echo 6 electron beam experiment - Large ionospheric perturbations and energetic particle patterns,T10346,T10346.C06,propose_split,,0.31988058388863094
https://openalex.org/W1670415441,Influence of a Nonuniform Resistive Wall on the RWM Stability in a Tokamak,T10346,T10346.C08,propose_split,,0.29006226255204226
https://openalex.org/W1678006119,Collisional tests and an extension of the TEMPEST continuum gyrokinetic code,T10346,T10346.C01,propose_split,,0.10830981438030478
https://openalex.org/W1756939820,Basic Requirements for a 1000-MW(electric) Class Tokamak Fusion-Fission Hybrid Reactor and Its Blanket Concept,T10346,T10346.C02,propose_split,,0.35487015479413736
https://openalex.org/W1759875087,Computational simulation of magnetic field configurations in helical magneto-cumulative generators,T10346,T10346.C04,propose_split,,0.5034900136940819
https://openalex.org/W182695222,Current profile tailoring with far off-axis ECH power deposition in the TCV-Tokamak,T10346,T10346.C08,propose_split,,0.22738184696000485
https://openalex.org/W183121284,MHD (magnetohydrodynamics) instabilities in simple plasma configuration,T10346,T10346.C05,propose_split,,0.3332199028411047
https://openalex.org/W191615750,Measurement of the Vertical Magnetic Field in TEXTOR Using the Electron Beam Technique,T10346,T10346.C04,propose_split,,0.543423008921354
https://openalex.org/W1965197668,New concepts for x-ray spectroscopy of tokamak plasmas,T10346,T10346.C08,propose_split,,0.3330010405992918
https://openalex.org/W1965557323,Fluctuation and edge-current sustainment in a reversed-field pinch,T10346,T10346.C08,propose_split,,0.3356358675941493
https://openalex.org/W1966546175,Generalized moments for low-frequency modes in tokamaks and their application to drift and ballooning instabilities,T10346,T10346.C05,propose_split,,0.18545477338325378
https://openalex.org/W1966849035,Measurements of triton burnup in low q discharges in the FT tokamak,T10346,T10346.C08,propose_split,,0.27585747445753656
https://openalex.org/W1967264735,Operation and Test Results From the SULTAN Test Facility,T10346,T10346.C01,propose_split,,0.15896893719435226
https://openalex.org/W1969450699,A large-orbit model of fast ion slowing down during ICRH: Comparison with JET data,T10346,T10346.C03,propose_split,,0.3589602863727982
https://openalex.org/W1969949957,Neoclassical theory of the plasma edge,T10346,T10346.C05,propose_split,,0.27365149470205014
https://openalex.org/W1970332289,Effective ripple in the CHS-qa configuration,T10346,T10346.C01,propose_split,,0.09218992012784755
https://openalex.org/W1971185137,Prospects for Alpha Particle Studies on TFTR,T10346,T10346.C06,propose_split,,0.2653643522192676
https://openalex.org/W1971720524,Dynamic accessibility of inflow and outflow reconnective solutions,T10346,,unassigned,no_shared_vocabulary,
https://openalex.org/W1973790506,The Parker Problem Revisited: Response to the Interpretation of Low (2010),T10346,T10346.C01,propose_split,,0.10077681144648873
https://openalex.org/W1975619967,Energy transport during off-axis neutral beam heating in the DIII-D tokamak,T10346,T10346.C06,propose_split,,0.34643066622034935
https://openalex.org/W1976088490,Depolarisation d'un faisceau de protons polarises dans un synchrotron,T10346,,unassigned,no_shared_vocabulary,
https://openalex.org/W1976672053,Toroidally localized and nonlocalized ballooning instabilities in a stellarator,T10346,T10346.C05,propose_split,,0.15320196969701663
https://openalex.org/W1980047967,Easy use of high performance computers for fusion simulations,T10346,T10346.C02,propose_split,,0.328657007364357
https://openalex.org/W1980762810,Planar MHD stagnation-point flows with velocity shear,T10346,T10346.C08,propose_split,,0.16876365938099913
https://openalex.org/W1983571817,A comparison and review of steady-state and time-varying reconnection,T10346,T10346.C01,propose_split,,0.09556165794924538
https://openalex.org/W1986540850,Improved Bhatnagar-Gross-Krook model of electron-ion collisions,T10346,T10346.C03,propose_split,,0.3582161394526376
https://openalex.org/W198793133,Computation of transport and neutral beam injection in tokamaks,T10346,T10346.C06,propose_split,,0.3618659179034566
https://openalex.org/W1989823017,The intor workshop: A unique international collaboration in fusion,T10346,T10346.C02,propose_split,,0.4042172847545288
https://openalex.org/W1993991229,Lack of Equilibrium due to Magnetic Guarding,T10346,T10346.C04,propose_split,,0.4671210180138747
https://openalex.org/W1994018822,Can tokamaks PFC survive a single event of any plasma instabilities?,T10346,T10346.C05,propose_split,,0.4110905693205178
https://openalex.org/W1996512893,Investigation of plasma edge turbulence using a gas-puff imaging system in the reversed-field pinch device TPE-RX,T10346,T10346.C08,propose_split,,0.2811856304778854
https://openalex.org/W1996838176,MHD normal mode analysis with equilibrium pressure anisotropy,T10346,T10346.C08,propose_split,,0.30786886571290084
https://openalex.org/W1997278088,Streaming Plasma Transport and Cutoff in Transverse Magnetic Fields,T10346,T10346.C05,propose_split,,0.2846464305392413
https://openalex.org/W1997362215,Extracted beam composition with a mixed isotope feed to a neutral-beam system,T10346,T10346.C06,propose_split,,0.42819160013069385
https://openalex.org/W1998768913,Kinetic effect of thermal force on impurity transport: Simulation of JT-60SA divertor with integrated divertor code SONIC,T10346,T10346.C07,propose_split,,0.4331418872870926
https://openalex.org/W1998955852,Two dimensional simulation of ion beam-plasm interaction,T10346,T10346.C07,propose_split,,0.5103902209504678
https://openalex.org/W1999706863,Kinetic description of Alfvén wave heating,T10346,T10346.C01,propose_split,,0.16702518364511904
https://openalex.org/W2000917424,Architecture of WEST plasma control system,T10346,T10346.C05,propose_split,,0.4123236748427227
https://openalex.org/W2000932461,Polygon structure of plasma crystals,T10346,T10346.C05,propose_split,,0.41763962628956386
https://openalex.org/W2002584257,Stability of Alfvén eigenmodes in optimized tokamaks,T10346,T10346.C05,propose_split,,0.15972924407587433
https://openalex.org/W2003135829,Optimization of the active MHD spectroscopy system on JET for the excitation of individual intermediate and high-n Alfvén eigenmodes,T10346,T10346.C03,propose_split,,0.23082129154985176
https://openalex.org/W2005694062,A NbTi 10T 388mm bore magnet working at 1.8K in pressurized superfluid helium,T10346,T10346.C01,propose_split,,0.07557617042787887
https://openalex.org/W2005750638,Deposition and Thermalization of Fusion Products in a Tokamak Plasma,T10346,T10346.C02,propose_split,,0.3838375451639083
https://openalex.org/W2007116917,Analytic core-envelope models with continuity of density at the boundary,T10346,T10346.C01,propose_split,,0.11637305139298978
https://openalex.org/W2009625003,Resonant plasma heating below the cyclotron frequency,T10346,T10346.C03,propose_split,,0.37767865821191254
https://openalex.org/W2011000030,Effects of radio-frequency-induced radial diffusion on triton burnup,T10346,T10346.C03,propose_split,,0.226276852237698
https://openalex.org/W2013864392,Practical formula for Mach number probe diagnostics in weakly magnetized plasmas,T10346,T10346.C06,propose_split,,0.2989787779056607
https://openalex.org/W2016013837,The EPSILON experimental pseudo-symmetric trap,T10346,T10346.C01,propose_split,,0.18150804481717697
https://openalex.org/W2016128733,Emissive probe measurements of plasma potential fluctuations in the edge plasma regions of tokamaks,T10346,T10346.C05,propose_split,,0.39982213755000207
https://openalex.org/W2017170634,Impurity desorption behavior from low activation ferritic steel installed in the JFT-2M tokamak,T10346,T10346.C08,propose_split,,0.24209317478676798
https://openalex.org/W2018245650,Magnetic field structure evolution in rotating magnetic field plasmas,T10346,T10346.C04,propose_split,,0.6077525574014229
https://openalex.org/W2021527329,ANALYSES OF THE KAON PHOTO- AND ELECTRO-PRODUCTION IN THE ISOBAR MODEL,T10346,T10346.C01,propose_split,,0.1652934309290714
https://openalex.org/W2022471238,Effects of a Colder Electron Species on the Nonlinear Propagation of Ion Acoustic Waves,T10346,T10346.C03,propose_split,,0.35195965313340505
https://openalex.org/W2022821687,Observation of fast-ion Doppler-shifted cyclotron resonance with shear Alfvén waves,T10346,T10346.C03,propose_split,,0.41870762541065754
https://openalex.org/W2026515053,Thomson Scattering Device Calibrated by Rotational Raman Scattering of Hydrogen,T10346,T10346.C01,propose_split,,0.1333246282250755
https://openalex.org/W2026603271,STARE observations of a Pc 5 pulsation with large azimuthal wave number,T10346,T10346.C01,propose_split,,0.14550134650096946
https://openalex.org/W2027574434,ASDEX Upgrade's new plasma control scheme,T10346,T10346.C05,propose_split,,0.292863310621605
https://openalex.org/W2030813664,Excitation of Ion Cyclotron Harmonic Waves in a Plasma by a Perpendicularly Injected Electron Beam,T10346,T10346.C03,propose_split,,0.5960366919844754
https://openalex.org/W2030961705,A remotely controlled positioning system for the ALT-II limiter blades,T10346,T10346.C01,propose_split,,0.13867956217331506
https://openalex.org/W2031687499,Effect of electrode biasing on the radial electric field structure bifurcation in tokamak plasmas,T10346,T10346.C08,propose_split,,0.2929451711113745
https://openalex.org/W2033596324,Interaction of a Quasi Transverse Extraordinary Wave with Density Fluctuations in an Inhomogeneous Magnetized Plasma,T10346,T10346.C05,propose_split,,0.33643485723859656
https://openalex.org/W2034925892,General Theory of Coherent Curvature Radiation,T10346,T10346.C01,propose_split,,0.1014519861629791
https://openalex.org/W2037319568,A 28 ?m water-vapor laser interferometer for plasma diagnostics,T10346,T10346.C05,propose_split,,0.309449496990506
https://openalex.org/W2037413165,Damping and destabilization of drift waves by electron-neutral collisions,T10346,T10346.C03,propose_split,,0.2946830614407607
https://openalex.org/W2039883589,Rotating magnetic quadrupole current drive for field-reversed configurations,T10346,T10346.C04,propose_split,,0.43247431758985305
https://openalex.org/W2040860626,Spectrum of the H − Ion in the s-Wave Model,T10346,T10346.C03,propose_split,,0.31431144722373583
https://openalex.org/W2040927302,Suppression of drift-type instabilities by radio frequency waves,T10346,T10346.C03,propose_split,,0.3425279476552424
https://openalex.org/W2042668452,"Studies of solar flares using optical, X-ray and radio data",T10346,T10346.C03,propose_split,,0.17504414334018836
https://openalex.org/W2044975683,Simulation of shell like heavy ion distributions downstream of the bow shock,T10346,T10346.C07,propose_split,,0.45927455006627027
https://openalex.org/W2045112598,Quasi-stability of a plasma bicylinder,T10346,T10346.C05,propose_split,,0.35166361257017364
https://openalex.org/W2045993601,Electron-scale turbulence spectra and plasma thermal transport responding to continuous E × B shear ramp-up in a spherical tokamak,T10346,T10346.C08,propose_split,,0.2943667432627941
https://openalex.org/W2051046169,K-dV and Burgers’ equations on DA waves with strongly coupled dusty plasma,T10346,T10346.C05,propose_split,,0.2701375454715879
https://openalex.org/W2051114037,Response of plasma facing components to off-normal heat loads in a next generation nuclear fusion device,T10346,T10346.C02,propose_split,,0.32799891754863364
https://openalex.org/W2054144132,Trapped-particle scattering by electrostatic turbulence in toroidal plasmas,T10346,T10346.C06,propose_split,,0.35719102213040077
https://openalex.org/W2055851260,The Thermic Excitation of Parametric Instability in a Plasma,T10346,T10346.C03,propose_split,,0.2562317167447636
https://openalex.org/W2056447071,Design approach of the ARIES-AT power core and vacuum vessel cost assessment,T10346,T10346.C01,propose_split,,0.238057993614059
https://openalex.org/W2056733553,Collective dynamics of Josephson fluxons in Bi2Sr2CaCu2O8+δ intrinsic junctions,T10346,T10346.C01,propose_split,,0.07557617042787888
https://openalex.org/W2058157280,A volumetric neutron source for fusion nuclear technology testing and development,T10346,T10346.C02,propose_split,,0.4137015976507994
https://openalex.org/W2058597341,Radio frequency electric fields in ion cyclotron excitation of multispecies plasma,T10346,T10346.C03,propose_split,,0.6125669114844392
https://openalex.org/W2062580272,Measurement of helium leak rates with temperature and pressure in RHIC,T10346,T10346.C08,propose_split,,0.1604855456525651
https://openalex.org/W2062974168,Plasma Acceleration in the Magnetotail as an Origin of the Electric Field Generation during a Substorm.,T10346,T10346.C05,propose_split,,0.28545751161896865
https://openalex.org/W2066154518,TEMPEST simulations of the plasma transport in a single-null tokamak geometry,T10346,T10346.C05,propose_split,,0.3174075061510154
https://openalex.org/W2067456782,Investigating fusion plasma instabilities in the Mega Amp Spherical Tokamak using mega electron volt proton emissions (invited),T10346,T10346.C05,propose_split,,0.3005853693535938
https://openalex.org/W2068244872,Nonlinear Mode Competition in Beam-Plasma Instability,T10346,T10346.C06,propose_split,,0.23976429742897834
https://openalex.org/W2068815106,Transducers and signal conditioners of the RFX new magnetic measurement system,T10346,T10346.C04,propose_split,,0.38023660204335363
https://openalex.org/W2069288271,Fully implicit solution methods for fluid plasma equations with physics-based pre-conditioning,T10346,T10346.C05,propose_split,,0.2475240527683301
https://openalex.org/W2069991653,Prediction and suppression of beam breakup instability in multicell superconducting cavities,T10346,T10346.C06,propose_split,,0.21858704193466377
https://openalex.org/W2072709305,Determination of edge plasma parameters by a genetic algorithm analysis of spectral line shapes,T10346,T10346.C07,propose_split,,0.277932935592341
https://openalex.org/W2074639988,"Interpretation of Langmuir, heat-flux, deposition, trapping and gridded energy analyser probe data for impure plasmas",T10346,T10346.C06,propose_split,,0.24721364581649466
https://openalex.org/W2079509370,Measurement of central nickel density in Doublet III plasmas with a soft x-ray diode array,T10346,T10346.C06,propose_split,,0.23278646423793206
https://openalex.org/W2081389582,Modeling of impurity effect on drift instabilities in plasmas with many ion species,T10346,T10346.C03,propose_split,,0.3223154021621804
https://openalex.org/W2085908240,Dispersion and Stability of Moving Striations,T10346,T10346.C01,propose_split,,0.0755761704278789
https://openalex.org/W2086123277,"Janus, a bidirectional, multifunctional plasma diagnostic",T10346,T10346.C05,propose_split,,0.3828211820562678
https://openalex.org/W2090672460,Measurement of the Dα spectrum produced by fast ions in DIII-D,T10346,T10346.C01,propose_split,,0.1555465549437391
https://openalex.org/W2092441603,Data acquisition and real-time signal processing of plasma diagnostics on ASDEX Upgrade using LabVIEW RT,T10346,T10346.C01,propose_split,,0.144191772672555
https://openalex.org/W2093494971,Transport modelling of L - H transition and barrier formation,T10346,T10346.C01,propose_split,,0.12753083171890373
https://openalex.org/W2094137086,"Erratum: “The Heavy‐Ion Approximation for Ambipolar Diffusion Calculations for Weakly Ionized Plasmas” (ApJ, 653, 1280 [2006])",T10346,T10346.C06,propose_split,,0.2382379246645949
https://openalex.org/W2096078484,MHD Equilibrium Property with Bootstrap Current in Heliotron Plasmas,T10346,T10346.C06,propose_split,,0.32485752732659245
https://openalex.org/W2097181561,Simulation of mode conversion process from upper-hybrid waves to LO-mode waves in the vicinity of the plasmapause,T10346,T10346.C07,propose_split,,0.4331969229379924
https://openalex.org/W2099568154,Characteristics of bistable transition in magnetized plasma by control of voltage biasing,T10346,T10346.C05,propose_split,,0.3547910787239069
https://openalex.org/W2105178085,High- performance of the START spherical tokamak,T10346,T10346.C08,propose_split,,0.2792628476925209
https://openalex.org/W2111841648,A superconductive integrated circuit foundry,T10346,T10346.C01,propose_split,,0.07557617042787888
https://openalex.org/W2118542983,Recent experience with inductive insert at PSR,T10346,T10346.C01,propose_split,,0.15423033642681636
https://openalex.org/W2133602751,RETRACTED ARTICLE: Turbulent Transport in the Tokamak Edge Plasma and SOL Region,T10346,T10346.C08,propose_split,,0.2889963245569621
https://openalex.org/W2135187493,Excitation of wakefield in a rectangular waveguide: Comparative study with different microwave pulses,T10346,T10346.C03,propose_split,,0.23005572889394438
https://openalex.org/W2141607491,Flute instability in a Tokamak of arbitrary cross-section,T10346,T10346.C08,propose_split,,0.22660633373666322
https://openalex.org/W2143556169,Investigation of the injection into the ANKA storage ring by a turn by turn BPM system,T10346,T10346.C01,propose_split,,0.12186728716689932
https://openalex.org/W2166854673,Numerical analysis of buoyant-convective liquid metal flow in channels exposed to strong magnetic fields,T10346,T10346.C01,propose_split,,0.12430064818555166
https://openalex.org/W2177019468,"A new look at solid-state fractures, particle emission and «cold» nuclear fusion",T10346,T10346.C02,propose_split,,0.4296034302744338
https://openalex.org/W2182536266,Master Thesis: Optimization of Hybrid Scenario ITER Ramp-Up,T10346,T10346.C01,propose_split,,0.1327260283103652
https://openalex.org/W2182712539,Pulse Propagation and Fast Transient Transport Model with Self Consistent Nonlinear Noise,T10346,T10346.C01,propose_split,,0.15240369475555135
https://openalex.org/W2183654768,Dust removal from next generation tokamaks by laser and flashlamp cleaning,T10346,T10346.C05,propose_split,,0.18802213822653419
https://openalex.org/W219772819,GRAPHITE DAMAGE THROUGH NEUTRON IRRADIATION AT 77$sup 0$K. A STUDY OF NEUTRON EFFICIENCY IN RELATION TO FLUX ENERGY DISTRIBUTION BY MEASUREMENT OF THE ENERGY RELEASED.,T10346,T10346.C01,propose_split,,0.15697480901462713
https://openalex.org/W2202876945,Development of a He-Cooled Divertor: Status of the Fabrication Technology,T10346,T10346.C01,propose_split,,0.3038981229143703
https://openalex.org/W2249713231,Effects of density gradient caused by multi-pulsing CHI on two-fluid flowing equilibria of spherical torus plasmas,T10346,T10346.C06,propose_split,,0.25568624815960195
https://openalex.org/W2256918926,Rapid Thermal-Hydraulic Analysis and Design Optimization of ITER Upper ELM Coils,T10346,T10346.C01,propose_split,,0.19312388154967058
https://openalex.org/W2259860167,Dual roles of shear flow in nonlinear multi-scale interactions,T10346,T10346.C08,propose_split,,0.23844289627181045
https://openalex.org/W2262123831,Trapped electron mode driven electron heat transport in JET: experimental investigation and gyro-kinetic theory validation,T10346,T10346.C07,propose_split,,0.3822894872861559
https://openalex.org/W2271797798,"Electromagnetic, stress and thermal analysis of the Superconducting Magnet",T10346,T10346.C08,propose_split,,0.1594268205519562
https://openalex.org/W2313202207,The dependence of solar hard X-ray burst intensity on magnetic field strength,T10346,T10346.C04,propose_split,,0.4734660621161035
https://openalex.org/W2316732202,Effective numerical mathod for inverstigation of spectra of the toroidal dissipativ plasma,T10346,T10346.C05,propose_split,,0.2425585851915806
https://openalex.org/W2318123762,Report on recent results obtained in TCABR,T10346,T10346.C01,propose_split,,0.17285089224207761
https://openalex.org/W2319660946,Magnetic Determination of the Current Center Line for the Superconducting ITER Toroidal Field Coils: Results on a Double-Pancake Prototype,T10346,T10346.C04,propose_split,,0.37016691689197323
https://openalex.org/W2331315993,Magnetosonic Solitary Waves in Hot Plasmas,T10346,T10346.C06,propose_split,,0.35557089159557165
https://openalex.org/W2509995431,Machine learning applied to proton radiography of high-energy-density plasmas,T10346,T10346.C06,propose_split,,0.322445162356747
https://openalex.org/W2513164513,Equilibrium and Stability Analysis of Modular Stellarators Designed by the Helical Wind Back Method,T10346,T10346.C08,propose_split,,0.18362075246661635
https://openalex.org/W2516256938,Nonlinear evolution of multi-helicity neo-classical tearing modes in rotating tokamak plasmas,T10346,T10346.C08,propose_split,,0.3049396505657589
https://openalex.org/W2516520635,Density limit disruption suppression in a current-carrying stellarator,T10346,T10346.C01,propose_split,,0.11681526458399578
https://openalex.org/W2520060802,"The Vasimr Engine: Concept Development, Recent Accomplishments and Future Plans",T10346,T10346.C01,propose_split,,0.21998788100579358
https://openalex.org/W2524934144,Divertor from the technology perspective,T10346,T10346.C01,propose_split,,0.17632330379726688
https://openalex.org/W2557868614,SRF Developments at MSU for FRIB,T10346,,unassigned,no_shared_vocabulary,
https://openalex.org/W2558092083,Status of the Continuous Mode Scan for Undulator Beamlines at BESSY II,T10346,T10346.C01,propose_split,,0.20258600924619877
https://openalex.org/W2568944056,Snowflake Divertor Configuration Effects on Pedestal Stabilityand Edge Localized Modes in NSTX and DIII-D tokamaks.,T10346,T10346.C01,propose_split,,0.27599201124479766
https://openalex.org/W2582532687,Design of a millimeter-wave phased array antenna for Gaussian beam shaping and steering,T10346,T10346.C01,propose_split,,0.20645571922643358
https://openalex.org/W258412838,Simulation of Electron Beam Acceleration by Electromagnetic Field in Static Inhomogeneous Magnetic Field,T10346,T10346.C04,propose_split,,0.512847830346495
https://openalex.org/W2586164307,Magnetfeldoptimierung des LFCS Luftspulensystems für das KATRIN Hauptspektrometer,T10346,T10346.C01,propose_split,,0.15115234085575777
https://openalex.org/W2587143361,General Theory of Electrically Conducting Orthotropic Toroidal Shells for Tokmak Fusion Reactor,T10346,T10346.C02,propose_split,,0.3934604576366384
https://openalex.org/W2595219290,SCRAPE-OFF LAYER FEATURES OF THE QH-MODE,T10346,T10346.C08,propose_split,,0.29566661801901184
https://openalex.org/W2601408106,Particle Control in the Sustained Spheromak Physics Experiment,T10346,T10346.C06,propose_split,,0.23297921894624984
https://openalex.org/W2602354814,"ADX: a high field, high power density, Advanced Divertor test eXperiment",T10346,T10346.C01,propose_split,,0.25279369502968896
https://openalex.org/W2612084678,Rogue Waves Associated with Circularly Polarized Waves in Magnetized Plasmas,T10346,T10346.C06,propose_split,,0.308488832942328
https://openalex.org/W2625481570,Betatron Acceleration in a plasma,T10346,T10346.C05,propose_split,,0.32492226599549956
https://openalex.org/W2717817476,Numerical Study of LHRF Heating in INTOR,T10346,T10346.C01,propose_split,,0.13927028477035247
https://openalex.org/W2741104828,Pulsed fusion space propulsion: Computational Magneto-Hydro Dynamics of a multi-coil parabolic reaction chamber,T10346,T10346.C02,propose_split,,0.32195711392711424
https://openalex.org/W2741540973,High Excitation Energy Structures in 2,T10346,T10346.C03,propose_split,,0.276064645962064
https://openalex.org/W2743627142,Simulation of profile evolution from ramp-up to ramp-down and optimization of tokamak plasma termination with the RAPTOR code,T10346,T10346.C07,propose_split,,0.4100536754609202
https://openalex.org/W2744706407,Study of electron transport across the magnetic filter of NIO1 negative ion source,T10346,T10346.C04,propose_split,,0.33416846178332466
https://openalex.org/W2746886753,Broadband plasma waves in the magnetopause and plasma-sheet boundary layers,T10346,T10346.C05,propose_split,,0.40372976364805896
https://openalex.org/W2747579803,Parity Violation in Deep Inelastic Scattering in Hall C at JLab,T10346,T10346.C01,propose_split,,0.12160632939210547
https://openalex.org/W2790136504,Nuclear Processes in D-3He Fusion Reactor Plasmas,T10346,T10346.C02,propose_split,,0.5660268652882783
https://openalex.org/W2793875495,Real-Time 2-D Optical Polarization Properties of the Fusion Reactor First Mirror Based on Active Polarized Beams,T10346,T10346.C02,propose_split,,0.33856685679294857
https://openalex.org/W2796784192,Gyrofluid modeling and phenomenology of low-βe Alfvén wave turbulence,T10346,T10346.C01,propose_split,,0.22439450389107243
https://openalex.org/W2810220478,Accelerated procedure to solve kinetic equation for neutral atoms in a hot plasma,T10346,T10346.C05,propose_split,,0.2447332331542878
https://openalex.org/W2810269770,Estimation of the Fast-Ion Anisotropy Effect on the Neutron Source Intensity Measurement and the Experimental Observation,T10346,T10346.C03,propose_split,,0.2709553366367427
https://openalex.org/W2810410865,Response of magnetized plasma having linearly varying electron density profile to oblique electromagnetic wave incidence,T10346,T10346.C05,propose_split,,0.3089629777655135
https://openalex.org/W2903045051,Generation and transport of atomic lithium during the exposure of liquid metals to hot plasmas in TJ-II,T10346,T10346.C06,propose_split,,0.3205000961589138
https://openalex.org/W2906307168,Quantification of Neutral Beam Driven Current and the effect of radial fast ion transport in ASDEX Upgrade,T10346,T10346.C06,propose_split,,0.2995060949494099
https://openalex.org/W2906308739,Turbulent Plasma transport in the PKU Plasma Test (PPT) device,T10346,T10346.C05,propose_split,,0.38217812573392484
https://openalex.org/W2906753225,Design of the RF negative hydrogen ion source at HUST,T10346,T10346.C01,propose_split,,0.1605532512737502
https://openalex.org/W2911981048,Kinetic Simulations of Electron Pre-energization by Magnetized Collisionless Shocks in Expanding Laboratory Plasmas,T10346,T10346.C06,propose_split,,0.2610684156833499
https://openalex.org/W2916118620,"Maryland Controlled Fusion Research Program. Progress report, November 1, 1993--October 31, 1994",T10346,T10346.C02,propose_split,,0.4042172847545288
https://openalex.org/W2938776847,EHF FW panel for ITER BM with mechanical attachment of the plasma-facing components,T10346,T10346.C05,propose_split,,0.222773902548589
https://openalex.org/W2947646139,LDV measurements in a radial plane after the stator of the TTM-stage,T10346,T10346.C01,propose_split,,0.07557617042787888
https://openalex.org/W2954163116,Amplification of coupled nonlinear oscillations of charged particle beam in crossed magnetic fields,T10346,T10346.C06,propose_split,,0.30040296961890567
https://openalex.org/W2979438490,Un modelo hidrogenoide apantallado relativista para el cálculo de propiedades ópticas de plasmas de fusión por confinamiento inercial ( FCI ),T10346,T10346.C06,propose_split,,0.33605556092178257
https://openalex.org/W2981942455,Mapping the sawtooth,T10346,,unassigned,no_shared_vocabulary,
https://openalex.org/W2982016296,Nuclear diagnostics for Inertial Confinement Fusion (ICF) plasmas,T10346,T10346.C02,propose_split,,0.4578109081400983
https://openalex.org/W2990715210,Elmy H-mode near the Greenwald limit on JET with impurity seeding,T10346,T10346.C08,propose_split,,0.21092181260590973
https://openalex.org/W2991426347,O the Phenomenon of Onset in Magnetoplasmadynamic Thrusters,T10346,,unassigned,no_shared_vocabulary,
https://openalex.org/W2995889976,Geant4 simulation and validation of the CNA cyclotron beam parameters,T10346,T10346.C07,propose_split,,0.5986807129747145
https://openalex.org/W2996518647,"Plasmas in particle accelerators: The warm-beam equilibria, part 1",T10346,T10346.C06,propose_split,,0.5787510284545101
https://openalex.org/W2996547407,"Radar Detection of 9 Metis, 80 Sappho, 356 Liguria, 694 Ekard, and 2101 Adonis",T10346,T10346.C01,propose_split,,0.10965407547765803
https://openalex.org/W2999127945,Suppression of parametric instabilities in a time-varying plasma,T10346,T10346.C05,propose_split,,0.27966658260929794
https://openalex.org/W3003308404,An Algorithm for Toroidal Field Harmonics Computation in Arbitrary Magnetic Configurations,T10346,T10346.C04,propose_split,,0.4227092120883162
https://openalex.org/W3007587592,3) Additional plasma streams in streamer belt rays: their association with blobs and CME's,T10346,T10346.C05,propose_split,,0.3357330551299691
https://openalex.org/W3011397375,Control of neoclassical tearing modes in fusion reactors,T10346,T10346.C01,propose_split,,0.17627539163458994
https://openalex.org/W3017118678,Pressure-Driven Transport in the Core of Tokamak Plasmas,T10346,T10346.C08,propose_split,,0.3917614973430286
https://openalex.org/W3018195199,Investigation of the Neutral Sheet Profile during Magnetic Reconnection in a Laboratory Plasma,T10346,T10346.C04,propose_split,,0.31826006417839175
https://openalex.org/W3026148927,Polward Boundary Intensification and their Relation to Plasma Sheet Dynamics: OpenGGCM Simulations and Data Comparisons,T10346,T10346.C05,propose_split,,0.25676789433680974
https://openalex.org/W3026490107,Equilibrium and turbulent transport in the BLAAMANN plasma torus.,T10346,T10346.C05,propose_split,,0.2718375422118066
https://openalex.org/W3032233625,Thomson Scattering and Diamagnetic Loop Studies of a Relativistic Electron Beam-Heated Plasma.,T10346,T10346.C06,propose_split,,0.2376505809456374
https://openalex.org/W3035534380,Model-based control-oriented scenario construction in tokamaks,T10346,T10346.C01,propose_split,,0.1738567099996922
https://openalex.org/W3035725974,Characteristics of a Plasma Source with adjustable multi-pole line cusp geometry,T10346,T10346.C05,propose_split,,0.25854233327627424
https://openalex.org/W3045267048,Electron‐Driven Magnetic Dip Embedded Within the Proton‐Driven Magnetic Dip and the Related Echoes of Butterfly Distribution of Relativistic Electrons,T10346,T10346.C04,propose_split,,0.3745629072130366
https://openalex.org/W3049619300,Transport studies of ECH heated bumpy torus plasmas,T10346,T10346.C06,propose_split,,0.3261816393329133
https://openalex.org/W3064633627,Centrality and pseudorapidity dependence of charged particle densities at RHIC energies,T10346,T10346.C06,propose_split,,0.24246481067332723
https://openalex.org/W3079520946,Hollow Current Profiles During Discharge Initiation and Fast Current Ramps in the DIII--D Tokamak,T10346,T10346.C08,propose_split,,0.29124264893768753
https://openalex.org/W3082227538,An intelligent controller design based on the neuroendocrine algorithm for the plasma density control system on Tokamak devices,T10346,T10346.C05,propose_split,,0.3232722380558659
https://openalex.org/W3087113816,XMM-Newton Observations of AGN Iron Line profiles,T10346,T10346.C01,propose_split,,0.10905970655319726
https://openalex.org/W3113257103,Structure of collisional magnetized plasma sheath with non-extensive distribution of electrons,T10346,T10346.C05,propose_split,,0.3214547772807016
https://openalex.org/W3118740881,Momentum and Current Transport in the MST Reversed Field Pinch,T10346,T10346.C08,propose_split,,0.3433487681349471
https://openalex.org/W3124771693,Dielectric Characteristics of an Axisymmetric Low Aspect Ratio Tokamak with Circular Magnetic Surfaces,T10346,T10346.C04,propose_split,,0.34360469735382027
https://openalex.org/W3128299616,Fluctuation Measurements During Collisionless Magnetic Reconnection,T10346,T10346.C04,propose_split,,0.3771932632653238
https://openalex.org/W3146312266,Hydromagnetic cavity eigenmodes in a non-uniform plasma,T10346,T10346.C05,propose_split,,0.35116307406482444
https://openalex.org/W3150593586,A new method of solution for one-dimensional quasi-neutral bounded plasmas,T10346,T10346.C06,propose_split,,0.2761985652028469
https://openalex.org/W3156293415,"Saturated tearing modes in Tokamaks, renewal proposal",T10346,T10346.C01,propose_split,,0.17127502362131464
https://openalex.org/W3164825465,A study of the turn-off behavior of high power gate turn off thyristors (GTO): Computer-aid to design and utilization,T10346,T10346.C01,propose_split,,0.26439936413353154
https://openalex.org/W3165849940,The First Experimental Results of Time-of-Flight Neutron Spectrometer at EAST,T10346,T10346.C01,propose_split,,0.2172102164443628
https://openalex.org/W3175070363,Energy amplification in Tokamaks by fast-ion injection,T10346,T10346.C03,propose_split,,0.3128929454124606
https://openalex.org/W3182778955,Superconducting magnets,T10346,T10346.C01,propose_split,,0.10504215651981308
https://openalex.org/W3183337854,Optimization of Ion-Cyclotron Range of Frequency Wave Heating in the Minimum-B Configuration on GAMMA 10,T10346,T10346.C03,propose_split,,0.44959685516857734
https://openalex.org/W3184917387,Beta Limits in Long-Pulse Tokamak Discharges,T10346,T10346.C08,propose_split,,0.27963049507324317
https://openalex.org/W3195741545,Limitation of field amplitude at plasma resonance in a nonuniform collisionless current-carrying plasma,T10346,T10346.C05,propose_split,,0.2995308809544352
https://openalex.org/W3198740281,Three‐Dimensional Closure of Field‐Aligned Currents in the Polar Ionosphere,T10346,T10346.C04,propose_split,,0.26190192764512776
https://openalex.org/W3201822200,Status of search for anti ν/sub e/ + e - → anti ν/sub e/ + e -,T10346,T10346.C01,propose_split,,0.17501051318890076
https://openalex.org/W3213891333,ICRF oscillations of an inhomogeneous plasma cylinder,T10346,T10346.C05,propose_split,,0.2777205451015376
https://openalex.org/W4206805560,Session: computers in plasma science. II,T10346,T10346.C05,propose_split,,0.27384804384384526
https://openalex.org/W4210531435,96/06034 High frequency radiation from a moving charged particle in an anisotropic hot plasma,T10346,T10346.C06,propose_split,,0.28550322238240566
https://openalex.org/W4214946462,"Transport effects of low (m,n) MHD modes on TFTR supershots",T10346,T10346.C01,propose_split,,0.1851115563159299
https://openalex.org/W4220725376,"Preface: Non-equilibrium transport, interfaces, and mixing in plasmas",T10346,T10346.C06,propose_split,,0.360440117408672
https://openalex.org/W4224609739,CANREB EBIS commissioning at TRIUMF,T10346,T10346.C01,propose_split,,0.13387025192027935
https://openalex.org/W4226425558,Neural net modeling of equilibria in NSTX-U,T10346,T10346.C01,propose_split,,0.16453450967379357
https://openalex.org/W4231189225,"A coaxial, three-coil probe for measuring local values of electricalconductivity and velocity in plasma streams",T10346,T10346.C05,propose_split,,0.2716533884836101
https://openalex.org/W4235561977,A. 1. 48–9 Indignant Juno,T10346,,unassigned,no_shared_vocabulary,
https://openalex.org/W4235609526,Soft x-ray camera for internal shape and current density measurements on a noncircular tokamak,T10346,T10346.C08,propose_split,,0.3191920487458813
https://openalex.org/W4239878932,Kinetic theory of drift-dissipative instabilities of a plasma,T10346,T10346.C05,propose_split,,0.33608036775231076
https://openalex.org/W4242023747,81. Anode region in a low pressure gas discharge.,T10346,T10346.C08,propose_split,,0.22434619243895537
https://openalex.org/W4247114570,Ion acoustic waves in turbulent plasma,T10346,T10346.C03,propose_split,,0.33359707872796224
https://openalex.org/W4253015031,Detection of Disruptions in the High-β Spherical Torus NSTX,T10346,T10346.C01,propose_split,,0.176637436777018
https://openalex.org/W4253846575,Restoration of the DIII-D solenoid,T10346,T10346.C01,propose_split,,0.11658417177053348
https://openalex.org/W4255262618,Neutronics and photonics calculations for the tokamak experimental power reactor,T10346,T10346.C08,propose_split,,0.2700316634776333
https://openalex.org/W4280591650,Linear analysis of plasma pressure-driven mode in reversed shear cylindrical tokamak plasmas,T10346,T10346.C08,propose_split,,0.5130405982926338
https://openalex.org/W4282591879,Nonlinear mode couplings between geodesic acoustic mode and toroidal Alfvén eigenmodes in the EAST tokamak,T10346,T10346.C08,propose_split,,0.32033824131327165
https://openalex.org/W4308178583,AMR Sensors Studies and Development for Cavities Tests Magnetometry at CEA,T10346,T10346.C01,propose_split,,0.20643104384335398
https://openalex.org/W4311734804,Peripheral temperature gradient screening of high-Z impurities in optimised ‘hybrid’ scenario H-mode plasmas in JET-ILW,T10346,T10346.C08,propose_split,,0.2387827225411866
https://openalex.org/W4312627262,A high-k mm-wave scattering diagnostic for measuring binormal wavenumber electron scale turbulence on MAST-U,T10346,T10346.C01,propose_split,,0.19071358702148708
https://openalex.org/W435681523,Improving energy confinement in fusion plasmas by plasma shaping and current profile tailoring in the TCV tokamak,T10346,T10346.C02,propose_split,,0.32294751760139806
https://openalex.org/W4366229538,Studies of Jet Production Rates in $e^+ e^-$ Annihilation at $e$({CM}) = 29-{GeV},T10346,T10346.C01,propose_split,,0.16874634772586036
https://openalex.org/W4386489323,Demonstration of a Sparse Sensor Placement Technique to the Limited Diagnostic Set in a Fusion Power Plant,T10346,T10346.C02,propose_split,,0.37992083712145197
https://openalex.org/W4389169603,Mitigation Plans for Insulation Failures and Arcing in the ITER Magnets,T10346,T10346.C01,propose_split,,0.1636430951695527
https://openalex.org/W4391010050,Lab demonstration of wavefront reconstruction for the fragmented aperture of the ELT,T10346,T10346.C01,propose_split,,0.07557617042787888
https://openalex.org/W4393622334,"Supplemental IPWM Run for ""Ion heating in the polar cap under northwards IMF Bz"": AMPOP_May2014",T10346,T10346.C03,propose_split,,0.36587045440987065
https://openalex.org/W4393690069,TDB2 databases for LargeRDFBench,T10346,,unassigned,no_shared_vocabulary,
https://openalex.org/W4399474442,Dynamical Inference and 3D Imaging of Magnetized Dusty Plasmas,T10346,T10346.C06,propose_split,,0.27662378596970416
https://openalex.org/W4402125519,Assessment of the Runaway Electrons Induced Damage To The Tokamak First Wall,T10346,T10346.C08,propose_split,,0.23689083809982198
https://openalex.org/W4403819579,Measurements of the Magnetic Flux Density in Steel Blocks of the CMS Magnet Yoke with the Solenoid Coil Fast Discharges,T10346,T10346.C04,propose_split,,0.2856655965301461
https://openalex.org/W4404615186,Fusion Energy Technology R&D Priorities,T10346,T10346.C02,propose_split,,0.46265652174931027
https://openalex.org/W4404616328,ASME boiler & pressure vessel code Section III Division 4 construction rules for fusion energy,T10346,T10346.C02,propose_split,,0.32998580079003437
https://openalex.org/W4405215634,Сomplex for ion cyclotron plasma heating and current drive at the L-2M stellarator.,T10346,T10346.C03,propose_split,,0.4030017878235968
https://openalex.org/W4405784042,Measurement of charge-dependent directed flow in STAR Beam Energy Scan (BES-II) Au+Au and U+U collisions,T10346,T10346.C01,propose_split,,0.1983115286104412
https://openalex.org/W4406058785,The Two-loop MHV Momentum Amplituhedron from Fibrations of Fibrations,T10346,T10346.C01,propose_split,,0.07557617042787887
https://openalex.org/W4407357994,Improved Coulomb collision operator for kinetic ion transport with EMC3-EIRENE simulating Nitrogen seeding in medium density ITER L-mode scenario,T10346,T10346.C08,propose_split,,0.2328064201234637
https://openalex.org/W4407893703,Design and verification of a new multiharmonic feedback control system for CSNS-II RCS,T10346,T10346.C01,propose_split,,0.26847365835099596
https://openalex.org/W4408299640,Study on the Radiation Mechanism of Plasmas Near L1 Point Affected by CMEs and the Associated Microwave Bursts,T10346,T10346.C06,propose_split,,0.24527461864254102
https://openalex.org/W4413195348,Integrated operation scenarios: Chapter 6 of the special issue: on the path to tokamak burning plasma operation,T10346,T10346.C08,propose_split,,0.23593323654235623
https://openalex.org/W4414223043,Status of design and manufacturing qualification activities of the first wall of the Divertor Tokamak test facility,T10346,T10346.C01,propose_split,,0.27097722452164186
https://openalex.org/W4414943169,A Simulation Based Inference Approach to the Dynamics of the MW-LMC System -- Validation,T10346,T10346.C07,propose_split,,0.47070900444863284
https://openalex.org/W4416591104,Bennett Vorticity: A family of nonlinear Shear-Flow Stabilized Z-pinch equilibria,T10346,T10346.C08,propose_split,,0.26530717182693664
https://openalex.org/W4416800533,Overview of Flow Z-Pinch Theory and Modeling at Zap Energy,T10346,T10346.C01,propose_split,,0.18486875590119217
https://openalex.org/W574976880,Perspectives of Development of Magnetic Mirror Traps in Novosibirsk,T10346,T10346.C04,propose_split,,0.3836790854534124
https://openalex.org/W631438734,Experimental study of MHD instabilities based on magnetic fluctuation measurement in low-aspect-ratio helical plasmas,T10346,T10346.C04,propose_split,,0.3647666026693921
https://openalex.org/W65628721,Initial soft x-ray production experiments on RACE (Ring ACceleration Experiment),T10346,T10346.C01,propose_split,,0.15032507807567505
https://openalex.org/W7048317416,L’Élasticité des alliages de fer sous conditions êxtreme,T10346,T10346.C01,propose_split,,0.15115234085575777
https://openalex.org/W7050514650,Medicine and Art,T10346,,unassigned,no_shared_vocabulary,
https://openalex.org/W7053582465,The Witching Hour and Other Plays,T10346,,unassigned,no_shared_vocabulary,
https://openalex.org/W7055997962,A distribution-free description of fragmentation by blasting based on dimensional analysis,T10346,T10346.C08,propose_split,,0.14799187965633098
https://openalex.org/W7056958459,Hash Function Requirements for Schnorr Signatures,T10346,T10346.C01,propose_split,,0.07557617042787888
https://openalex.org/W7061383357,Propuesta experimental para la fabricación de las cuerdas de una cítara griega,T10346,T10346.C01,propose_split,,0.15885162093179386
https://openalex.org/W7066561656,Interlaboratory proficiency tests in measuring thermal insulation and evaporative resistance of clothing using the Newton-type thermal manikin,T10346,T10346.C01,propose_split,,0.16033885101087184
https://openalex.org/W7116124625,Quantum Fusion Engines & Informational Power,T10346,T10346.C02,propose_split,,0.5828865945144391
https://openalex.org/W7132274520,PARC WP5.2 NAM development,T10346,T10346.C01,propose_split,,0.18220602769680516
https://openalex.org/W7132551899,Unfolding of energies of fusion products measured by the activation probe at JET,T10346,T10346.C02,propose_split,,0.34876399950084847
https://openalex.org/W7135647800,Využití lavinových fotodiod pro diagnostiku Thomsonova rozptylu na tokamacích,T10346,,unassigned,no_shared_vocabulary,
https://openalex.org/W7144784355,Recent Activities of Technical Committee on Plasma Science and Technology,T10346,T10346.C05,propose_split,,0.2581210856686571
https://openalex.org/W7145305317,EUV Spectroscopic Analysis of Highly Charged Kr24+ Ion for Impurity Seeding Studies in Fusion Plasmas via Electron-Impact Excitation and Collisional-Radiative Modeling,T10346,T10346.C03,propose_split,,0.31842960368740136
https://openalex.org/W7154626436,First Experiments with Ion Cyclotron Heating at the Spherical Tokamak Globus-M2,T10346,T10346.C03,propose_split,,0.40616958843350986
https://openalex.org/W7162969817,Plan of the Ultra Highly Magnetized Plasma Device (ULMAP-FU-I),T10346,T10346.C05,propose_split,,0.31853944917136706
https://openalex.org/W7171466750,Expanding Analytical Efforts on Characterizing the Heterogeneous Effects of Irradiation for Fusion,T10346,T10346.C02,propose_split,,0.37186266004437774
https://openalex.org/W7204523968,Densification and Node-Block Nonautonomy in Canonical ACRF-4: An Exact Zero-Cut Destruction Theorem and Generated Cross-Cut Retained Coupling,T10346,T10346.C01,propose_split,,0.07557617042787888
https://openalex.org/W7208099909,Behavior of 2^3S metastable state He atoms in low-temperature recombining plasmas,T10346,T10346.C06,propose_split,,0.2313780663870382
https://openalex.org/W761364890,Experimental diagnoses of plasma electron density by interferometry using an x-ray laser as probe,T10346,T10346.C05,propose_split,,0.3131841268581514
https://openalex.org/W807156200,Simulations of energetic particle driven instabilities in Tokamak,T10346,T10346.C06,propose_split,,0.2584547478234462
https://openalex.org/W810837711,Transport in JET H-mode plasmas with beam and ion cyclotron heating,T10346,T10346.C03,propose_split,,0.4120461060246849
https://openalex.org/W81857253,Data acquisition for PLT,T10346,T10346.C01,propose_split,,0.11214573528565736
https://openalex.org/W89603332,Simulations of ICRF-fast wave current drive on DIIID,T10346,T10346.C01,propose_split,,0.16598870066020205
https://openalex.org/W982813617,Divertor Performance of High Density H-Mode Discharges in ASDEX Upgrade,T10346,T10346.C08,propose_split,,0.25217307830327357
https://openalex.org/W991366584,ICRF Heating In the W-VII-A Stellarator,T10346,T10346.C01,propose_split,,0.1417174168171844
https://openalex.org/W1580264346,LibGuides: LVC Authors: Faculty: Dr. Edward Sullivan,T13370,T13370.C06,propose_split,,0.1867268595598269
https://openalex.org/W1606095495,特許協力条約雑俎--代理人について-2-,T13370,,unassigned,no_shared_vocabulary,
https://openalex.org/W168984594,English Title Not Available [Turkish Title: GELiŞME VE EŞİTSİZ GELiŞME YASASI] -,T13370,T13370.C06,propose_split,,0.14094162644344532
https://openalex.org/W2003698503,"R4D Newsletter, April 2008",T13370,T13370.C06,propose_split,,0.14345863697060227
https://openalex.org/W2016111967,JOHN CHARLES PUGH,T13370,T13370.C06,propose_split,,0.16675764143162505
https://openalex.org/W2017411477,"Official Documents- Supplemental Letter ref. Financial Data, L8229-AM (Closing Package)",T13370,T13370.C06,propose_split,,0.12550636384152786
https://openalex.org/W2048931852,Egghead to Egghead.com (A),T13370,,unassigned,no_shared_vocabulary,
https://openalex.org/W2067912889,Foreword and Acknowledgments,T13370,T13370.C06,propose_split,,0.16443614191593803
https://openalex.org/W2304583216,"Wilcox, Miscellaneous Military Papers, Document 20, Muster-In Roll of Charles W. Wilcox",T13370,T13370.C06,propose_split,,0.1460163119439895
https://openalex.org/W2327743635,Buyer Guidance Please!,T13370,,unassigned,no_shared_vocabulary,
https://openalex.org/W2482708967,1.7 Abkürzungen,T13370,,unassigned,no_shared_vocabulary,
https://openalex.org/W2482778360,Title Page / Contents / Foreword,T13370,T13370.C06,propose_split,,0.2035253046298529
https://openalex.org/W2487877025,JOHN PIERPONT MORGAN,T13370,T13370.C06,propose_split,,0.11842575835346039
https://openalex.org/W2508455234,CHAPTER VII,T13370,T13370.C06,propose_split,,0.1302521825735901
https://openalex.org/W2510341387,Book of Brown - Accession 715 #2,T13370,T13370.C06,propose_split,,0.0764262495987525
https://openalex.org/W2553810896,Rapid Ratings International,T13370,,unassigned,no_shared_vocabulary,
https://openalex.org/W2555237479,If Fully Implemented...,T13370,,unassigned,no_shared_vocabulary,
https://openalex.org/W2557162326,"December 9, 2003",T13370,T13370.C06,propose_split,,0.11270772117207181
https://openalex.org/W2725213398,8th Annual Magic Silver Show,T13370,,unassigned,no_shared_vocabulary,
https://openalex.org/W2731036980,Editor’s Note to Chapter 7,T13370,T13370.C06,propose_split,,0.14000268655230635
https://openalex.org/W2772767002,CONTENTS VOLUME I,T13370,T13370.C06,propose_split,,0.1711424678588131
https://openalex.org/W2784649864,CWU Faculty Senate Minutes - 02/08/12,T13370,T13370.C06,propose_split,,0.21573995084448327
https://openalex.org/W2906754744,To-do-Liste mit Permanenz,T13370,,unassigned,no_shared_vocabulary,
https://openalex.org/W2917579266,PRESIDENT'S REPORT FOR VOLUME 53,T13370,T13370.C06,propose_split,,0.16384936716548568
https://openalex.org/W2941607457,The Christmas pageant,T13370,,unassigned,no_shared_vocabulary,
https://openalex.org/W2997915760,P/1994 N2 = 2014 M6 (McNaught-Hartley),T13370,,unassigned,no_shared_vocabulary,
https://openalex.org/W3017145825,Libguides: APA 7th Edition - Citation Guide - CBS Library: Patents,T13370,T13370.C06,propose_split,,0.06972365183774576
https://openalex.org/W3080152541,CHAPTER THREE. PUPA,T13370,T13370.C06,propose_split,,0.1302521825735901
https://openalex.org/W3113044909,Authors’ response to the Interactive Comment by Reviewer#2,T13370,T13370.C06,propose_split,,0.1609096607522245
https://openalex.org/W3207055174,Meet the Section Editor,T13370,T13370.C06,propose_split,,0.08976036008241796
https://openalex.org/W351319561,新・捜査書類作成ゼミナール(55)供述調書(47),T13370,T13370.C06,propose_split,,0.048452300729638825
https://openalex.org/W4205194654,Editorial Board,T13370,T13370.C01,propose_split,,0.9978344719880801
https://openalex.org/W4205354289,Index of numbers of English patents abstracts,T13370,T13370.C02,propose_split,,0.435600309466943
https://openalex.org/W4205388834,Information for authors,T13370,T13370.C06,propose_split,,0.1424670755404793
https://openalex.org/W4205485084,Title Page/Section Editors,T13370,T13370.C06,propose_split,,0.19832438619081494
https://openalex.org/W4205608808,Diary of Events,T13370,,unassigned,no_shared_vocabulary,
https://openalex.org/W4205611214,Editorial Board,T13370,T13370.C01,propose_split,,0.9978344719880801
https://openalex.org/W4205618690,Author index for volume 68,T13370,T13370.C02,propose_split,,0.7827948181729091
https://openalex.org/W4206192330,Author index of volume 162,T13370,T13370.C02,propose_split,,0.7827948181729091
https://openalex.org/W4206273248,No title available in English,T13370,T13370.C06,propose_split,,0.12715197278196536
https://openalex.org/W4207017482,Inhaltsverzeichnis,T13370,T13370.C06,propose_split,,0.08538958155198936
https://openalex.org/W4207037575,Editorial Board,T13370,T13370.C01,propose_split,,0.9978344719880801
https://openalex.org/W4210264455,New Books and Publications,T13370,T13370.C06,propose_split,,0.151596534049741
https://openalex.org/W4210306399,Table of Contents,T13370,T13370.C05,propose_split,,0.9979603288074285
https://openalex.org/W4210351728,TENSING THE VERBS,T13370,,unassigned,no_shared_vocabulary,
https://openalex.org/W4210391621,S ettlement M onitor,T13370,,unassigned,no_shared_vocabulary,
https://openalex.org/W4210449618,Table of Contents,T13370,T13370.C05,propose_split,,0.9979603288074285
https://openalex.org/W4210569704,Editorial Board,T13370,T13370.C01,propose_split,,0.9978344719880801
https://openalex.org/W4210660757,10.4028/0-87849-368-9.397,T13370,T13370.C06,propose_split,,0.164890885708281
https://openalex.org/W4210666870,硫化EPDM/PP共混热塑弹性体的形态结构,T13370,,unassigned,no_shared_vocabulary,
https://openalex.org/W4211224966,KSB improves both sales and revenue,T13370,,unassigned,no_shared_vocabulary,
https://openalex.org/W4213360637,Subject index to volume 47,T13370,T13370.C02,propose_split,,0.6386784239351119
https://openalex.org/W4214922612,Table of Contents,T13370,T13370.C05,propose_split,,0.9979603288074285
https://openalex.org/W4214932957,Editorial Board,T13370,T13370.C01,propose_split,,0.9978344719880801
https://openalex.org/W4223571658,[RETRACTED] MUST READ!Unabis CBD Gummies Reviews [Worth Or Waste] v1,T13370,T13370.C06,propose_split,,0.08271325113965634
https://openalex.org/W4225333465,معجم الحيوانات والطيور في ((التوراة)),T13370,,unassigned,no_shared_vocabulary,
https://openalex.org/W4225496061,Sure 63 – Die Heuchler,T13370,T13370.C06,propose_split,,0.08538958155198936
https://openalex.org/W4229567338,Condensed price list : spring 1923 /,T13370,T13370.C04,propose_split,,0.9188959513870406
https://openalex.org/W4229991157,Editorial Board,T13370,T13370.C01,propose_split,,0.9978344719880801
https://openalex.org/W4230454609,Editorial Board and Publication information,T13370,T13370.C01,propose_split,,0.506635140845156
https://openalex.org/W4230475820,Table of Contents,T13370,T13370.C05,propose_split,,0.9979603288074285
https://openalex.org/W4230534110,Editorial Board,T13370,T13370.C01,propose_split,,0.9978344719880801
https://openalex.org/W4230730158,Foreign Department,T13370,,unassigned,no_shared_vocabulary,
https://openalex.org/W4231124822,Oxford,T13370,,unassigned,no_shared_vocabulary,
https://openalex.org/W4231213323,The Center Cannot Hold,T13370,,unassigned,no_shared_vocabulary,
https://openalex.org/W4231492399,Issue Information,T13370,T13370.C03,propose_split,,0.6454903483281788
https://openalex.org/W4231661749,Inhaltsverzeichnis und Impressum,T13370,T13370.C06,propose_split,,0.2161975671496028
https://openalex.org/W4231948339,PT1c Stage Finding,T13370,,unassigned,no_shared_vocabulary,
https://openalex.org/W4232038283,Acknowledgments,T13370,T13370.C06,propose_split,,0.1779460787469324
https://openalex.org/W4232341054,Letters,T13370,,unassigned,no_shared_vocabulary,
https://openalex.org/W4232707544,"DISTRICT No. 8, TEXAS AND RIO GRANDE VALLEY",T13370,,unassigned,no_shared_vocabulary,
https://openalex.org/W4232808060,"Editorial Board, Aims & Scope, Table of Contents",T13370,T13370.C05,propose_split,,0.6862911965511753
https://openalex.org/W4233007089,Contents Digest,T13370,T13370.C06,propose_split,,0.07670819291976122
https://openalex.org/W4233098172,SFETD 2012 – Index des auteurs,T13370,T13370.C02,propose_split,,0.496168574539949
https://openalex.org/W4233329130,AER volume 116 issue 1177 Cover and Front matter,T13370,T13370.C03,propose_split,,0.8092082665025858
https://openalex.org/W4233340195,E.A.C.M.F.S. Announcements,T13370,T13370.C06,propose_split,,0.08582495868831665
https://openalex.org/W4233506052,Editorial Board,T13370,T13370.C01,propose_split,,0.9978344719880801
https://openalex.org/W4233545275,List of Contributors,T13370,T13370.C04,propose_split,,0.7147325455206119
https://openalex.org/W4233658562,10.3726/978-3-653-05119-3/6,T13370,T13370.C06,propose_split,,0.15536517462264474
https://openalex.org/W4234097698,Books Received,T13370,T13370.C06,propose_split,,0.09418546039012872
https://openalex.org/W4234260782,"33701, 1873-02-21, [L'EPINE (Comte de) ; TIMBAL (Charles) ; DREYFUS ; FAU]",T13370,T13370.C06,propose_split,,0.141073211098345
https://openalex.org/W4234371516,Abbildungs- und Tabellennachweis,T13370,T13370.C06,propose_split,,0.23347915339535358
https://openalex.org/W4234589534,Zeitschriftenschau,T13370,,unassigned,no_shared_vocabulary,
https://openalex.org/W4234725440,Cadoux,T13370,,unassigned,no_shared_vocabulary,
https://openalex.org/W4235092514,Publications Received,T13370,T13370.C06,propose_split,,0.14593413451194684
https://openalex.org/W4235106973,CORNELL PROGRAM,T13370,T13370.C06,propose_split,,0.11606083225396877
https://openalex.org/W4235131213,Mitteilungen / Information,T13370,T13370.C03,propose_split,,0.3419257834275923
https://openalex.org/W4235493233,William Hone,T13370,,unassigned,no_shared_vocabulary,
https://openalex.org/W4235537032,Liardet,T13370,,unassigned,no_shared_vocabulary,
https://openalex.org/W4235633529,"List of Tables, Illustrations, Maps",T13370,T13370.C04,propose_split,,0.5086573454256968
https://openalex.org/W4235807148,IPO volume 49 issue 2 Cover and Front matter,T13370,T13370.C03,propose_split,,0.7324802393548026
https://openalex.org/W4235819547,Other Chromatic Harmonies,T13370,,unassigned,no_shared_vocabulary,
https://openalex.org/W4235917820,Prelim Full Title Page including EDB,T13370,T13370.C06,propose_split,,0.1848663286891805
https://openalex.org/W4235923642,Editorial Board,T13370,T13370.C01,propose_split,,0.9978344719880801
https://openalex.org/W4236134471,Institute News and Radio Notes,T13370,T13370.C06,propose_split,,0.23133529887431206
https://openalex.org/W4236392677,Editorial Board,T13370,T13370.C01,propose_split,,0.9978344719880801
https://openalex.org/W4236413534,Patent Selections,T13370,T13370.C06,propose_split,,0.048452300729638825
https://openalex.org/W4237244054,Cover 2 - Editorial Board with barcode,T13370,T13370.C01,propose_split,,0.8069217938275003
https://openalex.org/W4237401904,WSSFN Society News,T13370,T13370.C06,propose_split,,0.21384539377857004
https://openalex.org/W4237785112,"Chart II. Tracks of Centers of High Areas, January, 1913",T13370,T13370.C06,propose_split,,0.07740764252282917
https://openalex.org/W4237789743,Abstracts (Part 15 of 23),T13370,T13370.C06,propose_split,,0.08189545880271891
https://openalex.org/W4238150314,Editorial Board EOV,T13370,T13370.C01,propose_split,,0.9978344719880801
https://openalex.org/W4238171800,List of figures,T13370,T13370.C04,propose_split,,0.9188959513870406
https://openalex.org/W4238477416,Advertisers index,T13370,T13370.C02,propose_split,,0.8449913273184543
https://openalex.org/W4238874175,List of Statements from which Quotations Are Taken,T13370,T13370.C04,propose_split,,0.6199189583514405
https://openalex.org/W4239016742,List of Cited Patent Documents,T13370,T13370.C04,propose_split,,0.5152394266715248
https://openalex.org/W4239308157,News/Nouvelles,T13370,T13370.C06,propose_split,,0.21384539377857004
https://openalex.org/W4239352802,Guidelines for Contributors,T13370,T13370.C06,propose_split,,0.08133035631970184
https://openalex.org/W4239378970,Table of Contents,T13370,T13370.C05,propose_split,,0.9979603288074285
https://openalex.org/W4239688363,Front & Back Matter,T13370,T13370.C03,propose_split,,0.4899720975977241
https://openalex.org/W4240160774,Forthcoming regular articles,T13370,T13370.C06,propose_split,,0.11985627040851674
https://openalex.org/W4240305590,On the Move box,T13370,,unassigned,no_shared_vocabulary,
https://openalex.org/W4240394354,Editorial board,T13370,T13370.C01,propose_split,,0.9978344719880801
https://openalex.org/W4240641054,Editorial Board,T13370,T13370.C01,propose_split,,0.9978344719880801
https://openalex.org/W4240784077,10.1115/IECEC2001-RE-07,T13370,T13370.C06,propose_split,,0.22030286086037384
https://openalex.org/W4240920445,Editorial Board,T13370,T13370.C01,propose_split,,0.9978344719880801
https://openalex.org/W4240933927,"IFC (Board, Scope, Publ. info, Orders, )",T13370,T13370.C06,propose_split,,0.04845230072963882
https://openalex.org/W4241052521,Recent Publications,T13370,T13370.C06,propose_split,,0.1398271586020764
https://openalex.org/W4241341507,PSM volume 6 issue 4 Back matter,T13370,T13370.C03,propose_split,,0.5994990125703433
https://openalex.org/W4241427137,Table of Contents,T13370,T13370.C05,propose_split,,0.9979603288074285
https://openalex.org/W4241768430,Table of Contents,T13370,T13370.C05,propose_split,,0.9979603288074285
https://openalex.org/W4241785273,Graphical contents list,T13370,T13370.C04,propose_split,,0.7353055893492461
https://openalex.org/W4241864777,Namenverzeichnis,T13370,,unassigned,no_shared_vocabulary,
https://openalex.org/W4242267484,Notes on Contributors,T13370,T13370.C06,propose_split,,0.14377485321998418
https://openalex.org/W4242773098,Program Committee,T13370,T13370.C06,propose_split,,0.14053077688856092
https://openalex.org/W4242924282,Editorial Board,T13370,T13370.C01,propose_split,,0.9978344719880801
https://openalex.org/W4243227196,Editorial Board,T13370,T13370.C01,propose_split,,0.9978344719880801
https://openalex.org/W4243362527,About the Author,T13370,T13370.C06,propose_split,,0.19851189715718312
https://openalex.org/W4243372678,Forthcoming Articles,T13370,T13370.C06,propose_split,,0.11985627040851674
https://openalex.org/W4244373773,List of symbols,T13370,T13370.C04,propose_split,,0.9188959513870406
https://openalex.org/W4244512255,Table_of_Contents,T13370,,unassigned,no_shared_vocabulary,
https://openalex.org/W4244623881,INCORRECT STATEMENT,T13370,T13370.C06,propose_split,,0.09690460145927765
https://openalex.org/W4245716469,"Author index, volume 156",T13370,T13370.C02,propose_split,,0.7827948181729091
https://openalex.org/W4245780152,ROP volume 59 issue 4 Cover and Front matter,T13370,T13370.C03,propose_split,,0.7260006528853898
https://openalex.org/W4246023210,Inside Front Cover,T13370,T13370.C06,propose_split,,0.09550504661155988
https://openalex.org/W4246476771,PHILADELPHIA PLAN IS SPREADING,T13370,,unassigned,no_shared_vocabulary,
https://openalex.org/W4246512447,[Front cover and table of contents],T13370,T13370.C05,propose_split,,0.8664103677912003
https://openalex.org/W4246811064,Organizing Committee,T13370,T13370.C06,propose_split,,0.08360289503214972
https://openalex.org/W4246823271,Editorial Board,T13370,T13370.C01,propose_split,,0.9978344719880801
https://openalex.org/W4246977461,Certification Corner,T13370,,unassigned,no_shared_vocabulary,
https://openalex.org/W4247424970,Editorial Board,T13370,T13370.C01,propose_split,,0.9978344719880801
https://openalex.org/W4247673983,IV. VIES DES SAINTS.,T13370,T13370.C06,propose_split,,0.13548170937533102
https://openalex.org/W4247735180,Abstract Selection,T13370,,unassigned,no_shared_vocabulary,
https://openalex.org/W4247742364,Editorial board,T13370,T13370.C01,propose_split,,0.9978344719880801
https://openalex.org/W4247822260,Editors & Editorial board,T13370,T13370.C01,propose_split,,0.7305783108500847
https://openalex.org/W4248342284,Table of Contents,T13370,T13370.C05,propose_split,,0.9979603288074285
https://openalex.org/W4248356605,Correction: From the JCC,T13370,,unassigned,no_shared_vocabulary,
https://openalex.org/W4248587692,List of Contributors,T13370,T13370.C04,propose_split,,0.7147325455206119
https://openalex.org/W4248597134,Index to Vol. XXXVI,T13370,T13370.C02,propose_split,,0.5925948275766858
https://openalex.org/W4249075610,List of Contributors,T13370,T13370.C04,propose_split,,0.7147325455206119
https://openalex.org/W4249495032,Program August 31 ? September 5,T13370,T13370.C06,propose_split,,0.14257971744420975
https://openalex.org/W4249499424,ISH volume 8 issue 3 Front matter,T13370,T13370.C03,propose_split,,0.5994990125703433
https://openalex.org/W4249659315,Tb Terbium,T13370,,unassigned,no_shared_vocabulary,
https://openalex.org/W4249756400,Issue Information,T13370,T13370.C03,propose_split,,0.6454903483281788
https://openalex.org/W4249771438,BJW volume 11 issue 4 Cover and Front matter,T13370,T13370.C03,propose_split,,0.7586389556978874
https://openalex.org/W4250130419,MES volume 24 issue 1 Cover and Back matter,T13370,T13370.C03,propose_split,,0.8018080086773557
https://openalex.org/W4250278596,"Author and Subject Indexes—Volume 22, 1987",T13370,T13370.C06,propose_split,,0.19927012245587872
https://openalex.org/W4250383217,Forthcoming papers,T13370,T13370.C06,propose_split,,0.1123258242041994
https://openalex.org/W4250701697,Author Index - Volume 1,T13370,T13370.C02,propose_split,,0.7827948181729091
https://openalex.org/W4251118065,Issue Information,T13370,T13370.C03,propose_split,,0.6454903483281788
https://openalex.org/W4251213616,List of reviewers,T13370,T13370.C04,propose_split,,0.9188959513870406
https://openalex.org/W4251535132,Issue Information,T13370,T13370.C03,propose_split,,0.6454903483281788
https://openalex.org/W4251605341,Editorial Board,T13370,T13370.C01,propose_split,,0.9978344719880801
https://openalex.org/W4251675692,Additional Journal Content,T13370,T13370.C06,propose_split,,0.08033032480121097
https://openalex.org/W4251686842,Editorial Board,T13370,T13370.C01,propose_split,,0.9978344719880801
https://openalex.org/W4251872509,Editorial Board,T13370,T13370.C01,propose_split,,0.9978344719880801
https://openalex.org/W4252495477,Editorial Board/Publication Information,T13370,T13370.C01,propose_split,,0.506635140845156
https://openalex.org/W4252588670,Editorial No. 54,T13370,T13370.C06,propose_split,,0.08002885628450222
https://openalex.org/W4252956017,Meeting Announcement,T13370,T13370.C06,propose_split,,0.0667597706039901
https://openalex.org/W4253168117,Editorial board,T13370,T13370.C01,propose_split,,0.9978344719880801
https://openalex.org/W4253249352,"Correspondence 2 - April, 1956",T13370,T13370.C06,propose_split,,0.09915873064273412
https://openalex.org/W4253656853,10.4028/0-87849-369-7.57,T13370,T13370.C06,propose_split,,0.164890885708281
https://openalex.org/W4253879892,Meetings and Conferences · Tagungen und Kongresse,T13370,T13370.C06,propose_split,,0.23347915339535358
https://openalex.org/W4253987041,About the Authors,T13370,T13370.C06,propose_split,,0.1609096607522245
https://openalex.org/W4254014067,[Copyright notice],T13370,,unassigned,no_shared_vocabulary,
https://openalex.org/W4254016942,Front Matter Volume XI Fall 2010,T13370,T13370.C06,propose_split,,0.14849927139500363
https://openalex.org/W4254077875,Twelfth Night: The Worst Pun,T13370,,unassigned,no_shared_vocabulary,
https://openalex.org/W4254091413,"Zoning Digest, Volume 14, Issue 11, November 1962",T13370,T13370.C03,propose_split,,0.37705394639771167
https://openalex.org/W4254289575,Acronyms and Abbreviations,T13370,,unassigned,no_shared_vocabulary,
https://openalex.org/W4254485626,Editorial Board,T13370,T13370.C01,propose_split,,0.9978344719880801
https://openalex.org/W4254648706,Committees and Chairs,T13370,,unassigned,no_shared_vocabulary,
https://openalex.org/W4254834546,Notes on Supplementary Plates CXLIX–CLII,T13370,T13370.C06,propose_split,,0.12060185837289185
https://openalex.org/W4254899528,JHL volume 53 issue 1 Cover and Front matter,T13370,T13370.C03,propose_split,,0.6706083833334295
https://openalex.org/W4255362264,Editorial board,T13370,T13370.C01,propose_split,,0.9978344719880801
https://openalex.org/W4255565398,New publications,T13370,T13370.C06,propose_split,,0.1419089931907357
https://openalex.org/W4255688666,WO 34/059/154 - Autograph Letter to Sir John St Clair,T13370,T13370.C06,propose_split,,0.18731251677822053
https://openalex.org/W4255688695,"35186a, 1874-12-08, [CALVETTI], [DONALDSON], [SCHRIEBER], [REYNOLDS (Charles)], [FERREIRA], and others",T13370,T13370.C06,propose_split,,0.1749118542218992
https://openalex.org/W4255717258,10.3726/978-3-653-03217-8/6,T13370,T13370.C06,propose_split,,0.15536517462264474
https://openalex.org/W4255960910,Acknowledgments,T13370,T13370.C06,propose_split,,0.1779460787469324
https://openalex.org/W4256076740,Quotations wanted,T13370,T13370.C06,propose_split,,0.048452300729638825
https://openalex.org/W4256426732,Correspondence Letter,T13370,T13370.C06,propose_split,,0.15085957879807552
https://openalex.org/W4298874827,Acknowledgements,T13370,,unassigned,no_shared_vocabulary,
https://openalex.org/W4312100014,Relevant Issues,T13370,,unassigned,no_shared_vocabulary,
https://openalex.org/W4367305621,List of Tables and Maps,T13370,T13370.C04,propose_split,,0.5436415821335313
https://openalex.org/W4372328744,Editorial Board,T13370,T13370.C01,propose_split,,0.9978344719880801
https://openalex.org/W4378714024,Tabellenverzeichnis,T13370,T13370.C06,propose_split,,0.08687335089861158
https://openalex.org/W4383888816,Table of Contents,T13370,T13370.C05,propose_split,,0.9979603288074285
https://openalex.org/W4385129255,"jack ladder, n.¹",T13370,,unassigned,no_shared_vocabulary,
https://openalex.org/W4385137349,"ingrained, adj.",T13370,,unassigned,no_shared_vocabulary,
https://openalex.org/W4386355289,Table of Contents,T13370,T13370.C05,propose_split,,0.9979603288074285
https://openalex.org/W4386904800,Index of References,T13370,T13370.C02,propose_split,,0.8449913273184543
https://openalex.org/W4386969381,Die Autorinnen und Autoren dieses Heftes,T13370,T13370.C06,propose_split,,0.2161975671496028
https://openalex.org/W4387227473,Index,T13370,T13370.C02,propose_split,,0.8449913273184543
https://openalex.org/W4388493567,"Back Matter (""Indices"")",T13370,T13370.C03,propose_split,,0.4899720975977241
https://openalex.org/W4393323932,About the editors,T13370,T13370.C06,propose_split,,0.07052662538614395
https://openalex.org/W4393866814,About the Author,T13370,T13370.C06,propose_split,,0.19851189715718312
https://openalex.org/W4394055802,uprolls2022-223,T13370,,unassigned,no_shared_vocabulary,
https://openalex.org/W4396589209,改善精神疾病患者之安樂死管控：從比利時看安樂死的刑事法院判決（一）,T13370,,unassigned,no_shared_vocabulary,
https://openalex.org/W4396884387,Table of Contents,T13370,T13370.C05,propose_split,,0.9979603288074285
https://openalex.org/W4396886694,GAST 2024 Cover Page,T13370,T13370.C06,propose_split,,0.16028755770950873
https://openalex.org/W4398587870,A94_6573.jpg,T13370,T13370.C06,propose_split,,0.09690460145927765
https://openalex.org/W4398600598,13M-Month121-135.7z,T13370,,unassigned,no_shared_vocabulary,
https://openalex.org/W4398654212,DTA900.file6214.W1_employment.sav,T13370,,unassigned,no_shared_vocabulary,
https://openalex.org/W4398983305,KippsB_TranscriptApprovalForm_20121126.pdf,T13370,T13370.C06,propose_split,,0.08360289503214972
https://openalex.org/W4399003174,RP_Combined.RP_WTR_1_7.G38B_P1_1_T-G07.nsp-o726.PMF.digested.fq.gz,T13370,T13370.C06,propose_split,,0.09690460145927766
https://openalex.org/W4399015906,DP19_Combined.DP19_X21_10.G38B_P1_1_T-F06.nsp-o735.PMF.digested.fq.gz,T13370,T13370.C06,propose_split,,0.09690460145927766
https://openalex.org/W4399192485,Table des matiéres,T13370,T13370.C06,propose_split,,0.1256065165617456
https://openalex.org/W4399846947,ACKNOWLEDGMENTS,T13370,T13370.C06,propose_split,,0.1779460787469324
https://openalex.org/W4401069690,[Illustrations],T13370,T13370.C06,propose_split,,0.09690460145927765
https://openalex.org/W4402367718,About the Author,T13370,T13370.C06,propose_split,,0.19851189715718312
https://openalex.org/W4403288915,CATESOL Journal Editorial Staff,T13370,T13370.C06,propose_split,,0.10602235355543953
https://openalex.org/W4404365235,Table of Contents,T13370,T13370.C05,propose_split,,0.9979603288074285
https://openalex.org/W4405474078,Personenverzeichnis,T13370,,unassigned,no_shared_vocabulary,
https://openalex.org/W4406636951,10.1016/b978-0-7295-4299-9.00019-4,T13370,T13370.C06,propose_split,,0.22433135722225858
https://openalex.org/W4406658451,Table of Contents,T13370,T13370.C05,propose_split,,0.9979603288074285
https://openalex.org/W4407877173,SELECTED BIBLIOGRAPHY,T13370,,unassigned,no_shared_vocabulary,
https://openalex.org/W4408414618,AWWA Water Science Author Spotlight: Pooja Oberoi,T13370,T13370.C06,propose_split,,0.17919603989750008
https://openalex.org/W4408437596,Editorial Board,T13370,T13370.C01,propose_split,,0.9978344719880801
https://openalex.org/W4410026280,Issue Information,T13370,T13370.C03,propose_split,,0.6454903483281788
https://openalex.org/W4412040118,FLM volume 1013 Cover and Front matter,T13370,T13370.C03,propose_split,,0.6466287320259784
https://openalex.org/W4413149441,Announcements: News from sponsoring organizations,T13370,T13370.C06,propose_split,,0.20229834360494142
https://openalex.org/W4413195271,Editorial Board,T13370,T13370.C01,propose_split,,0.9978344719880801
https://openalex.org/W4413686486,ASQ-Jahrestagung 1961,T13370,,unassigned,no_shared_vocabulary,
https://openalex.org/W4416585483,[Illustrations],T13370,T13370.C06,propose_split,,0.09690460145927765
https://openalex.org/W4417471457,AIPMV 2025 Cover Page,T13370,T13370.C06,propose_split,,0.16028755770950873
https://openalex.org/W7108947757,Letter to A. Sauvy,T13370,T13370.C06,propose_split,,0.1471501146563277
https://openalex.org/W7113237600,"4.2.6.S.1.文丁帝乙.7_Z-WENDING-POWER-CONSOLIDATION-V2 | 文丁的雙管齊下奪權：先削軍權，再改神權 (Wen Ding's Two-Pronged Power Grab: First Military, Then Theocratic) v1.0",T13370,T13370.C06,propose_split,,0.10022862034173526
https://openalex.org/W7113792341,"Faculty Recital: February 15, 1987",T13370,T13370.C06,propose_split,,0.14676671926958632
https://openalex.org/W7114149870,"Factory Commissioner's report medical opinions, &c. &c. &c",T13370,T13370.C06,propose_split,,0.1485776156463753
https://openalex.org/W7117794640,"q.04, Image 023",T13370,T13370.C06,propose_split,,0.1630132388279506
https://openalex.org/W7117888604,"q.01-03, Image 082",T13370,T13370.C06,propose_split,,0.14842503884255268
https://openalex.org/W7117894833,"q.ha, Image 168",T13370,T13370.C06,propose_split,,0.1630132388279506
https://openalex.org/W7124384206,"Senior Recital Schneider: March 28, 2009",T13370,T13370.C06,propose_split,,0.07928624137750352
https://openalex.org/W7126910043,"Vol. 05, No. 33",T13370,T13370.C06,propose_split,,0.10958698049887423
https://openalex.org/W7128354686,"[Document, 1786 October 09]",T13370,T13370.C06,propose_split,,0.0972680963976137
https://openalex.org/W7131147561,10. Tabellenverzeichnis,T13370,T13370.C06,propose_split,,0.20556495958831303
https://openalex.org/W7134425541,"Giles, Manaclair",T13370,,unassigned,no_shared_vocabulary,
https://openalex.org/W7135294551,"WSU Report It Presentation, September 25, 2023",T13370,T13370.C06,propose_split,,0.175599694666966
https://openalex.org/W7135442727,"OGH und FaBo+, zweiter Akt. Anmerkung zu OGH 25. 6. 2020, 9 Ob 59/19w",T13370,T13370.C06,propose_split,,0.1831369642964184
https://openalex.org/W7135486554,§§ 387-404 (Neubearbeitung von Nr. 1 bzw Nr. 65 und Nr. 96),T13370,T13370.C06,propose_split,,0.23347915339535358
https://openalex.org/W7139578650,Vol17#2_FrontCover,T13370,,unassigned,no_shared_vocabulary,
https://openalex.org/W7139622540,Mailing Statement,T13370,T13370.C06,propose_split,,0.09690460145927765
https://openalex.org/W7167626408,Lecture Slide Collection 495,T13370,,unassigned,no_shared_vocabulary,
https://openalex.org/W7172210610,Statistical Audit of the 5-Smooth Semigroup Mass-Ratio Claim,T13370,,unassigned,no_shared_vocabulary,
https://openalex.org/W7172510975,"电脑版意大利人,第 1 卷(共 3 卷)(The Italian, Volume 1 (of 3)).zip",T13370,T13370.C06,propose_split,,0.16582267388132219
https://openalex.org/W7197137275,UUP/SB Newsletter,T13370,T13370.C06,propose_split,,0.13614668661730003
https://openalex.org/W7203463853,§ 49. Allgemeine Grundlagen,T13370,T13370.C06,propose_split,,0.07592240837080837
https://openalex.org/W7204080138,457. Stele des Obergütervorstehers Dw-r-nhh,T13370,T13370.C06,propose_split,,0.13548170937533102
https://openalex.org/W7206224070,Margaret A. MacDonell,T13370,,unassigned,no_shared_vocabulary,
https://openalex.org/W7206412255,1_270_2411.08275.pdf_wordcloud.png,T13370,T13370.C06,propose_split,,0.1302521825735901
https://openalex.org/W7206852448,Portaria 066/CCB/2013,T13370,T13370.C06,propose_split,,0.09690460145927765
https://openalex.org/W7206910132,平成28（2016）年度 修士論文要旨,T13370,,unassigned,no_shared_vocabulary,
https://openalex.org/W7206995229,1988 Treasurer's Report,T13370,T13370.C06,propose_split,,0.1485776156463753
https://openalex.org/W7207013564,1_488_2411.19064.pdf_text_cluster.png,T13370,T13370.C06,propose_split,,0.1302521825735901
https://openalex.org/W7207055578,Subject and Use Index,T13370,T13370.C02,propose_split,,0.6390631958000583
https://openalex.org/W7207360273,[7201_3261_4009_0037],T13370,,unassigned,no_shared_vocabulary,
https://openalex.org/W7207364517,Portaria 088/CCB/2013,T13370,T13370.C06,propose_split,,0.09690460145927765
https://openalex.org/W7207431588,41_5_2411.10965.pdf.png,T13370,T13370.C06,propose_split,,0.15029805726077458
https://openalex.org/W7208934102,JSW I/16 Pressmeddelande,T13370,,unassigned,no_shared_vocabulary,
https://openalex.org/W7209017486,"MGRRE_PureOilScoutTickets_Cominsky, Vincent_3_21159056530000",T13370,,unassigned,no_shared_vocabulary,
https://openalex.org/W7209354815,co-06 Membership 2012-05-11,T13370,T13370.C06,propose_split,,0.11864592364528176
https://openalex.org/W7209564296,2000 UNOPA Rose Frolik Award,T13370,T13370.C06,propose_split,,0.08109342508052572
https://openalex.org/W7209566955,Student Ledger Book 13,T13370,T13370.C06,propose_split,,0.10102345128440614
https://openalex.org/W7209633837,IlluminierteUrkunden 1476-07-12_Modena,T13370,T13370.C06,propose_split,,0.10180875847014678
https://openalex.org/W7209878062,"Resist Newsletter, Sept-Oct 2010",T13370,T13370.C06,propose_split,,0.15092026232187214
https://openalex.org/W7210202059,"Staff Council Minutes of December 15, 2005",T13370,T13370.C06,propose_split,,0.16709066823483124
https://openalex.org/W7210229466,d§ZË{xËZe16/06/1392 Ë~axËZe25/08/1392,T13370,T13370.C06,propose_split,,0.11898327176165976
https://openalex.org/W7210809451,Genizah MS T-S AS 141.44B,T13370,,unassigned,no_shared_vocabulary,
https://openalex.org/W7210812024,Fiddler on the Roof Image 05,T13370,T13370.C06,propose_split,,0.18010641360548327
https://openalex.org/W7210887697,MGRRE_ThinSections_09-A_82,T13370,,unassigned,no_shared_vocabulary,
https://openalex.org/W7211032054,FLN_G1_D6_CONVER_Copa2014_VIDEO4,T13370,,unassigned,no_shared_vocabulary,
https://openalex.org/W7211039593,"Volume 54, Fall 1979, Number 1",T13370,T13370.C06,propose_split,,0.1499359584732294
https://openalex.org/W7211045840,"The BG News December 10, 1999",T13370,T13370.C06,propose_split,,0.2818468824022489
https://openalex.org/W7211051425,"The Bates Student - volume 137 number 08 - November 13, 2007",T13370,T13370.C06,propose_split,,0.16244222282775062
https://openalex.org/W7211080886,"Spartan Daily, October 27, 2004",T13370,T13370.C06,propose_split,,0.1771722499794812
https://openalex.org/W7211127223,"Las Vegas Daily Optic, 12-02-1899",T13370,T13370.C06,propose_split,,0.16346081844604085
https://openalex.org/W7211178251,"Daily Eastern News: October 30, 2019",T13370,T13370.C06,propose_split,,0.20558249098848883
https://openalex.org/W7211181025,"Spartan Daily, May 18, 1951",T13370,T13370.C06,propose_split,,0.15968614683197777
https://openalex.org/W7211294541,"Harding Bulletin January 1974 (vol. 49, no. 7)",T13370,T13370.C06,propose_split,,0.1243020495569941
https://openalex.org/W7211375672,015417_ieed_portraits005.JPG,T13370,T13370.C06,propose_split,,0.09690460145927765
https://openalex.org/W7211407317,Social Science Division minutes 03/07/1975,T13370,T13370.C06,propose_split,,0.15421610706675334
https://openalex.org/W7211559595,"Spartan Daily, September 10, 1985",T13370,T13370.C06,propose_split,,0.25318846743432394
https://openalex.org/W7211584312,Social Science Division minutes 10/25/2000,T13370,T13370.C06,propose_split,,0.20601478436146095
https://openalex.org/W7211589789,MGRRE_ThinSections_MGRRE_12_114,T13370,,unassigned,no_shared_vocabulary,
https://openalex.org/W7211771529,"Daily Eastern News: December 08, 2010",T13370,T13370.C06,propose_split,,0.2553185433927546
https://openalex.org/W7211802443,2015-11-19 Faculty Senate Newsletter,T13370,T13370.C06,propose_split,,0.18490175359657424
https://openalex.org/W7211840792,"Faculty Senate Meeting Minutes, 11/28/2000, p 152-155",T13370,T13370.C06,propose_split,,0.19803557049232376
https://openalex.org/W773540515,Text messages 1,T13370,,unassigned,no_shared_vocabulary,
https://openalex.org/W842842683,Perishable: Twined Object AZRU61-8142,T13370,,unassigned,no_shared_vocabulary,
https://openalex.org/W976904877,SONY DVp-NS系列DVD播放机,T13370,,unassigned,no_shared_vocabulary,
https://openalex.org/W1015455377,Infrared spectral analys is and paleo-environment reconstruction on Mars,T12157,T12157.C06,propose_split,,0.09948151509892411
https://openalex.org/W1028400159,韩（城）-铜（川）铝土矿带地质特征及找矿方向,T12157,,unassigned,no_shared_vocabulary,
https://openalex.org/W118515621,"National Uranium Resource Evaluation: Corpus Christi Quadrangle, Texas",T12157,T12157.C06,propose_split,,0.10384924016838025
https://openalex.org/W122176423,Some facts about aftershocks to large earthquakes in California,T12157,T12157.C06,propose_split,,0.12216422621556898
https://openalex.org/W1541609181,Controls on gold and silver volcanogenic sulphide deposits (84/P210) AMIRA report(CODES publication 10),T12157,T12157.C01,propose_split,,0.3213025455686232
https://openalex.org/W1561742226,Geological Factor Analysis,T12157,T12157.C03,propose_split,,0.3885026228051396
https://openalex.org/W1567029924,"He–Ar Isotope Composition of Pyrite and Wolframite in the Tieshanlong Tungsten Deposit, Jiangxi, China: Implications for Fluid Evolution",T12157,T12157.C03,propose_split,,0.27026293287050873
https://openalex.org/W1568239315,"Evidence of an early NS magmatic event in the Paleoproterozoic Teofil�ndia granitoids (S�o Francisco Craton, Brazil): a combined microstructural and magnetic fabric study",T12157,T12157.C05,propose_split,,0.24486776880156236
https://openalex.org/W1571171618,Metamorphic petrology and zircon geochronology of high‐grade rocks from the central Mozambique Belt of Tanzania: crustal recycling of Archean and Palaeoproterozoic material during the Pan‐African orogeny,T12157,T12157.C02,propose_split,,0.2681166661225921
https://openalex.org/W1581962244,Geochemical processes in the earth's mantle and the nature of crust-mantle interactions : evidence from studies of Nd and Sr isotope ratios in mantle-derived igneous rocks and lherzolite nodules,T12157,T12157.C06,propose_split,,0.218096189415991
https://openalex.org/W1583287540,Aeromagnetic map of Michigan and the adjacent Great Lakes,T12157,T12157.C07,propose_split,,0.3915895068940977
https://openalex.org/W1605900583,Vertical and Horizontal Spatial Variation of Geostatistical Prediction,T12157,T12157.C02,propose_split,,0.27269862756774244
https://openalex.org/W1788688987,Analysis of Oil Production in the Near-Depleted Mexia-Powell Fault-Line Fields of Texas,T12157,T12157.C03,propose_split,,0.2047483541621619
https://openalex.org/W179225069,Pre-earthquake Electromagnetic Waves Propagation from the Underground Seismic Source to the Earth's Surface,T12157,T12157.C06,propose_split,,0.26235258194106054
https://openalex.org/W1807461408,The Dabieshan Coesite‐bearing Eclogite Terrain—A Late Archaean Ultra ‐ high‐ Pressure Metamorphic Belt,T12157,T12157.C05,propose_split,,0.21875527000442863
https://openalex.org/W1838996508,"High-Resolution Sequence Stratigraphic Setting of Mississippian Eolianites, Appalachian and Illinois Basins",T12157,T12157.C08,propose_split,,0.22423346356512505
https://openalex.org/W1889564928,Matched Filter Processor for Detection and Discrimination of Unexploded Ordnance,T12157,T12157.C02,propose_split,,0.44849807045391404
https://openalex.org/W1910978123,THE RECOGNITION OF BASINAL RHOMBOIDAL FAULT PATTERNS AS A BASIS FOR THE DEVELOPMENT OF A PLATE TECTONICS STRUCTURAL MODEL FOR THE WESTERN CANADA SEDIMENTARY BASIN,T12157,T12157.C05,propose_split,,0.23484912880690936
https://openalex.org/W1964235494,Fault-block structure and the stress state of the upper crust of lake Baikal’s eastern coast (field observations and modeling),T12157,T12157.C02,propose_split,,0.25316770455284887
https://openalex.org/W1973754468,National geological surveys Policies and practice,T12157,T12157.C03,propose_split,,0.25920661416708074
https://openalex.org/W1974412895,"Structural, eruptive, and intrusive evolution of the Grizzly Peak caldera, Sawatch Range, Colorado",T12157,T12157.C06,propose_split,,0.09835874603781489
https://openalex.org/W1974839212,Bias correction for the orientation distribution of slump fold axes: Application to the Cretaceous Izumi basin,T12157,T12157.C05,propose_split,,0.22162850949588087
https://openalex.org/W1983029922,"Petrological, geochemical and source criteria for the classification of granitic rocks: a discussion",T12157,T12157.C06,propose_split,,0.22400526164884654
https://openalex.org/W1987717748,Identification of Saskatchewan Gravels and Sands,T12157,T12157.C06,propose_split,,0.10170644946817708
https://openalex.org/W1988422717,Banded iron formations of the calciphyre-metabasite-gneiss association in the East European Craton,T12157,T12157.C06,propose_split,,0.1263080414511678
https://openalex.org/W1997468863,Geochemical investigation of mercury and other elements in urban soil of Idrija (Slovenia),T12157,T12157.C06,propose_split,,0.1798739481600896
https://openalex.org/W1998895259,"PGE mineralization of dunite-wehrlite massifs at the Gutara-Uda interfluve, Eastern Sayan",T12157,T12157.C06,propose_split,,0.09162233224924482
https://openalex.org/W2000945203,Paleoproterozoic arc magmatism in the North China Craton: No Siderian global plate tectonic shutdown,T12157,T12157.C08,propose_split,,0.2896157656617559
https://openalex.org/W2003972367,Source characterization of highly mature pyrobitumens using trace and rare earth element geochemistry: Sinian–Paleozoic paleo-oil reservoirs in South China,T12157,T12157.C06,propose_split,,0.22372045067014273
https://openalex.org/W2005715075,The gold-silver Okhotsk-Chukotka volcanic belt,T12157,T12157.C03,propose_split,,0.2182130414573537
https://openalex.org/W2007172335,Fault tectonics and deformation: a method of quantification using field data,T12157,T12157.C05,propose_split,,0.2471515992915635
https://openalex.org/W2013590956,"Geology of the Lampeter district‐a brief explanation of the geological map. Sheet Explanation of the British Geological Survey. 1:50 000 Sheet 195 Lampeter (England and Wales). J. R. Davies, D. I. Schofield, T. H. Sheppard, R. A. Waters, M. Williams and D. Wilson (eds). Publisher: British Geological Survey, Keyworth, 2006 ISBN: 978‐0‐85272‐565‐8.. Geology of the Llangranog district‐a brief explanation of the geological map. Sheet Explanation of the British Geological Survey. 1:50 000 Sheet 194 Llangranog (England and Wales). J. R. Davies, T. H. Sheppard, R. A. Waters and D. Wilson (eds). Publisher: British Geological Survey, Keyworth, 2006 ISBN: 978‐0‐85272‐566‐5",T12157,T12157.C04,propose_split,,0.398462550775887
https://openalex.org/W2021151695,Automatic extraction of closed pixel clusters for target cueing in hyperspectral images,T12157,T12157.C06,propose_split,,0.07885688368396747
https://openalex.org/W2021965102,Environmental applications of magnetometry profiling,T12157,T12157.C06,propose_split,,0.1079490223623103
https://openalex.org/W2022376050,The geochemical characteristics of some plutonic-volcanic complexes along the southern part of the Cameroon line,T12157,T12157.C03,propose_split,,0.34776918909186694
https://openalex.org/W2026472082,"Structural control of El Sela granites and associated uranium deposits, Southern Eastern Desert, Egypt",T12157,T12157.C01,propose_split,,0.2842749059703154
https://openalex.org/W2027515814,The clay minerals of some British coal measure rocks,T12157,T12157.C06,propose_split,,0.21549530478167714
https://openalex.org/W2038215555,The Higher Crystalline Plateau of Southeastern Brazil,T12157,T12157.C06,propose_split,,0.07296104333057729
https://openalex.org/W2047761022,"N-way modelling of sediment monitoring data from Mar Menor lagoon, Spain",T12157,T12157.C06,propose_split,,0.14672336132597721
https://openalex.org/W2047871319,Comparative Color Ratios of American and European Rocks,T12157,T12157.C06,propose_split,,0.16600982588248622
https://openalex.org/W2047995999,Lithology/fluid Prediction from AVO Seismic Data,T12157,T12157.C06,propose_split,,0.1707522392674952
https://openalex.org/W2052914426,"Typecasting prospective Au-bearing sedimentary lithologies using sedimentary geochemistry and Nd isotopes in poorly exposed Proterozoic basins of the Tanami region, Northern Australia",T12157,T12157.C05,propose_split,,0.2324486743880085
https://openalex.org/W2055223506,"Book Review ""Resources of the Earth: Origin, Use, and Environmental Impact,"" Second Edition.",T12157,T12157.C06,propose_split,,0.179337428070088
https://openalex.org/W2056731403,Upper Cretaceous and Tertiary Stratigraphy of Guatemala: DISCUSSION,T12157,T12157.C05,propose_split,,0.2499357865209391
https://openalex.org/W2059384939,"The Petrographigal Province of Essex Co., Mass. General Discussion and Conclusions. V",T12157,T12157.C06,propose_split,,0.07450856022821171
https://openalex.org/W2068354790,"Using SkyTEM to build a hydrogeological framework at the Tooele Army Depot, Utah",T12157,T12157.C06,propose_split,,0.14057916462917308
https://openalex.org/W2069336158,Statistical Procedures of Testing for Orbitally Derived Periodicity: With Application to Pleistocene Deep Sea Cores: ABSTRACT,T12157,T12157.C06,propose_split,,0.14629133689832124
https://openalex.org/W2076913526,"Heavy metal contamination in soil alongside mountain railway in Sichuan, China",T12157,T12157.C03,propose_split,,0.16584127302353482
https://openalex.org/W2078117885,Stability of micas on the surface of Venus,T12157,T12157.C06,propose_split,,0.11517107552478222
https://openalex.org/W2079654542,Characteristics of Yichun Late Triassic - Early Jurassic Monzogranite,T12157,T12157.C05,propose_split,,0.2885120055673871
https://openalex.org/W2083751283,New Terms in Geology,T12157,T12157.C04,propose_split,,0.6191144792627422
https://openalex.org/W2084285443,Melting of dehydrated oceanic crust from the stagnant slab and of the hydrated mantle transition zone: Constraints from Cenozoic alkaline basalts in eastern China,T12157,T12157.C05,propose_split,,0.1826510664455544
https://openalex.org/W2085825309,The potential of lacquer-peel soil profiles for palaeo-geochemical analysis using XRF analysis,T12157,T12157.C03,propose_split,,0.3332495079963969
https://openalex.org/W2088896755,The regional geology of the Poços de Caldas alkaline complex: mineralogy and geochemistry of selected nepheline syenites and phonolites,T12157,T12157.C04,propose_split,,0.43227939283506694
https://openalex.org/W2089931884,"Element profiles and Ir concentration of Cretaceous-Tertiary (K-T) boundary layers at Medetli, Goelpazari, northwestern Turkey",T12157,T12157.C05,propose_split,,0.21315020577561947
https://openalex.org/W2089946275,Shale volume estimation based on the factor analysis of well-logging data,T12157,T12157.C03,propose_split,,0.282832893556993
https://openalex.org/W2090038455,Structural Control on Paleozoic Sedimentation in Eastern Kentucky: ABSTRACT,T12157,T12157.C06,propose_split,,0.1337211283983939
https://openalex.org/W2093373027,Geodetic observations for the detection of vertical crustal movement,T12157,T12157.C02,propose_split,,0.6003240246346937
https://openalex.org/W2093454699,The possible roles of Precambrian biota in the origin of magmatogene and hydrothermal silver-bearing vein deposits,T12157,T12157.C01,propose_split,,0.33928655481077663
https://openalex.org/W2094873455,"Geochronology of the Lumby Lake greenstone belt: A 3 Ga complex within the Wabigoon subprovince, northwest Ontario",T12157,T12157.C04,propose_split,,0.2415916512871956
https://openalex.org/W2095040244,"Tourmalinite-associated Pb-Zn-Ag mineralization at Bottino, Apuane Alps, Italy; geologic setting, mineral textures, and sulfide chemistry",T12157,T12157.C08,propose_split,,0.31515267576150136
https://openalex.org/W2098047604,"Origin of Lherzolite Inclusions in the Malapai Hill Basalt, Joshua Tree National Monument, California",T12157,T12157.C06,propose_split,,0.13721052069732903
https://openalex.org/W2103931061,Note on an Abstract Inversion Principle,T12157,T12157.C06,propose_split,,0.1121204131261937
https://openalex.org/W2108079593,"The Quaternary. Vol. 2. Kalervo Rankama, Ed. Interscience (Wiley), New York, 1967. viii + 477 pp., illus. $19.50. The Geologic Systems",T12157,T12157.C06,propose_split,,0.09351217738722396
https://openalex.org/W2108233738,,T12157,,unassigned,insufficient_text,
https://openalex.org/W2109944578,A contribution to the problem of mapping seabed transition zones.,T12157,T12157.C06,propose_split,,0.14905196834736767
https://openalex.org/W2111774058,"Petrogenetic modelling of strongly residual metapelitic xenoliths within the southern Platreef, Bushveld Complex, South Africa",T12157,T12157.C07,propose_split,,0.3780270065190488
https://openalex.org/W2114293299,"Petrology and zircon U-Pb dating combined with Hf isotope study of granitic rocks from the Kuluketage Block (Tarim Craton, NW China)",T12157,T12157.C05,propose_split,,0.24230199272590702
https://openalex.org/W2142618863,Phase equilibrium constraints on the viscosity of silicic magmas II: implications for mafic-silicic mixing processes,T12157,T12157.C05,propose_split,,0.22862399430574049
https://openalex.org/W2145824404,Noise-Adjusted Principal Component Analysis for Buried Radioactive Target Detection and Classification,T12157,T12157.C02,propose_split,,0.5461754780284841
https://openalex.org/W2147421704,Unsupervised change detection in satellite images using fuzzy c-means clustering and principal component analysis,T12157,T12157.C02,propose_split,,0.5975693605199626
https://openalex.org/W2148509613,On some chloritic minerals associated wlth the basaltic Carboniferous rocks of Derbyshire,T12157,T12157.C06,propose_split,,0.202914246982718
https://openalex.org/W2150745336,"The distributions of particulate heavy metals and its indication to the transfer of sediments in the Changjiang Estuary and Hangzhou Bay, China",T12157,T12157.C03,propose_split,,0.17009067074412806
https://openalex.org/W2153091377,Analysis of tectonic settings of global superlarge porphyry copper deposits,T12157,T12157.C01,propose_split,,0.2866687937568224
https://openalex.org/W2154205994,"Plagiogranites and gabbroic rocks from the Mingora ophiolitic mélange, Swat Valley, NW Frontier Province, Pakistan",T12157,T12157.C08,propose_split,,0.34015882423343735
https://openalex.org/W2154605380,Accounting for Seismic Trends in Stochastic Well Correlation,T12157,T12157.C06,propose_split,,0.1186720708338047
https://openalex.org/W2156561945,STRUCTURE OF THE MID-ATLANTIC RIDGE AND ADJACENT PARTS OF THE ABYSSAL PLAIN AT LAT. 13° N,T12157,T12157.C06,propose_split,,0.05902388911111999
https://openalex.org/W2159767673,The use of cation packing index for characterizing the weathering degree of granitic rocks,T12157,T12157.C06,propose_split,,0.13640253071515626
https://openalex.org/W2164106816,Integrated analysis of high-resolution field and airborne spectroradiometer data for alteration mapping,T12157,T12157.C05,propose_split,,0.17282426829453199
https://openalex.org/W2167498492,"Assemblages and genesis of platinum-group minerals in low-sulfide ores of the monchetundra deposit, Kola Peninsula, Russia",T12157,T12157.C03,propose_split,,0.19714892936393577
https://openalex.org/W2169061213,Formation of intra-arc volcanosedimentary basins in the western flank of the central Peruvian Andes during Late Cretaceous oblique subduction: field evidence and constraints from U?Pb ages and Hf isotopes,T12157,T12157.C05,propose_split,,0.5089307514064169
https://openalex.org/W2169779507,"PETROGRAPHY, STRUCTURES, AND PETROFABRICS OF THE PINCKNEYVILLE QUARTZ DIORITE, ALABAMA",T12157,T12157.C06,propose_split,,0.05902388911111998
https://openalex.org/W2196078218,The Mineral Waters of Indiana,T12157,T12157.C01,propose_split,,0.34649626746830986
https://openalex.org/W2212816335,Geomorphological Setting and Tectonic Context of the Tigris Valley in the Diyarbakır Region,T12157,T12157.C08,propose_split,,0.5885318466782659
https://openalex.org/W2215461731,"TURBIDITES AND BOTTOM-CURRENT REWORKED DEPOSITS IN A FOREARC, SLOPE APRON",T12157,T12157.C01,propose_split,,0.5740388908815497
https://openalex.org/W2224346326,"A Sequence Stratigraphic Framework of the Marine and Continental Triassic Series in the Paris Basin, France",T12157,T12157.C06,propose_split,,0.12656700455896286
https://openalex.org/W223574561,Surface reflectance correction and stereo enhancement of Landsat thematic mapper imagery for structural geologic exploration,T12157,T12157.C06,propose_split,,0.20533750507116175
https://openalex.org/W2247894116,"Early Diagenetic Dolomites and the Origin of Dolomite-Bearing Breccias, Lower Monterey Formation, Arroyo Seco, Monterey County, California",T12157,T12157.C05,propose_split,,0.2517244957248032
https://openalex.org/W2294626504,Re-evaluation of the Jesse Ewing Canyon Formation : Implications for Neoproterozoic Paleogeography and Tectonic Setting of Northeastern Utah,T12157,T12157.C08,propose_split,,0.3813903047170459
https://openalex.org/W2312276623,"Studies on Soils, I.",T12157,T12157.C01,propose_split,,0.28035516831563917
https://openalex.org/W2313308312,Geochemical Studies on the Ore Deposits in Ishikawa Prefecture. I,T12157,T12157.C01,propose_split,,0.4908288730084045
https://openalex.org/W2321626519,"Relations of the degree of metamorphism to geological structure and to acid igneous intrusion in the Narragansett Basin, Rhode Island",T12157,T12157.C03,propose_split,,0.19337395700705287
https://openalex.org/W2324710292,"Foraminiferal Stratigraphy and Paleoenvironments of Late Jurassic to Early Cretaceous Deposits in Thakkhola, Nepal",T12157,T12157.C05,propose_split,,0.33355128516875204
https://openalex.org/W2324906298,The fault at the west edge of the Triassic in southern Pennsylvania,T12157,T12157.C05,propose_split,,0.25870433823726685
https://openalex.org/W2330520671,Continental to Oceanic Mantle Transition--REE and Sr-Nd Isotopic Geochemistry of the Lanzo Lherzolite Massif,T12157,T12157.C06,propose_split,,0.17920956377209551
https://openalex.org/W2340214316,"The Chahnaly Low-Sulfidation Epithermal Gold Deposit, Western Makran Volcanic Arc, Southeast Iran",T12157,T12157.C03,propose_split,,0.32619679573632354
https://openalex.org/W2347287698,KECENT PROGRESSES ON THE STUDIES AND SEARCHES FOR SUPERLARGE MINERAL DEPOSITS,T12157,T12157.C01,propose_split,,0.674375147910151
https://openalex.org/W2356198292,"Genesis Study of Magnetite-rich Ore in Gongchangling Iron Deposit,Liaoning",T12157,T12157.C03,propose_split,,0.23152212300372316
https://openalex.org/W2358771521,"Geological characteristics and genetic analysis of the Mayoumu gold deposit,Tibet,China",T12157,T12157.C03,propose_split,,0.5607122746138473
https://openalex.org/W2368317651,STATISTICAL DISTRIBUTION CHARACTERISTICS OF YUERYA GOLD MINE'S Au GRADE AND THE GEOLOGICAL SIGNIFICANCE,T12157,T12157.C03,propose_split,,0.3380155320935729
https://openalex.org/W2372945765,"Geological characteristics of Luping poly-metallic lead deposit and prospecting potential in the Heqing area,Yunnan",T12157,T12157.C03,propose_split,,0.4097999827227588
https://openalex.org/W2373845231,Petrogeochemical characteristics of Lower Cretaceous and Pliocene rocks and paleoclimate evolution in Wulanhua region,T12157,T12157.C08,propose_split,,0.30295391851563874
https://openalex.org/W2377247053,Early Mesozoic geotectonic processes in South China,T12157,T12157.C07,propose_split,,0.407440083030379
https://openalex.org/W2377382384,QUANTITATIVE RESERVOIR MODELS OF ALLUVIAL FAN SYSTEM,T12157,T12157.C06,propose_split,,0.1255528368953638
https://openalex.org/W2383158845,"Spatial Affecting Extents Limited Comprehensive Geo-information Mineral Resources Quantitative Prediction Models;A Case Study of Manganese Ore Predictionin Western Guangxi and Southeastern Yunnan,China",T12157,T12157.C01,propose_split,,0.2531764476612269
https://openalex.org/W2383331499,Research progression about hotspots,T12157,T12157.C06,propose_split,,0.11855295205769265
https://openalex.org/W240858176,The Determination of Iron and Titanium in Silicate Rocks,T12157,T12157.C06,propose_split,,0.2136277470146255
https://openalex.org/W2418605946,"Grounding sound, distilling time: models of stasis in recent compositional frameworks",T12157,T12157.C06,propose_split,,0.17251288575766163
https://openalex.org/W2479322119,Day 6: Overview of arc processes and tempos,T12157,T12157.C05,propose_split,,0.1923936918427536
https://openalex.org/W2511275847,Clay mineral provenances in glacial/interglacial period,T12157,T12157.C01,propose_split,,0.3010510612819554
https://openalex.org/W2525148691,Regional Three-Dimensional Modelling of Iron Ore Exploration Targets,T12157,T12157.C06,propose_split,,0.18354256845098535
https://openalex.org/W2529077586,Análise espaço-temporal de carbono orgânico dissolvido colorido no reservatório de Barra Bonita/SP,T12157,,unassigned,no_shared_vocabulary,
https://openalex.org/W2558720854,"History of faulting in the Northern Hastings Block, southern New England Orogen",T12157,T12157.C04,propose_split,,0.24269351084364815
https://openalex.org/W2566073057,"Trace elements and their behaviour during the combustion of marine oil shale from Changliang Mountain, northern Tibet, China",T12157,T12157.C03,propose_split,,0.21407084918793257
https://openalex.org/W2588071239,"Geology and geochemistry of the sediment-hosted Cheshmeh-Konan redbed-type copper deposit, NW Iran",T12157,T12157.C04,propose_split,,0.41214679164861084
https://openalex.org/W2588765590,"Nickel, molybdenum, and cobalt in the black shales of the Bazhenov Formation of the West Siberian basin",T12157,T12157.C05,propose_split,,0.26672780769915433
https://openalex.org/W2603530950,"Dissolved Silica as an Indicator of ASR Performance in the Chao Phraya River Valley Aquifer, Central Thailand",T12157,T12157.C08,propose_split,,0.3084441521816414
https://openalex.org/W260926840,Curiosity Finds Iron Meteorite on Mars,T12157,T12157.C06,propose_split,,0.13595061358228416
https://openalex.org/W2614097299,SİSMOLOJİ’DE CBS UYGULAMALARI,T12157,,unassigned,no_shared_vocabulary,
https://openalex.org/W2617077567,بررسی ژئوشیمی، مینرالشیمی و تغییرات نسلهای کانهزایی مگنتیت در اسکارن آهن خاکسرخ، باختر یزد.,T12157,,unassigned,no_shared_vocabulary,
https://openalex.org/W2626992686,"Nature, Genesis, and Tectonic Setting of Mesothermal Gold Mineralization in the Yilgarn Block, Western Australia",T12157,T12157.C08,propose_split,,0.4464704252190464
https://openalex.org/W26513016,"Analytical results and sample locality map for stream-sediment and panned-concentrate samples from the McEleny Addition and a part of the West Panther Creek Addition to the Frank Church-River of No Return Wilderness, Lemhi County, Idaho",T12157,T12157.C07,propose_split,,0.3518043568804693
https://openalex.org/W2724834177,Corrosion and Scaling in the Geothermal Cycle of Soultz-sous-Forêts (France),T12157,T12157.C06,propose_split,,0.12335565758044162
https://openalex.org/W2731391120,Rare Earth Element Deposits in China,T12157,T12157.C01,propose_split,,0.31397049610590294
https://openalex.org/W2735741634,The first U–Pb SIMS age datings of zircons from upper Permian deposits of the Northeastern Russia: Significance for interregional correlations,T12157,T12157.C01,propose_split,,0.29584620864860495
https://openalex.org/W2745896423,東濃地域に関わる試錐検層柱状図等; 深沢区、平岩区、松野区および木暮区,T12157,,unassigned,no_shared_vocabulary,
https://openalex.org/W2753947467,Principal component scores on XRD logratio mineralogy of sediment core JM07-WP-174-GC,T12157,T12157.C02,propose_split,,0.39729564554800895
https://openalex.org/W2760433626,"Geophysical Response of Sulfide-Poor PGM-Bearing Mafic-Ultramafic Rocks: Example of the Boston Creek Flow, Abitibi Greenstone Belt, Ontario",T12157,T12157.C04,propose_split,,0.2655946005229969
https://openalex.org/W2766223694,"Geochemical characteristics and conditions of formation of the Chah-Bazargan peraluminous granitic patches, ShahrBabak, Iran",T12157,T12157.C03,propose_split,,0.3106037381378531
https://openalex.org/W2773367732,"MIS 4 AND OLDER PLEISTOCENE DEPOSITS IN THE PUGET LOWLAND, WASHINGTON STATE",T12157,T12157.C01,propose_split,,0.35320097314893434
https://openalex.org/W2776907782,"Age and geochemistry of the Charlestown Group, Ireland: Implications for the Grampian orogeny, its mineral potential and the Ordovician timescale",T12157,T12157.C01,propose_split,,0.25609828172639293
https://openalex.org/W2789909659,"Evolution of Middle-Late Triassic granitic intrusions from the Badaguan Cu-Mo deposit, Inner Mongolia: Constraints from zircon U-Pb dating, geochemistry and Hf isotopes",T12157,T12157.C05,propose_split,,0.40323465623594307
https://openalex.org/W2792091331,"The Structure, Composition, and Conditions of Generation for the Early Cretaceous Mongolia–East-Transbaikalia Volcanic Belt: The Durulgui–Torei Area (Southern Transbaikalia, Russia)",T12157,T12157.C05,propose_split,,0.2674234769306377
https://openalex.org/W2795311795,Probabilistic NWP-Dependent Volcanic Ash Detection in Satellite Data,T12157,T12157.C02,propose_split,,0.42973407507731326
https://openalex.org/W2807965197,"MODELING THE PRECAMBRIAN TOPOGRAPHY OF COLUMBIA COUNTY, WISCONSIN USING TWO-DIMENSIONAL MODELS OF GRAVITY AND AEROMAGNETIC DATA AND WELL CONSTRUCTION REPORTS",T12157,T12157.C06,propose_split,,0.22459331717296224
https://openalex.org/W2891645934,"Geology of parts of Satara District, Maharashtra, (Toposheet 47K/ 2, 3, 6, 7)",T12157,T12157.C04,propose_split,,0.5762995433203746
https://openalex.org/W2892015821,"Tectonic evolution of the Standfast Creek fault and Clachnacudainn terrane, southern Omineca Belt, Canadian Cordillera.",T12157,T12157.C08,propose_split,,0.35506247366743626
https://openalex.org/W2902391015,Heliborne Time Domain Electromagnetic Data Aiding Delineation of Carbonaceous Shale in Southwestern Part of Bijawar Basin and its Implication on Basinal Stratigraphy,T12157,T12157.C06,propose_split,,0.1752302418419603
https://openalex.org/W2904844428,Igneous mineral stratigraphy and chemistry of the Cyprus crustal study project drill core in the plutonic sequences of the Troodos Ophiolite,T12157,T12157.C02,propose_split,,0.29653499833925284
https://openalex.org/W2907128939,"Mafic potassic volcanics from the Altiplano, South America: indication of a dynamic A-type magma source under construction?",T12157,T12157.C07,propose_split,,0.3378831198913248
https://openalex.org/W2910059650,"Geology, Nash Creek, Yukon Territory",T12157,T12157.C04,propose_split,,0.5510168695010247
https://openalex.org/W2915180749,"Metallogenesis of Precambrian SEDEX-type Barite-(Pb-Cu-Zn) deposits in the Mishu mountain, NW Iran: Constrains on the geochemistry and tectonic evolution of mineralization",T12157,T12157.C08,propose_split,,0.4299492947308675
https://openalex.org/W2923249672,"The role of halogens with sulfide melting at Broken Hill, New South Wales, Australia",T12157,T12157.C07,propose_split,,0.3810910079444657
https://openalex.org/W2932264431,Developing Logistic Regression Models to Identify Salt-Affected Soils Using Optical Remote Sensing,T12157,T12157.C06,propose_split,,0.20901357954402547
https://openalex.org/W2943161508,Litoteca Regional de Caçapava do Sul – possibilidades de acesso ao patrimônio geológico da CPRM,T12157,T12157.C06,propose_split,,0.15231839747391768
https://openalex.org/W2945889957,"Geochemistry, petrogenesis and tectonic setting of volcanic rocks North Qazvin (Western Alborz)",T12157,T12157.C08,propose_split,,0.4640397948963185
https://openalex.org/W2952908815,Gamma-spectrometry and mineralogy in Guarapari (ES) beach sands,T12157,T12157.C06,propose_split,,0.08467317272312316
https://openalex.org/W2954709312,Development and application of the Re-Os isotope system to sediment-hosted Zn-Pb ores and sedimentary pore waters,T12157,T12157.C05,propose_split,,0.21851534041138915
https://openalex.org/W2969949478,"Volcaniclastic and Biogenic Sequence of the Tuluanshan Formation, Coastal Range, Taiwan:Symposium on the Arc-Continent Collision and Orogenic Sedimentationin Eastern Taiwan and Ancient Analogs",T12157,T12157.C05,propose_split,,0.24340433464659034
https://openalex.org/W2980907399,"Lagoas marginais do alto-médio curso do rio São Francisco: dinâmica hidrogeomorfológica, geocronologia e impactos ambientais",T12157,T12157.C06,propose_split,,0.05902388911111997
https://openalex.org/W2982077670,"Thorium map (eTh), Nunim Lake, Saskatchewan, NTS 64M/8",T12157,T12157.C07,propose_split,,0.37330171804137613
https://openalex.org/W2988878881,"Primary gold mineralization in the Lisungwe Valley area, Kirk Range, southern Malawi",T12157,T12157.C08,propose_split,,0.3476030575266403
https://openalex.org/W2989983409,Soil geochemistry at the continental scale: quantifying the impact of anthropogenic activities,T12157,T12157.C06,propose_split,,0.18145283964196166
https://openalex.org/W2991482866,The Role of Groundwater Flow and Faulting on Hydrothermal Ore Formation in Sedimentary Basins,T12157,T12157.C05,propose_split,,0.21701857825713985
https://openalex.org/W2995970798,Geothermal conditions of hydrocarbon prospects of Meso-Cenozoic formations in South Caspian Basin,T12157,T12157.C07,propose_split,,0.3636159215464166
https://openalex.org/W2998632123,"Significance of Granulite Metamorphism for Stabilization of Planetary Crust: Charnockite Formation at Kabbaldurga, S. India: Roles of CO 2 and H 2 O: Speculations of Venus and Mars",T12157,T12157.C05,propose_split,,0.17319891921827224
https://openalex.org/W3003174072,The 780 Gunbarrel Magmatic Event: U-Pb Documentation of Widespread Mafic Magmatism Along the Neoproterozoic Western of Laurentia,T12157,T12157.C05,propose_split,,0.26629018875138677
https://openalex.org/W3003785407,The distribution of halogens between fluids and upper-mantle minerals,T12157,T12157.C06,propose_split,,0.13291078247017749
https://openalex.org/W3010293682,Geoscientific model of a seafloor hydrothermal system associated with the formation of massive sulfide deposits,T12157,T12157.C01,propose_split,,0.35967291087617226
https://openalex.org/W3013969744,"THE MINERALS OF THE NODA-TAMAGAWA MINE, IWATE, PREFECTURE, JAPAN:I. Notes on Geology and parageneses of Minerals",T12157,T12157.C04,propose_split,,0.35011099457276307
https://openalex.org/W3018554178,"PGE and Re-Os geochemistry of lamprophyres in the Zhenyuan gold deposit in Yunnan Province, China: Petrogenetic implications and mantle evolution",T12157,T12157.C03,propose_split,,0.29669336991681816
https://openalex.org/W3022727452,Interpretaçăo Sismoestratigráfica da Plataforma do Amazonas,T12157,T12157.C06,propose_split,,0.15159677857265855
https://openalex.org/W3027543043,Sm-Nd and Rb-Sr Isotopic Systematics of Australasian Tektites,T12157,T12157.C06,propose_split,,0.10024374062762753
https://openalex.org/W3027829235,"Integrating Multivariate Statistical Analysis and GIS for the delineation of the hydrochemical processes of two aquifers in Nomia, Monemvasia Municipality, Greece",T12157,T12157.C03,propose_split,,0.18727446305364895
https://openalex.org/W3029738691,LA-ICPMS studies of microscale trace element variations in zoned minimum-melt magma systems,T12157,T12157.C01,propose_split,,0.22855046535977297
https://openalex.org/W3045628578,"Author response for ""Petrogenesis of Cretaceous granites in the southern Sulu Orogen: Implications for the flare‐up of post‐collisional magmatism""",T12157,T12157.C05,propose_split,,0.2548993159313014
https://openalex.org/W3082880788,Volcanic Geomorphology: A Review of Worldwide Research,T12157,T12157.C06,propose_split,,0.12191796791488833
https://openalex.org/W3088733697,"Zircon U-Pb dating of the Lower Cretaceous strata on the margin of the Erlian Basin, North China and its Constraints on basin evolution",T12157,T12157.C05,propose_split,,0.36495225822980376
https://openalex.org/W3092358785,Mineralogical and geochemical controls on Arsenic mobility in geothermal areas of the Philippines,T12157,T12157.C06,propose_split,,0.1501722155113577
https://openalex.org/W3092932172,Signatures of continental collisions and magmatic activity in central Brazil as indicated by a magnetotelluric profile across the southern Alto Paranaiba igneous province,T12157,T12157.C05,propose_split,,0.20145157876754174
https://openalex.org/W3095232163,"Alteration and structural features mapping in Kacho-Mesqal zone, Central Iran using ASTER remote sensing data for porphyry copper exploration",T12157,T12157.C06,propose_split,,0.24245267123871977
https://openalex.org/W3097727938,Determination of trace metals in palm oil plantation soil and its potential risk towards human health / Nur Fatihah Abdul Rahman,T12157,T12157.C06,propose_split,,0.17900281204126592
https://openalex.org/W3112909910,"A 3D Geological Model Constrained by Gravity and Magnetic Inversion and its Exploration Implications for the World‐class Zhuxi Tungsten Deposit, South China",T12157,T12157.C03,propose_split,,0.27483961927335077
https://openalex.org/W3114799695,Lithophile Element Systematics of Gold Vein Deposits in Archean Greenstone Belts,T12157,T12157.C01,propose_split,,0.34542215125939857
https://openalex.org/W3118537834,"Maps of clay minerals: kaolinite, illite and smectite in western Victoria",T12157,T12157.C06,propose_split,,0.16150241142289537
https://openalex.org/W3129380852,Late carboniferous-middle permian granitoids in south Mongolia: implications for post-subduction processes in southern central asian orogenic belt,T12157,T12157.C05,propose_split,,0.32687218395354517
https://openalex.org/W3134086630,"Geochemical Characteristics and the Origin of Superdeep Condensates in Tarim Basin, China",T12157,T12157.C03,propose_split,,0.3463434408553739
https://openalex.org/W3135012264,"ELECTRON MICROPROBE ANALYSES OF HEAZLEWOODITE AND MILLERITE FROM THE KEFDAĞ (GULEMAN-ELAZIĞ"") CHROMITE, MINE",T12157,T12157.C06,propose_split,,0.059023889111119984
https://openalex.org/W3140641328,In-situ trace element analyses of zircons from Dabieshan Huangzhen eclogite: Trace element characteristics of eclogite-facies metamorphic zircon,T12157,T12157.C03,propose_split,,0.1776797694226883
https://openalex.org/W3140734357,"Exploration of deep, previously unknown semi-fossil aquifers of the Kalahari Basin (southern Africa)",T12157,T12157.C06,propose_split,,0.15991331950206267
https://openalex.org/W3146074553,How does the elevation changing response to crustal thickening process in the central Tibetan Plateau since 120 Ma?,T12157,T12157.C02,propose_split,,0.2902574731955981
https://openalex.org/W3152195012,"U-Pb Age and Hf Isotope Study of Detrital Zircons from the Wanzi Supracrustals： Constraints on the Tectonic Setting and Evolution of the Fuping Complex, Trans-North China Orogen",T12157,T12157.C08,propose_split,,0.41635673558062186
https://openalex.org/W3153322821,Highland Chemistry: Major and Trace Element Classification of Rock Types,T12157,T12157.C06,propose_split,,0.11062791494350231
https://openalex.org/W3154313334,Investigation of Oil Shale Response Using Terahertz-Time Domain Spectroscopy,T12157,T12157.C06,propose_split,,0.20561164955515757
https://openalex.org/W3157243498,"Environmental Risk Assessment of Petroleum Activities in Surface Sediments, Suez Gulf, Egypt",T12157,T12157.C06,propose_split,,0.15392394110687266
https://openalex.org/W3159614346,Data for: Field biotite weathering rate determination using U-series disequilibria,T12157,T12157.C05,propose_split,,0.18311320309039897
https://openalex.org/W3161138553,Philadelphia Mineraiogical Society,T12157,,unassigned,no_shared_vocabulary,
https://openalex.org/W3162583457,Compositional Variations of Apatite and REE-Bearing Minerals in Relation to Crystallization Trends in the Monchepluton Layered Complex (Kola Peninsula),T12157,T12157.C06,propose_split,,0.13598099957569604
https://openalex.org/W3166950863,"Delineation of Concentration of Ferruginous Minerals in Aquifers in Yenegoa, Bayelsa State, Nigeria, using Geoelectric Vertical Sounding (VES) and Physicochemical Techniques",T12157,T12157.C02,propose_split,,0.299731504913698
https://openalex.org/W3169954102,Paleoproterozoic Age of Gneiss-Granites of the Mamskaya Zone (Baikal–Patom Belt): Geological Implications,T12157,T12157.C03,propose_split,,0.2347549863121325
https://openalex.org/W3178671738,A GIS/GPS Approach For The Abondoned Mine Inventory Of The Monongahela National Forest Using Space Borne And Aerial Images For Basemap Selection,T12157,T12157.C06,propose_split,,0.15566062843560463
https://openalex.org/W3181848003,EXPLAINABLE FEATURE- AND DECISION-LEVEL FUSION,T12157,T12157.C06,propose_split,,0.08236611983805804
https://openalex.org/W3194926376,"Geological map of Athens Metropolitan Area, Attica (Greece): A review based on Athens Metro ground investigation data",T12157,T12157.C07,propose_split,,0.3399760450598293
https://openalex.org/W3196971741,"Structural and hydrothermal modification of the Gaertner uranium deposit, Key Lake, Saskatchewan, Canada",T12157,T12157.C03,propose_split,,0.19135661468944123
https://openalex.org/W3198469383,Modeling North Pacific Time Series,T12157,T12157.C06,propose_split,,0.21776725184464474
https://openalex.org/W3199329087,Dating of monazite-apatite-allanite-epidote corona from the Bayan Obo Group in the northern margin of the North China Craton: implications for the time of regional Au and REE mineralization,T12157,T12157.C06,propose_split,,0.16367994716624232
https://openalex.org/W3204163425,"GEOLOGY AND MINERAL RESOURCES, JOHORE BAHRU, KULAI AREA, SOUTH JOHORE.",T12157,T12157.C07,propose_split,,0.4132670324040255
https://openalex.org/W3209700746,Spring Water Geochemistry: A Geothermal Exploration Tool in the Rhenohercynian Fold-and-Thrust Belt in Belgium,T12157,T12157.C06,propose_split,,0.1591131254780876
https://openalex.org/W3210050427,Extraction of Lineament Density Analysis from ASTER DEM for Determine the Vein Direction,T12157,T12157.C03,propose_split,,0.19446782063214368
https://openalex.org/W3213214838,The mafic intrusive magmatism from the Paraná LIP constrained by new U-Pb baddeleyite ID-TIMS ages,T12157,T12157.C05,propose_split,,0.21104255592736232
https://openalex.org/W321558286,"Volcanological investigation of the Banco Bonito eruption and subsurface geology of the ring fracture zone, Valles Caldera, New Mexico: Final technical report, September 1, 1985-December 31, 1986",T12157,T12157.C04,propose_split,,0.41206851271203304
https://openalex.org/W35405955,THE AIRBORNE SCINTILLOMETER A GEOPHYSICAL APPLIANCE FOR GEOLOGICAL AND MINING SURVEYS,T12157,T12157.C03,propose_split,,0.22507464982405861
https://openalex.org/W381450111,Petrochemical Studies on the Active Volcanoes in Japan,T12157,T12157.C01,propose_split,,0.25434662523821205
https://openalex.org/W413654419,"De la marge Ouest du craton du Yangtze à la bordure Est du plateau Tibétain : évolution géodynamique à partir de l'étude structurale, pétrologique, géochimique et géochronologique de roches magmatiques et métamorphiques",T12157,T12157.C06,propose_split,,0.0862591852692696
https://openalex.org/W4200585498,"Comments on “Mineral chemistry of hydrothermal alteration assemblage in hanging wall Shahapur Granite associated with vein type Gogi uranium deposit, Bhima basin, Eastern Dharwar Craton, India: Implication for physico-chemical conditions of ore formation” by Mohd Qaim Raza and Nurul Absar. [Ore Geol. Review, 2021, 128, 1–20]",T12157,T12157.C01,propose_split,,0.29534288848634965
https://openalex.org/W4206432669,"Geology and petrography of the volcanic rocks in the Yakhab area, central Iran",T12157,T12157.C04,propose_split,,0.36154001597026686
https://openalex.org/W4210541968,Seasonal Variation and Contamination Risk Assessment of Heavy Metals in Surface Sediment of an Estuary Alluvial Island in Eastern China,T12157,T12157.C06,propose_split,,0.16233635000951083
https://openalex.org/W4210972316,Minerals and Rocks Observed under the Polarizing Optical Microscope,T12157,T12157.C06,propose_split,,0.23914975282903408
https://openalex.org/W4211073302,Second report: development of site suitability criteria for the high level waste repository for Lawrence Livermore Laboratory,T12157,T12157.C06,propose_split,,0.12087340357402682
https://openalex.org/W4213125146,Editorial,T12157,,unassigned,no_shared_vocabulary,
https://openalex.org/W4220869493,Internet Directory for the Earth Sciences,T12157,T12157.C06,propose_split,,0.15789884520251987
https://openalex.org/W4230871379,Krigagem das proporções utilizando a krigagem da média: uma ferramenta auxiliar na modelagem de reservatórios,T12157,T12157.C06,propose_split,,0.1667223314970124
https://openalex.org/W4234053934,Geologiska Föreningen,T12157,,unassigned,no_shared_vocabulary,
https://openalex.org/W4234313118,Pre-Permian Axes of Maximum Deposition in West Texas,T12157,T12157.C06,propose_split,,0.10972475945844054
https://openalex.org/W4234540698,Part 5. The California Geological Survey,T12157,T12157.C03,propose_split,,0.21174172488336618
https://openalex.org/W4236725574,Jarrell-Ash,T12157,T12157.C06,propose_split,,0.059023889111119984
https://openalex.org/W4237812288,"Geologic map of the Willard quadrangle, Box Elder County, Utah",T12157,T12157.C07,propose_split,,0.3824632443477118
https://openalex.org/W4238512958,Utilização dos critérios de avaliação ambiental de metais pesados nos sedimentos de fundo da plataforma continental do Amazonas,T12157,T12157.C06,propose_split,,0.1757757253256826
https://openalex.org/W4238869454,"Geology of the Matachewan District, Northern Ontario. H. C. Cooke",T12157,T12157.C04,propose_split,,0.6104080489697933
https://openalex.org/W4238869536,What does kaolin mean to your business?,T12157,T12157.C06,propose_split,,0.059023889111119984
https://openalex.org/W4242943254,Mapping permeability in heterogeneous aquifers using hydrologic and seismic data,T12157,T12157.C06,propose_split,,0.2515392437237195
https://openalex.org/W4243266566,Independent evaluation of monitoring data,T12157,T12157.C06,propose_split,,0.1543258188832663
https://openalex.org/W4247081257,geobiology,T12157,,unassigned,no_shared_vocabulary,
https://openalex.org/W4249232843,"Hydrothermal Alteration, Ore Fluid Characteristics, and Gold Depositional Processes along a Trondhjemite-Komatiite Contact at Tarmoola, Western Australia",T12157,T12157.C03,propose_split,,0.2734186204914351
https://openalex.org/W4249281270,青海湖地区晚第四纪黄土的物质来源,T12157,,unassigned,no_shared_vocabulary,
https://openalex.org/W4249587527,Correction: Earth Sciences: Deep Heat in Oregon,T12157,T12157.C06,propose_split,,0.18710779527826588
https://openalex.org/W4249618641,Victorian Notes,T12157,T12157.C06,propose_split,,0.059023889111119984
https://openalex.org/W4250628457,"Review for ""Palaeozoic tectonic evolution and magmatism in the Kalatag area, East Tianshan, NW China: Evidence from the geochronology and geochemistry of intrusive rocks""",T12157,T12157.C08,propose_split,,0.41154395616313916
https://openalex.org/W4252596252,The dissolution of biotite and chlorite at 25°C in the near-neutral pH region,T12157,T12157.C08,propose_split,,0.22267541516754294
https://openalex.org/W4254103587,Calculating Compactness in North Carolina Plans,T12157,T12157.C06,propose_split,,0.11412670304152979
https://openalex.org/W4256373116,"The Role of Manganese in the Paragenesis of Magmatic Garnet: An Example from the Old Woman-Piute Range, California: A Reply",T12157,T12157.C06,propose_split,,0.11371742736866608
https://openalex.org/W4281677620,Thermal And Magnetic Context of Central Brazil Structures: A Study of Magnetic Lineaments in The Central Portion of The Transbrasiliano Lineament And Adjacent Regions,T12157,T12157.C08,propose_split,,0.21040470353096222
https://openalex.org/W4289323434,Element Geochemistry,T12157,T12157.C06,propose_split,,0.11904133840859013
https://openalex.org/W4292258324,"LA-ICP-MS Trace Element Composition of Sphalerite and Galena of the Proterozoic Carbonate-Hosted Morro Agudo Zn-Pb Sulfide District, Brazil: Insights into Ore Genesis",T12157,T12157.C04,propose_split,,0.23236817542413551
https://openalex.org/W4298344935,2002 IEEE International Geoscience And Remote Sensing Symposium,T12157,T12157.C06,propose_split,,0.1117402553647635
https://openalex.org/W4299799570,"Mineralogy of the sulfate-sulfide mineralizations at the Garus District; NW of Iran Mineralogía de las mineralizaciones sulfato-sulfurosas del Distrito Garus, NW de Irán",T12157,T12157.C04,propose_split,,0.33942740854734654
https://openalex.org/W4311347462,SOURCES OF LOWER PALEOZOIC SANDSTONES FROM THE NORA-SUKHOTINO TERRANE: RESULTS OF U-Th-Pb AND Lu-Hf ISOTOPE STUDIES OF THE DETRITAL ZIRCONS,T12157,T12157.C01,propose_split,,0.20805532034826388
https://openalex.org/W4313816558,Transfer learning based on dynamic time warping algorithms to improve qualitative analysis and quantitative prediction of rocks over multiple LIBS instruments,T12157,T12157.C03,propose_split,,0.21131846243349262
https://openalex.org/W4317603222,Classification of soil by laser-induced breakdown spectroscopy combined with PCA-RF,T12157,T12157.C06,propose_split,,0.15107825975935046
https://openalex.org/W4318715290,What is mineral informatics?,T12157,T12157.C01,propose_split,,0.44890891987719367
https://openalex.org/W4319439016,Species of Dickinsonia Sprigg from the Ediacaran of South Australia,T12157,T12157.C07,propose_split,,0.5568044115026555
https://openalex.org/W4321437822,Convergence arguments to bridge cauchy and matérn covariance functions,T12157,,unassigned,no_shared_vocabulary,
https://openalex.org/W4321996392,Mitigating the effects of remanance in magnetic data processing and inversion,T12157,T12157.C06,propose_split,,0.13815129529473297
https://openalex.org/W4328091822,Coherent provenance analysis of terra rossa from the northern Adriatic based on heavy mineral assemblages reveals the emerged Adriatic shelf as the main recurring source of siliciclastic material for their formation,T12157,T12157.C03,propose_split,,0.23536109399699956
https://openalex.org/W4376454814,Mineral Resources Tasmania: New 3D modelling series,T12157,T12157.C01,propose_split,,0.2696824813765227
https://openalex.org/W4377967478,"Supplemental Material: Syn-tectonic fluids decoding effects of tectono-metamorphic cycles on regional metallogenic evolution of the Chinese Altai, central Asia",T12157,T12157.C08,propose_split,,0.30451060736233276
https://openalex.org/W438308246,"Alteration minerals and mineralization in the Shakanai kuroko deposit, Akita prefecture.",T12157,T12157.C03,propose_split,,0.22282782851958768
https://openalex.org/W4383957708,"Monazite from lithium-bearing pegmatites of the Lipovskoye vein field, Middle Urals (composition and chemical dating)",T12157,T12157.C05,propose_split,,0.212795047244148
https://openalex.org/W4385256603,Experimental Study on Geochemical Characteristics of Paleogene Source Rocks,T12157,T12157.C03,propose_split,,0.3369611673217829
https://openalex.org/W4385491290,Merging machine learning and geostatistical approaches for spatial modeling of geoenergy resources,T12157,T12157.C06,propose_split,,0.12268958296686659
https://openalex.org/W4388848169,Modeling of zonal anisotropic variograms,T12157,T12157.C06,propose_split,,0.16775049808156195
https://openalex.org/W4389663460,"Author response for ""Crustal evolution of the amphibolite‐ to granulite‐facies transition zone in the eastern Dharwar Craton, southern India: Insight from petrological modelling, zircon U–Pb geochronology and Hf isotopes""",T12157,T12157.C05,propose_split,,0.298202203622032
https://openalex.org/W4394727572,Supplemental Material: Identifying and characterizing missing source orogens for syn-orogenic basins based on detrital accessory mineral U-Pb geochronology and trace element geochemistry,T12157,T12157.C05,propose_split,,0.19966898646207393
https://openalex.org/W4396852813,Use of Neural Networks for Ore and Waste classification of mining deposits based on geophysical data,T12157,T12157.C01,propose_split,,0.2881147213466305
https://openalex.org/W4400076840,"Geochemical Behaviour and Influencing Factors of Salt-Forming Elements in Lithium-Rich Salt Lake Region: A Case Study from the Nalenggele River Basin, Qaidam Basin",T12157,T12157.C08,propose_split,,0.21805974639123035
https://openalex.org/W4400288262,"Abiotic organo-minerals, a threat for identification of bio-minerals in hydrothermal systems and extraterrestrial environments",T12157,T12157.C06,propose_split,,0.18448311999136532
https://openalex.org/W4400568996,Mapping Rocks From Space,T12157,T12157.C06,propose_split,,0.20534031597615873
https://openalex.org/W4400931598,Root structure of the Dariganga and Vitim volcanic fields of the Japan-Baikal geodynamic corridor: Relationships between sources of Late Cenozoic magmatic melts and modern local low-velocity anomalies in the upper mantle,T12157,T12157.C05,propose_split,,0.2178506061918113
https://openalex.org/W4400978446,Computer modeling of normal fault-related damage zones: implications for estimating geothermal energy potential,T12157,T12157.C06,propose_split,,0.18115598297936777
https://openalex.org/W4402005118,Source apportionment of some heavy metals in metropolitan and nearby agricultural soils using the multivariate statistical technique and kriging in the North of Iran,T12157,T12157.C06,propose_split,,0.19131143888927585
https://openalex.org/W4402146196,Heavy Metal Contamination of Surface Sediments-Soil Adjoining the Largest Copper Mine Waste Dump in Central India Using Multivariate Pattern Recognition Techniques and Geo-Statistical Mapping,T12157,T12157.C06,propose_split,,0.209508392406587
https://openalex.org/W4402261864,WALGREEN: Web Based Platform for Soil Organic Carbon Inference Applications,T12157,T12157.C06,propose_split,,0.15430398322862768
https://openalex.org/W4403128501,The generalized Gaussian log-Minkowski problem,T12157,T12157.C06,propose_split,,0.09054340566481897
https://openalex.org/W4403670630,Provenance Evolution And Sedimentary Records in a Rift Basin: U-Pb Detrital Zircon and Petrography of Sandstones of the Volta Redonda Basin (Central Segment of the Continental Rift of Southeastern Brazil),T12157,T12157.C05,propose_split,,0.27599785522985115
https://openalex.org/W4404124813,Development of multilevel models to forecast adsorption properties of clays,T12157,T12157.C06,propose_split,,0.142361295640935
https://openalex.org/W4404500337,"Geochemistry of Felsic Volcanics from Gurapratap Singh and Diri, Pali District, Rajasthan (Part-I, Major Elements)",T12157,T12157.C04,propose_split,,0.26786830998213584
https://openalex.org/W4404687466,Geochemical Characteristics of Melts from the Eastern Volcanic Belt and Sredinny Range of Kamchatka: Analysis of Evidence from Melt Inclusions,T12157,T12157.C03,propose_split,,0.35255253975048384
https://openalex.org/W4404895250,The composition of magmatic-hydrothermal fluids and their related metal mineralization,T12157,T12157.C06,propose_split,,0.11701319094923797
https://openalex.org/W4408687817,Timing and tectonic setting of sediment-hosted Pb–Zn mineralization in Palaeoproterozoic northern Australia: a review and comparison with Mississippi Valley- and Irish-type deposits,T12157,T12157.C08,propose_split,,0.5009129190096164
https://openalex.org/W4409045533,"Conodont biostratigraphy of the upper member of the Henryhouse Formation (late Ludfordian—Prídolí, Silurian), southern Oklahoma, USA",T12157,T12157.C05,propose_split,,0.3425668773856677
https://openalex.org/W4409327067,Evidence for a rapid anthropoclastic rock cycle,T12157,T12157.C05,propose_split,,0.1266156115065024
https://openalex.org/W4409885700,"Reconstructing a pre-mining geochemical baseline using a proximal natural analog and geochemical modeling: Los Bronces and Yerba Loca, Central Chile",T12157,T12157.C06,propose_split,,0.24481412493869253
https://openalex.org/W4413756523,Improving the Accuracy of Nuclear Spectroscopy Logs in the Permian Basin by Calibrating Elemental Composition with Mixed-Lithology Core Chemistry,T12157,T12157.C06,propose_split,,0.12824209954856916
https://openalex.org/W4413897410,Trace element composition of chalcopyrite as a tool for deposit type discrimination from magmatic and hydrothermal settings: a machine learning approach,T12157,T12157.C03,propose_split,,0.19516198652712927
https://openalex.org/W4413978048,Mitigating Class Imbalance and Enhancing Unlabeled Data Extraction in Semi-Supervised Deep Learning for Martian Terrain Segmentation,T12157,T12157.C06,propose_split,,0.159176123201033
https://openalex.org/W4414343486,A Neural Network‐Based Estimate of the Seasonal to Inter‐Annual Variability of the Lake Superior Carbon Cycle,T12157,T12157.C06,propose_split,,0.10630005998162852
https://openalex.org/W4414767585,"Geochronological and petrochemical constraints on Paleoproterozoic granites in the Liaoshang gold deposit, Jiaodong Peninsula: Implications for geological setting and ore sources",T12157,T12157.C03,propose_split,,0.3633827580699245
https://openalex.org/W4415185271,"Geochemical signatures, hydrocarbon generation kinetics, and oil-source correlation of the Es4 member source rocks in the Liaohe Western depression: implications for tight oil exploration in continental rift basins",T12157,T12157.C06,propose_split,,0.24083119029310177
https://openalex.org/W4415494204,Paleoenvironmental Changes in Organic Matter Deposition in Shales and Their Significance for Shale Gas Exploration,T12157,T12157.C06,propose_split,,0.13563968019466188
https://openalex.org/W4415509341,Geochemical tools for lithium-rich pegmatites and their application to Archean and Proterozoic examples in Australia,T12157,T12157.C06,propose_split,,0.09597060100355458
https://openalex.org/W4415536781,Analytical advances and structural controls: New paradigms in earth science research,T12157,T12157.C06,propose_split,,0.20975611744915768
https://openalex.org/W568788814,Earth Science Today,T12157,T12157.C06,propose_split,,0.15111575002706837
https://openalex.org/W572414458,"Geological and mineralogical researches, during a period of more than fifty years, in England, Scotland, Ireland, Switzerland, Holland, France, Flanders, and Spain : wherein the effects of the deluge are traced, and the veracity of the Mosaic account is established",T12157,T12157.C03,propose_split,,0.17430844065597687
https://openalex.org/W581305363,Geology of the country between Hereford and Leominster : memoir for 1:50000 geological sheet 198 (England and Wales),T12157,T12157.C04,propose_split,,0.45063835010808984
https://openalex.org/W588208567,"Manbarrum Zn-Pb-Ag Project, Burt Range Shelf, Bonaparte Basin, NT: Conference Abstract",T12157,T12157.C05,propose_split,,0.22099076601291362
https://openalex.org/W627383671,"Mineralogic variability of the Kelso Dunes, Mojave Desert, California derived from Thermal Infrared Multispectral Scanner (TIMS) data",T12157,T12157.C06,propose_split,,0.1638405104831152
https://openalex.org/W7118206097,"VNIR spectral signatures of chromium-substituted goethite and hematite in Sukinda ultramafic laterites, India: From mineral spectra to spaceborne hyperspectral mapping",T12157,T12157.C01,propose_split,,0.25042356117241477
https://openalex.org/W7119282170,"A litho-structural study of gold mineralization in the environs of São Gonçalo do Sapucai - Campanha, Minas Gerais",T12157,T12157.C03,propose_split,,0.20212159154013326
https://openalex.org/W7120613227,"Discriminação de classes de solo, quantificação de atributos e determinação do comportamento espectral de minerais de ferro e argila esmectítica utilizando espectrorradiometria difusa",T12157,T12157.C06,propose_split,,0.10270293498576255
https://openalex.org/W7125484184,"Geological and geochemical characteristics of the non-volcanic geothermal system in Surat Thani area, southern Thailand",T12157,T12157.C03,propose_split,,0.3993134440759804
https://openalex.org/W7134057373,Compositional data analysis for modelling and forecasting mortality using the α -transformation,T12157,T12157.C03,propose_split,,0.23265932146079046
https://openalex.org/W7134287336,"Diffusive copper redistribution from shallow degassed magmas to mafic enclaves. Insight from anomalously Cu-enriched enclaves from Bezymianny volcano, Kamchatka",T12157,T12157.C06,propose_split,,0.0691112453387844
https://openalex.org/W7152478229,AC/DC : Automatic Crater Detection and Characterization,T12157,T12157.C02,propose_split,,0.41007906157896007
https://openalex.org/W7161970395,"Geology of the Empire mine, Bralorne, B.C. --.",T12157,T12157.C04,propose_split,,0.7071028639243645
https://openalex.org/W7162485249,工程地质勘察与地基处理技术研究,T12157,,unassigned,no_shared_vocabulary,
https://openalex.org/W7166979828,"Registered Map 2658 : Piihonua, South Hilo, Hawaii (tracing)",T12157,T12157.C07,propose_split,,0.7852156990204512
https://openalex.org/W800772465,Distribution of trace elements in lake sediments: a scientometric analysis,T12157,T12157.C03,propose_split,,0.26497518181752594
https://openalex.org/W95389566,Influence of Electric Characteristics of Inhomogeneous Lithosphere on Excitation and Propagation of Seismogenic Electromagnetic Emissions,T12157,T12157.C06,propose_split,,0.1010652111425621
https://openalex.org/W97486852,Using Processed Imagery of FORMOSAT-2 Satellite for Disaster Investigation / Prediction.,T12157,T12157.C06,propose_split,,0.1604851618120261
https://openalex.org/W978459107,Chapter 5 Carbonates as Hydrocarbon Source Rocks,T12157,T12157.C06,propose_split,,0.1883304282798134
https://openalex.org/W109913770,Locus typicus Extremadurae (Hispania): Plantae,T10451,,unassigned,no_shared_vocabulary,
https://openalex.org/W1468285907,Refraining the regeneration of Armillaria rhizomorphs using Trichoderma,T10451,T10451.C08,propose_split,,0.16250597354560362
https://openalex.org/W1482087802,Fungal growth and effects of different wood decomposing fungi on the indigenous bacterial community of polluted and unpolluted soils,T10451,T10451.C03,propose_split,,0.3813393780638186
https://openalex.org/W1485241145,Diversidad florística en zonas truferas de Navarra,T10451,T10451.C02,propose_split,,0.6936023011050501
https://openalex.org/W1489250706,Biodiversity of Xylariaceae (Ascomycota) and their hosts in protected areas from Tucuman (Argentina): Biodiversidad de la familia Xylariaceae (Ascomycota) y sus hospedantes en áreas protegidas de Tucumán (Argentina),T10451,T10451.C02,propose_split,,0.4027145558142635
https://openalex.org/W1490277008,"Studies on the traditional management, andprocessing of matsutake mushrooms InOaxaca, Mexico",T10451,T10451.C08,propose_split,,0.1839881474300831
https://openalex.org/W1517395987,"Estudio biogeográfico de los briófitos en los melojares del sistema central oriental (Sierras de Ayllón, Guadarrama y Gredos)",T10451,T10451.C02,propose_split,,0.5415332145418185
https://openalex.org/W15411180,Mycorrhizal fungi-Bradyrhizobium-soybean tripartite symbiosis in Iowa soils,T10451,T10451.C06,propose_split,,0.4577001068715343
https://openalex.org/W1569256313,Scum actinomycetes in sewage treatment plants—Part 1,T10451,T10451.C08,propose_split,,0.11992046670482204
https://openalex.org/W1577465186,优质超级小麦新品系—兰考906—4简介,T10451,,unassigned,no_shared_vocabulary,
https://openalex.org/W1667916540,Mycoflora of Euphorbia complex in Yugoslavia.,T10451,T10451.C08,propose_split,,0.07833154596686877
https://openalex.org/W172748968,Sporisorium ignotum - a remarkable smut fungus from Zimbabwe originally classified in the genus Ustilago.,T10451,T10451.C05,propose_split,,0.516356062772649
https://openalex.org/W177088036,A Final Word: The Future of Planctomycetology and Related Studies,T10451,T10451.C08,propose_split,,0.1436664884722589
https://openalex.org/W1830814861,Viabilité de souches ectomycorhiziennes après conservation : application du protocole de Hofmann.,T10451,T10451.C08,propose_split,,0.06629398381985536
https://openalex.org/W183370343,Root Stripping of Ectomycorrhizae Decreases Field Performance of Loblolly and Longleaf Pine Seedlings,T10451,T10451.C08,propose_split,,0.1734468902678829
https://openalex.org/W1921612311,THE WOOD OF THE STERCULIACEAE,T10451,T10451.C08,propose_split,,0.05308276468756492
https://openalex.org/W1940412581,"Understanding cultural significance, the edible mushrooms case",T10451,T10451.C08,propose_split,,0.09853945045388832
https://openalex.org/W1966332385,ITS rDNA variation of the Coprinopsis phlyctidospora (syn.: Coprinus phlyctidosporus) complex in the Northern and Southern Hemispheres,T10451,T10451.C08,propose_split,,0.17365667641081559
https://openalex.org/W1967029517,"Chromosome number variation of the Italian endemic vascular flora. State-of-the-art, gaps in knowledge and evidence for an exponential relationship among even ploidy levels",T10451,T10451.C08,propose_split,,0.11747477208999407
https://openalex.org/W1969066899,Miscellaneous fungi from Burma,T10451,T10451.C04,propose_split,,0.8882411019590635
https://openalex.org/W1973441495,Distribution of Cren- and Euryarchaeota in Scots Pine Mycorrhizospheres and Boreal Forest Humus,T10451,T10451.C08,propose_split,,0.118007293395199
https://openalex.org/W1973655374,Attractive Characters in Fungi,T10451,T10451.C04,propose_split,,0.8882411019590635
https://openalex.org/W1978808146,New and interesting records of South African fungi. XIV. Cercosporoid fungi from weeds,T10451,T10451.C04,propose_split,,0.41536319121692894
https://openalex.org/W1982406969,Fungal solubilization of rock phosphate is enhanced by forming fungal–rhizobial biofilms,T10451,T10451.C03,propose_split,,0.49451016049964414
https://openalex.org/W1982816157,"GMC oxidoreductase, a highly expressed protein in a potent biocontrol agent Fusarium oxysporum Cong:1-2, is dispensable for biocontrol activity",T10451,T10451.C08,propose_split,,0.20117005000134366
https://openalex.org/W1984509700,Einige Charakteristika der Großpilzflora Nord‐Vietnams,T10451,T10451.C08,propose_split,,0.10616552937512984
https://openalex.org/W1985277060,"Leaf-inhabiting genera of the Gnomoniaceae, Diaporthales",T10451,T10451.C08,propose_split,,0.07688040953579942
https://openalex.org/W1991913990,"Nutritional differentiation within the speciesDittrichia viscosa W. Greuter, between a population from a calcareous habitat and another from an acidic habitat",T10451,T10451.C08,propose_split,,0.10234414418013774
https://openalex.org/W1998439622,Deadwood Density of Five Boreal Tree Species in Relation to Field-Assigned Decay Class,T10451,T10451.C07,propose_split,,0.23691013288860685
https://openalex.org/W2003280314,Aureobasidium thailandense sp. nov. isolated from leaves and wooden surfaces,T10451,T10451.C08,propose_split,,0.26814561144819266
https://openalex.org/W2004454978,Validation of Names of Fossil Fungi from Tertiary Sediments of India,T10451,T10451.C04,propose_split,,0.3892343736461967
https://openalex.org/W2005809652,Increasing the length of hyphae in a sandy soil increases the amount of water-stable aggregates,T10451,T10451.C08,propose_split,,0.16587516408976952
https://openalex.org/W2008220455,The sorediate variety of Sclerophytomyces circumscriptus,T10451,,unassigned,no_shared_vocabulary,
https://openalex.org/W2009366362,ON THE NITROGEN CONTENT OF GROWING CULTURES OF MYCODERMA AND OF SACCHAROMYCES CEREVISIAE,T10451,T10451.C08,propose_split,,0.09417320876385679
https://openalex.org/W2009505151,"(1459) Proposal to conserve the name Armillaria matsutake against Armillaria nauseosa (Fungi, Basidiomycotina, Tricholomataceae)",T10451,T10451.C04,propose_split,,0.29286561522311794
https://openalex.org/W2020402009,A role forAmanita muscaria L. in the circulation of cadmium and vanadium in a non-polluted woodland,T10451,T10451.C08,propose_split,,0.09147812409766196
https://openalex.org/W2025375767,A proposito del llamado micetoma maduro-micosico del pulmon,T10451,T10451.C02,propose_split,,0.45343958773073145
https://openalex.org/W2028471622,Diversity of polyporous fungi (Polyporaceae) in northern boreal forests: effects of forest site type and logging intensity,T10451,T10451.C04,propose_split,,0.32578968759991606
https://openalex.org/W2032529991,"Spadicoides camelliae and Diplococcium livistonae, two new hyphomycetes on dead branches from Fujian Province, China",T10451,T10451.C07,propose_split,,0.3933487506153754
https://openalex.org/W2032545538,Sporulation and diversity of arbuscular mycorrhizal fungi in Brazil Pine in the field and in the greenhouse,T10451,T10451.C06,propose_split,,0.5437743658582339
https://openalex.org/W2033650631,Respiration of field-grown loblolly pine roots as influenced by temperature and root type,T10451,T10451.C08,propose_split,,0.1651331951980831
https://openalex.org/W2034639533,Some physiological responses of chickpea cultivars to arbuscular mycorrhiza under drought stress,T10451,T10451.C08,propose_split,,0.1551330613618172
https://openalex.org/W2040491628,The ectomycorrhizal community structure in high mountain Norway spruce stands,T10451,T10451.C03,propose_split,,0.28776456881130597
https://openalex.org/W2047421305,Pleurotus Ostreatus ? breeding potential of a new cultivated mushroom,T10451,T10451.C07,propose_split,,0.24234608822230633
https://openalex.org/W2051267164,Possible involvement of hyphal phosphatase in phosphate efflux from intraradical hyphae isolated from mycorrhizal roots colonized by Gigaspora margarita,T10451,T10451.C08,propose_split,,0.1306465231219082
https://openalex.org/W2057442142,Microfluorescenza in Foglie di Fagiolo Suscettibile e Resistente alia Ruggine1),T10451,T10451.C08,propose_split,,0.13467993145236157
https://openalex.org/W2058877429,Sexual reproduction and mating-type–mediated strain development in the penicillin-producing fungus Penicillium chrysogenum,T10451,T10451.C08,propose_split,,0.15756031743038826
https://openalex.org/W2059506186,Urban Fungi-interesting Fungi from Parks and Gardens of West London,T10451,T10451.C04,propose_split,,0.49010898147602927
https://openalex.org/W2061035135,Sequences and interactions of mycorrhizal fungi on birch,T10451,T10451.C06,propose_split,,0.4607481035706857
https://openalex.org/W2062902316,Mycorrhizal status of Eucalyptus plantations in south China and implications for management,T10451,T10451.C08,propose_split,,0.16551395712086914
https://openalex.org/W2066233885,"Changes in soil organic carbon, total nitrogen, and abundance of arbuscular mycorrhizal fungi along a large-scale aridity gradient",T10451,T10451.C06,propose_split,,0.5396138241505155
https://openalex.org/W2068862669,Mycological notes from the Tatra National Park. II,T10451,T10451.C08,propose_split,,0.08526582344318409
https://openalex.org/W2074077385,Hidden Likelihood Support in Genomic Data: Can Forty-Five Wrongs Make a Right?,T10451,T10451.C08,propose_split,,0.065499827876403
https://openalex.org/W2079156014,Cryopreservation of ectomycorrhizal fungi has minor effects on root colonization of Pinus sylvestris plantlets and their subsequent nutrient uptake capacity,T10451,T10451.C04,propose_split,,0.2952558471005546
https://openalex.org/W2083578706,Macromycetes in the Dendrological Park of the Warsaw Agricultural University,T10451,T10451.C08,propose_split,,0.12032120014440796
https://openalex.org/W2088231348,FEEDING HABITS OF THE SWARM CELLS OF THE MYXOMYCETE DICTYDIAETHALIUM PLUMBEUM,T10451,,unassigned,no_shared_vocabulary,
https://openalex.org/W2090788776,First Report of Diplodia corticola Causing Grapevine (Vitis vinifera) Cankers and Trunk Cankers and Dieback of Canyon Live Oak (Quercus chrysolepis) in California,T10451,T10451.C08,propose_split,,0.12381010282330812
https://openalex.org/W2096013955,Biogeography and ecology of Alnusassociated ectomycorrhizal fungi – from regional to global scale,T10451,T10451.C04,propose_split,,0.311146327632232
https://openalex.org/W2096078839,Effect of Trichoderma Colonization on Auxin-Mediated Regulation of Root Elongation,T10451,T10451.C08,propose_split,,0.2091860408394247
https://openalex.org/W2101170067,First Report of Fusarium Root Rot of Stored Carrot Caused by Fusarium avenaceum in Serbia,T10451,T10451.C08,propose_split,,0.26314913517328503
https://openalex.org/W2105341194,Sebacinales: a hitherto overlooked cosm of heterobasidiomycetes with a broad mycorrhizal potential,T10451,T10451.C06,propose_split,,0.31050369034568953
https://openalex.org/W2125088216,Response of ectomycorrhizal and nonmycorrhizal pitch pine (Pinusrigida) seedlings to nutrient supply and aluminum: growth and mineral nutrition,T10451,T10451.C08,propose_split,,0.1920483291563662
https://openalex.org/W2127596170,A revised checklist of corticioid and hydnoid fungi in China for 2010,T10451,T10451.C05,propose_split,,0.46580091716432764
https://openalex.org/W2128252110,Glomus intraradixeffects on citrus rootstock seedling growth in various potting media,T10451,T10451.C08,propose_split,,0.13440839802351906
https://openalex.org/W2142145195,Ecological stress and sex evolution in soil microfungi,T10451,T10451.C08,propose_split,,0.1709218668936825
https://openalex.org/W2142533405,Effects of the invasive plant garlic mustard (Alliaria petiolata) on bacterial communities in a northern hardwood forest soil,T10451,T10451.C08,propose_split,,0.16670388435142877
https://openalex.org/W2147139089,"Molecular phylogeny of European Trametes (Basidiomycetes, Polyporales) species based on LSU and ITS (nrDNA) sequences",T10451,T10451.C07,propose_split,,0.23000394042890057
https://openalex.org/W2147790337,Assembling The Fungal Tree of Life (AFTOL),T10451,T10451.C03,propose_split,,0.4721121674380604
https://openalex.org/W2154405729,Interactions between the arbuscular mycorrhizal fungus Glomus intraradices and the plant growth promoting rhizobacteria Paenibacillus polymyxa and P. macerans in the mycorrhizosphere of Cucumis sativus,T10451,T10451.C06,propose_split,,0.4415126950505785
https://openalex.org/W2157529409,Correlations between Indigenous Brazilian Folk Classifications of Fungi and Their Systematics,T10451,T10451.C04,propose_split,,0.33082588686978837
https://openalex.org/W2165824267,Modern View on the Origin and Phylogenetic Reconstruction of Homobasidiomycetes Fungi,T10451,T10451.C04,propose_split,,0.4869512543317595
https://openalex.org/W2171875369,Development of soil quality metrics using mycorrhizal fungi,T10451,T10451.C06,propose_split,,0.40613595580935413
https://openalex.org/W2184979769,WHY OMPHALOTUSILLUDENS(SCHWEIN.) BRESINSKY ETBESLffiANINDEPENDENTSPECIES,T10451,,unassigned,no_shared_vocabulary,
https://openalex.org/W2187919270,Locational variability of Physico-chemical Properties of Rhizospheric soil and myco-biota associated with Abroma augusta L.,T10451,T10451.C08,propose_split,,0.14606666564357465
https://openalex.org/W2189172815,New or interesting species of Ascobolus and Saccobolus in the USSR.,T10451,T10451.C07,propose_split,,0.4706958742789592
https://openalex.org/W2194316124,ارزیابی اثر دوگونه میکوریزا و کود زیستی نیتروکسین بر عملکرد و اجزای عملکرد سیر (Allium sativum L.) در یک نظام زراعی اکولوژیک,T10451,,unassigned,no_shared_vocabulary,
https://openalex.org/W2204875621,Freezing tolerance of mycorrhizal and non-mycorrhizal Scots pine seedlings,T10451,T10451.C08,propose_split,,0.1617707296370026
https://openalex.org/W2218530032,딸기 시설재배에서 Arbuscular 균근균의 분포,T10451,T10451.C06,propose_split,,0.45848497921138937
https://openalex.org/W2239550845,Paecilomyces lilacinus と Acremonium spp. が分離された角膜真菌症の1例,T10451,T10451.C08,propose_split,,0.09773180770554335
https://openalex.org/W2241211823,Bio-control of wit of Albizzia lebbek by using AM fungi and Trichoderma viride.,T10451,T10451.C04,propose_split,,0.3750465890739394
https://openalex.org/W2241296980,Lignophyte evolution and heterospory: the early steps,T10451,T10451.C08,propose_split,,0.10261115783103457
https://openalex.org/W2258933911,"LYCOPODIUM SCARIOSUM, Forst.; var. decurrens",T10451,T10451.C08,propose_split,,0.05308276468756492
https://openalex.org/W2261244385,Importance of arbuscular mycorrhiza fungi in the restoration of a disturbed site in Kakamega forest,T10451,T10451.C04,propose_split,,0.35219415092332385
https://openalex.org/W2269187992,Development of Ash Dieback in South-Eastern Germany and the Increasing Occurrence of Secondary Pathogens,T10451,T10451.C08,propose_split,,0.11991345455293553
https://openalex.org/W2301352966,Effect of growing season upon microbial status of peppermint (Mentha x piperita L.) rhizosphere,T10451,T10451.C08,propose_split,,0.16571675743000233
https://openalex.org/W2303705803,Effect of vesicular arbuscular mycorrhizal fungus and Rhizobium on soybean plant growth.,T10451,T10451.C06,propose_split,,0.4116110434636362
https://openalex.org/W2314764949,Management effects on fungal assemblages in irrigation ponds: are biodiversity conservation and the control of phytopathogens compatible?,T10451,T10451.C03,propose_split,,0.35619032482866986
https://openalex.org/W2319296860,Sporobolomycetaceae in Kansas,T10451,,unassigned,no_shared_vocabulary,
https://openalex.org/W2322726422,"Cordochaete (Agaricomycetes), a new corticioid genus from India",T10451,T10451.C05,propose_split,,0.7753695296067944
https://openalex.org/W232378396,Physiological responses of halophytic C4 grass Aeluropus littoralis to salinity and arbuscular mycorrhizal fungi colonization,T10451,T10451.C06,propose_split,,0.5372320487058729
https://openalex.org/W2324546165,"On the typification of Omphalina umbellifera (L.: Fr.) Quél. (Fungi, Agaricales)",T10451,T10451.C04,propose_split,,0.4869512543317595
https://openalex.org/W2327776172,Pseudocyphellaria arvidssonii New to Africa and P. mallota New to North America,T10451,T10451.C07,propose_split,,0.5181240987854959
https://openalex.org/W2330604602,"Fungus Spores, Their Liberation and Dispersal.",T10451,T10451.C08,propose_split,,0.16049788310852003
https://openalex.org/W2333671618,A propos de quelques groupements végétaux observés entre monaco et gênes,T10451,T10451.C08,propose_split,,0.07417562627513911
https://openalex.org/W2339630195,Influence of salinity on the development of the banana colonised by arbuscular mycorrhizal fungi,T10451,T10451.C06,propose_split,,0.6003034388838869
https://openalex.org/W2344501965,"CO2 Assimilation, Carbohydrate Metabolism, Xanthophyll Cycle, and the Antioxidant System of `Honeycrisp' Apple Leaves with Zonal Chlorosis",T10451,T10451.C08,propose_split,,0.07186205691374466
https://openalex.org/W2353315382,Effects of AM Fungi on the Growth and Microelement of Scuteliaria baiealensis Goorgi under Different N-applied Levels,T10451,T10451.C04,propose_split,,0.37436819851091363
https://openalex.org/W2369281542,Study on Techniques for Facilitating the Formation of Off-Season Edible Fungi's Fruiting Bodies,T10451,T10451.C04,propose_split,,0.3609176730876454
https://openalex.org/W2378214989,Study of arbuscular mycorrhzizal fungi on decomposition of alfalfa litter,T10451,T10451.C04,propose_split,,0.40188759965459314
https://openalex.org/W2394898400,"Erratum to: Pilze (Fungi, Mycētes)",T10451,T10451.C04,propose_split,,0.8882411019590635
https://openalex.org/W2429684464,[Sexual differentiation in heterobasidiomycetous yeasts (author's transl)].,T10451,T10451.C08,propose_split,,0.09859096081642356
https://openalex.org/W2522197296,First report of tomato leaf spot caused by Fusarium proliferatum in China,T10451,T10451.C08,propose_split,,0.22295701935656098
https://openalex.org/W2527601931,Annotated list of the pleosporacean fungi and related genera reported from the Iberian Peninsula and Balearic Islands,T10451,T10451.C04,propose_split,,0.4004854397812931
https://openalex.org/W2549874967,(119) Mycorrhizal Effects on Grape Acclimation,T10451,T10451.C06,propose_split,,0.31230992542791447
https://openalex.org/W2554736864,Two different microbial communities did not cause differences in occlusion of particulate organic matter in a sandy agricultural soil,T10451,T10451.C08,propose_split,,0.17759185553008391
https://openalex.org/W2561249682,"Tricholosporum, a newly recorded genus of Agaricomycetes in China",T10451,T10451.C05,propose_split,,0.8077300665878194
https://openalex.org/W2579574475,"Radical Mycology: A Treatise On Seeing And Working With Fungi. By Peter McCoy. 2016. Portland, Oregon: Chthaeus Press. Pp. xx+646 and numerous illustrations. Page size 253mm×208mm, weight 2kg. ISBN 978-0-9863996-0-2. Paperback $49.95.",T10451,T10451.C04,propose_split,,0.37783687296973345
https://openalex.org/W2582239741,Control of Meloidogyne incognita on egg plant using Glomus mosseae integrated with Paecilomyces lilacinus and neem cake,T10451,T10451.C08,propose_split,,0.1639357676822482
https://openalex.org/W2591102076,CHANGES IN PLANT GROWTH AND DEVELOPMENT BY RHIZOSPHERE BACTERIA THAT MODIFY PLANT ETHYLENE LEVELS,T10451,T10451.C08,propose_split,,0.2028096920978036
https://openalex.org/W2592392407,First Report of Anthracnose Caused byColletotrichum gloeosporioidesonActinidia argutain China,T10451,T10451.C08,propose_split,,0.17868983806086505
https://openalex.org/W2594482250,Ecological and taxonomic studies of the Russulaceae and other ectomycorrhizal Basidiomycetes in the high-elevation forests of the southern Appalachians,T10451,T10451.C08,propose_split,,0.15586085888934043
https://openalex.org/W2594710316,Culture of Cordyceps Myrmecophila Cesati,T10451,T10451.C08,propose_split,,0.05308276468756492
https://openalex.org/W2595820675,VPLIV DEFOLIACIJE IN DOZOREVANJE GROZDJA NA KAKOVOST VINA SORTE 'MODRI PINOT',T10451,,unassigned,no_shared_vocabulary,
https://openalex.org/W2604885907,"Draft Genome Sequence of Salmacisia buchloëana (Basidiomycota), Which Induces Hermaphroditism in Dioecious Buffalograss",T10451,T10451.C08,propose_split,,0.053082764687564926
https://openalex.org/W2605799709,Mycorrhizal functioning as part of the survival mechanisms of barley (Hordeum vulgare L) at long-term heavy metal stress,T10451,T10451.C08,propose_split,,0.1106438977249671
https://openalex.org/W2739438066,"Two new species of Dyfrolomyces (Dyfrolomycetaceae, Dothideomycetes) from karst landforms",T10451,T10451.C07,propose_split,,0.6363160676044175
https://openalex.org/W2743760388,"Mycorrhiza - Eco-Physiology, Secondary Metabolites, Nanomaterials",T10451,T10451.C08,propose_split,,0.14647980948088984
https://openalex.org/W2747307032,I microrganismi simbionti di piante e animali: generalità ed esempi di interazioni,T10451,T10451.C08,propose_split,,0.14951386181336376
https://openalex.org/W2751158585,NEW RECORDS OF ASCOMYCETES (PEZIZALES) FOR THE MYCOBIOTA OF UZBEKISTAN,T10451,T10451.C07,propose_split,,0.38504163665076513
https://openalex.org/W2755408551,Fusarium equiseti LPSC 1166 and its in vitro role in the decay of Heterostachys ritteriana leaf litter,T10451,T10451.C08,propose_split,,0.1712000529549091
https://openalex.org/W2760836530,Role of the mycorrhizal symbiosis in the nursery production of olive trees [Olea europaea L.],T10451,T10451.C08,propose_split,,0.11657176109792639
https://openalex.org/W2778692982,Multi-gene phylogenetic analyses reveals Neohelicosporium gen. nov. and five new species of helicosporous hyphomycetes from aquatic habitats,T10451,T10451.C07,propose_split,,0.4009653435128996
https://openalex.org/W2784623394,"Indagini briogeografiche nel territorio della Sicilia occidentale e lavori di sintesi delle conoscenze tassonomiche, corologiche ed ecologiche sulla brioflora siciliana.",T10451,T10451.C08,propose_split,,0.14098451094195996
https://openalex.org/W2792542815,Effects of land use on arbuscular mycorrhizal fungal communities in Estonia,T10451,T10451.C06,propose_split,,0.47231870878161036
https://openalex.org/W2794134164,Diversifying crop rotation increased metabolic soil diversity and activity of the microbial community,T10451,T10451.C03,propose_split,,0.3404579519731185
https://openalex.org/W2839183017,Experimental and molecular approximation to microbial niche: trophic interactions between oribatid mites and microfungi in an oligotrophic freshwater system,T10451,T10451.C08,propose_split,,0.13766108667855542
https://openalex.org/W28572929,"Cyttariales, Lahmiales, Leotiales, Medeolariales, Ostropales, Patellariales, Rhytismatales, and Triblidiales",T10451,,unassigned,no_shared_vocabulary,
https://openalex.org/W2883164093,A new Pyrgulopsis from Oregon,T10451,T10451.C07,propose_split,,0.3837862493214786
https://openalex.org/W2885358902,Heterogeneity in arbuscular mycorrhizal fungal communities may contribute to inconsistent plant-soil feedback in a Neotropical forest,T10451,T10451.C06,propose_split,,0.5053672368255557
https://openalex.org/W2886233929,Aproximación al conocimiento del género Quercus L. Sect. Gallifera Spach (Fagaceae) en Extremadura (España),T10451,T10451.C02,propose_split,,0.6434676530613401
https://openalex.org/W2886480437,Mushroom Survey England,T10451,T10451.C08,propose_split,,0.05308276468756492
https://openalex.org/W2889552708,Antimicrobial activity of Agaricus brasiliensis on Plasmopara viticola and its effect on the induction of resistance to the control of downy mildew on ‘Isabel Precoce’,T10451,T10451.C08,propose_split,,0.1648034334767326
https://openalex.org/W2895813601,The response of dominant and rare taxa for fungal diversity within different root environments to the cultivation of Bt and conventional cotton varieties,T10451,T10451.C03,propose_split,,0.3932960772326996
https://openalex.org/W2899717099,Dissolved carbon and nitrogen release from deadwood of different tree species in various stages of decomposition,T10451,T10451.C07,propose_split,,0.21899778559149125
https://openalex.org/W2905280452,Comparison of three trap types in sampling saproxylic beetles living in hollow urban trees,T10451,T10451.C08,propose_split,,0.07873665367172766
https://openalex.org/W2908196960,Phaeoacremonium vrste u vinovoj lozi sa simptomima eske i Petrijeve bolesti,T10451,,unassigned,no_shared_vocabulary,
https://openalex.org/W2909990448,"Hortiboletus kohistanensis (Boletaceae), a new bolete species from temperate and subalpine oak forests of Pakistan",T10451,T10451.C07,propose_split,,0.3759526246218538
https://openalex.org/W2919401343,Effects of abiotic and biotic factors on Trichoderma strains with biocontrol potential,T10451,T10451.C08,propose_split,,0.14363044790518673
https://openalex.org/W2959911937,Mediation of plant–mycorrhizal interaction by a lectin receptor-like kinase,T10451,T10451.C06,propose_split,,0.3190693769824799
https://openalex.org/W2966246442,Mycorrhization profile in a truffle plantation of Tuber aestivum Vittad..,T10451,T10451.C08,propose_split,,0.053082764687564926
https://openalex.org/W2972729851,Population dynamics of root inhibiting and invading micro-flora in citrus rhizosphere,T10451,T10451.C08,propose_split,,0.16398399945071404
https://openalex.org/W2973080001,Comparative study of down-regulated genes in arbuscular mycorrhizal fungal colonised tomato plants,T10451,T10451.C06,propose_split,,0.4115823077433412
https://openalex.org/W2990025880,Estimation of Fungal Diversity and Identification of Major Abiotic Drivers Influencing Fungal Richness and Communities in Northern Temperate and Boreal Quebec Forests,T10451,T10451.C03,propose_split,,0.44249115792509464
https://openalex.org/W3000920941,Myxomycetes in Bohemian Karst and Hřebeny Mts.,T10451,T10451.C08,propose_split,,0.05308276468756492
https://openalex.org/W3011497083,Revision of the Herbarium URM I. Agaricomycetes from the semi-arid region of Brazil.,T10451,T10451.C05,propose_split,,0.5106724729865374
https://openalex.org/W3016522065,Red list assessment of macrofungi in China: Challenges and measures,T10451,T10451.C08,propose_split,,0.10508694511683804
https://openalex.org/W3021570916,Uncovering the hidden diversity of litter-decomposition mechanisms in mushroom-forming fungi,T10451,T10451.C04,propose_split,,0.3104752313781901
https://openalex.org/W3034204475,First Report of Vascular Wilt Caused by Fusarium proliferatum on Cauliflower in China,T10451,T10451.C08,propose_split,,0.21977716653470808
https://openalex.org/W3035947721,CULTIVATION OF MYCELIUM AND THE STUDY OF THE PHYTOPATHOGENICITY OF CERTAIN XYLOTROPHIC BASIDIOMYCETES UNDER IN VITRO CONDITIONS,T10451,T10451.C08,propose_split,,0.08480665809227916
https://openalex.org/W3043427989,"Mallocybe velutina (Agaricales, Inocybaceae), a new species from Pakistan",T10451,T10451.C07,propose_split,,0.5157994117685997
https://openalex.org/W3049130459,Identification of arbuscular mycorrhizal fungi in soils of the North Caucasus based on Illumina MiSeq data for ITS1 and ITS2 regions,T10451,T10451.C06,propose_split,,0.5602456671343803
https://openalex.org/W3084863693,Continuous wastewater treatment by t. Versicolor immobilized on lignocellulosic supports,T10451,T10451.C08,propose_split,,0.09381056967822059
https://openalex.org/W3087017166,"Studies in Inocybe - V. Some interesting species from Medelpad and Jämtland, Sweden.",T10451,T10451.C07,propose_split,,0.2911364136825551
https://openalex.org/W3087440057,Dentiscutata nigerita - a new species of arbuscular mycorrhizal fungi from India.,T10451,T10451.C06,propose_split,,0.6594620280306893
https://openalex.org/W3094687011,Cycling in degradation of organic polymers and uptake of nutrients by a litter‐degrading fungus,T10451,T10451.C08,propose_split,,0.15469674445556317
https://openalex.org/W3114866726,Avvizzimenti su peperone causati da Fusarium solani in Italia centrale.,T10451,T10451.C08,propose_split,,0.1490614521735825
https://openalex.org/W3120535194,Investigation on mycelial growth requirements of Cantharellus cibarius under laboratory conditions,T10451,T10451.C08,propose_split,,0.13386328457983868
https://openalex.org/W3124031622,ゼニゴケMarchantia polymorphaと珪藻Nitzschia sp.NIES4239のゲノム解析,T10451,T10451.C08,propose_split,,0.19839812524766326
https://openalex.org/W3126400719,Analysis of microbial habitats in soil-root interfaces in space and time,T10451,T10451.C08,propose_split,,0.21466120097044938
https://openalex.org/W3134841313,"Hongos ectomicorrízicos asociados a plantas jóvenes de Pinus patula y Quercus crassifolia en plantaciones del sistema matarrasa de la Sierra Juárez de Oaxaca, México",T10451,T10451.C02,propose_split,,0.6790540454154884
https://openalex.org/W3137433318,Hawaiian Fungal Amplicon Sequence Variants Reveal Otherwise Hidden Biogeography,T10451,T10451.C03,propose_split,,0.3190826024605031
https://openalex.org/W3162775900,Effects of Field Fumigation and Inoculation With the Pecan Truffle (Tuber lyonii) on the Fungal Community of Pecan (Carya illinoinensis) Seedlings Over 5 Years,T10451,T10451.C03,propose_split,,0.4739336610314356
https://openalex.org/W3164424204,"Inosperma subsphaerosporum (Inocybaceae), a new species from Hainan, tropical China",T10451,T10451.C07,propose_split,,0.578115340078536
https://openalex.org/W3165153712,"Effect of formulation on the viabilty of biocontrol agent, Trchoderma harzanum conidia",T10451,T10451.C08,propose_split,,0.16616799646760408
https://openalex.org/W3169371593,"Centipede biodiversity (Myriapoda, Chilopoda) in two eucalyptus plantations in northern Spain and other records from Vegadeo (Asturias, Spain)",T10451,T10451.C08,propose_split,,0.1124242981110754
https://openalex.org/W3172937627,"Plant-Associated Pink Yeasts: Isolation, characterization and screening for biocontrol ability",T10451,T10451.C08,propose_split,,0.17012179248407797
https://openalex.org/W318462271,"Occurrence and Distribution of Arbuscular Mycorrhizal Fungi in Agricultural Fields of Madurai District, Tamil Nadu",T10451,T10451.C06,propose_split,,0.6528445766406435
https://openalex.org/W3210241813,Structure and diversity of fungal communities in long-term copper-contaminated agricultural soil,T10451,T10451.C03,propose_split,,0.4222728192857486
https://openalex.org/W3214485323,Efecto de la inoculación de microorganismos solubilizadores de fosfato y hongos micorrícicos arbusculares en plantas de Eugenia dysenterica crecidas en diferentes sustratos,T10451,T10451.C02,propose_split,,0.6939711619012536
https://openalex.org/W3215446445,An MYB Transcription Factor Modulates Panax notoginseng Resistance Against the Root Rot Pathogen Fusarium solani by Regulating the Jasmonate Acid Signaling Pathway and Photosynthesis,T10451,T10451.C08,propose_split,,0.21179916619843814
https://openalex.org/W323604982,Pseudocercospora siparunae - a new cercosporoid fungus from the Brazilian tropical forest,T10451,T10451.C07,propose_split,,0.28604209724096225
https://openalex.org/W34892574,"Adiciones al catálogo florístico de los quintos de mora (Los Yébenes, Toledo)",T10451,T10451.C08,propose_split,,0.06339305332583703
https://openalex.org/W4200044576,"Figure 3 from: Zhang H, Wei T-P, Mao Y-T, Ma M-X, Ma K, Shen Y, Zheng M-J, Jia W-Y, Luo M-Y, Zeng Y, Jiang Y-L, Tao G-C (2021) Ascodesmis rosicola sp. nov. and Talaromyces rosarhiza sp. nov., two endophytes from Rosa roxburghii in China. Biodiversity Data Journal 9: e70088. https://doi.org/10.3897/BDJ.9.e70088",T10451,T10451.C08,propose_split,,0.29185236681705723
https://openalex.org/W4206363911,"Colacogloea armeniacae sp. nov., a novel pucciniomycetous yeast species isolated from apricots",T10451,T10451.C08,propose_split,,0.24470467826824485
https://openalex.org/W4214947550,The Structure of Simblum Sphaerocephalum,T10451,T10451.C08,propose_split,,0.05308276468756492
https://openalex.org/W4220875133,"An updated world key to the species ofAcanthotheciss. lat. (Ascomycota:Graphidaceae), with ten new species from Brazil",T10451,T10451.C07,propose_split,,0.4999803133413219
https://openalex.org/W4224138910,First report of the fungus Gnomoniopsis smithogilvyi causing cankers on sweet chestnut (Castanea sativa) in Ireland,T10451,T10451.C08,propose_split,,0.18600090973443884
https://openalex.org/W4230552012,Polyols in Schizophyllum commune,T10451,,unassigned,no_shared_vocabulary,
https://openalex.org/W4230798784,"Utricularia lateriflora: Bourke, G.",T10451,T10451.C08,propose_split,,0.05308276468756492
https://openalex.org/W4230913266,Patterns of Substrate Utilization in Species of Capronia and Allied Black Yeasts: Ecological and Taxonomic Implications,T10451,T10451.C07,propose_split,,0.22001460438012072
https://openalex.org/W4231312024,Proposals concerning the Nomenclature of the Gill Fungi including a List of Proposed Lectotypes and Genera Conservanda,T10451,T10451.C04,propose_split,,0.39735349579070967
https://openalex.org/W4232658910,Studies in Coprinus sphaerosporus,T10451,T10451.C08,propose_split,,0.1327859367958165
https://openalex.org/W4234032350,"Amphitecna regalis: Fuentes, A.C.D., Martínez Salas, E. & Samain, M.-S.",T10451,T10451.C08,propose_split,,0.09061794756227187
https://openalex.org/W4235836361,"Planaeschna viridis: Manh, C.D.",T10451,,unassigned,no_shared_vocabulary,
https://openalex.org/W4235948950,"Neocordulia volxemi: von Ellenrieder, N.",T10451,,unassigned,no_shared_vocabulary,
https://openalex.org/W4236112691,"Metschnikowia continentalis var. borealis, Metschnikowia continentalis var. continentalis, and Metschnikowia hibisci, new heterothallic haploid yeasts from ephemeral flowers and associated insects",T10451,T10451.C07,propose_split,,0.25739288355057666
https://openalex.org/W4236880863,Nomenclature Abstract for Agromyces rhizospherae Takeuchi and Hatano 2001.,T10451,T10451.C08,propose_split,,0.09094582224984273
https://openalex.org/W4238404246,"Hemibrycon mikrostiktos: Ortega Torres, H. & Correa, E.",T10451,T10451.C08,propose_split,,0.09061794756227187
https://openalex.org/W4239667536,"Distribution, Plant Associates and Variation in Basidiocarps of Pisolithus tinctorius in the United States",T10451,T10451.C08,propose_split,,0.15745637487924094
https://openalex.org/W4241018615,,T10451,,unassigned,insufficient_text,
https://openalex.org/W4243008612,Nomenclature Abstract for Novosphingobium colocasiae Chen et al. 2016.,T10451,T10451.C08,propose_split,,0.12234897247568903
https://openalex.org/W4243690422,"Antrodia alpina: Senn-Irlet, B.",T10451,,unassigned,no_shared_vocabulary,
https://openalex.org/W4246318124,"Argia deami: González-Soriano, E. & Ortega-Salas, H.",T10451,T10451.C08,propose_split,,0.12815313043697885
https://openalex.org/W4247288423,A New Species of Phacidiella Causing the So-Called Phomopsis Disease of Conifers,T10451,T10451.C07,propose_split,,0.5562235608588229
https://openalex.org/W4251016865,The Quest for a General and Reliable Fungal DNA Barcode,T10451,T10451.C03,propose_split,,0.6746172367650927
https://openalex.org/W4251999900,Mycorrhiza,T10451,T10451.C08,propose_split,,0.15652641200058412
https://openalex.org/W4254068548,"Ludia pinnatinervia: Razafiniary, V.",T10451,,unassigned,no_shared_vocabulary,
https://openalex.org/W4281652943,"Four New Pale-Spored Species of Xylaria (Xylariaceae, Xylariales) with a Key to Worldwide Species on Fallen Fruits and Seeds",T10451,T10451.C07,propose_split,,0.521277946184948
https://openalex.org/W4283453235,Trait relationships of fungal decomposers in response to drought using a dual field and laboratory approach,T10451,T10451.C03,propose_split,,0.3568436757980153
https://openalex.org/W4292768966,"Xylaria rohrensis, a new species inhabiting nutshells of Juglans regia in Austria",T10451,T10451.C07,propose_split,,0.5939078486033934
https://openalex.org/W4294712544,Effects of continuous and rotational cropping practices on soil fungal communities in pineapple cultivation,T10451,T10451.C03,propose_split,,0.47717415318025125
https://openalex.org/W4299548162,Armillaria species identified in China and Japan,T10451,T10451.C07,propose_split,,0.3844793437474212
https://openalex.org/W4302609119,Two new species of Ulocladium from Southwest China,T10451,T10451.C07,propose_split,,0.6599742981054297
https://openalex.org/W4308548058,Beneficial effects of arbuscular mycorrhizae on Cu detoxification in Mimosa pudica L. grown in Cu-polluted soils,T10451,T10451.C06,propose_split,,0.26957765905991293
https://openalex.org/W4309616741,"Diversity of Arbuscular Mycorrhizal Fungi of Kalappia celebica: An endemic and endangered plant species in Sulawesi, Indonesia",T10451,T10451.C06,propose_split,,0.6379200848233781
https://openalex.org/W4310489742,Nueva cita de Utricularia australis R. Br. en el País Vasco.,T10451,T10451.C02,propose_split,,0.47064697412691525
https://openalex.org/W4312270384,Scytalidioses,T10451,,unassigned,no_shared_vocabulary,
https://openalex.org/W4312534078,Scylla serrata,T10451,,unassigned,no_shared_vocabulary,
https://openalex.org/W4316806108,Diversity of Fast-Growth Spore-Forming Microbes and Their Activity as Plant Partners,T10451,T10451.C08,propose_split,,0.16400195364845255
https://openalex.org/W4319160055,Morphological characteristics and phylogenetic analyses revealed four new species of Agaricales from China,T10451,T10451.C07,propose_split,,0.5218652149123564
https://openalex.org/W4321369119,Physiological and Chitinase Gene Expression Responses of Male Zizania latifolia to Ustilago esculenta Infection,T10451,T10451.C08,propose_split,,0.0775174384463734
https://openalex.org/W4377233651,Phylogeny and Taxonomy of the Genus Amphichorda (Bionectriaceae): An Update on Beauveria-like Strains and Description of a Novel Species from Marine Sediments,T10451,T10451.C05,propose_split,,0.4282950804735193
https://openalex.org/W4378840870,Effectiveness of Single and Consortium Arbuscular Mycorrhizal Fungi Inoculum on Indigofera zollingeriana Plant Nurseries,T10451,T10451.C06,propose_split,,0.8654895478645296
https://openalex.org/W4381114121,A new species of Tremella from India,T10451,T10451.C07,propose_split,,0.657141927836545
https://openalex.org/W4382049393,A Review of Botryosphaeriales in Venezuela with Special Reference to Woody Plants,T10451,T10451.C08,propose_split,,0.10938748305056381
https://openalex.org/W4382655220,Using Streptomyces spp. as plant growth promoters and biocontrol agents,T10451,T10451.C08,propose_split,,0.22266348740024078
https://openalex.org/W4386032582,"Current Studies on Bakanae Disease in Rice: Host Range, Molecular Identification, and Disease Management",T10451,T10451.C08,propose_split,,0.1261250723200916
https://openalex.org/W4387577236,"ENVIRONMENTAL, ECONOMIC, AND SOCIAL BENEFITS OF CULTIVATING THE OYSTER MUSHROOM PLEUROTUS OSTREATUS (JACQ.,) P. KUMM. IN A COMMUNITY ORGANIZATION IN SOUTHWEST UGANDA",T10451,T10451.C03,propose_split,,0.19623630846830764
https://openalex.org/W4387917622,Transcriptional Response of the White-Rot Fungus Dichomitus Squalens to Polysaccharides Reveals a Co-Expression Network of Plant Biomass Conversion Related Genes,T10451,T10451.C08,propose_split,,0.1737993569216958
https://openalex.org/W4389564782,Isolation and identification of fungi from Rhizosphere soils of the botanical garden,T10451,T10451.C04,propose_split,,0.31874933371236797
https://openalex.org/W4390475412,The Adaptations of High-Altitude Mushrooms in the Cold Desert of Ladakh,T10451,T10451.C08,propose_split,,0.11160740984426964
https://openalex.org/W4393130472,New records of rare and protected species of fungi in St. Petersburg (North-West of Russia),T10451,T10451.C07,propose_split,,0.3839140217597064
https://openalex.org/W4395302241,Occurrence Download,T10451,T10451.C01,propose_split,,1.0000000000000002
https://openalex.org/W4395351792,Occurrence Download,T10451,T10451.C01,propose_split,,1.0000000000000002
https://openalex.org/W4395372441,Occurrence Download,T10451,T10451.C01,propose_split,,1.0000000000000002
https://openalex.org/W4395505197,Occurrence Download,T10451,T10451.C01,propose_split,,1.0000000000000002
https://openalex.org/W4395518014,Occurrence Download,T10451,T10451.C01,propose_split,,1.0000000000000002
https://openalex.org/W4395529580,Occurrence Download,T10451,T10451.C01,propose_split,,1.0000000000000002
https://openalex.org/W4395591493,Occurrence Download,T10451,T10451.C01,propose_split,,1.0000000000000002
https://openalex.org/W4395782196,Occurrence Download,T10451,T10451.C01,propose_split,,1.0000000000000002
https://openalex.org/W4395841549,Occurrence Download,T10451,T10451.C01,propose_split,,1.0000000000000002
https://openalex.org/W4395856948,Occurrence Download,T10451,T10451.C01,propose_split,,1.0000000000000002
https://openalex.org/W4395870558,Occurrence Download,T10451,T10451.C01,propose_split,,1.0000000000000002
https://openalex.org/W4396024097,Occurrence Download,T10451,T10451.C01,propose_split,,1.0000000000000002
https://openalex.org/W4396140619,Occurrence Download,T10451,T10451.C01,propose_split,,1.0000000000000002
https://openalex.org/W4396269184,Occurrence Download,T10451,T10451.C01,propose_split,,1.0000000000000002
https://openalex.org/W4396313489,Occurrence Download,T10451,T10451.C01,propose_split,,1.0000000000000002
https://openalex.org/W4396443441,Occurrence Download,T10451,T10451.C01,propose_split,,1.0000000000000002
https://openalex.org/W4396446347,Occurrence Download,T10451,T10451.C01,propose_split,,1.0000000000000002
https://openalex.org/W4396826655,"Molecular systematics and taxonomy reveal three new wood-inhabiting fungal species (Basidiomycota) from Yunnan Province, southern China",T10451,T10451.C07,propose_split,,0.3531638932917077
https://openalex.org/W4400483563,Arbuscular Mycorrhizal Fungi Mediate the Acclimation of Rice to Submergence,T10451,T10451.C06,propose_split,,0.6822883318234692
https://openalex.org/W4401943160,Root Endophyte-Manipulated Alteration in Rhizodeposits Stimulates Claroideoglomus in the Rhizosphere to Enhance Drought Resistance in Peanut,T10451,T10451.C08,propose_split,,0.15658484166045164
https://openalex.org/W4403608304,Arbuscular mycorrhizal fungi on the development and copper content in corn and sorghum plants,T10451,T10451.C06,propose_split,,0.5540267257670751
https://openalex.org/W4403909246,Lichen-associated Fungi Inhabiting from a Mangrove Ecosystem in Sri Lanka: A Novel Source of Antibacterial Agents,T10451,T10451.C04,propose_split,,0.31601751546347245
https://openalex.org/W4404680855,Effet de la diversité des porte-greffes et des cépages sur les communautés de champignons mycorhiziens à arbuscules associés aux racines de vigne,T10451,T10451.C02,propose_split,,0.31830779313504165
https://openalex.org/W4406085568,Primera parte. Pudriciones Fungosas Radiculares del Fríjol en Valle de Medellín Colombia.,T10451,T10451.C02,propose_split,,0.8005631852184075
https://openalex.org/W4406569572,DESCRIPTION OF THE CULTURE CHARACTERISTICS OF SOME LIGNICOLOUS BASIDIOMYCETES SPECIES GROWN ON THREE SYNTHETIC MEDIA,T10451,T10451.C07,propose_split,,0.22257884383559096
https://openalex.org/W4406741168,Influencia de la precipitación y la temperatura en el crecimiento radial de Pinus uncinata Ramond y Pinus nigra Arnold subsp. salzmannii (Dunal) Franco en la provincia de Teruel,T10451,T10451.C02,propose_split,,0.6541917956932222
https://openalex.org/W4407190643,Soil Multitrophic Interactions in a Changing World,T10451,T10451.C08,propose_split,,0.14597094173616676
https://openalex.org/W4409159313,Cytochemical demonstration of enzymes in hyphae of mycelial cultures of macromycetes (Ascomycotina and Basidiomycotina). I. Esterases and glycosidases.,T10451,T10451.C08,propose_split,,0.1144149673733995
https://openalex.org/W4409377943,Field application of arbuscular mycorrhizal fungi and Alocasia calidora (Schott) G.Don for effective remediation of heavy metal/metalloid-polluted landfill soil,T10451,T10451.C06,propose_split,,0.5279302849258106
https://openalex.org/W4409587938,Glomalin-Related Soil Proteins as Robust Indicators of Soil Quality: A Comparison Between Irrigated Systems with Pig Slurry Fertigation and Rainfed Systems,T10451,T10451.C08,propose_split,,0.15840078416596953
https://openalex.org/W4413258348,Nitrogen addition alters arbuscular mycorrhizal fungi and soil bacteria networks without promoting phosphorus mineralization in a semiarid grassland,T10451,T10451.C06,propose_split,,0.5501217328157468
https://openalex.org/W4413334473,Fire severity drives shifts in ectomycorrhizal fungal communities and Pseudotsuga menziesii seedling performance,T10451,T10451.C03,propose_split,,0.4311275038289897
https://openalex.org/W4415112410,Descriptions of new taxa and records of the microleafhopper tribe Alebrini (Hemiptera: Cicadellidae: Typhlocybinae) from China,T10451,T10451.C07,propose_split,,0.41465524993256164
https://openalex.org/W4415395956,Erosion barriers act as potential reservoirs for soil fungal species key for restoring areas affected by high-severity wildfire in Sierra de la Culebra (NW Spain),T10451,T10451.C03,propose_split,,0.3293698688606
https://openalex.org/W50823979,VA Mycorrhizal Colonization and Spore Populations in an Abandoned Agricultural Field after Five Years of Sludge Application,T10451,T10451.C03,propose_split,,0.2084694487852854
https://openalex.org/W591161329,13) ゴボウ萎ちょう病の病原菌 Fusarium oxysporum f. sp. arctii n. f. (秋季関東部会講演要旨),T10451,T10451.C08,propose_split,,0.2168685752984739
https://openalex.org/W652853498,Beiträge zur Physiologie der Holzgewächse,T10451,T10451.C08,propose_split,,0.10616552937512984
https://openalex.org/W6940710954,Optimal supply chain design and management over a multi-period horizon under demand uncertainty. Part I: MINLP and MILP models,T10451,T10451.C08,propose_split,,0.1261774378812547
https://openalex.org/W6940895258,Valid Inequalities for Mixed Integer Linear Programs,T10451,,unassigned,no_shared_vocabulary,
https://openalex.org/W7111217891,Microbial consortia inoculants stimulate early growth of maize depending on nitrogen and phosphorus supply,T10451,T10451.C08,propose_split,,0.18702880724475135
https://openalex.org/W7112610861,Geastrum hirsutum: a new earthstar fungus with a hairy exoperidium,T10451,T10451.C07,propose_split,,0.4677300306639976
https://openalex.org/W7117281706,PRELIMINARY ASSESSMENT OF THE USE OF BIOLOGICAL AGENTS TO ENHANCE SORGHUM BICOLOR BIOMASS PRODUCTION AND PHYTOREMEDIATION CAPACITY: GREENHOUSE AND FIELD EXPERIENCES,T10451,T10451.C08,propose_split,,0.11435214542068178
https://openalex.org/W7127614505,Effects of wood decay fungi and tree species on saproxylic beetles: A field experiment using sawdust blocks,T10451,T10451.C04,propose_split,,0.27128563124900346
https://openalex.org/W7128645155,Additional file 1 of Temporal and spatial shifts in the foliar fungal endophyte community of Norway spruce (Picea abies) over 150 years in Finland,T10451,T10451.C03,propose_split,,0.48219322059238545
https://openalex.org/W7128707719,Biocontrol-based Eco-friendly Management of Fusarium Wilt in Carnation: A Review,T10451,T10451.C08,propose_split,,0.22281420101744923
https://openalex.org/W7128736115,Isotopic and biochemical fingerprinting of Auricularia heimuer grown on agricultural substrates: A multivariate approach to nutritional traceability,T10451,T10451.C08,propose_split,,0.09793010429779384
https://openalex.org/W7132096132,Agaricus bisporus‘un (J.E. Lange) Imbach (Kültür Mantarı) Hasat Sonrası Muhafaza Teknikleri,T10451,T10451.C08,propose_split,,0.07888424027928474
https://openalex.org/W7132432011,"Zeytin çeliklerinde trichoderma harzianum uygulamalarının kök gelişimi, fidan kalitesi ve karbonhidrat birikimi üzerine etkilerinin belirlenmesi",T10451,T10451.C08,propose_split,,0.12887169019999384
https://openalex.org/W7134053058,Root colonisation and spore numbers of the arbuscular mycorrhizal fungi in subalpine grasslands vary depending on the host shrub species,T10451,T10451.C06,propose_split,,0.5323418267720226
https://openalex.org/W7134230873,Linking Genes to Traits in Fungi,T10451,T10451.C04,propose_split,,0.4869512543317595
https://openalex.org/W7140024333,"Enoplomischus formiculus Wesołowska & Russell-Smith & Danflous 2026, comb. nov.",T10451,T10451.C08,propose_split,,0.16191117997694515
https://openalex.org/W71455819,Arbuscular mycorrhizal fungi,T10451,T10451.C06,propose_split,,0.9049422817653997
https://openalex.org/W7152077315,Manure addition improves soil quality in subalpine meadows by affecting fungal diversity and network complexity,T10451,T10451.C03,propose_split,,0.3887832235522447
https://openalex.org/W7158938286,Research on the treatment of potato tubers with nitrogen-fixing bacteria and biological preparations with mycorrhizal properties: experience and prospects,T10451,T10451.C08,propose_split,,0.15155706583042486
https://openalex.org/W7160832144,Increasing the Production of Chili Peppers (Capsicum frutescens) with Application of Mycorrhiza Glomus Moseae and Gigaspora on Sea Sand Media,T10451,T10451.C08,propose_split,,0.18044188324395574
https://openalex.org/W7161036505,Mechanisms underlying potato straw incorporation driving soil microbiome–metabolite interactions to enhance soybean growth,T10451,T10451.C08,propose_split,,0.19591913479850023
https://openalex.org/W7161400414,"Lecanicillium hemileiae Colman, H. C. Evans, J. P. M. Araujo & R. W. Barreto 2025, sp. nov.",T10451,T10451.C08,propose_split,,0.2788713506386948
https://openalex.org/W7171847593,"Proterochaete bambusicola Spirin 2026, comb. nov.",T10451,T10451.C08,propose_split,,0.16191117997694515
https://openalex.org/W7172575029,Behavior of the natural arbuscular mycorrhiza of oil-bearing rose under the influence of organic fertilization,T10451,T10451.C08,propose_split,,0.15845657809641256
https://openalex.org/W7201859320,Phragmidium leucoaecium Y. M. Liang & Y. Liu,T10451,T10451.C08,propose_split,,0.07964069444559593
https://openalex.org/W7203607346,Endophytic Beauveria bassiana differentially regulates photosynthetic performance across three Brassica oleracea varieties under developmental shifts and drought stress,T10451,T10451.C03,propose_split,,0.19651883549089105
https://openalex.org/W7204238498,"Pithoascus cavernicola X. F. Liu, Karun., Tibpromma & K. D. Hyde 2026, sp. nov.",T10451,T10451.C08,propose_split,,0.2761711389855128
https://openalex.org/W7211929642,Nine years of CO2 enrichment at the alpine treeline stimulates soil respiration but does not alter soil microbial communities,T10451,T10451.C03,propose_split,,0.2736687858025602
https://openalex.org/W7213637624,Regional variation strongly shapes the culturable root mycobiome of rosette-stage rapeseed (Brassica napus L.) in northwestern Spain,T10451,T10451.C08,propose_split,,0.1482199216615415
https://openalex.org/W74936838,Protein Profiling Analyses in Arbuscular Mycorrhizal Symbiosis,T10451,T10451.C06,propose_split,,0.43324268596820836
https://openalex.org/W785842723,Adaptive evolution in the Pseudomonas fluorescens Wsp signalling pathway : exploring the relationship between genetic cause and phenotypic effect,T10451,T10451.C08,propose_split,,0.1487353042404798
https://openalex.org/W853105695,Observations on Armillaria.,T10451,T10451.C08,propose_split,,0.08507139315076294
https://openalex.org/W855073940,Phytopathogenic micromycetes in southern Lower Saxony.,T10451,T10451.C08,propose_split,,0.09356424027164295
https://openalex.org/W878971836,Ability of Ectomycorrhizal FUngus Laccaria biclor S238N to Increase the Growth of Douglas FIr Seedlings and Their Phosphorus and Potassium Uptake,T10451,T10451.C08,propose_split,,0.21108172087219884
https://openalex.org/W899102170,Vesicular-arbuscular mycorrhiza in Solanum-lycocarpum st.-hil.,T10451,T10451.C08,propose_split,,0.1295304135440839
https://openalex.org/W918887673,丛枝菌根（AM）真菌对翅果油树幼苗根系的影响,T10451,,unassigned,no_shared_vocabulary,
https://openalex.org/W94489622,Effect of Different Types of Inocula of Ectomycorrhizal Fungus ( Pisolithus albus ) on the Growth Improvement of Eucalyptus tereticornis Clone,T10451,T10451.C08,propose_split,,0.22797421400386447
https://openalex.org/W951600084,A review of the challenges for long term management of krasnozems in Australia,T10451,T10451.C08,propose_split,,0.14885594045029424
https://openalex.org/W967696761,70 lat dzialalnosci Polskiego Towarzystwa Mikrobiologow,T10451,T10451.C08,propose_split,,0.05308276468756492
https://openalex.org/W98392026,Phaeosphaeria in the Arctic and Alpine Zones,T10451,T10451.C08,propose_split,,0.05308276468756492
https://openalex.org/W986859558,Wiciokrzewy kwitnace kaskady,T10451,,unassigned,no_shared_vocabulary,
https://openalex.org/W988896650,Debaryomyces Lodder & Kreger-van Rij Nom. Cons,T10451,,unassigned,no_shared_vocabulary,
https://openalex.org/W99284464,Semantische Technologien für ein öffentlich-privates Wissensmanagement im Agrarbereich.,T10451,,unassigned,no_shared_vocabulary,
https://openalex.org/W144162059,Improving classification accuracy of spectrally similar tree species: a complex case study in the Kruger National Park,T10895,T10895.C02,propose_split,,0.3330589608868953
https://openalex.org/W1486152513,Vegetative mapping with false-color infrared aerial photography …and comparison with black and white,T10895,T10895.C04,propose_split,,0.14126857225339282
https://openalex.org/W1753998000,Formative Evaluation of Massachusetts Audubon Society?s Coastal Waterbird Program,T10895,T10895.C04,propose_split,,0.14958867099364745
https://openalex.org/W1897550767,COMPARATIVE PHYLOGEOGRAPHY OF SOME ARIDLAND BIRD SPECIES1,T10895,T10895.C04,propose_split,,0.08513342783116239
https://openalex.org/W2004984459,Assisted colonization in a changing climate: a test‐study using two U.K. butterflies,T10895,T10895.C02,propose_split,,0.5129912034771634
https://openalex.org/W2006360665,Does vicariance shape biotas? Biogeographical tests of the vicariance model in the north‐west European land snail fauna,T10895,T10895.C04,propose_split,,0.1927568835546199
https://openalex.org/W2008033349,"Potenciais efeitos das mudanças climáticas futuras sobre a distribuiçãode um anuro da Caatinga Rhinella granulosa (Anura, Bufonidae)",T10895,T10895.C04,propose_split,,0.08513342783116239
https://openalex.org/W2010915238,Diagnostic stages of urodele metamorphosis. With references to Amblystoma punctatum and triturus viridescens,T10895,T10895.C04,propose_split,,0.08513342783116239
https://openalex.org/W2038467011,"How heterogeneous are the cloud forest communities in the mountains of central Veracruz, Mexico?",T10895,T10895.C04,propose_split,,0.2272969440019001
https://openalex.org/W2042221865,Evolution of the indoor biome,T10895,T10895.C04,propose_split,,0.20380311025488423
https://openalex.org/W2042622298,Classification and evaluation of spider (Araneae) assemblages on environmentally sensitive areas in Northern Ireland,T10895,T10895.C04,propose_split,,0.1648224385782531
https://openalex.org/W2076085372,On Bird Species Diversity. II. Prediction of Bird Census from Habitat Measurements,T10895,T10895.C05,propose_split,,0.3575192430924095
https://openalex.org/W2082786772,Crunching Bugs' - Quantitative biostratigraphy for explorations,T10895,,unassigned,no_shared_vocabulary,
https://openalex.org/W2084723593,Moths in fragments: insights into the biology and ecology of the Australian endangered golden sun moth Synemon plana (Lepidoptera: Castniidae) in natural temperate and exotic grassland remnants,T10895,T10895.C04,propose_split,,0.14826681348161722
https://openalex.org/W2087770990,Predicting breeding shorebird distributions on the Arctic Coastal Plain of Alaska,T10895,T10895.C04,propose_split,,0.14398667092754666
https://openalex.org/W2089781772,Software for minimalistic data management in large camera trap studies,T10895,T10895.C04,propose_split,,0.22721091724626807
https://openalex.org/W2097339885,Further Thoughts on Subspecies and Trinomials,T10895,,unassigned,no_shared_vocabulary,
https://openalex.org/W2155470232,New Heuristic Methods for Joint Species Delimitation and Species Tree Inference,T10895,T10895.C05,propose_split,,0.6265308062976273
https://openalex.org/W2171100696,Occupancy patterns of large mammals in the Far North of Ontario under imperfect detection and spatial autocorrelation,T10895,T10895.C04,propose_split,,0.25374376384002356
https://openalex.org/W2249244841,Prioridades de Conservación de Flora Cantábrica de Interés en Castilla y León,T10895,T10895.C04,propose_split,,0.1662444307686018
https://openalex.org/W2265923254,Toward a digital resilience,T10895,,unassigned,no_shared_vocabulary,
https://openalex.org/W2308807905,La distribución geográfica de la tángara azul-gris (Thraupis episcopus) en hábitats modificados antropogénicamente en México The geographical distribution of the Blue-gray Tanager (Thraupis episcopus) through anthropogenically modified habitats in Mexico,T10895,T10895.C04,propose_split,,0.3161947727229362
https://openalex.org/W2315776692,A Record of Homing in the Big Brown Bat,T10895,,unassigned,no_shared_vocabulary,
https://openalex.org/W2321652415,Cooling and Thermal Conductivity in Three Small Alaskan Mammals,T10895,T10895.C04,propose_split,,0.16310676481693678
https://openalex.org/W2322716337,Comparative evaluation of multiple models of the effects of climate change on the potential distribution of Pinus massoniana,T10895,T10895.C02,propose_split,,0.6493697629043486
https://openalex.org/W23317817,Protocol for Landsat-Based Monitoring of Landscape Dynamics at North Coast and Cascades Network Parks,T10895,T10895.C04,propose_split,,0.2339200320295003
https://openalex.org/W2332605181,The Pleistocene Storks of California,T10895,T10895.C04,propose_split,,0.15634828141337115
https://openalex.org/W2345980388,Patchy distribution and varied habitats of Macrozamia lucida cycads explained by constancy in a key environmental variable,T10895,T10895.C04,propose_split,,0.23070981712612015
https://openalex.org/W2543878096,"Seasonal adaptation, phenology and survival in gall-inducing sawflies (Tenthredinidae: Nematinae: Pontania)",T10895,T10895.C04,propose_split,,0.19603142987467165
https://openalex.org/W2558911611,Wat heeft het nemen van beslissingen te maken met een ijsklontje,T10895,,unassigned,no_shared_vocabulary,
https://openalex.org/W2583878062,The Global Pollen Project: a new tool for pollen identification and the dissemination of physical reference collections,T10895,T10895.C04,propose_split,,0.16896897130754882
https://openalex.org/W2610389174,Below Canopy Meteorological Measurements at Three Florida Sites with Varying Tree Cover and Development,T10895,T10895.C04,propose_split,,0.14363571613030032
https://openalex.org/W2747630878,Phylogenetic relationships and genetic diversity of the Polypedates leucomystax complex in Thailand,T10895,T10895.C04,propose_split,,0.10821495241213032
https://openalex.org/W2748636145,Tree Phenology,T10895,T10895.C04,propose_split,,0.15253765335008204
https://openalex.org/W2780334439,Long‐term increases in tropical flowering activity across growth forms in response to rising CO 2 and climate change,T10895,T10895.C02,propose_split,,0.6370097649353196
https://openalex.org/W2804366674,"Spatial abundance models and seasonal distribution for guanaco (Lama guanicoe) in central Tierra del Fuego, Argentina",T10895,T10895.C04,propose_split,,0.26750005311840597
https://openalex.org/W2805084181,Defender or sentinel? Evaluating mechanisms of predator protection in corvid nesting associations,T10895,T10895.C04,propose_split,,0.13389922497109494
https://openalex.org/W2884449058,Citizen Science and Low-Cost Sensors for Integrated Water Resources Management,T10895,T10895.C04,propose_split,,0.17425546091447328
https://openalex.org/W2895498258,"Barred Owls: A Nocturnal Generalist Thrives in Wooded, Suburban Habitats",T10895,T10895.C04,propose_split,,0.16393349639830748
https://openalex.org/W2901147594,Evidence for a geographical gradient selection in the distribution of breeding Podicipedidae and Rallidae in the south-western Mediterranean,T10895,T10895.C04,propose_split,,0.22246356590418873
https://openalex.org/W2914541071,"New distribution records for amphibians and reptiles in eastern Chihuahua, Mexico",T10895,T10895.C04,propose_split,,0.23470409491241606
https://openalex.org/W2947270788,"Review of the endemic New Zealand genus Arctesthes Meyrick (Lepidoptera, Geometridae, Larentiinae), with descriptions of two new range-restricted species",T10895,T10895.C05,propose_split,,0.5041321848658878
https://openalex.org/W2977308714,Climate-induced phenology shifts linked to range expansions in species with multiple reproductive cycles per year,T10895,T10895.C02,propose_split,,0.5075302148977313
https://openalex.org/W2993102187,"Primera aproximación al uso de la ocupación del tapir (Tapirella bairdii Gill, 1865) como indicador de la integridad ecológica en la Reserva de la Biosfera Maya, Guatemala",T10895,T10895.C04,propose_split,,0.22273606123508663
https://openalex.org/W3049584116,Folksonomies to Support Coordination and Coordination of Folksonomies,T10895,,unassigned,no_shared_vocabulary,
https://openalex.org/W3134583800,Iniciativa del Corredor del Jaguar: un Corredor Biológico y un compromiso a largo plazo para la conservación,T10895,T10895.C04,propose_split,,0.21482685593062048
https://openalex.org/W3182057078,Estimation of the Recent Expansion Rate of Ruspolia nitidula (Orthoptera) on a Regional and Landscape Scale,T10895,T10895.C04,propose_split,,0.12471444466208798
https://openalex.org/W3203974766,Predicting distribution and range dynamics of Trillium govanianum under climate change and growing human footprint for targeted conservation,T10895,T10895.C02,propose_split,,0.6146182718283942
https://openalex.org/W3210434201,Murina peninsularis Hill 1964,T10895,,unassigned,no_shared_vocabulary,
https://openalex.org/W4213085300,Variations in accuracy of leaf functional trait prediction due to spectral mixing,T10895,T10895.C04,propose_split,,0.15833700830614655
https://openalex.org/W4223960728,Integrating presence‐only and occupancy data to model habitat use for the northernmost population of jaguars,T10895,T10895.C04,propose_split,,0.21915502990886876
https://openalex.org/W4229008136,"Effects of habitat, season and flood on corvid scavenging dynamics in Central Australia",T10895,T10895.C04,propose_split,,0.24042558775227357
https://openalex.org/W4231875190,Instructions for Contributions toWaterbirds,T10895,,unassigned,no_shared_vocabulary,
https://openalex.org/W4231901790,Flightlessness in Steamer-Ducks (Anatidae: tachyeres): Its Morphological Bases and Probable Evolution,T10895,T10895.C04,propose_split,,0.20380311025488423
https://openalex.org/W4232421869,Corrigendum,T10895,,unassigned,no_shared_vocabulary,
https://openalex.org/W4234256692,Nomenclature Abstract for Incertae sedis 497 Pfleiderer et al. 2013.,T10895,T10895.C05,propose_split,,0.3417296839918801
https://openalex.org/W4235401866,Climate Change Projections of Terrestrial Primary Productivity over the Hindu Kush Himalayan Forests,T10895,T10895.C02,propose_split,,0.6953721748165789
https://openalex.org/W4237033148,Rhinella yunga: IUCN SSC Amphibian Specialist Group,T10895,T10895.C01,propose_split,,0.9000563416269701
https://openalex.org/W4237424060,Taxonomic Abstract for the species.,T10895,T10895.C05,propose_split,,0.7852902818762054
https://openalex.org/W4241602123,"Edwards, John Menlove (1910–1958), rock-climber",T10895,,unassigned,no_shared_vocabulary,
https://openalex.org/W4241716641,Zenaida asiatica: BirdLife International,T10895,T10895.C04,propose_split,,0.25540028349348726
https://openalex.org/W4243407248,Taxonomic Abstract for the species.,T10895,T10895.C05,propose_split,,0.7852902818762054
https://openalex.org/W4243586068,Arthroleptis variabilis: IUCN SSC Amphibian Specialist Group,T10895,T10895.C01,propose_split,,0.9324499189707626
https://openalex.org/W4243609704,Skull of the neotenic salamandrid amphibian Triturus alpestris and abbreviated development in the Tertiary Salamandridae,T10895,T10895.C01,propose_split,,0.4543302754198765
https://openalex.org/W4250963556,29. Taxonomy And Amphibian Declines,T10895,T10895.C01,propose_split,,0.5809591894470068
https://openalex.org/W4253982390,The Midsummer Status of Certain Birds in the Southern California Lowlands,T10895,T10895.C04,propose_split,,0.17985863948650238
https://openalex.org/W4254573373,Taxonomic Abstract for the species.,T10895,T10895.C05,propose_split,,0.7852902818762054
https://openalex.org/W4255286430,Megaceryle maxima: BirdLife International,T10895,T10895.C04,propose_split,,0.25540028349348726
https://openalex.org/W4255800967,"Peer Review #3 of ""An integrative taxonomic analysis reveals a new species of lotic Hynobius salamander from Japan (v0.1)""",T10895,T10895.C05,propose_split,,0.6733128122268338
https://openalex.org/W4282981372,Choice of climate data affects the performance and interpretation of species distribution models.,T10895,T10895.C02,propose_split,,0.5148088417910682
https://openalex.org/W4292466940,"Decision letter for ""Huge spring migrations of insects from the Middle East to Europe: quantifying the migratory assemblage and ecosystem services""",T10895,T10895.C04,propose_split,,0.1342852353065196
https://openalex.org/W4312381700,"Argentine Black and White Tegu in South Florida: Population Growth, Spread, and Containment",T10895,T10895.C04,propose_split,,0.2014372080777071
https://openalex.org/W4313169192,"A rapid assessment of mammals of the Nassau and Lely plateaus, Eastern Suriname",T10895,T10895.C04,propose_split,,0.2412043622655478
https://openalex.org/W4376870802,Weed resistance assessment through airborne multimodal data fusion and deep learning: A novel approach towards sustainable agriculture,T10895,T10895.C04,propose_split,,0.20667749750755057
https://openalex.org/W4385200184,Decision: Personalised ecology and the future of biodiversity — R0/PR6,T10895,T10895.C04,propose_split,,0.18307206993611852
https://openalex.org/W4385974564,Preface to the Fourth Edition,T10895,,unassigned,no_shared_vocabulary,
https://openalex.org/W4387803498,Investigating the Effects of Autocorrelation in Dataset Construction on Tree Species Classification using Field and Airborne Hyperspectral Data,T10895,T10895.C02,propose_split,,0.37036681658531595
https://openalex.org/W4389121641,Warming and top‐down control of stage‐structured prey: Linking theory to patterns in natural systems,T10895,T10895.C04,propose_split,,0.14154622781515844
https://openalex.org/W4390000941,Lechriodus fletcheri: IUCN SSC Amphibian Specialist Group,T10895,T10895.C01,propose_split,,0.9324499189707626
https://openalex.org/W4390001570,Minervarya asmati: IUCN SSC Amphibian Specialist Group,T10895,T10895.C01,propose_split,,0.9324499189707626
https://openalex.org/W4390062107,Spearhead blues: How threats to the damselfly Coenagrion hastulatum changed over time,T10895,T10895.C04,propose_split,,0.1288054589257859
https://openalex.org/W4393445146,Sardinia_Pr_Gfdl-Esm2M_Rcp4P5_2006-2099_Monthly.Dat,T10895,,unassigned,no_shared_vocabulary,
https://openalex.org/W4394158581,"Evolution, diversity and interactions with past human populations of recently extinct Pholidoscelis lizards (Squamata: Teiidae) from the Guadeloupe Islands (French West-Indies)",T10895,T10895.C04,propose_split,,0.21125911896790506
https://openalex.org/W4395136673,Occurrence Download,T10895,T10895.C03,propose_split,,1.0
https://openalex.org/W4395139306,Occurrence Download,T10895,T10895.C03,propose_split,,1.0
https://openalex.org/W4395139803,Occurrence Download,T10895,T10895.C03,propose_split,,1.0
https://openalex.org/W4395144370,Occurrence Download,T10895,T10895.C03,propose_split,,1.0
https://openalex.org/W4395151579,Occurrence Download,T10895,T10895.C03,propose_split,,1.0
https://openalex.org/W4395155045,Occurrence Download,T10895,T10895.C03,propose_split,,1.0
https://openalex.org/W4395159131,Occurrence Download,T10895,T10895.C03,propose_split,,1.0
https://openalex.org/W4395162553,Occurrence Download,T10895,T10895.C03,propose_split,,1.0
https://openalex.org/W4395164854,Occurrence Download,T10895,T10895.C03,propose_split,,1.0
https://openalex.org/W4395166041,Occurrence Download,T10895,T10895.C03,propose_split,,1.0
https://openalex.org/W4395166444,Occurrence Download,T10895,T10895.C03,propose_split,,1.0
https://openalex.org/W4395166943,Occurrence Download,T10895,T10895.C03,propose_split,,1.0
https://openalex.org/W4395171344,Occurrence Download,T10895,T10895.C03,propose_split,,1.0
https://openalex.org/W4395177420,Occurrence Download,T10895,T10895.C03,propose_split,,1.0
https://openalex.org/W4395182516,Occurrence Download,T10895,T10895.C03,propose_split,,1.0
https://openalex.org/W4395189197,Occurrence Download,T10895,T10895.C03,propose_split,,1.0
https://openalex.org/W4395189215,Occurrence Download,T10895,T10895.C03,propose_split,,1.0
https://openalex.org/W4395203145,Occurrence Download,T10895,T10895.C03,propose_split,,1.0
https://openalex.org/W4395219786,Occurrence Download,T10895,T10895.C03,propose_split,,1.0
https://openalex.org/W4395219838,Occurrence Download,T10895,T10895.C03,propose_split,,1.0
https://openalex.org/W4395231847,Occurrence Download,T10895,T10895.C03,propose_split,,1.0
https://openalex.org/W4395232670,Occurrence Download,T10895,T10895.C03,propose_split,,1.0
https://openalex.org/W4395236041,Occurrence Download,T10895,T10895.C03,propose_split,,1.0
https://openalex.org/W4395237703,Occurrence Download,T10895,T10895.C03,propose_split,,1.0
https://openalex.org/W4395241069,Occurrence Download,T10895,T10895.C03,propose_split,,1.0
https://openalex.org/W4395249827,Occurrence Download,T10895,T10895.C03,propose_split,,1.0
https://openalex.org/W4395259658,Occurrence Download,T10895,T10895.C03,propose_split,,1.0
https://openalex.org/W4395260616,Occurrence Download,T10895,T10895.C03,propose_split,,1.0
https://openalex.org/W4395261187,Occurrence Download,T10895,T10895.C03,propose_split,,1.0
https://openalex.org/W4395267295,Occurrence Download,T10895,T10895.C03,propose_split,,1.0
https://openalex.org/W4395267832,Occurrence Download,T10895,T10895.C03,propose_split,,1.0
https://openalex.org/W4395277067,Occurrence Download,T10895,T10895.C03,propose_split,,1.0
https://openalex.org/W4395299422,Occurrence Download,T10895,T10895.C03,propose_split,,1.0
https://openalex.org/W4395302649,Occurrence Download,T10895,T10895.C03,propose_split,,1.0
https://openalex.org/W4395305925,Occurrence Download,T10895,T10895.C03,propose_split,,1.0
https://openalex.org/W4395313783,Occurrence Download,T10895,T10895.C03,propose_split,,1.0
https://openalex.org/W4395320251,Occurrence Download,T10895,T10895.C03,propose_split,,1.0
https://openalex.org/W4395327256,Occurrence Download,T10895,T10895.C03,propose_split,,1.0
https://openalex.org/W4395336783,Occurrence Download,T10895,T10895.C03,propose_split,,1.0
https://openalex.org/W4395341300,Occurrence Download,T10895,T10895.C03,propose_split,,1.0
https://openalex.org/W4395346499,Occurrence Download,T10895,T10895.C03,propose_split,,1.0
https://openalex.org/W4395353348,Occurrence Download,T10895,T10895.C03,propose_split,,1.0
https://openalex.org/W4395373226,Occurrence Download,T10895,T10895.C03,propose_split,,1.0
https://openalex.org/W4395376570,Occurrence Download,T10895,T10895.C03,propose_split,,1.0
https://openalex.org/W4395378545,Occurrence Download,T10895,T10895.C03,propose_split,,1.0
https://openalex.org/W4395380470,Occurrence Download,T10895,T10895.C03,propose_split,,1.0
https://openalex.org/W4395383257,Occurrence Download,T10895,T10895.C03,propose_split,,1.0
https://openalex.org/W4395383375,Occurrence Download,T10895,T10895.C03,propose_split,,1.0
https://openalex.org/W4395388500,Occurrence Download,T10895,T10895.C03,propose_split,,1.0
https://openalex.org/W4395389319,Occurrence Download,T10895,T10895.C03,propose_split,,1.0
https://openalex.org/W4395392857,Occurrence Download,T10895,T10895.C03,propose_split,,1.0
https://openalex.org/W4395404942,Occurrence Download,T10895,T10895.C03,propose_split,,1.0
https://openalex.org/W4395405569,Occurrence Download,T10895,T10895.C03,propose_split,,1.0
https://openalex.org/W4395405702,Occurrence Download,T10895,T10895.C03,propose_split,,1.0
https://openalex.org/W4395420562,Occurrence Download,T10895,T10895.C03,propose_split,,1.0
https://openalex.org/W4395427124,Occurrence Download,T10895,T10895.C03,propose_split,,1.0
https://openalex.org/W4395428912,Occurrence Download,T10895,T10895.C03,propose_split,,1.0
https://openalex.org/W4395433614,Occurrence Download,T10895,T10895.C03,propose_split,,1.0
https://openalex.org/W4395486377,Occurrence Download,T10895,T10895.C03,propose_split,,1.0
https://openalex.org/W4395486734,Occurrence Download,T10895,T10895.C03,propose_split,,1.0
https://openalex.org/W4395486932,Occurrence Download,T10895,T10895.C03,propose_split,,1.0
https://openalex.org/W4395501574,Occurrence Download,T10895,T10895.C03,propose_split,,1.0
https://openalex.org/W4395504218,Occurrence Download,T10895,T10895.C03,propose_split,,1.0
https://openalex.org/W4395515556,Occurrence Download,T10895,T10895.C03,propose_split,,1.0
https://openalex.org/W4395519653,Occurrence Download,T10895,T10895.C03,propose_split,,1.0
https://openalex.org/W4395522310,Occurrence Download,T10895,T10895.C03,propose_split,,1.0
https://openalex.org/W4395524561,Occurrence Download,T10895,T10895.C03,propose_split,,1.0
https://openalex.org/W4395525000,Occurrence Download,T10895,T10895.C03,propose_split,,1.0
https://openalex.org/W4395529347,Occurrence Download,T10895,T10895.C03,propose_split,,1.0
https://openalex.org/W4395529713,Occurrence Download,T10895,T10895.C03,propose_split,,1.0
https://openalex.org/W4395532048,Occurrence Download,T10895,T10895.C03,propose_split,,1.0
https://openalex.org/W4395533540,Occurrence Download,T10895,T10895.C03,propose_split,,1.0
https://openalex.org/W4395558346,Occurrence Download,T10895,T10895.C03,propose_split,,1.0
https://openalex.org/W4395561499,Occurrence Download,T10895,T10895.C03,propose_split,,1.0
https://openalex.org/W4395563664,Occurrence Download,T10895,T10895.C03,propose_split,,1.0
https://openalex.org/W4395583152,Occurrence Download,T10895,T10895.C03,propose_split,,1.0
https://openalex.org/W4395586280,Occurrence Download,T10895,T10895.C03,propose_split,,1.0
https://openalex.org/W4395594539,Occurrence Download,T10895,T10895.C03,propose_split,,1.0
https://openalex.org/W4395604886,Occurrence Download,T10895,T10895.C03,propose_split,,1.0
https://openalex.org/W4395613696,Occurrence Download,T10895,T10895.C03,propose_split,,1.0
https://openalex.org/W4395622252,Occurrence Download,T10895,T10895.C03,propose_split,,1.0
https://openalex.org/W4395628529,Occurrence Download,T10895,T10895.C03,propose_split,,1.0
https://openalex.org/W4395632131,Occurrence Download,T10895,T10895.C03,propose_split,,1.0
https://openalex.org/W4395636906,Occurrence Download,T10895,T10895.C03,propose_split,,1.0
https://openalex.org/W4395643516,Occurrence Download,T10895,T10895.C03,propose_split,,1.0
https://openalex.org/W4395648247,Occurrence Download,T10895,T10895.C03,propose_split,,1.0
https://openalex.org/W4395654510,Occurrence Download,T10895,T10895.C03,propose_split,,1.0
https://openalex.org/W4395709819,Occurrence Download,T10895,T10895.C03,propose_split,,1.0
https://openalex.org/W4395726575,Occurrence Download,T10895,T10895.C03,propose_split,,1.0
https://openalex.org/W4395731645,Occurrence Download,T10895,T10895.C03,propose_split,,1.0
https://openalex.org/W4395742803,Occurrence Download,T10895,T10895.C03,propose_split,,1.0
https://openalex.org/W4395773746,Occurrence Download,T10895,T10895.C03,propose_split,,1.0
https://openalex.org/W4395774793,Occurrence Download,T10895,T10895.C03,propose_split,,1.0
https://openalex.org/W4395781941,Occurrence Download,T10895,T10895.C03,propose_split,,1.0
https://openalex.org/W4395810066,Occurrence Download,T10895,T10895.C03,propose_split,,1.0
https://openalex.org/W4395817209,Occurrence Download,T10895,T10895.C03,propose_split,,1.0
https://openalex.org/W4395827632,Occurrence Download,T10895,T10895.C03,propose_split,,1.0
https://openalex.org/W4395840862,Occurrence Download,T10895,T10895.C03,propose_split,,1.0
https://openalex.org/W4395857810,Occurrence Download,T10895,T10895.C03,propose_split,,1.0
https://openalex.org/W4395863177,Occurrence Download,T10895,T10895.C03,propose_split,,1.0
https://openalex.org/W4395865036,Occurrence Download,T10895,T10895.C03,propose_split,,1.0
https://openalex.org/W4395867615,Occurrence Download,T10895,T10895.C03,propose_split,,1.0
https://openalex.org/W4395869308,Occurrence Download,T10895,T10895.C03,propose_split,,1.0
https://openalex.org/W4395870316,Occurrence Download,T10895,T10895.C03,propose_split,,1.0
https://openalex.org/W4395877679,Occurrence Download,T10895,T10895.C03,propose_split,,1.0
https://openalex.org/W4395878184,Occurrence Download,T10895,T10895.C03,propose_split,,1.0
https://openalex.org/W4395886920,Occurrence Download,T10895,T10895.C03,propose_split,,1.0
https://openalex.org/W4395887057,Occurrence Download,T10895,T10895.C03,propose_split,,1.0
https://openalex.org/W4395893269,Occurrence Download,T10895,T10895.C03,propose_split,,1.0
https://openalex.org/W4395899665,Occurrence Download,T10895,T10895.C03,propose_split,,1.0
https://openalex.org/W4395900272,Occurrence Download,T10895,T10895.C03,propose_split,,1.0
https://openalex.org/W4395904791,Occurrence Download,T10895,T10895.C03,propose_split,,1.0
https://openalex.org/W4395913265,Occurrence Download,T10895,T10895.C03,propose_split,,1.0
https://openalex.org/W4395916583,Occurrence Download,T10895,T10895.C03,propose_split,,1.0
https://openalex.org/W4395923721,Occurrence Download,T10895,T10895.C03,propose_split,,1.0
https://openalex.org/W4395926113,Occurrence Download,T10895,T10895.C03,propose_split,,1.0
https://openalex.org/W4395927228,Occurrence Download,T10895,T10895.C03,propose_split,,1.0
https://openalex.org/W4395930094,Occurrence Download,T10895,T10895.C03,propose_split,,1.0
https://openalex.org/W4395932229,Occurrence Download,T10895,T10895.C03,propose_split,,1.0
https://openalex.org/W4395933588,Occurrence Download,T10895,T10895.C03,propose_split,,1.0
https://openalex.org/W4395937162,Occurrence Download,T10895,T10895.C03,propose_split,,1.0
https://openalex.org/W4395952302,Occurrence Download,T10895,T10895.C03,propose_split,,1.0
https://openalex.org/W4395975502,Occurrence Download,T10895,T10895.C03,propose_split,,1.0
https://openalex.org/W4395976213,Occurrence Download,T10895,T10895.C03,propose_split,,1.0
https://openalex.org/W4395980097,Occurrence Download,T10895,T10895.C03,propose_split,,1.0
https://openalex.org/W4396001722,Occurrence Download,T10895,T10895.C03,propose_split,,1.0
https://openalex.org/W4396004163,Occurrence Download,T10895,T10895.C03,propose_split,,1.0
https://openalex.org/W4396014588,Occurrence Download,T10895,T10895.C03,propose_split,,1.0
https://openalex.org/W4396014605,Occurrence Download,T10895,T10895.C03,propose_split,,1.0
https://openalex.org/W4396029377,Occurrence Download,T10895,T10895.C03,propose_split,,1.0
https://openalex.org/W4396030162,Occurrence Download,T10895,T10895.C03,propose_split,,1.0
https://openalex.org/W4396030911,Occurrence Download,T10895,T10895.C03,propose_split,,1.0
https://openalex.org/W4396037491,Occurrence Download,T10895,T10895.C03,propose_split,,1.0
https://openalex.org/W4396040583,Occurrence Download,T10895,T10895.C03,propose_split,,1.0
https://openalex.org/W4396054147,Occurrence Download,T10895,T10895.C03,propose_split,,1.0
https://openalex.org/W4396058646,Occurrence Download,T10895,T10895.C03,propose_split,,1.0
https://openalex.org/W4396058982,Occurrence Download,T10895,T10895.C03,propose_split,,1.0
https://openalex.org/W4396060300,Occurrence Download,T10895,T10895.C03,propose_split,,1.0
https://openalex.org/W4396062482,Occurrence Download,T10895,T10895.C03,propose_split,,1.0
https://openalex.org/W4396063493,Occurrence Download,T10895,T10895.C03,propose_split,,1.0
https://openalex.org/W4396064596,Occurrence Download,T10895,T10895.C03,propose_split,,1.0
https://openalex.org/W4396076020,Occurrence Download,T10895,T10895.C03,propose_split,,1.0
https://openalex.org/W4396077161,Occurrence Download,T10895,T10895.C03,propose_split,,1.0
https://openalex.org/W4396089091,Occurrence Download,T10895,T10895.C03,propose_split,,1.0
https://openalex.org/W4396090038,Occurrence Download,T10895,T10895.C03,propose_split,,1.0
https://openalex.org/W4396091825,Occurrence Download,T10895,T10895.C03,propose_split,,1.0
https://openalex.org/W4396096168,Occurrence Download,T10895,T10895.C03,propose_split,,1.0
https://openalex.org/W4396098204,Occurrence Download,T10895,T10895.C03,propose_split,,1.0
https://openalex.org/W4396113124,Occurrence Download,T10895,T10895.C03,propose_split,,1.0
https://openalex.org/W4396116998,Occurrence Download,T10895,T10895.C03,propose_split,,1.0
https://openalex.org/W4396123883,Occurrence Download,T10895,T10895.C03,propose_split,,1.0
https://openalex.org/W4396130989,Occurrence Download,T10895,T10895.C03,propose_split,,1.0
https://openalex.org/W4396133248,Occurrence Download,T10895,T10895.C03,propose_split,,1.0
https://openalex.org/W4396144011,Occurrence Download,T10895,T10895.C03,propose_split,,1.0
https://openalex.org/W4396151353,Occurrence Download,T10895,T10895.C03,propose_split,,1.0
https://openalex.org/W4396156570,Occurrence Download,T10895,T10895.C03,propose_split,,1.0
https://openalex.org/W4396170182,Occurrence Download,T10895,T10895.C03,propose_split,,1.0
https://openalex.org/W4396190606,Occurrence Download,T10895,T10895.C03,propose_split,,1.0
https://openalex.org/W4396196628,Occurrence Download,T10895,T10895.C03,propose_split,,1.0
https://openalex.org/W4396198029,Occurrence Download,T10895,T10895.C03,propose_split,,1.0
https://openalex.org/W4396199288,Occurrence Download,T10895,T10895.C03,propose_split,,1.0
https://openalex.org/W4396200563,Occurrence Download,T10895,T10895.C03,propose_split,,1.0
https://openalex.org/W4396204275,Occurrence Download,T10895,T10895.C03,propose_split,,1.0
https://openalex.org/W4396247381,Occurrence Download,T10895,T10895.C03,propose_split,,1.0
https://openalex.org/W4396253453,Occurrence Download,T10895,T10895.C03,propose_split,,1.0
https://openalex.org/W4396258279,Occurrence Download,T10895,T10895.C03,propose_split,,1.0
https://openalex.org/W4396260036,Occurrence Download,T10895,T10895.C03,propose_split,,1.0
https://openalex.org/W4396262645,Occurrence Download,T10895,T10895.C03,propose_split,,1.0
https://openalex.org/W4396263246,Occurrence Download,T10895,T10895.C03,propose_split,,1.0
https://openalex.org/W4396274525,Occurrence Download,T10895,T10895.C03,propose_split,,1.0
https://openalex.org/W4396275350,Occurrence Download,T10895,T10895.C03,propose_split,,1.0
https://openalex.org/W4396276537,Occurrence Download,T10895,T10895.C03,propose_split,,1.0
https://openalex.org/W4396277598,Occurrence Download,T10895,T10895.C03,propose_split,,1.0
https://openalex.org/W4396287508,Occurrence Download,T10895,T10895.C03,propose_split,,1.0
https://openalex.org/W4396304219,Occurrence Download,T10895,T10895.C03,propose_split,,1.0
https://openalex.org/W4396304489,Occurrence Download,T10895,T10895.C03,propose_split,,1.0
https://openalex.org/W4396327504,Occurrence Download,T10895,T10895.C03,propose_split,,1.0
https://openalex.org/W4396334490,Occurrence Download,T10895,T10895.C03,propose_split,,1.0
https://openalex.org/W4396335363,Occurrence Download,T10895,T10895.C03,propose_split,,1.0
https://openalex.org/W4396335823,Occurrence Download,T10895,T10895.C03,propose_split,,1.0
https://openalex.org/W4396338679,Occurrence Download,T10895,T10895.C03,propose_split,,1.0
https://openalex.org/W4396349812,Occurrence Download,T10895,T10895.C03,propose_split,,1.0
https://openalex.org/W4396359384,Occurrence Download,T10895,T10895.C03,propose_split,,1.0
https://openalex.org/W4396359754,Occurrence Download,T10895,T10895.C03,propose_split,,1.0
https://openalex.org/W4396364056,Occurrence Download,T10895,T10895.C03,propose_split,,1.0
https://openalex.org/W4396367640,Occurrence Download,T10895,T10895.C03,propose_split,,1.0
https://openalex.org/W4396373126,Occurrence Download,T10895,T10895.C03,propose_split,,1.0
https://openalex.org/W4396376679,Occurrence Download,T10895,T10895.C03,propose_split,,1.0
https://openalex.org/W4396378234,Occurrence Download,T10895,T10895.C03,propose_split,,1.0
https://openalex.org/W4396379282,Occurrence Download,T10895,T10895.C03,propose_split,,1.0
https://openalex.org/W4396389791,Occurrence Download,T10895,T10895.C03,propose_split,,1.0
https://openalex.org/W4396396941,Occurrence Download,T10895,T10895.C03,propose_split,,1.0
https://openalex.org/W4396404913,Occurrence Download,T10895,T10895.C03,propose_split,,1.0
https://openalex.org/W4396419716,Occurrence Download,T10895,T10895.C03,propose_split,,1.0
https://openalex.org/W4396439742,Occurrence Download,T10895,T10895.C03,propose_split,,1.0
https://openalex.org/W4396464936,Occurrence Download,T10895,T10895.C03,propose_split,,1.0
https://openalex.org/W4396480441,Occurrence Download,T10895,T10895.C03,propose_split,,1.0
https://openalex.org/W4396490403,Occurrence Download,T10895,T10895.C03,propose_split,,1.0
https://openalex.org/W4396492401,Occurrence Download,T10895,T10895.C03,propose_split,,1.0
https://openalex.org/W4400006640,Habitat quality or quantity? Niche marginality across 21 plants and animals suggests differential responses between highland and lowland species to past climatic changes,T10895,T10895.C05,propose_split,,0.39709686491137003
https://openalex.org/W4401854358,Scientific Names of Birds Mentioned in the Text,T10895,T10895.C04,propose_split,,0.15037149254909457
https://openalex.org/W4402882891,Habitat Suitability Assessment for Two Burrowing Rodents on the Island of Lesvos: A Niche-Based Approach,T10895,T10895.C04,propose_split,,0.2463610440429783
https://openalex.org/W4405146701,"Additions to the Pleistocene Mammal Faunas of South Carolina, North Carolina, and Georgia",T10895,T10895.C04,propose_split,,0.21806544408787515
https://openalex.org/W4406488000,Trochalopteron variegatum: BirdLife International,T10895,T10895.C04,propose_split,,0.25540028349348726
https://openalex.org/W4407684552,Evaluating effects of data quality and variable weighting on habitat suitability modelling,T10895,T10895.C04,propose_split,,0.24352859241560276
https://openalex.org/W4408211035,An assessment of the accuracy of satellite-derived woody and grass foliage cover estimates for Australia,T10895,T10895.C04,propose_split,,0.2208308901542312
https://openalex.org/W4408483282,3DFin and 3DFos: Open-Source CloudCompare Plugins for Automated 3D Forest Inventory and Classification,T10895,T10895.C04,propose_split,,0.1782743593653284
https://openalex.org/W4413483166,Forest home of ‘polar dinosaurs’ 120 million years ago in southern Australia recreated in detail for the first time,T10895,T10895.C04,propose_split,,0.2456589377377578
https://openalex.org/W4416890236,A case for multi-gear assessments: Detection probabilities of nearshore fish with eDNA and seine nets vary by functional traits,T10895,T10895.C04,propose_split,,0.13967650614553037
https://openalex.org/W6948602630,Strong constraints on the $b \to s\gamma$ photon polarisation from $B^0 \to K^{*0} e^+ e^-$ decays,T10895,,unassigned,no_shared_vocabulary,
https://openalex.org/W7117464449,"Global Suitability Areas of Two Rice Pests, Nilaparvata lugens and Sogatella furcifera , and Their Management Implications",T10895,T10895.C04,propose_split,,0.25093555631328857
https://openalex.org/W7123362985,Identifying broader distribution and permanent refugia of Korean pine (Pinus koraiensis) for adaptive management in a changing climate,T10895,T10895.C02,propose_split,,0.527848644668835
https://openalex.org/W7126139830,DNA Divers: Volunteer-based eDNA capture for local and global marine biodiversity monitoring,T10895,T10895.C04,propose_split,,0.22422357417084943
https://openalex.org/W7160648170,Environmentally Grounded Pseudo‐Absence Sampling for Species Distribution Models: A Language Guided Framework,T10895,T10895.C05,propose_split,,0.3607946096702905
https://openalex.org/W7163919413,Versioned Archive and Review of Biotic Interactions and Taxon Names Found within mammalbase/database hash://md5/e2f396bf3ac5d5b2985297be6d577b98,T10895,T10895.C04,propose_split,,0.15279453488917963
https://openalex.org/W7169501178,Preliminary evidence for taxon-specific decoupling from local resource pathways under land-use intensification.,T10895,T10895.C04,propose_split,,0.17397361137570094
https://openalex.org/W7169764244,Variation in Greenhouse Gas Fluxes in the Nests of Leaf‐Cutting Ants ( Atta cephalotes ) Across a Dry–Wet Seasonal Transition,T10895,T10895.C04,propose_split,,0.18241420936106567
https://openalex.org/W102696996,PINCH EFFECT IN CURRENT SUSTAINING TOKAMAK BY RF TRAVELLING WAVE,T11367,T11367.C05,propose_split,,0.433585206598298
https://openalex.org/W1173257722,Characteristics of the electromagnetic unit pulsator PUEJ.,T11367,T11367.C03,propose_split,,0.13272309807716826
https://openalex.org/W117881479,Beam dynamics studies of the 8 GeV Linac at FNAL,T11367,T11367.C02,propose_split,,0.25470740327293306
https://openalex.org/W1481034158,Time-resolved diode current density measurements for the Recirculating Linac injector,T11367,T11367.C03,propose_split,,0.2213917189054657
https://openalex.org/W1537034685,Empirical Scaling Laws of Neutral Beam Injection Power in HL-2A Tokamak,T11367,T11367.C02,propose_split,,0.380446526638518
https://openalex.org/W1551794623,Optimized magnet for a 250 MeV proton radiotherapy cyclotron,T11367,T11367.C03,propose_split,,0.17992090220778048
https://openalex.org/W1567656933,Dynamics of an Intense Electron Ring in a Modified Betatron Field.,T11367,T11367.C04,propose_split,,0.3724821131040062
https://openalex.org/W1571774647,REB pumped systems with multipole magnetic field wall shielding,T11367,T11367.C04,propose_split,,0.35848529415705327
https://openalex.org/W1609473786,Theory and Simulation of the Electron Cloud Instability,T11367,T11367.C03,propose_split,,0.10264582280833992
https://openalex.org/W1620953181,High fidelity 3-dimensional models of beam-electron cloud interactions in circular accelerators,T11367,T11367.C02,propose_split,,0.2941180482585633
https://openalex.org/W1640681218,FIELD-REVERSED MIRROR REACTOR,T11367,T11367.C04,propose_split,,0.4813685035011208
https://openalex.org/W165813214,A Chopped Electron Beam Driver for H-Type Cavities,T11367,T11367.C02,propose_split,,0.42355741192613866
https://openalex.org/W1675176064,Electromagnetic Interactions of High Energy Muons.,T11367,T11367.C03,propose_split,,0.16164834448669135
https://openalex.org/W173188004,"Superconductividad: presión, temperatura y otros caminos. Discurso inaugural del año académico 2001/2002: presión, temperatura y otros caminos. Discurso inaugural del año académico 2001/2002",T11367,,unassigned,no_shared_vocabulary,
https://openalex.org/W1764462009,Sources of Halo and Beam Losses in a High Intensity Hadron Linac,T11367,T11367.C02,propose_split,,0.28798631413755715
https://openalex.org/W182695222,Current profile tailoring with far off-axis ECH power deposition in the TCV-Tokamak,T11367,T11367.C03,propose_split,,0.1415465721112902
https://openalex.org/W183673226,SPACE NUCLEAR POWER: SNAP-50/SPUR,T11367,T11367.C03,propose_split,,0.11488418644556077
https://openalex.org/W184788980,G88-879 Peafowl,T11367,,unassigned,no_shared_vocabulary,
https://openalex.org/W1856515865,MMF linac upgrade possibilities for the pulsed neutron source,T11367,T11367.C03,propose_split,,0.19492827274930002
https://openalex.org/W185662885,MECHANISM OF ISOTOPIC EXCHANGE IN MOLECULAR HYDROGEN ON PLATINUM FILMS,T11367,T11367.C03,propose_split,,0.11618557653693899
https://openalex.org/W1932969966,On solvable model with synchrotron mode-coupling [particle beam],T11367,T11367.C02,propose_split,,0.4305496432594025
https://openalex.org/W1963495667,Hall current ion-thruster performance,T11367,T11367.C03,propose_split,,0.2136539432184482
https://openalex.org/W196368871,ANALYSIS OF THE NEUTRON DYNAMICS OF A LARGE REACTOR CORE.,T11367,T11367.C04,propose_split,,0.3544115186527494
https://openalex.org/W1966849035,Measurements of triton burnup in low q discharges in the FT tokamak,T11367,T11367.C03,propose_split,,0.18267738793262245
https://openalex.org/W1967264735,Operation and Test Results From the SULTAN Test Facility,T11367,T11367.C03,propose_split,,0.1123150168009442
https://openalex.org/W1967480881,Micropulse slippage and optical mode distortion in the Boeing APLE amplifier,T11367,T11367.C03,propose_split,,0.10845929240195963
https://openalex.org/W1969201776,Analytical method for calculation of critical energy of technical superconductors based on the minimum propagating zone theory,T11367,T11367.C03,propose_split,,0.1666943513581185
https://openalex.org/W1972907968,3D simulations on output power fluctuation in a short bunch rf-linac FEL,T11367,T11367.C03,propose_split,,0.11734290499644451
https://openalex.org/W1974072736,The electron accelerator Ridgetron for industrial irradiation,T11367,T11367.C01,propose_split,,0.529582466773012
https://openalex.org/W1975619967,Energy transport during off-axis neutral beam heating in the DIII-D tokamak,T11367,T11367.C02,propose_split,,0.37498808210064716
https://openalex.org/W1976088490,Depolarisation d'un faisceau de protons polarises dans un synchrotron,T11367,T11367.C02,propose_split,,0.22852379329174655
https://openalex.org/W1976267265,Potential model calculation for coplanar and noncoplanar proton-proton bremsstrahlung,T11367,T11367.C03,propose_split,,0.1434003783790609
https://openalex.org/W1976389600,Possibility of using a large orbit regime for operation at bounce-frequency harmonics in a free-electron maser with a guiding magnetic field,T11367,T11367.C04,propose_split,,0.3447194294985652
https://openalex.org/W1980800033,LEVIS active anode lithium ion source development on PBFA-II,T11367,T11367.C04,propose_split,,0.2345383274228774
https://openalex.org/W1983236496,Optics measurement algorithms and error analysis for the proton energy frontier,T11367,T11367.C04,propose_split,,0.3018767801400103
https://openalex.org/W1984329341,Upgrade program of the high current heavy ion UNILAC as an injector for FAIR,T11367,T11367.C03,propose_split,,0.1876748323638246
https://openalex.org/W1985220087,A throttle valve for automatic pressure control in sputtering and reactive sputter etching,T11367,T11367.C01,propose_split,,0.30015999070524396
https://openalex.org/W1986740432,A Low-Loss Launcher for the Beam Waveguide (Correspondence),T11367,T11367.C02,propose_split,,0.31507923189080755
https://openalex.org/W198793133,Computation of transport and neutral beam injection in tokamaks,T11367,T11367.C02,propose_split,,0.382643850885718
https://openalex.org/W1988532385,A decade of experiments and recent upgrading at the AMS facility in Bucharest,T11367,T11367.C03,propose_split,,0.13020414849852885
https://openalex.org/W1988713283,Effect of the Electron‐Beam Self‐Fields on Gain in an Optical Wiggler Pumped Free‐Electron Laser,T11367,T11367.C02,propose_split,,0.2651512705260607
https://openalex.org/W1989887088,Electron beam requirements for Smith-Purcell backward wave oscillator with external focusing,T11367,T11367.C05,propose_split,,0.5592242141976986
https://openalex.org/W1990896819,Water as an insulator in pulsed facilities (Review),T11367,T11367.C03,propose_split,,0.12320435576518796
https://openalex.org/W1991869398,Introduction of a controlled energy-mode in the U-150-2 cyclotron of the institute of nuclear physics of the UzbSSR academy of sciences,T11367,T11367.C03,propose_split,,0.18148590581560692
https://openalex.org/W1992338001,Helium-jet system for radioactivity studies,T11367,T11367.C03,propose_split,,0.10310319889216289
https://openalex.org/W1994815792,The NA48 Trigger Supervisor design,T11367,T11367.C03,propose_split,,0.20081608276255933
https://openalex.org/W1997278088,Streaming Plasma Transport and Cutoff in Transverse Magnetic Fields,T11367,T11367.C03,propose_split,,0.1238843392663227
https://openalex.org/W1997362215,Extracted beam composition with a mixed isotope feed to a neutral-beam system,T11367,T11367.C02,propose_split,,0.45557845345400794
https://openalex.org/W1998955852,Two dimensional simulation of ion beam-plasm interaction,T11367,T11367.C02,propose_split,,0.34336540242577185
https://openalex.org/W2000884088,Design of a 180° electron scattering facility,T11367,T11367.C03,propose_split,,0.24539928808464143
https://openalex.org/W2002619612,Self-healing effect in strained multifilamentary Nb3Sn conductors,T11367,T11367.C03,propose_split,,0.09169338574896357
https://openalex.org/W2002641954,Secondary electron yields from Mo and Mo/Cs surfaces by ion impact,T11367,T11367.C03,propose_split,,0.1478688904756085
https://openalex.org/W2005694062,A NbTi 10T 388mm bore magnet working at 1.8K in pressurized superfluid helium,T11367,T11367.C03,propose_split,,0.10791113876086404
https://openalex.org/W2008920963,A method of measuring the phase angle of a charged particle beam in a cyclotron,T11367,T11367.C02,propose_split,,0.3444850254165389
https://openalex.org/W2009682857,Green function analysis of a Raman FEL,T11367,T11367.C04,propose_split,,0.36340776396906416
https://openalex.org/W2014758173,A Phenomenological consideration on E x B discharges,T11367,T11367.C03,propose_split,,0.08117531324116184
https://openalex.org/W2021031424,The positron injection process for the 7-GeV advanced photon source,T11367,T11367.C04,propose_split,,0.2013729665799481
https://openalex.org/W2024504268,The fishtail effect in irradiated YBaCuO thick films,T11367,T11367.C03,propose_split,,0.12309655642427698
https://openalex.org/W2025313491,Critical-current densities of bronze-processed Nb3(Sn1−xGax) wires up to 23.5 T,T11367,T11367.C03,propose_split,,0.14754599316056516
https://openalex.org/W2027239867,New Neutron-Rich Nuclei and Isomers Produced in Symmetric Fisson,T11367,T11367.C03,propose_split,,0.13631279188337453
https://openalex.org/W2027574434,ASDEX Upgrade's new plasma control scheme,T11367,T11367.C01,propose_split,,0.2866341726864861
https://openalex.org/W2027748909,Correlation between Film Thickness and Critical Current Density of Sm1+xBa2-xCu3O6+δ Films Deposited by Pulsed Laser Deposition,T11367,T11367.C03,propose_split,,0.19376452713072498
https://openalex.org/W202799012,DETECTION AND SCATTERING CROSS SECTION FOR N$sub 2$ MOLECULES WITH ENERGIES IN THE RANGE 20 TO 200 eV.,T11367,T11367.C03,propose_split,,0.1026684631256815
https://openalex.org/W2036973057,Cyclo-Synchrotron Radiation at Small Angels.,T11367,T11367.C02,propose_split,,0.2650006700886852
https://openalex.org/W2037487580,Electron-beam envelopes and matching for a combined wiggler and alternating-gradient quadrupole channel,T11367,T11367.C02,propose_split,,0.2851489199050631
https://openalex.org/W2037740624,Calculation of the coupling constant using a new KN forward dispersion relation,T11367,T11367.C03,propose_split,,0.11595404223650191
https://openalex.org/W2039197644,Positrons from Radio-Scandium,T11367,T11367.C03,propose_split,,0.06878956599810526
https://openalex.org/W2041062869,A new detector for photon beam position monitoring designed for synchrotron radiation beamlines,T11367,T11367.C02,propose_split,,0.35884470017265224
https://openalex.org/W2041848371,Operation Of Harmonic Gyrotrons In The Submillimeter Region,T11367,T11367.C03,propose_split,,0.10933081620329806
https://openalex.org/W2043003229,Production of Irotons and Negative Ions with Low Energy Spread,T11367,T11367.C03,propose_split,,0.1688239019401089
https://openalex.org/W2045914978,Decay Rates of Bound Negative Muons,T11367,T11367.C03,propose_split,,0.11295795986317093
https://openalex.org/W2046062682,IBFFM description of energy levels and electromagnetic properties of 134Cs,T11367,T11367.C03,propose_split,,0.13400383156122073
https://openalex.org/W2046506552,U.S. Accelerator Research Program for Heavy-Ion Fusion,T11367,T11367.C01,propose_split,,0.30465320297144727
https://openalex.org/W2047069304,Investigation of magnetic-pole-enhanced inductively coupled nitrogen-argon plasmas,T11367,T11367.C03,propose_split,,0.11945432794974534
https://openalex.org/W2051287312,"Combination Vacuum Tube Switch for Double-Trace Cathode-Ray Oscillograph, Audio-Amplifier and Mixer",T11367,T11367.C03,propose_split,,0.11535167265022303
https://openalex.org/W2051848698,NEUTRINO PHYSICS AT NEUTRINO FACTORIES,T11367,T11367.C03,propose_split,,0.11740275436171888
https://openalex.org/W2054009279,Method for stabilizing beam intensity and energy in the SPring-8 linac,T11367,T11367.C02,propose_split,,0.32112528330759327
https://openalex.org/W2054318405,On line multitarget selection device with multiple facilities,T11367,T11367.C03,propose_split,,0.07169577423730082
https://openalex.org/W2060638705,Status report on the design and construction of the Superconducting Source for Ions at the National Superconducting Cyclotron Laboratory/Michigan State University,T11367,T11367.C03,propose_split,,0.2938120482092307
https://openalex.org/W2061072426,Stigmatische fokussierung mit homogenen magnetischen sektorfeldern,T11367,,unassigned,no_shared_vocabulary,
https://openalex.org/W2062580272,Measurement of helium leak rates with temperature and pressure in RHIC,T11367,T11367.C03,propose_split,,0.14083143890432523
https://openalex.org/W2062994442,Effect of preoscillation fluctuations on the space-charge distribution in a magnetron,T11367,T11367.C03,propose_split,,0.10118268365275981
https://openalex.org/W2064671224,A liquid deuterium target for the production of a monoenergetic neutron beam,T11367,T11367.C02,propose_split,,0.2715589398765918
https://openalex.org/W2065306349,DIGITAL INTERNAL MODEL CONTROL OF HIGH-PRECISION POWER SUPPLY FOR PARTICLE ACCELERATOR MAGNETS,T11367,T11367.C01,propose_split,,0.419122729925528
https://openalex.org/W206715545,TENSORIAL PARAMETERS OF THE ELASTIC SCATTERING OF 22-Mev DEUTERONS BY CALCIUM,T11367,T11367.C03,propose_split,,0.11610704762699404
https://openalex.org/W2068815106,Transducers and signal conditioners of the RFX new magnetic measurement system,T11367,T11367.C03,propose_split,,0.1469012428610787
https://openalex.org/W2069991653,Prediction and suppression of beam breakup instability in multicell superconducting cavities,T11367,T11367.C02,propose_split,,0.284527610560165
https://openalex.org/W2070391805,Transition energies and polarizabilities of hydrogen like ions in plasma,T11367,T11367.C03,propose_split,,0.16663828330748745
https://openalex.org/W2084646744,Q-Factor Calculations for Cylindrical Microwave Resonators (Computer Program Descriptions),T11367,T11367.C03,propose_split,,0.09067594471554886
https://openalex.org/W2085398579,A Worldly Approach to a New Accelerator,T11367,T11367.C01,propose_split,,0.5052480080056856
https://openalex.org/W2085623460,Operational Experience of the Superconducting Ring Cyclotron at RI Beam Factory (RIBF) and Upgrade Plans for RIBF Accelerators,T11367,T11367.C02,propose_split,,0.2708468349654119
https://openalex.org/W2087722969,Fundamental relativistic solution for the rail gun,T11367,T11367.C03,propose_split,,0.04240985004365459
https://openalex.org/W2092936883,Sparking rate studies and spark breakdown protection studies with a cw radiofrequency quadrupole linac,T11367,T11367.C03,propose_split,,0.11140609189670932
https://openalex.org/W2094926537,Periodic boundary conditions and the fast multipole method,T11367,T11367.C03,propose_split,,0.09456003988694377
https://openalex.org/W2096741097,Half cell 'SSC' 40 mm aperture magnet string,T11367,T11367.C03,propose_split,,0.09858193278950315
https://openalex.org/W2103055829,SIMULATION OF COOLING MECHANISMS OF HIGHLY-CHARGED IONS IN THE HITRAP COOLER TRAP,T11367,T11367.C03,propose_split,,0.11270215510054195
https://openalex.org/W2103134494,The RF gun development at SRRC,T11367,T11367.C01,propose_split,,0.2841051326164931
https://openalex.org/W2105855671,Linear dispersion relation of backward-wave oscillators with finite-strength axial magnetic field,T11367,T11367.C05,propose_split,,0.5182498008894882
https://openalex.org/W2108678227,Use of a virtual accelerator for a development of an accelerator control system,T11367,T11367.C01,propose_split,,0.7104683896607572
https://openalex.org/W2111046628,Investigation on Dielectric Window Treelike Breakdown and Suppression Under HPM in Vacuum,T11367,T11367.C03,propose_split,,0.15338396321719153
https://openalex.org/W2112906580,Development of high power CW 3.7 GHz klystrons for fusion experiments on Tore Supra,T11367,T11367.C01,propose_split,,0.3028673721381515
https://openalex.org/W2113387752,MAGNETO-OPTICAL ABSORPTION SPECTRUM OF CALCIUM IN THE REGION 202 TO 209 nm,T11367,T11367.C03,propose_split,,0.09532353186847452
https://openalex.org/W2118542983,Recent experience with inductive insert at PSR,T11367,T11367.C03,propose_split,,0.05846503949626101
https://openalex.org/W2119693858,Design of a TE>inf<11>/inf<-to-HE>inf<11>/inf,T11367,T11367.C03,propose_split,,0.13782208486000405
https://openalex.org/W2133715702,Status of the Terawatt Accumulator Accelerator project,T11367,T11367.C01,propose_split,,0.3209056792717185
https://openalex.org/W2137498013,Statistical estimation of quench characteristics of quadrupole magnets,T11367,T11367.C03,propose_split,,0.1203489610674737
https://openalex.org/W2138638019,Analysis of a Lithium Vaporizer for the Advanced Lithium-Fed Applied Field Lorentz Force Accelerator,T11367,T11367.C04,propose_split,,0.4979104454668075
https://openalex.org/W2143556169,Investigation of the injection into the ANKA storage ring by a turn by turn BPM system,T11367,T11367.C03,propose_split,,0.10988810753158713
https://openalex.org/W2144688571,A SIMPLE ANALYSIS OF HELICAL SLOW-WAVE STRUCTURE LOADED BY DIELECTRIC EMBEDDED METAL SEGMENTS FOR WIDEBAND TRAVELING-WAVE TUBES,T11367,T11367.C05,propose_split,,0.5215671410535377
https://openalex.org/W2144869676,Experimental Low-Cost Short Pulse Generators,T11367,T11367.C03,propose_split,,0.11658163191835683
https://openalex.org/W2145356550,The status of the Fermilab Main Injector Project,T11367,T11367.C03,propose_split,,0.1549548637309362
https://openalex.org/W2148076469,The input gap voltage of a klystron,T11367,T11367.C03,propose_split,,0.04240985004365459
https://openalex.org/W2149121023,Analysis of a large-orbit backward wave oscillator,T11367,T11367.C05,propose_split,,0.5767019193056461
https://openalex.org/W2163846914,Status of the microwave paser experiment,T11367,T11367.C03,propose_split,,0.11330033915019738
https://openalex.org/W2164120755,A High-Current Four-Beam Xenon Ion Source for Heavy-Ion Fusion,T11367,T11367.C02,propose_split,,0.2396092332795205
https://openalex.org/W2170163389,Operating Results and Improvements on the Zero Gradient Synchrotron (ZGS) Polarized Proton Ion Source,T11367,T11367.C03,propose_split,,0.22364842687034808
https://openalex.org/W2182462173,USING SUPER-ACO's FIFTH HARMONIC CAVITY AS A PASSIVE,T11367,T11367.C03,propose_split,,0.15510310146432207
https://openalex.org/W2183479762,Conceptual Design of an Electromagnetic Driven Undulator Based Positron Target System for ILC,T11367,T11367.C03,propose_split,,0.1718746861866806
https://openalex.org/W2184292564,UNIFIED ACCELERATOR MODELING USING THE Bmad SOFTWARE LIBRARY,T11367,T11367.C01,propose_split,,0.33298188444956733
https://openalex.org/W2188898067,SNS BEAM COMMISSIONING STATUS,T11367,T11367.C02,propose_split,,0.323226908405783
https://openalex.org/W2252545205,Development of 154 GHz 1 MW Gyrotron for ECRH of LHD,T11367,T11367.C01,propose_split,,0.3024998419759684
https://openalex.org/W2256120194,"ELECTRON BEAM DYNAMICS IN THE LONG-PULSE, HIGH-CURRENT DARHT-II LINEAR INDUCTION ACCELERATOR*",T11367,T11367.C01,propose_split,,0.3806276892867459
https://openalex.org/W2256918926,Rapid Thermal-Hydraulic Analysis and Design Optimization of ITER Upper ELM Coils,T11367,T11367.C04,propose_split,,0.3411954311161007
https://openalex.org/W2264713733,"Li$sup 7$(p,$gamma$) ANGULAR DISTRIBUTION IN THE 441-kev RESONANCE AND SPIN- ORBIT COUPLING IN Be$sup 8$",T11367,T11367.C03,propose_split,,0.1571200862286474
https://openalex.org/W2266398023,STUDY OF A 3160 Mc SUPERCONDUCTING CAVITY USED IN THE DEVELOPMENT OF A STABILIZED FREQUENCY OSCILLATOR,T11367,T11367.C01,propose_split,,0.2567735266272694
https://openalex.org/W2271797798,"Electromagnetic, stress and thermal analysis of the Superconducting Magnet",T11367,T11367.C04,propose_split,,0.37168459648741126
https://openalex.org/W2278968093,Enhancement of impurity pumping efficiency in a CGL snout,T11367,T11367.C03,propose_split,,0.0424098500436546
https://openalex.org/W2288552560,Effect of pressure vents on the fast cookoff of energetic materials.,T11367,T11367.C03,propose_split,,0.1420794183520836
https://openalex.org/W2292155103,Apparatus for Measuring the Angular Distribution of Annihilation Radiation of Positrons in Condensed Media; USTANOVKA DLYA IZMERENIYA UGLOVOGO RASPREDELENIYA ANNIGILYATSIONNOGO IZLUCHENIYA POZITRONOV V KONDENSIROVANNYKH SREDAKH,T11367,T11367.C03,propose_split,,0.09555700800613619
https://openalex.org/W2301942301,SYNCHROTRON-RADIATION PHOTON DISTRIBUTION FOR HIGHEST ENERGY CIRCULAR COLLIDERS*,T11367,T11367.C02,propose_split,,0.2607260471131528
https://openalex.org/W2318900191,Nonstationary reflection of electromagnetic impulses in structures with strong wave-guide dispersion,T11367,T11367.C05,propose_split,,0.5389742857952236
https://openalex.org/W2319660946,Magnetic Determination of the Current Center Line for the Superconducting ITER Toroidal Field Coils: Results on a Double-Pancake Prototype,T11367,T11367.C04,propose_split,,0.32944778277113745
https://openalex.org/W2339187276,THE ENERGY SPECTRA AND ANGULAR DISTRIBUTION OF Li$sup 8$ FRAGMENTS PRODUCED IN THE INTERACTION BETWEEN 660 Mev PROTONS AND ALUMINIUM NUCLEI,T11367,T11367.C03,propose_split,,0.18154528140621154
https://openalex.org/W2351351562,Space Focusing Simulation for Pulsed Slow Positron Beam by SIMION,T11367,T11367.C02,propose_split,,0.26300775392817705
https://openalex.org/W2352250235,THE FUNCTION AND PROPERTIES OF SYNCHRONOUS PRECESSING ELECTRO-MAGNETIC FIELD IN FEL IN LONGITUDINAL UNIFORM FIELD,T11367,T11367.C04,propose_split,,0.4729042732149116
https://openalex.org/W2376563428,An ionization chamber developed for the facility of heavy ions therapy at IMP,T11367,T11367.C03,propose_split,,0.156507887739277
https://openalex.org/W2381114560,Microwave characteristics of high current linear induction accelerator cavity,T11367,T11367.C01,propose_split,,0.32381728403139753
https://openalex.org/W2394528904,Electron beam alignment and beam collimation in a dual beam betatron.,T11367,T11367.C02,propose_split,,0.558719855519883
https://openalex.org/W2413199561,[Investigation of sulcus under standard pressure].,T11367,T11367.C03,propose_split,,0.1285714144087871
https://openalex.org/W2442640421,ENHANCEMENT OF THE UPPER CRITICAL-FIELD OF 2-BAND SUPERCONDUCTORS,T11367,T11367.C04,propose_split,,0.2933699181106539
https://openalex.org/W2460251769,Multi-slit Based Emittance Measurement Study for BNL ERL,T11367,T11367.C03,propose_split,,0.16204793631024592
https://openalex.org/W2467438479,Development of Free Electron Lasers in Europe Local and Global Implications – 2016,T11367,T11367.C01,propose_split,,0.31227098780367657
https://openalex.org/W2469268559,Techniques with H/sup 0/ produced from polarized H/sup -/ beams,T11367,T11367.C03,propose_split,,0.15612491404032522
https://openalex.org/W2469637146,Development of Cryosorption Panels for Cryopumps,T11367,T11367.C01,propose_split,,0.4248053809593132
https://openalex.org/W2471108853,USING MULTI-CARRIER PROBING SIGNALS FOR DETECTING NON-LINEAR OBJECTS,T11367,T11367.C03,propose_split,,0.12121525029371215
https://openalex.org/W2482494496,Inelastic scattering of protons by CR{sup 50},T11367,T11367.C03,propose_split,,0.1246590076797959
https://openalex.org/W2486676015,A Perpendicular Biased 2nd Harmonic Cavity for the Fermilab Booster,T11367,T11367.C03,propose_split,,0.11418692061238
https://openalex.org/W2491550599,Status of the Vacuum System for the IPHI Project - (High Intensity Proton Injector),T11367,T11367.C03,propose_split,,0.2138351128753461
https://openalex.org/W2506773821,Lifetime experimental study of graphite cathode for relativistic backward wave oscillator,T11367,T11367.C05,propose_split,,0.5596702766281839
https://openalex.org/W2516256938,Nonlinear evolution of multi-helicity neo-classical tearing modes in rotating tokamak plasmas,T11367,T11367.C03,propose_split,,0.12069868061810711
https://openalex.org/W2516520635,Density limit disruption suppression in a current-carrying stellarator,T11367,T11367.C03,propose_split,,0.17508558204886623
https://openalex.org/W2531782386,Calibration of Magneto-resistive Probes in A1D5 and A1D6 (Beam Spectrometer Magents),T11367,T11367.C02,propose_split,,0.2739294031301848
https://openalex.org/W2540385301,High temperature superconductor accelerator magnets,T11367,T11367.C01,propose_split,,0.3647801221310671
https://openalex.org/W2550296941,DEVELOPMENT OF AN ADVANCED BARIUM ION SOURCE FOR A LASER-INDUCED-FLUORESCENCE (LIF) DIAGNOSTIC ON THE PAUL TRAP SIMULATOR EXPERIMENT (PTSX) ∗,T11367,T11367.C04,propose_split,,0.24830941628389447
https://openalex.org/W2553200486,Simple Models for Beam Loss Near the Half Integer Resonance with Space Charge,T11367,T11367.C02,propose_split,,0.23944667472303402
https://openalex.org/W2554324467,Mechanical Properties Using Japan Proton Accelerator Research Complex (J-PARC),T11367,T11367.C01,propose_split,,0.343766965099538
https://openalex.org/W2557868614,SRF Developments at MSU for FRIB,T11367,,unassigned,no_shared_vocabulary,
https://openalex.org/W2558060953,DESIGN OF THE WATER-COOLING SYSTEM FOR THE VACUUM SYSTEM OF THE TPS STORAGE RING,T11367,T11367.C03,propose_split,,0.18177474892138162
https://openalex.org/W2558092083,Status of the Continuous Mode Scan for Undulator Beamlines at BESSY II,T11367,T11367.C03,propose_split,,0.13962570697912635
https://openalex.org/W2560006220,First operation of the SACLA control system in spring-8,T11367,T11367.C01,propose_split,,0.25971686980487685
https://openalex.org/W2560561044,Cleanliness and Vacuum Acceptance Tests for the UHV Cavity String of the XFEL Linac,T11367,T11367.C03,propose_split,,0.15445618315649015
https://openalex.org/W2569648114,NE‐F2: Fluids and Propulsion Design: Summer 2014 Pathways Report,T11367,T11367.C03,propose_split,,0.19168952167995532
https://openalex.org/W2582532687,Design of a millimeter-wave phased array antenna for Gaussian beam shaping and steering,T11367,T11367.C05,propose_split,,0.510058320206606
https://openalex.org/W258412838,Simulation of Electron Beam Acceleration by Electromagnetic Field in Static Inhomogeneous Magnetic Field,T11367,T11367.C04,propose_split,,0.4375481643092205
https://openalex.org/W2585378369,A Tesla-Blumlein PFL-Bipolar Pulsed Power Generator,T11367,T11367.C03,propose_split,,0.11107202476314286
https://openalex.org/W2586164307,Magnetfeldoptimierung des LFCS Luftspulensystems für das KATRIN Hauptspektrometer,T11367,T11367.C03,propose_split,,0.0645690328415549
https://openalex.org/W2602354814,"ADX: a high field, high power density, Advanced Divertor test eXperiment",T11367,T11367.C04,propose_split,,0.30781141666777057
https://openalex.org/W2603483841,Gamma Spectroscopy along N - Z towards 100Sn,T11367,T11367.C03,propose_split,,0.07226428908111279
https://openalex.org/W2604927992,Summary of Polarized e-/e+ Source Presentations,T11367,T11367.C03,propose_split,,0.1710511574644492
https://openalex.org/W2605416556,Investigation of losses in eptaxially grown superconducting microwave resonators on MgO substrate,T11367,T11367.C03,propose_split,,0.1256793608175294
https://openalex.org/W2680204679,hot only turbo surge at 2200rpm [fuel pump?],T11367,,unassigned,no_shared_vocabulary,
https://openalex.org/W271831468,ON SOME PECULIARITIES IN A HIGH FREQUENCY SYNCHROTRON SYSTEM WITH A HIGH NUMBER OF ELECTRONS ACCELERATED AT A CYCLE,T11367,T11367.C02,propose_split,,0.2269680627396588
https://openalex.org/W2739145530,Determination of a fit function for the critical current density for NbTi cables used in LHC main bending magnets,T11367,T11367.C03,propose_split,,0.18283404840510759
https://openalex.org/W2743627142,Simulation of profile evolution from ramp-up to ramp-down and optimization of tokamak plasma termination with the RAPTOR code,T11367,T11367.C03,propose_split,,0.1480344278475157
https://openalex.org/W2744706407,Study of electron transport across the magnetic filter of NIO1 negative ion source,T11367,T11367.C03,propose_split,,0.2788764737673815
https://openalex.org/W2756279401,"Dataset for ""Exciting electromagnetic anapoles with Flying Doughnut pulses""",T11367,T11367.C03,propose_split,,0.09072732801671562
https://openalex.org/W2767617555,Hydrogen electron cyclotron resonance ion sources plasma characterization based on simple optical emission spectroscopy,T11367,T11367.C03,propose_split,,0.23142271332307532
https://openalex.org/W2767677620,Measurements of the Higher Order Modes of the ALS 500 MHz Accelerating Cavities,T11367,T11367.C03,propose_split,,0.08933148554665692
https://openalex.org/W27727526,Simulation study of proton transport in a cylindrically confined ionomer channel,T11367,T11367.C03,propose_split,,0.1609587655909667
https://openalex.org/W2774234052,SEARCH FOR AW ELECTRON MASS SHIFT IN 133cs IN AN INTENSE ELECTROMAGNETIC FIELD,T11367,T11367.C04,propose_split,,0.3843712531886053
https://openalex.org/W2793517438,A review of radiation-induced demagnetization of permanent magnets,T11367,T11367.C03,propose_split,,0.08613893977668072
https://openalex.org/W2797651489,"A description on plasma background effect in growth rate of THz waves in a metallic cylindrical waveguide, including a dielectric tube and two current sources",T11367,T11367.C03,propose_split,,0.18277309236793862
https://openalex.org/W280366660,Modeling and simulation of charged particle beam transport in the UTA 2 meter Time of Flight Positron Annihilation Induced Auger Spectrometer,T11367,T11367.C02,propose_split,,0.3279994294199832
https://openalex.org/W2809654233,Control of FEL Radiation by Tailoring the Seed Pulses,T11367,T11367.C01,propose_split,,0.22800304337284663
https://openalex.org/W2883791259,Nuklir dan Kehancuran Planet Bumi,T11367,T11367.C03,propose_split,,0.0424098500436546
https://openalex.org/W2898914621,Design of PIP-II Medium Energy Beam Transport,T11367,T11367.C02,propose_split,,0.2976156623184649
https://openalex.org/W2899031190,Research on Multi-Field Coupling Simulation of Pulse Current Shunts,T11367,T11367.C03,propose_split,,0.16250565810161077
https://openalex.org/W2904034579,Double-Beam Amplifier of Traveling Wave and Backward Wave,T11367,T11367.C05,propose_split,,0.6677573368386472
https://openalex.org/W2906307168,Quantification of Neutral Beam Driven Current and the effect of radial fast ion transport in ASDEX Upgrade,T11367,T11367.C02,propose_split,,0.2921373681940175
https://openalex.org/W2906753225,Design of the RF negative hydrogen ion source at HUST,T11367,T11367.C03,propose_split,,0.3011872980831357
https://openalex.org/W2910805420,Optimization of TE11/TE04 mode converters for the cold test of a 250 GHz CARM source,T11367,T11367.C03,propose_split,,0.16205631324707753
https://openalex.org/W2910857869,EOF-Library: Open-source Elmer FEM and OpenFOAM coupler for electromagnetics and fluid dynamics,T11367,T11367.C03,propose_split,,0.110465778771508
https://openalex.org/W2912191524,Operating Simultaneously Two In-Vacuum Canted Undulators in Synchrotron SOLEIL,T11367,T11367.C02,propose_split,,0.2041232355942979
https://openalex.org/W2915532790,"Design updates of magnet system for Korean fusion demonstration reactor, K-DEMO",T11367,T11367.C03,propose_split,,0.15102107561234906
https://openalex.org/W2954163116,Amplification of coupled nonlinear oscillations of charged particle beam in crossed magnetic fields,T11367,T11367.C02,propose_split,,0.27067753882549084
https://openalex.org/W2975213534,The ENSEMBLES and the BALTEX Projects,T11367,,unassigned,no_shared_vocabulary,
https://openalex.org/W2978456447,Influence of Nucleon Structure on Tensor and Vector Analyzing Powers in Elastic Electron–Deuteron Scattering,T11367,T11367.C03,propose_split,,0.1439736821778761
https://openalex.org/W2995889976,Geant4 simulation and validation of the CNA cyclotron beam parameters,T11367,T11367.C02,propose_split,,0.34742823883355617
https://openalex.org/W2996399462,Compact Crab Cavity Cryomodule : Deliverable: D4.4,T11367,T11367.C03,propose_split,,0.10434014167838276
https://openalex.org/W2996518647,"Plasmas in particle accelerators: The warm-beam equilibria, part 1",T11367,T11367.C02,propose_split,,0.36180312362584544
https://openalex.org/W2999816496,RI ビームがん治療の実現を目指した1 価C-11 イオン生成実験の状況,T11367,T11367.C03,propose_split,,0.07034067328266688
https://openalex.org/W3005413855,g and τ Results for High-Spin Isomers in 91 Nb and 91 Zr,T11367,T11367.C03,propose_split,,0.11251929330998521
https://openalex.org/W3011322925,ACS Pipeline Calibrations Using PyDrizzle,T11367,T11367.C03,propose_split,,0.10082162004976415
https://openalex.org/W3025574286,Analog electronics for beam instrumentation,T11367,T11367.C02,propose_split,,0.7231905803740358
https://openalex.org/W3029057670,Comparison of 6D Ring Cooler Schemes and Dipole Cooler for Mu+Mu Collider Development,T11367,T11367.C01,propose_split,,0.21786335441711716
https://openalex.org/W3035591305,X-ray Spectroscopy of Muonic Atoms Isolated in Vacuum with Transition Edge Sensors,T11367,T11367.C03,propose_split,,0.11083269374304695
https://openalex.org/W3035725974,Characteristics of a Plasma Source with adjustable multi-pole line cusp geometry,T11367,T11367.C03,propose_split,,0.2024702138539066
https://openalex.org/W303844287,DESIGN AND PERFORMANCE OF A COMPACT PASSIVE HYDROGEN MASER,T11367,T11367.C03,propose_split,,0.1846013195196744
https://openalex.org/W3042098609,Lasing of near infrared FEL with the burst-mode beam at LEBRA,T11367,T11367.C02,propose_split,,0.3230176355720647
https://openalex.org/W3047595004,Second harmonic 106.4 GHz gyrotron,T11367,T11367.C03,propose_split,,0.08563117351675313
https://openalex.org/W305184807,16E-14 磁気吸收のSaturational Narrowing,T11367,,unassigned,no_shared_vocabulary,
https://openalex.org/W3082104650,Nuclear Absorption of Muons in Medium and Heavy Elements.,T11367,T11367.C03,propose_split,,0.12775803006792527
https://openalex.org/W3105768811,Residual Strain Dependence on Matrix Structure in RHQ-Nb3Al Wires by Neutron Diffraction Measurement,T11367,T11367.C03,propose_split,,0.13412390854246994
https://openalex.org/W3111419491,RF Deflector Based Measurements of the Correlations Between Vertical and Longitudinal Planes at ELI-NP-GBS Electron LINAC,T11367,T11367.C03,propose_split,,0.19770171557751035
https://openalex.org/W3112853404,Neutrino Pair Synchrotron Emission from Pulsar Polar Caps,T11367,T11367.C02,propose_split,,0.2003849780495762
https://openalex.org/W3124570654,arXiv : Ion Sources for Medical Applications,T11367,T11367.C03,propose_split,,0.12652289554716456
https://openalex.org/W3124771693,Dielectric Characteristics of an Axisymmetric Low Aspect Ratio Tokamak with Circular Magnetic Surfaces,T11367,T11367.C03,propose_split,,0.15691034652348423
https://openalex.org/W3125494646,Mm and Submm Superconducting Receiver Development in China (invited),T11367,T11367.C01,propose_split,,0.3456077766322273
https://openalex.org/W3131864383,Three-Dimensional Filament Eruption Driven by an Emerging Flux,T11367,T11367.C03,propose_split,,0.06306704012269956
https://openalex.org/W31337547,Design of a High Voltage Acceleration Power Supply for a Neutral Beam Injection System,T11367,T11367.C02,propose_split,,0.3309654144072244
https://openalex.org/W3137874559,Analysis on calculation of transmutation rate for Plutonium and minor actinide in TRIGA-JAERI reactor with Ads; Analisis perhitungan laju transmutasi Plutonium dan minor aktinida di reaktor TRIGA-JAERI dengan Ads,T11367,T11367.C04,propose_split,,0.329977515419653
https://openalex.org/W3146998360,Control action of MM-waves on space stations indemnification,T11367,T11367.C01,propose_split,,0.27551134526313664
https://openalex.org/W3160737018,An estimation of life time for a low energy negative pionlike particle beam,T11367,T11367.C02,propose_split,,0.3211880462851475
https://openalex.org/W3161015515,ASAS-SN Transient Discovery Report for 2019-06-18,T11367,T11367.C03,propose_split,,0.10558966845000069
https://openalex.org/W3171239263,Structure functions of nucleons in nuclei,T11367,T11367.C03,propose_split,,0.09151225342497876
https://openalex.org/W3175070363,Energy amplification in Tokamaks by fast-ion injection,T11367,T11367.C03,propose_split,,0.14194709507889047
https://openalex.org/W3179363509,Medium-energy neutrino physics,T11367,T11367.C03,propose_split,,0.14929232092856465
https://openalex.org/W3182778955,Superconducting magnets,T11367,T11367.C03,propose_split,,0.11395966859352259
https://openalex.org/W3182860474,臨界Sobolev指数を持つ周期的Schroedinger方程式のための基底状態解【Powered by NICT】,T11367,T11367.C03,propose_split,,0.0848197000873092
https://openalex.org/W3183337854,Optimization of Ion-Cyclotron Range of Frequency Wave Heating in the Minimum-B Configuration on GAMMA 10,T11367,T11367.C05,propose_split,,0.3464349526958487
https://openalex.org/W3186702843,Influence of errors of a solenoidal magnetic field of the first accelerating section of LUE-200 accelerator on electron beam dynamics,T11367,T11367.C01,propose_split,,0.28718308289712174
https://openalex.org/W3192009285,Calculational and experimental data comparison for critical experiments at core with hexagonal water ring,T11367,T11367.C03,propose_split,,0.14640101040744785
https://openalex.org/W3197771235,Alfven wave experiments in TCA,T11367,T11367.C05,propose_split,,0.58212886883005
https://openalex.org/W3201822200,Status of search for anti ν/sub e/ + e - → anti ν/sub e/ + e -,T11367,T11367.C03,propose_split,,0.09340187623645453
https://openalex.org/W3203547963,Multi-Bunch Resistive Wall Wake Field Tracking via Pseudomodes in the ALS-U Accumulator Ring,T11367,T11367.C04,propose_split,,0.29866449311454374
https://openalex.org/W320451866,Isotopic Water Handling and Hydrogen Isotope Recovery for Fusion Application Using the Zr(V0.5Fe0.5)2Alloy – II: Conversion Behavior under Water Vapor Flow Conditions,T11367,T11367.C03,propose_split,,0.15729748957631923
https://openalex.org/W3207489135,Optimization of transformer ratio and beam loading in plasma wakefield accelerator(PWFA) with structure-based algorithm,T11367,T11367.C01,propose_split,,0.3052727324409435
https://openalex.org/W3210156467,Proton-proton bremsstrahlung at 100 MEV,T11367,T11367.C03,propose_split,,0.1490050437585013
https://openalex.org/W3213891333,ICRF oscillations of an inhomogeneous plasma cylinder,T11367,T11367.C03,propose_split,,0.0778429560031305
https://openalex.org/W3217741280,Electron Beam Diagnostics in the Fermilab Electron Cooling Experiment,T11367,T11367.C02,propose_split,,0.32356925389968677
https://openalex.org/W4210667001,Super Beams,T11367,T11367.C03,propose_split,,0.1049640801130077
https://openalex.org/W421139723,Dipole excitation of alpha clusters in (6)Li and (7)Li.,T11367,T11367.C03,propose_split,,0.06339779943683631
https://openalex.org/W4224609739,CANREB EBIS commissioning at TRIUMF,T11367,T11367.C03,propose_split,,0.0424098500436546
https://openalex.org/W4230219752,DWI PPA571ES spray approval,T11367,,unassigned,no_shared_vocabulary,
https://openalex.org/W4231632134,Analytical Study of HAT Joint between PHC Pile and Steel Tube Column,T11367,T11367.C03,propose_split,,0.10903482579915036
https://openalex.org/W4231736384,BEAM EXTRACTION FROM THE PROTON SYNCHROTRON.,T11367,T11367.C02,propose_split,,0.5287303628525714
https://openalex.org/W4235116895,"FITTING, ELBOW, 90°, STANDARD AND REDUCER, FLARELESS TUBE TO PIPE, EXTERNAL THREAD",T11367,T11367.C03,propose_split,,0.08741046928260722
https://openalex.org/W4235255671,5208537 Method for matching antennas in a nuclear magnetic resonance imaging apparatus,T11367,T11367.C03,propose_split,,0.13489787114133295
https://openalex.org/W4240784294,Upgrades to PEP-II Tune Measurements,T11367,T11367.C03,propose_split,,0.12158630096316614
https://openalex.org/W4253463058,Proton,T11367,T11367.C03,propose_split,,0.14397608797112746
https://openalex.org/W427709402,"Use of computers in NDE engineering and data acquisition systems : presented at the 1986 Pressure Vessels and Piping Conference and Exhibition, Chicago, Illinois, July 20-24, 1986",T11367,T11367.C03,propose_split,,0.09531454172593225
https://openalex.org/W4288218911,Preliminary design of a helium cryogenic system for SAND detector at LBNF-DUNE near site,T11367,T11367.C03,propose_split,,0.14612860219108453
https://openalex.org/W4292053168,ENCSR372PKJ,T11367,,unassigned,no_shared_vocabulary,
https://openalex.org/W4297940932,RF-Based Accelerators for HEDP Research,T11367,T11367.C03,propose_split,,0.10920888678096755
https://openalex.org/W4307598935,Permanent magnet edge-field quadrupole,T11367,T11367.C04,propose_split,,0.3140992791651864
https://openalex.org/W4308326552,Polarized beams at the ZGS and the AGS,T11367,T11367.C03,propose_split,,0.1317620298600872
https://openalex.org/W4312468698,Development of energy-tunable positronium beams employing the photodetachment of positronium negative ions,T11367,T11367.C03,propose_split,,0.19402219517662891
https://openalex.org/W4320018374,Overview of Fragment Separator Superconducting Magnets in the Facility for Rare Isotope Beams,T11367,T11367.C03,propose_split,,0.1729692372564698
https://openalex.org/W4385959865,Parametrized uncertainties in the spectral function model of neutrino charged-current quasielastic interactions for oscillation analyses,T11367,T11367.C03,propose_split,,0.15623250490570778
https://openalex.org/W4388053927,Radioisotope Powered Melting Probe for Europa Exploration,T11367,T11367.C03,propose_split,,0.0848197000873092
https://openalex.org/W4391010050,Lab demonstration of wavefront reconstruction for the fragmented aperture of the ELT,T11367,T11367.C03,propose_split,,0.08538477181158036
https://openalex.org/W4391257646,Study on XiPAF-Upgrading Synchrotron Beam Loss,T11367,T11367.C02,propose_split,,0.3712962711762757
https://openalex.org/W4391877750,Design of a W-Band Sheet Beam Extended Interaction Klystron Working at $2\pi\text{-Mode}$,T11367,T11367.C02,propose_split,,0.26736032667870935
https://openalex.org/W4393412708,MicroBooNE BNB Electron Neutrino Overlay Sample (With Wire Info),T11367,T11367.C03,propose_split,,0.14984382586647454
https://openalex.org/W4394668709,Spin polarisability of the nucleon at NLO in the chiral expansion,T11367,T11367.C03,propose_split,,0.07814471977618433
https://openalex.org/W4400611347,Neutrino Program at Fermilab -- Enhancing proton beam power and accelerator infrastructure,T11367,T11367.C01,propose_split,,0.34736939039246884
https://openalex.org/W4407357994,Improved Coulomb collision operator for kinetic ion transport with EMC3-EIRENE simulating Nitrogen seeding in medium density ITER L-mode scenario,T11367,T11367.C03,propose_split,,0.17787060199070276
https://openalex.org/W4407893703,Design and verification of a new multiharmonic feedback control system for CSNS-II RCS,T11367,T11367.C01,propose_split,,0.3632628650365535
https://openalex.org/W4412040118,FLM volume 1013 Cover and Front matter,T11367,T11367.C03,propose_split,,0.06176703564002241
https://openalex.org/W4414432808,Design and Analysis of Microstrip Monopulse Feed for Tracking Radar Application at $\mathbf{3. 5 G H z}$,T11367,T11367.C04,propose_split,,0.2983064894529476
https://openalex.org/W4416800533,Overview of Flow Z-Pinch Theory and Modeling at Zap Energy,T11367,T11367.C03,propose_split,,0.10323022695250315
https://openalex.org/W4416899852,Auslegung der Kavitäten des Linearbeschleunigers der High Brilliance Neutron Source,T11367,T11367.C03,propose_split,,0.17570505493640268
https://openalex.org/W577803220,"Supercolliders and superdetectors : proceedings of the 19th and 25th Workshops of the INFN Eloisatron Project, Erice, Italy, 19-26 November 1991, 17-22 November 1992",T11367,T11367.C03,propose_split,,0.10401232944520544
https://openalex.org/W58008003,The Non-Imaging Flux Collector as a Compact ECE Antenna for ITER,T11367,T11367.C03,propose_split,,0.0961278667226301
https://openalex.org/W597542699,Base-Vented Performance Analyses for Supercavitating Hydrofoils with Flat Noses Operating within Subcavitating Region.,T11367,T11367.C03,propose_split,,0.11048686698978695
https://openalex.org/W64036204,Introduction to Part II — the Electrostatic Accelerator,T11367,T11367.C01,propose_split,,0.39575502962573617
https://openalex.org/W651116580,Testing of large cylinders confined with FRP,T11367,T11367.C03,propose_split,,0.07402213990109216
https://openalex.org/W7054952759,Citrus limonoid nomilin inhibits osteoclastogenesis in vitro by suppression of NFATc1 and MAPK signaling pathways,T11367,T11367.C03,propose_split,,0.09460294542766301
https://openalex.org/W7055997962,A distribution-free description of fragmentation by blasting based on dimensional analysis,T11367,T11367.C04,propose_split,,0.2735196276327677
https://openalex.org/W7056958459,Hash Function Requirements for Schnorr Signatures,T11367,T11367.C03,propose_split,,0.061085584886264935
https://openalex.org/W7061383357,Propuesta experimental para la fabricación de las cuerdas de una cítara griega,T11367,T11367.C03,propose_split,,0.0781035065585155
https://openalex.org/W7063323676,少年の公的システムによる措置 : 非行への効果,T11367,,unassigned,no_shared_vocabulary,
https://openalex.org/W7104276531,Impact of collective effects on beam stability in the FCC-ee main rings and the high-energy booster,T11367,T11367.C02,propose_split,,0.28660018725439207
https://openalex.org/W7113452027,Assembly and Testing of a QWR for the New ISIS MEBT,T11367,T11367.C03,propose_split,,0.09678694314786354
https://openalex.org/W7114791417,Progetto Pico Project,T11367,T11367.C03,propose_split,,0.09890371664940645
https://openalex.org/W7125242380,Design and fabrication of a four-rod radio frequency quadrupole with a variable aperture,T11367,T11367.C03,propose_split,,0.15910022637226373
https://openalex.org/W7145712823,Status Report of NIRS Cyclotron,T11367,T11367.C03,propose_split,,0.17483873396549088
https://openalex.org/W7154626436,First Experiments with Ion Cyclotron Heating at the Spherical Tokamak Globus-M2,T11367,T11367.C03,propose_split,,0.18614441286008135
https://openalex.org/W7162502740,Emittance Measurements under Selective Heating of Low Z Mixing Gas Ions in Electron Cyclotron Resonance Ion Source,T11367,T11367.C03,propose_split,,0.2669154116849419
https://openalex.org/W7206738504,PVN-CAT-055-E-046-002-FWO,T11367,T11367.C03,propose_split,,0.14606013520342884
https://openalex.org/W7206894780,PVN-CAT-033-L-002-002-FWO,T11367,T11367.C03,propose_split,,0.1374235500752971
https://openalex.org/W7209408839,LEP Experiments Committee: Minutes of the 9th meeting 7-8 Feb. 1984,T11367,T11367.C03,propose_split,,0.09315206032402626
https://openalex.org/W7210252119,PVN-CAT-144-J-016-001A-LCTH,T11367,T11367.C03,propose_split,,0.13232708572320903
https://openalex.org/W7211041783,CERN Bulletin Issue No. 26/1967,T11367,T11367.C03,propose_split,,0.09872572646455925
https://openalex.org/W7211627400,"CERN Courier Volume 20, Number 5, July-August 1980",T11367,T11367.C03,propose_split,,0.09900556760738137
https://openalex.org/W7211665136,CERN Bulletin Issue No. 3/1987,T11367,T11367.C03,propose_split,,0.08892948348161805
https://openalex.org/W7211708453,PVN-CAT-128-AF-020-001-FWO,T11367,T11367.C03,propose_split,,0.1413061991270389
https://openalex.org/W764059912,"A method for determining optimal fixed-time, N-impulse trajectories between arbitrarily inclined orbits.",T11367,T11367.C03,propose_split,,0.08743246097603165
https://openalex.org/W89603332,Simulations of ICRF-fast wave current drive on DIIID,T11367,T11367.C05,propose_split,,0.4401636797717051
https://openalex.org/W982813617,Divertor Performance of High Density H-Mode Discharges in ASDEX Upgrade,T11367,T11367.C03,propose_split,,0.16569526562084705
