topic_id,topic,subfield_id,subfield,field_id,field,domain_id,domain,works_count,cited_by_count,sibling_count,keyword_count,created_date,updated_date
T14423,Military Technology and Strategies,2202,Aerospace Engineering,22,Engineering,3,Physical Sciences,20632645,850197,43,10,2024-01-23T15:27:22,2026-09-22T03:01:44
T10346,Magnetic confinement fusion research,3106,Nuclear and High Energy Physics,31,Physics and Astronomy,3,Physical Sciences,5409556,2532757,12,10,2024-01-23T15:27:06,2026-09-22T03:01:44
T13370,Diverse Scientific and Economic Studies,2002,Economics and Econometrics,20,"Economics, Econometrics and Finance",2,Social Sciences,4927147,610940,78,10,2024-01-23T15:27:18,2026-09-22T03:01:44
T12157,Geochemistry and Geologic Mapping,1702,Artificial Intelligence,17,Computer Science,3,Physical Sciences,3432384,1674636,76,10,2024-01-23T15:27:13,2026-09-22T03:01:44
T10451,Mycorrhizal Fungi and Plant Interactions,1110,Plant Science,11,Agricultural and Biological Sciences,1,Life Sciences,2469737,2039583,89,10,2024-01-23T15:27:06,2026-09-22T03:01:44
T10895,Species Distribution and Climate Change,2302,Ecological Modeling,23,Environmental Science,3,Physical Sciences,1332266,2540840,2,10,2024-01-23T15:27:08,2026-09-22T03:01:44
T11367,Particle accelerators and beam dynamics,2202,Aerospace Engineering,22,Engineering,3,Physical Sciences,1275066,408087,43,10,2024-01-23T15:27:10,2026-09-22T03:01:44
T10978,Prenatal Screening and Diagnostics,2735,"Pediatrics, Perinatology and Child Health",27,Medicine,4,Health Sciences,1132765,1114126,19,10,2024-01-23T15:27:08,2026-09-22T03:01:44
T13638,Human auditory perception and evaluation,2202,Aerospace Engineering,22,Engineering,3,Physical Sciences,1093184,273436,43,10,2024-01-23T15:27:19,2026-09-22T03:01:44
T13497,Hermeneutics and Narrative Identity,1211,Philosophy,12,Arts and Humanities,2,Social Sciences,954999,833168,48,10,2024-01-23T15:27:18,2026-09-22T03:01:44
T10781,Plasma Diagnostics and Applications,2208,Electrical and Electronic Engineering,22,Engineering,3,Physical Sciences,830847,908179,116,10,2024-01-23T15:27:08,2026-09-22T03:01:44
T12859,Cell Image Analysis Techniques,1304,Biophysics,13,"Biochemistry, Genetics and Molecular Biology",1,Life Sciences,802022,944974,5,10,2024-01-23T15:27:16,2026-09-22T03:01:44
T11881,Crystallization and Solubility Studies,2505,Materials Chemistry,25,Materials Science,3,Physical Sciences,801212,820173,68,10,2024-01-23T15:27:12,2026-09-22T03:01:44
T11475,French Urban and Social Studies,3312,Sociology and Political Science,33,Social Sciences,2,Social Sciences,716991,757390,223,10,2024-01-23T15:27:10,2026-09-22T03:01:44
T11893,German Literature and Culture Studies,1208,Literature and Literary Theory,12,Arts and Humanities,2,Social Sciences,712163,382442,52,10,2024-01-23T15:27:12,2026-09-22T03:01:44
T12760,Laser Design and Applications,2208,Electrical and Electronic Engineering,22,Engineering,3,Physical Sciences,600723,436535,116,10,2024-01-23T15:27:15,2026-09-22T03:01:44
T10165,Classical Antiquity Studies,3314,Anthropology,33,Social Sciences,2,Social Sciences,568870,1842031,24,10,2024-01-23T15:27:05,2026-09-22T03:01:44
T12837,American Environmental and Regional History,2308,"Management, Monitoring, Policy and Law",23,Environmental Science,3,Physical Sciences,567103,543477,33,10,2024-01-23T15:27:15,2026-09-22T03:01:44
T10941,Musicology and Musical Analysis,1210,Music,12,Arts and Humanities,2,Social Sciences,561107,514223,4,10,2024-01-23T15:27:08,2026-09-22T03:01:44
T10015,Genomics and Phylogenetic Studies,1312,Molecular Biology,13,"Biochemistry, Genetics and Molecular Biology",1,Life Sciences,544822,7754845,134,10,2024-01-23T15:27:04,2026-09-22T03:01:44
T13958,"Education, Innovation and Language Studies",3304,Education,33,Social Sciences,2,Social Sciences,513734,52524,136,10,2024-01-23T15:27:20,2026-09-22T03:01:44
T13445,American Constitutional Law and Politics,3320,Political Science and International Relations,33,Social Sciences,2,Social Sciences,502421,1846990,117,10,2024-01-23T15:27:18,2026-09-22T03:01:44
T11662,Legal Cases and Commentary,2743,Reproductive Medicine,27,Medicine,4,Health Sciences,497703,75964,7,10,2024-01-23T15:27:11,2026-09-22T03:01:44
T10251,Solar and Space Plasma Dynamics,3103,Astronomy and Astrophysics,31,Physics and Astronomy,3,Physical Sciences,483255,2978692,20,10,2024-01-23T15:27:05,2026-09-22T03:01:44
T11198,Japanese History and Culture,3316,Cultural Studies,33,Social Sciences,2,Social Sciences,478360,477150,37,10,2024-01-23T15:27:09,2026-09-22T03:01:44
T10048,Particle physics theoretical and experimental studies,3106,Nuclear and High Energy Physics,31,Physics and Astronomy,3,Physical Sciences,463667,4848568,12,10,2024-01-23T15:27:05,2026-09-22T03:01:44
T14380,Libraries and Information Services,1209,Museology,12,Arts and Humanities,2,Social Sciences,459660,116100,8,10,2024-01-23T15:27:22,2026-09-22T03:01:44
T14335,Educational Robotics and Engineering,1702,Artificial Intelligence,17,Computer Science,3,Physical Sciences,457551,56557,76,10,2024-01-23T15:27:22,2026-09-22T03:01:44
T12633,Legal case studies and regulations,3320,Political Science and International Relations,33,Social Sciences,2,Social Sciences,453848,81362,117,10,2024-01-23T15:27:15,2026-09-22T03:01:44
T10591,Theoretical and Computational Physics,3104,Condensed Matter Physics,31,Physics and Astronomy,3,Physical Sciences,453262,2554175,7,10,2024-01-23T15:27:07,2026-09-22T03:01:44
T11926,Subterranean biodiversity and taxonomy,1911,Paleontology,19,Earth and Planetary Sciences,3,Physical Sciences,439715,195750,6,10,2024-01-23T15:27:12,2026-09-22T03:01:44
T13085,"Education, Psychology, and Social Research",3304,Education,33,Social Sciences,2,Social Sciences,425109,47374,136,10,2024-01-23T15:27:16,2026-09-22T03:01:44
T10252,Microbial Natural Products and Biosynthesis,2736,Pharmacology,27,Medicine,4,Health Sciences,419380,1711589,21,10,2024-01-23T15:27:05,2026-09-22T03:01:44
T10362,Biblical Studies and Interpretation,1212,Religious studies,12,Arts and Humanities,2,Social Sciences,417109,1116712,14,10,2024-01-23T15:27:06,2026-09-22T03:01:44
T12692,Magnetic Field Sensors Techniques,2208,Electrical and Electronic Engineering,22,Engineering,3,Physical Sciences,408437,156114,116,10,2024-01-23T15:27:15,2026-09-22T03:01:44
T12565,Physics and Engineering Research Articles,2206,Computational Mechanics,22,Engineering,3,Physical Sciences,398125,536109,29,10,2024-01-23T15:27:14,2026-09-22T03:01:44
T11803,Superconducting and THz Device Technology,3103,Astronomy and Astrophysics,31,Physics and Astronomy,3,Physical Sciences,394067,215035,20,10,2024-01-23T15:27:11,2026-09-22T03:01:44
T10017,Geology and Paleoclimatology Research,1902,Atmospheric Science,19,Earth and Planetary Sciences,3,Physical Sciences,389127,6643060,12,10,2024-01-23T15:27:04,2026-09-22T03:01:44
T10893,Chinese history and philosophy,3312,Sociology and Political Science,33,Social Sciences,2,Social Sciences,387042,733545,223,10,2024-01-23T15:27:08,2026-09-22T03:01:44
T12409,Reformation and Early Modern Christianity,1202,History,12,Arts and Humanities,2,Social Sciences,386456,606174,43,10,2024-01-23T15:27:14,2026-09-22T03:01:44
T10733,Wheat and Barley Genetics and Pathology,1110,Plant Science,11,Agricultural and Biological Sciences,1,Life Sciences,384268,1196900,89,10,2024-01-23T15:27:07,2026-09-22T03:01:44
T11044,Particle Detector Development and Performance,3106,Nuclear and High Energy Physics,31,Physics and Astronomy,3,Physical Sciences,383169,354149,12,10,2024-01-23T15:27:09,2026-09-22T03:01:44
T11986,Scientific Computing and Data Management,1802,Information Systems and Management,18,Decision Sciences,2,Social Sciences,370750,589763,14,10,2024-01-23T15:27:12,2026-09-22T03:01:44
T11175,Gyrotron and Vacuum Electronics Research,3107,"Atomic and Molecular Physics, and Optics",31,Physics and Astronomy,3,Physical Sciences,367345,387079,36,10,2024-01-23T15:27:09,2026-09-22T03:01:44
T10001,Geological and Geochemical Analysis,1908,Geophysics,19,Earth and Planetary Sciences,3,Physical Sciences,358477,8383252,9,10,2024-01-23T15:27:04,2026-09-22T03:01:44
T10384,Laser-Plasma Interactions and Diagnostics,3106,Nuclear and High Energy Physics,31,Physics and Astronomy,3,Physical Sciences,357561,905222,12,10,2024-01-23T15:27:06,2026-09-22T03:01:44
T11937,Research Data Management Practices,1710,Information Systems,17,Computer Science,3,Physical Sciences,353398,208285,77,10,2024-01-23T15:27:12,2026-09-22T03:01:44
T13800,Earthquake and Disaster Impact Studies,3313,Transportation,33,Social Sciences,2,Social Sciences,353346,119314,8,10,2024-01-23T15:27:20,2026-09-22T03:01:44
T13641,Historical Studies and Socio-cultural Analysis,1207,History and Philosophy of Science,12,Arts and Humanities,2,Social Sciences,348849,379067,18,10,2024-01-23T15:27:19,2026-09-22T03:01:44
T13884,Educational Leadership and Practices,3304,Education,33,Social Sciences,2,Social Sciences,348505,353409,136,10,2024-01-23T15:27:20,2026-09-22T03:01:44
T12836,History and Developments in Astronomy,3103,Astronomy and Astrophysics,31,Physics and Astronomy,3,Physical Sciences,348343,407099,20,10,2024-01-23T15:27:15,2026-09-22T03:01:44
T13710,European and International Law Studies,3320,Political Science and International Relations,33,Social Sciences,2,Social Sciences,346592,467955,117,10,2024-01-23T15:27:19,2026-09-22T03:01:44
T13184,Research in Social Sciences,3304,Education,33,Social Sciences,2,Social Sciences,346111,225992,136,10,2024-01-23T15:27:17,2026-09-22T03:01:44
T12713,Forest Ecology and Biodiversity Studies,1109,Insect Science,11,Agricultural and Biological Sciences,1,Life Sciences,345265,535425,13,10,2024-01-23T15:27:15,2026-09-22T03:01:44
T10744,Astrophysical Phenomena and Observations,3103,Astronomy and Astrophysics,31,Physics and Astronomy,3,Physical Sciences,344190,1584033,20,10,2024-01-23T15:27:07,2026-09-22T03:01:44
T13297,History and advancements in chemistry,1606,Physical and Theoretical Chemistry,16,Chemistry,3,Physical Sciences,342681,1603147,7,10,2024-01-23T15:27:17,2026-09-22T03:01:44
T13459,Public Administration and Political Analysis,3320,Political Science and International Relations,33,Social Sciences,2,Social Sciences,337400,218483,117,10,2024-01-23T15:27:18,2026-09-22T03:01:44
T13624,Social Sciences and Policies,3300,General Social Sciences,33,Social Sciences,2,Social Sciences,337113,297117,15,10,2024-01-23T15:27:19,2026-09-22T03:01:44
T13396,Agriculture and Rural Development Research,1105,"Ecology, Evolution, Behavior and Systematics",11,Agricultural and Biological Sciences,1,Life Sciences,334379,630240,32,10,2024-01-23T15:27:18,2026-09-22T03:01:44
T13167,"Historical, Literary, and Cultural Studies",1205,Classics,12,Arts and Humanities,2,Social Sciences,332654,202510,4,10,2024-01-23T15:27:17,2026-09-22T03:01:44
T12454,European Political History Analysis,1202,History,12,Arts and Humanities,2,Social Sciences,331258,278402,43,10,2024-01-23T15:27:14,2026-09-22T03:01:44
T10995,Methane Hydrates and Related Phenomena,2304,Environmental Chemistry,23,Environmental Science,3,Physical Sciences,325985,1821877,10,10,2024-01-23T15:27:09,2026-09-22T03:01:44
T13650,Computational Physics and Python Applications,1702,Artificial Intelligence,17,Computer Science,3,Physical Sciences,323716,681325,76,10,2024-01-23T15:27:19,2026-09-22T03:01:44
T13033,Social Sciences and Governance,3322,Urban Studies,33,Social Sciences,2,Social Sciences,321986,325405,18,10,2024-01-23T15:27:16,2026-09-22T03:01:44
T12983,Satellite Image Processing and Photogrammetry,2212,Ocean Engineering,22,Engineering,3,Physical Sciences,320414,143772,22,10,2024-01-23T15:27:16,2026-09-22T03:01:44
T12527,Chemistry and Stereochemistry Studies,1605,Organic Chemistry,16,Chemistry,3,Physical Sciences,316345,185796,60,10,2024-01-23T15:27:14,2026-09-22T03:01:44
T12826,Education Methods and Technologies,3304,Education,33,Social Sciences,2,Social Sciences,315124,131301,136,10,2024-01-23T15:27:15,2026-09-22T03:01:44
T10325,Astro and Planetary Science,3103,Astronomy and Astrophysics,31,Physics and Astronomy,3,Physical Sciences,314473,2889168,20,10,2024-01-23T15:27:06,2026-09-22T03:01:44
T12954,Law and Political Science,3308,Law,33,Social Sciences,2,Social Sciences,313825,180004,39,10,2024-01-23T15:27:16,2026-09-22T03:01:44
T13602,Educational Methods and Media Use,1710,Information Systems,17,Computer Science,3,Physical Sciences,313518,705467,77,10,2024-01-23T15:27:19,2026-09-22T03:01:44
T13532,Education Systems and Policy,3304,Education,33,Social Sciences,2,Social Sciences,312368,1664763,136,10,2024-01-23T15:27:18,2026-09-22T03:01:44
T12930,Biomedical and Chemical Research,2746,Surgery,27,Medicine,4,Health Sciences,310552,355821,95,10,2024-01-23T15:27:16,2026-09-22T03:01:44
T11776,Irish and British Studies,3312,Sociology and Political Science,33,Social Sciences,2,Social Sciences,308679,501247,223,10,2024-01-23T15:27:11,2026-09-22T03:01:44
T12765,"Race, History, and American Society",3312,Sociology and Political Science,33,Social Sciences,2,Social Sciences,308665,1358674,223,10,2024-01-23T15:27:15,2026-09-22T03:01:44
T11405,Geophysics and Gravity Measurements,1910,Oceanography,19,Earth and Planetary Sciences,3,Physical Sciences,302215,1112385,8,10,2024-01-23T15:27:10,2026-09-22T03:01:44
T12021,Social and Educational Sciences,3304,Education,33,Social Sciences,2,Social Sciences,298563,196554,136,10,2024-01-23T15:27:12,2026-09-22T03:01:44
T11857,Archaeological and Historical Studies,1204,Archeology,12,Arts and Humanities,2,Social Sciences,297484,247202,19,10,2024-01-23T15:27:12,2026-09-22T03:01:44
T12012,Diatoms and Algae Research,2502,Biomaterials,25,Materials Science,3,Physical Sciences,297266,801867,12,10,2024-01-23T15:27:12,2026-09-22T03:01:44
T10181,Natural Language Processing Techniques,1702,Artificial Intelligence,17,Computer Science,3,Physical Sciences,296961,3060816,76,10,2024-01-23T15:27:05,2026-09-22T03:01:44
T12455,Mediterranean and Iberian flora and fauna,1110,Plant Science,11,Agricultural and Biological Sciences,1,Life Sciences,296761,413813,89,10,2024-01-23T15:27:14,2026-09-22T03:01:44
T13275,Medical and Health Sciences Research,2739,"Public Health, Environmental and Occupational Health",27,Medicine,4,Health Sciences,290488,195135,53,10,2024-01-23T15:27:17,2026-09-22T03:01:44
T11132,Psychoanalysis and Psychopathology Research,3203,Clinical Psychology,32,Psychology,2,Social Sciences,287218,295689,37,10,2024-01-23T15:27:09,2026-09-22T03:01:44
T12990,Medical History and Innovations,1202,History,12,Arts and Humanities,2,Social Sciences,286846,316980,43,10,2024-01-23T15:27:16,2026-09-22T03:01:44
T13372,Archaeology and Historical Studies,1204,Archeology,12,Arts and Humanities,2,Social Sciences,285899,635374,19,10,2024-01-23T15:27:18,2026-09-22T03:01:44
T12618,Botany and Plant Ecology Studies,1110,Plant Science,11,Agricultural and Biological Sciences,1,Life Sciences,284999,1043265,89,10,2024-01-23T15:27:15,2026-09-22T03:01:44
T11974,Lepidoptera: Biology and Taxonomy,1311,Genetics,13,"Biochemistry, Genetics and Molecular Biology",1,Life Sciences,283598,392662,39,10,2024-01-23T15:27:12,2026-09-22T03:01:44
T12768,Linguistics and language evolution,1203,Language and Linguistics,12,Arts and Humanities,2,Social Sciences,282892,545941,19,10,2024-01-23T15:27:15,2026-09-22T03:01:44
T12909,French Historical and Cultural Studies,1202,History,12,Arts and Humanities,2,Social Sciences,282570,240347,43,10,2024-01-23T15:27:16,2026-09-22T03:01:44
T12170,History and Theory of Mathematics,2614,Theoretical Computer Science,26,Mathematics,3,Physical Sciences,282241,902933,0,10,2024-01-23T15:27:13,2026-09-22T03:01:44
T13444,Medical Research and Treatments,2707,Complementary and alternative medicine,27,Medicine,4,Health Sciences,280184,48323,19,10,2024-01-23T15:27:18,2026-09-22T03:01:44
T13099,"Health, Medicine and Society",3600,General Health Professions,36,Health Professions,4,Health Sciences,279758,155638,49,10,2024-01-23T15:27:17,2026-09-22T03:01:44
T10391,Healthcare Policy and Management,2002,Economics and Econometrics,20,"Economics, Econometrics and Finance",2,Social Sciences,278757,1689612,78,10,2024-01-23T15:27:06,2026-09-22T03:01:44
T11530,Business and Management Studies,1802,Information Systems and Management,18,Decision Sciences,2,Social Sciences,278543,289553,14,10,2024-01-23T15:27:10,2026-09-22T03:01:44
T12917,Astronomy and Astrophysical Research,3105,Instrumentation,31,Physics and Astronomy,3,Physical Sciences,278399,692821,1,10,2024-01-23T15:27:16,2026-09-22T03:01:44
T10487,Plant and animal studies,1105,"Ecology, Evolution, Behavior and Systematics",11,Agricultural and Biological Sciences,1,Life Sciences,276185,5612920,32,10,2024-01-23T15:27:06,2026-09-22T03:01:44
T11583,Advanced Measurement and Metrology Techniques,2210,Mechanical Engineering,22,Engineering,3,Physical Sciences,274800,387592,78,10,2024-01-23T15:27:11,2026-09-22T03:01:44
T10908,Analytical Chemistry and Chromatography,1607,Spectroscopy,16,Chemistry,3,Physical Sciences,274064,3794292,11,10,2024-01-23T15:27:08,2026-09-22T03:01:44
T13556,Historical Influence and Diplomacy,3320,Political Science and International Relations,33,Social Sciences,2,Social Sciences,272996,148486,117,10,2024-01-23T15:27:19,2026-09-22T03:01:44
T12613,X-ray Diffraction in Crystallography,2505,Materials Chemistry,25,Materials Science,3,Physical Sciences,272968,1204511,68,10,2024-01-23T15:27:15,2026-09-22T03:01:44
T14021,Medieval European Literature and History,1203,Language and Linguistics,12,Arts and Humanities,2,Social Sciences,272132,163386,19,10,2024-01-23T15:27:20,2026-09-22T03:01:44
T14162,Historical and Literary Studies,3314,Anthropology,33,Social Sciences,2,Social Sciences,270697,338408,24,10,2024-01-23T15:27:21,2026-09-22T03:01:44
T10290,Pregnancy and preeclampsia studies,2729,Obstetrics and Gynecology,27,Medicine,4,Health Sciences,269612,2042677,7,10,2024-01-23T15:27:05,2026-09-22T03:01:44
T12797,History of Computing Technologies,1706,Computer Science Applications,17,Computer Science,3,Physical Sciences,269608,168157,9,10,2024-01-23T15:27:15,2026-09-22T03:01:44
T10037,Physics of Superconductivity and Magnetism,3104,Condensed Matter Physics,31,Physics and Astronomy,3,Physical Sciences,269302,4168170,7,10,2024-01-23T15:27:05,2026-09-22T03:01:44
T11993,Atomic and Subatomic Physics Research,3107,"Atomic and Molecular Physics, and Optics",31,Physics and Astronomy,3,Physical Sciences,267161,716329,36,10,2024-01-23T15:27:12,2026-09-22T03:01:44
T13015,"Botany, Ecology, and Taxonomy Studies",1110,Plant Science,11,Agricultural and Biological Sciences,1,Life Sciences,265392,682523,89,10,2024-01-23T15:27:16,2026-09-22T03:01:44
T13937,"Genetics, Bioinformatics, and Biomedical Research",1312,Molecular Biology,13,"Biochemistry, Genetics and Molecular Biology",1,Life Sciences,263508,1347032,134,10,2024-01-23T15:27:20,2026-09-22T03:01:44
T10039,"Stellar, planetary, and galactic studies",3103,Astronomy and Astrophysics,31,Physics and Astronomy,3,Physical Sciences,262886,4057461,20,10,2024-01-23T15:27:05,2026-09-22T03:01:44
T12645,European history and politics,3320,Political Science and International Relations,33,Social Sciences,2,Social Sciences,261541,517897,117,10,2024-01-23T15:27:15,2026-09-22T03:01:44
T10259,Sociology and Education Studies,3312,Sociology and Political Science,33,Social Sciences,2,Social Sciences,260335,704246,223,10,2024-01-23T15:27:05,2026-09-22T03:01:44
T10351,Liver Disease Diagnosis and Treatment,2713,Epidemiology,27,Medicine,4,Health Sciences,256140,3625437,41,10,2024-01-23T15:27:06,2026-09-22T03:01:44
T13622,Historical and Environmental Studies,3312,Sociology and Political Science,33,Social Sciences,2,Social Sciences,255575,126487,223,10,2024-01-23T15:27:19,2026-09-22T03:01:44
T10095,Cosmology and Gravitation Theories,3103,Astronomy and Astrophysics,31,Physics and Astronomy,3,Physical Sciences,255545,3670637,20,10,2024-01-23T15:27:05,2026-09-22T03:01:44
T10597,Nuclear reactor physics and engineering,2202,Aerospace Engineering,22,Engineering,3,Physical Sciences,255278,584640,43,10,2024-01-23T15:27:07,2026-09-22T03:01:44
T10021,EFL/ESL Teaching and Learning,1203,Language and Linguistics,12,Arts and Humanities,2,Social Sciences,254980,1947897,19,10,2024-01-23T15:27:04,2026-09-22T03:01:44
T12219,Canadian Identity and History,3312,Sociology and Political Science,33,Social Sciences,2,Social Sciences,253830,403293,223,10,2024-01-23T15:27:13,2026-09-22T03:01:44
T10320,Neural Networks and Applications,1702,Artificial Intelligence,17,Computer Science,3,Physical Sciences,251862,4479272,76,10,2024-01-23T15:27:06,2026-09-22T03:01:44
T12148,Brazilian Legal Issues,3308,Law,33,Social Sciences,2,Social Sciences,249390,178313,39,10,2024-01-23T15:27:13,2026-09-22T03:01:44
T10825,Plant Pathogens and Fungal Diseases,1307,Cell Biology,13,"Biochemistry, Genetics and Molecular Biology",1,Life Sciences,247286,2323144,16,10,2024-01-23T15:27:08,2026-09-22T03:01:44
T12705,Educational Reforms and Innovations,2307,"Health, Toxicology and Mutagenesis",23,Environmental Science,3,Physical Sciences,246010,31373,15,10,2024-01-23T15:27:15,2026-09-22T03:01:44
T11159,Manufacturing Process and Optimization,2209,Industrial and Manufacturing Engineering,22,Engineering,3,Physical Sciences,245080,1143669,16,10,2024-01-23T15:27:09,2026-09-22T03:01:44
T13068,Ancient Mediterranean Archaeology and History,1204,Archeology,12,Arts and Humanities,2,Social Sciences,244050,391470,19,10,2024-01-23T15:27:16,2026-09-22T03:01:44
T14134,Medical and Biological Sciences,2702,Anatomy,27,Medicine,4,Health Sciences,243450,418298,0,10,2024-01-23T15:27:21,2026-09-22T03:01:44
T10794,Islamic Studies and History,3320,Political Science and International Relations,33,Social Sciences,2,Social Sciences,243222,693546,117,10,2024-01-23T15:27:08,2026-09-22T03:01:44
T11354,Evolution and Paleontology Studies,1911,Paleontology,19,Earth and Planetary Sciences,3,Physical Sciences,243180,1605828,6,10,2024-01-23T15:27:10,2026-09-22T03:01:44
T10128,Global trade and economics,2000,"General Economics, Econometrics and Finance",20,"Economics, Econometrics and Finance",2,Social Sciences,243056,2058931,11,10,2024-01-23T15:27:05,2026-09-22T03:01:44
T10559,Particle Accelerators and Free-Electron Lasers,2208,Electrical and Electronic Engineering,22,Engineering,3,Physical Sciences,242432,363733,116,10,2024-01-23T15:27:07,2026-09-22T03:01:44
T12641,Historical and socio-economic studies of Spain and related regions,2002,Economics and Econometrics,20,"Economics, Econometrics and Finance",2,Social Sciences,242234,108625,78,10,2024-01-23T15:27:15,2026-09-22T03:01:44
T13064,Dutch Social and Cultural Studies,3304,Education,33,Social Sciences,2,Social Sciences,241138,97087,136,10,2024-01-23T15:27:16,2026-09-22T03:01:44
T10255,Oceanographic and Atmospheric Processes,1910,Oceanography,19,Earth and Planetary Sciences,3,Physical Sciences,240893,2125642,8,10,2024-01-23T15:27:05,2026-09-22T03:01:44
T12373,Linguistic research and analysis,1203,Language and Linguistics,12,Arts and Humanities,2,Social Sciences,240213,451948,19,10,2024-01-23T15:27:14,2026-09-22T03:01:44
T13749,"Hungarian Social, Economic and Educational Studies",3305,"Geography, Planning and Development",33,Social Sciences,2,Social Sciences,239366,79348,14,10,2024-01-23T15:27:19,2026-09-22T03:01:44
T10385,Plant Diversity and Evolution,1105,"Ecology, Evolution, Behavior and Systematics",11,Agricultural and Biological Sciences,1,Life Sciences,239023,1149437,32,10,2024-01-23T15:27:06,2026-09-22T03:01:44
T10038,Tuberculosis Research and Epidemiology,2725,Infectious Diseases,27,Medicine,4,Health Sciences,237736,2684523,20,10,2024-01-23T15:27:05,2026-09-22T03:01:44
T13621,Ancient and Medieval Archaeology Studies,1204,Archeology,12,Arts and Humanities,2,Social Sciences,237556,185335,19,10,2024-01-23T15:27:19,2026-09-22T03:01:44
T10153,"Education, sociology, and vocational training",3312,Sociology and Political Science,33,Social Sciences,2,Social Sciences,236637,359114,223,10,2024-01-23T15:27:05,2026-09-22T03:01:44
T14102,Corporate Governance and Law,1408,Strategy and Management,14,"Business, Management and Accounting",2,Social Sciences,236023,237341,41,10,2024-01-23T15:27:21,2026-09-22T03:01:44
T14388,Medieval European History and Architecture,1204,Archeology,12,Arts and Humanities,2,Social Sciences,234053,61114,19,10,2024-01-23T15:27:22,2026-09-22T03:01:44
T13379,"Multiculturalism, Politics, Migration, Gender",3320,Political Science and International Relations,33,Social Sciences,2,Social Sciences,233460,313612,117,10,2024-01-23T15:27:18,2026-09-22T03:01:44
T13053,SMEs Development and Digital Marketing,3317,Demography,33,Social Sciences,2,Social Sciences,233253,400232,26,10,2024-01-23T15:27:16,2026-09-22T03:01:44
T13255,"Business, Innovation, and Economy",2002,Economics and Econometrics,20,"Economics, Econometrics and Finance",2,Social Sciences,232744,142126,78,10,2024-01-23T15:27:17,2026-09-22T03:01:44
T14449,Education and Character Development,3304,Education,33,Social Sciences,2,Social Sciences,232343,531850,136,10,2024-01-23T15:27:22,2026-09-22T03:01:44
T12568,Plant Taxonomy and Phylogenetics,1105,"Ecology, Evolution, Behavior and Systematics",11,Agricultural and Biological Sciences,1,Life Sciences,232140,443640,32,10,2024-01-23T15:27:14,2026-09-22T03:01:44
T14495,Public Health and Nutrition,2735,"Pediatrics, Perinatology and Child Health",27,Medicine,4,Health Sciences,231595,382584,19,10,2024-01-23T15:27:22,2026-09-22T03:01:44
T10605,Historical Economic and Social Studies,2002,Economics and Econometrics,20,"Economics, Econometrics and Finance",2,Social Sciences,230330,1012952,78,10,2024-01-23T15:27:07,2026-09-22T03:01:44
T10025,Black Holes and Theoretical Physics,3106,Nuclear and High Energy Physics,31,Physics and Astronomy,3,Physical Sciences,229815,4306769,12,10,2024-01-23T15:27:05,2026-09-22T03:01:44
T10332,Amphibian and Reptile Biology,2306,Global and Planetary Change,23,Environmental Science,3,Physical Sciences,229558,1474195,29,10,2024-01-23T15:27:06,2026-09-22T03:01:44
T11463,Classical Philosophy and Thought,1211,Philosophy,12,Arts and Humanities,2,Social Sciences,227377,1314605,48,10,2024-01-23T15:27:10,2026-09-22T03:01:44
T13031,Civil and Structural Engineering Research,2205,Civil and Structural Engineering,22,Engineering,3,Physical Sciences,226125,172098,41,10,2024-01-23T15:27:16,2026-09-22T03:01:44
T11930,"Cardiac, Anesthesia and Surgical Outcomes",2705,Cardiology and Cardiovascular Medicine,27,Medicine,4,Health Sciences,225757,1385294,28,10,2024-01-23T15:27:12,2026-09-22T03:01:44
T13607,Academic Publishing and Open Access,1802,Information Systems and Management,18,Decision Sciences,2,Social Sciences,225530,111653,14,10,2024-01-23T15:27:19,2026-09-22T03:01:44
T10077,Neuroscience and Neuropharmacology Research,2804,Cellular and Molecular Neuroscience,28,Neuroscience,1,Life Sciences,225113,8706785,12,10,2024-01-23T15:27:05,2026-09-22T03:01:44
T10224,Quantum Chromodynamics and Particle Interactions,3106,Nuclear and High Energy Physics,31,Physics and Astronomy,3,Physical Sciences,224631,1994252,12,10,2024-01-23T15:27:05,2026-09-22T03:01:44
T14156,Engineering Applied Research,2205,Civil and Structural Engineering,22,Engineering,3,Physical Sciences,223494,182612,41,10,2024-01-23T15:27:21,2026-09-22T03:01:44
T10093,Nuclear physics research studies,3106,Nuclear and High Energy Physics,31,Physics and Astronomy,3,Physical Sciences,222230,2822324,12,10,2024-01-23T15:27:05,2026-09-22T03:01:44
T10192,Catalytic Processes in Materials Science,2505,Materials Chemistry,25,Materials Science,3,Physical Sciences,220941,4895999,68,10,2024-01-23T15:27:05,2026-09-22T03:01:44
T14109,Scottish History and National Identity,1202,History,12,Arts and Humanities,2,Social Sciences,220912,349441,43,10,2024-01-23T15:27:21,2026-09-22T03:01:44
T10910,Corporate Governance and Management,1408,Strategy and Management,14,"Business, Management and Accounting",2,Social Sciences,220582,375248,41,10,2024-01-23T15:27:08,2026-09-22T03:01:44
T10166,Mosquito-borne diseases and control,2739,"Public Health, Environmental and Occupational Health",27,Medicine,4,Health Sciences,219107,3018135,53,10,2024-01-23T15:27:05,2026-09-22T03:01:44
T12267,Diet and metabolism studies,2737,Physiology,27,Medicine,4,Health Sciences,219028,2708808,29,10,2024-01-23T15:27:13,2026-09-22T03:01:44
T12119,Linguistics and Discourse Analysis,1211,Philosophy,12,Arts and Humanities,2,Social Sciences,218503,400328,48,10,2024-01-23T15:27:13,2026-09-22T03:01:44
T10885,Gene expression and cancer classification,1312,Molecular Biology,13,"Biochemistry, Genetics and Molecular Biology",1,Life Sciences,218488,1769265,134,10,2024-01-23T15:27:08,2026-09-22T03:01:44
T12624,Maritime and Coastal Archaeology,1204,Archeology,12,Arts and Humanities,2,Social Sciences,217344,392708,19,10,2024-01-23T15:27:15,2026-09-22T03:01:44
T11546,Plant Physiology and Cultivation Studies,1110,Plant Science,11,Agricultural and Biological Sciences,1,Life Sciences,216803,1112653,89,10,2024-01-23T15:27:11,2026-09-22T03:01:44
T11757,Seismic Waves and Analysis,1908,Geophysics,19,Earth and Planetary Sciences,3,Physical Sciences,216292,713683,9,10,2024-01-23T15:27:11,2026-09-22T03:01:44
T12266,Byzantine Studies and History,1205,Classics,12,Arts and Humanities,2,Social Sciences,215592,430561,4,10,2024-01-23T15:27:13,2026-09-22T03:01:44
T12752,Global Peace and Security Dynamics,3320,Political Science and International Relations,33,Social Sciences,2,Social Sciences,215469,1033419,117,10,2024-01-23T15:27:15,2026-09-22T03:01:44
T10159,Ionosphere and magnetosphere dynamics,3103,Astronomy and Astrophysics,31,Physics and Astronomy,3,Physical Sciences,215219,2583511,20,10,2024-01-23T15:27:05,2026-09-22T03:01:44
T13022,Health and Medical Studies,3600,General Health Professions,36,Health Professions,4,Health Sciences,214974,283608,49,10,2024-01-23T15:27:16,2026-09-22T03:01:44
T12039,Electron and X-Ray Spectroscopy Techniques,2508,"Surfaces, Coatings and Films",25,Materials Science,3,Physical Sciences,214828,1805714,3,10,2024-01-23T15:27:12,2026-09-22T03:01:44
T11468,Genetic Mapping and Diversity in Plants and Animals,1311,Genetics,13,"Biochemistry, Genetics and Molecular Biology",1,Life Sciences,213302,1660185,39,10,2024-01-23T15:27:10,2026-09-22T03:01:44
T11494,Coleoptera Taxonomy and Distribution,1105,"Ecology, Evolution, Behavior and Systematics",11,Agricultural and Biological Sciences,1,Life Sciences,212750,225564,32,10,2024-01-23T15:27:10,2026-09-22T03:01:44
T11949,Nuclear Physics and Applications,3108,Radiation,31,Physics and Astronomy,3,Physical Sciences,212209,1314782,5,10,2024-01-23T15:27:12,2026-09-22T03:01:44
T12510,Magneto-Optical Properties and Applications,2208,Electrical and Electronic Engineering,22,Engineering,3,Physical Sciences,211937,284062,116,10,2024-01-23T15:27:14,2026-09-22T03:01:44
T10299,Photonic and Optical Devices,2208,Electrical and Electronic Engineering,22,Engineering,3,Physical Sciences,211420,2207211,116,10,2024-01-23T15:27:06,2026-09-22T03:01:44
T13003,Regional Development and Environment,3312,Sociology and Political Science,33,Social Sciences,2,Social Sciences,210094,46994,223,10,2024-01-23T15:27:16,2026-09-22T03:01:44
T11421,Labor Movements and Unions,3321,Public Administration,33,Social Sciences,2,Social Sciences,209408,1302124,2,10,2024-01-23T15:27:10,2026-09-22T03:01:44
T10026,"Galaxies: Formation, Evolution, Phenomena",3103,Astronomy and Astrophysics,31,Physics and Astronomy,3,Physical Sciences,208855,4686632,20,10,2024-01-23T15:27:05,2026-09-22T03:01:44
T12076,Renaissance and Early Modern Studies,1202,History,12,Arts and Humanities,2,Social Sciences,208141,214935,43,10,2024-01-23T15:27:13,2026-09-22T03:01:44
T13394,"Ecology, Conservation, and Geographical Studies",2309,Nature and Landscape Conservation,23,Environmental Science,3,Physical Sciences,207988,176506,11,10,2024-01-23T15:27:18,2026-09-22T03:01:44
T11563,Indian and Buddhist Studies,1212,Religious studies,12,Arts and Humanities,2,Social Sciences,207879,195551,14,10,2024-01-23T15:27:11,2026-09-22T03:01:44
T12337,Italian Fascism and Post-war Society,3312,Sociology and Political Science,33,Social Sciences,2,Social Sciences,207311,438362,223,10,2024-01-23T15:27:14,2026-09-22T03:01:44
T14339,Image Processing and 3D Reconstruction,1707,Computer Vision and Pattern Recognition,17,Computer Science,3,Physical Sciences,207002,303610,34,10,2024-01-23T15:27:22,2026-09-22T03:01:44
T13807,Cultural Insights and Digital Impacts,1705,Computer Networks and Communications,17,Computer Science,3,Physical Sciences,206994,147181,42,10,2024-01-23T15:27:20,2026-09-22T03:01:44
T11365,Islamic Finance and Banking Studies,1402,Accounting,14,"Business, Management and Accounting",2,Social Sciences,206671,758353,21,10,2024-01-23T15:27:10,2026-09-22T03:01:44
T13028,Literature and Culture Studies,1208,Literature and Literary Theory,12,Arts and Humanities,2,Social Sciences,206451,31397,52,10,2024-01-23T15:27:16,2026-09-22T03:01:44
T11312,Soil Moisture and Remote Sensing,2305,Environmental Engineering,23,Environmental Science,3,Physical Sciences,205520,711849,18,10,2024-01-23T15:27:10,2026-09-22T03:01:44
T11594,Tree-ring climate responses,1902,Atmospheric Science,19,Earth and Planetary Sciences,3,Physical Sciences,205142,748544,12,10,2024-01-23T15:27:11,2026-09-22T03:01:44
T12430,Academic and Historical Perspectives in Psychology,3200,General Psychology,32,Psychology,2,Social Sciences,205018,1056974,0,10,2024-01-23T15:27:14,2026-09-22T03:01:44
T14191,Historical Art and Architecture Studies,1206,Conservation,12,Arts and Humanities,2,Social Sciences,204602,86757,5,10,2024-01-23T15:27:21,2026-09-22T03:01:44
T14149,Historical and Literary Analyses,1208,Literature and Literary Theory,12,Arts and Humanities,2,Social Sciences,204255,127138,52,10,2024-01-23T15:27:21,2026-09-22T03:01:44
T12289,Library Science and Administration,3309,Library and Information Sciences,33,Social Sciences,2,Social Sciences,204084,177084,1,10,2024-01-23T15:27:13,2026-09-22T03:01:44
T10012,Genetic diversity and population structure,1311,Genetics,13,"Biochemistry, Genetics and Molecular Biology",1,Life Sciences,203493,2594923,39,10,2024-01-23T15:27:04,2026-09-22T03:01:44
T13593,Historical and Archaeological Studies,1202,History,12,Arts and Humanities,2,Social Sciences,202554,239515,43,10,2024-01-23T15:27:19,2026-09-22T03:01:44
T10002,Advanced Chemical Physics Studies,3107,"Atomic and Molecular Physics, and Optics",31,Physics and Astronomy,3,Physical Sciences,202341,7770193,36,10,2024-01-23T15:27:04,2026-09-22T03:01:44
T10522,Medical Imaging Techniques and Applications,2741,"Radiology, Nuclear Medicine and Imaging",27,Medicine,4,Health Sciences,201857,1666323,29,10,2024-01-23T15:27:06,2026-09-22T03:01:44
T13130,Biological and pharmacological studies of plants,2736,Pharmacology,27,Medicine,4,Health Sciences,201712,132849,21,10,2024-01-23T15:27:17,2026-09-22T03:01:44
T10595,Medieval Literature and History,1205,Classics,12,Arts and Humanities,2,Social Sciences,201570,672768,4,10,2024-01-23T15:27:07,2026-09-22T03:01:44
T10758,Cinema and Media Studies,2002,Economics and Econometrics,20,"Economics, Econometrics and Finance",2,Social Sciences,201265,538339,78,10,2024-01-23T15:27:08,2026-09-22T03:01:44
T10230,Marine and fisheries research,2306,Global and Planetary Change,23,Environmental Science,3,Physical Sciences,200921,2407994,29,10,2024-01-23T15:27:05,2026-09-22T03:01:44
T12959,Engineering and Materials Science Studies,2210,Mechanical Engineering,22,Engineering,3,Physical Sciences,200244,207358,78,10,2024-01-23T15:27:16,2026-09-22T03:01:44
T10054,Parallel Computing and Optimization Techniques,1708,Hardware and Architecture,17,Computer Science,3,Physical Sciences,200064,2340293,7,10,2024-01-23T15:27:05,2026-09-22T03:01:44
T13398,Data Analysis with R,1702,Artificial Intelligence,17,Computer Science,3,Physical Sciences,199728,674676,76,10,2024-01-23T15:27:18,2026-09-22T03:01:44
T11016,Monoclonal and Polyclonal Antibodies Research,2741,"Radiology, Nuclear Medicine and Imaging",27,Medicine,4,Health Sciences,199645,4285751,29,10,2024-01-23T15:27:09,2026-09-22T03:01:44
T10133,Media Studies and Communication,3315,Communication,33,Social Sciences,2,Social Sciences,199296,919490,15,10,2024-01-23T15:27:05,2026-09-22T03:01:44
T12977,Spanish Literature and Culture Studies,1208,Literature and Literary Theory,12,Arts and Humanities,2,Social Sciences,199281,94471,52,10,2024-01-23T15:27:16,2026-09-22T03:01:44
T10302,Fish Ecology and Management Studies,2309,Nature and Landscape Conservation,23,Environmental Science,3,Physical Sciences,198670,3299710,11,10,2024-01-23T15:27:06,2026-09-22T03:01:44
T10815,Parasite Biology and Host Interactions,2303,Ecology,23,Environmental Science,3,Physical Sciences,198389,1225391,32,10,2024-01-23T15:27:08,2026-09-22T03:01:44
T10152,Animal Nutrition and Physiology,1103,Animal Science and Zoology,11,Agricultural and Biological Sciences,1,Life Sciences,198231,2316010,7,10,2024-01-23T15:27:05,2026-09-22T03:01:44
T11050,Photorefractive and Nonlinear Optics,3107,"Atomic and Molecular Physics, and Optics",31,Physics and Astronomy,3,Physical Sciences,198096,706114,36,10,2024-01-23T15:27:09,2026-09-22T03:01:44
T11742,Economic Theory and Policy,2000,"General Economics, Econometrics and Finance",20,"Economics, Econometrics and Finance",2,Social Sciences,197429,1420403,11,10,2024-01-23T15:27:11,2026-09-22T03:01:44
T12764,Polish Historical and Cultural Studies,3320,Political Science and International Relations,33,Social Sciences,2,Social Sciences,197363,107499,117,10,2024-01-23T15:27:15,2026-09-22T03:01:44
T14186,Healthcare Systems and Practices,3600,General Health Professions,36,Health Professions,4,Health Sciences,197363,116497,49,10,2024-01-23T15:27:21,2026-09-22T03:01:44
T12552,Fetal and Pediatric Neurological Disorders,2735,"Pediatrics, Perinatology and Child Health",27,Medicine,4,Health Sciences,196921,358520,19,10,2024-01-23T15:27:14,2026-09-22T03:01:44
T11027,Metabolism and Genetic Disorders,1308,Clinical Biochemistry,13,"Biochemistry, Genetics and Molecular Biology",1,Life Sciences,196408,2158446,3,10,2024-01-23T15:27:09,2026-09-22T03:01:44
T10765,Marine Biology and Ecology Research,1910,Oceanography,19,Earth and Planetary Sciences,3,Physical Sciences,195785,1525469,8,10,2024-01-23T15:27:08,2026-09-22T03:01:44
T11715,Education and Critical Thinking Development,3304,Education,33,Social Sciences,2,Social Sciences,195407,1595711,136,10,2024-01-23T15:27:11,2026-09-22T03:01:44
T10683,Mass Spectrometry Techniques and Applications,1607,Spectroscopy,16,Chemistry,3,Physical Sciences,195244,2907332,11,10,2024-01-23T15:27:07,2026-09-22T03:01:44
T11955,Urban and spatial planning,2309,Nature and Landscape Conservation,23,Environmental Science,3,Physical Sciences,194695,63809,11,10,2024-01-23T15:27:12,2026-09-22T03:01:44
T11808,Superconducting Materials and Applications,2204,Biomedical Engineering,22,Engineering,3,Physical Sciences,194629,399157,71,10,2024-01-23T15:27:11,2026-09-22T03:01:44
T10182,Child and Adolescent Psychosocial and Emotional Development,3203,Clinical Psychology,32,Psychology,2,Social Sciences,194501,4978832,37,10,2024-01-23T15:27:05,2026-09-22T03:01:44
T10457,Education Pedagogy and Practices,3304,Education,33,Social Sciences,2,Social Sciences,194442,199121,136,10,2024-01-23T15:27:06,2026-09-22T03:01:44
T13568,Wood and Agarwood Research,1605,Organic Chemistry,16,Chemistry,3,Physical Sciences,194010,72460,60,10,2024-01-23T15:27:19,2026-09-22T03:01:44
T10018,Advancements in Battery Materials,2208,Electrical and Electronic Engineering,22,Engineering,3,Physical Sciences,193919,6977962,116,10,2024-01-23T15:27:04,2026-09-22T03:01:44
T10089,Avian ecology and behavior,2303,Ecology,23,Environmental Science,3,Physical Sciences,192708,2026382,32,10,2024-01-23T15:27:05,2026-09-22T03:01:44
T10715,Distributed and Parallel Computing Systems,1705,Computer Networks and Communications,17,Computer Science,3,Physical Sciences,192685,1219790,42,10,2024-01-23T15:27:07,2026-09-22T03:01:44
T14468,Plant Ecology and Soil Science,2303,Ecology,23,Environmental Science,3,Physical Sciences,192489,238747,32,10,2024-01-23T15:27:22,2026-09-22T03:01:44
T11841,Nuclear Structure and Function,1312,Molecular Biology,13,"Biochemistry, Genetics and Molecular Biology",1,Life Sciences,192210,902531,134,10,2024-01-23T15:27:12,2026-09-22T03:01:44
T13996,Diverse Musicological Studies,1210,Music,12,Arts and Humanities,2,Social Sciences,192043,218909,4,10,2024-01-23T15:27:20,2026-09-22T03:01:44
T11484,Adaptive optics and wavefront sensing,3107,"Atomic and Molecular Physics, and Optics",31,Physics and Astronomy,3,Physical Sciences,191526,365310,36,10,2024-01-23T15:27:10,2026-09-22T03:01:44
T11891,Big Data and Business Intelligence,1404,Management Information Systems,14,"Business, Management and Accounting",2,Social Sciences,190947,1261942,15,10,2024-01-23T15:27:12,2026-09-22T03:01:44
T10759,Translation Studies and Practices,1203,Language and Linguistics,12,Arts and Humanities,2,Social Sciences,190857,561391,19,10,2024-01-23T15:27:08,2026-09-22T03:01:44
T10472,Semiconductor materials and devices,2208,Electrical and Electronic Engineering,22,Engineering,3,Physical Sciences,190449,2660597,116,10,2024-01-23T15:27:06,2026-09-22T03:01:44
T11168,International Development and Aid,3303,Development,33,Social Sciences,2,Social Sciences,189616,1489272,7,10,2024-01-23T15:27:09,2026-09-22T03:01:44
T10503,Global Financial Crisis and Policies,2003,Finance,20,"Economics, Econometrics and Finance",2,Social Sciences,188595,1417479,15,10,2024-01-23T15:27:06,2026-09-22T03:01:44
T10572,Geophysical and Geoelectrical Methods,1908,Geophysics,19,Earth and Planetary Sciences,3,Physical Sciences,188567,902960,9,10,2024-01-23T15:27:07,2026-09-22T03:01:44
T10271,Seismic Imaging and Inversion Techniques,1908,Geophysics,19,Earth and Planetary Sciences,3,Physical Sciences,188495,1327652,9,10,2024-01-23T15:27:05,2026-09-22T03:01:44
T10406,Planetary Science and Exploration,3103,Astronomy and Astrophysics,31,Physics and Astronomy,3,Physical Sciences,188026,1654812,20,10,2024-01-23T15:27:06,2026-09-22T03:01:44
T10236,Aquatic Ecosystems and Phytoplankton Dynamics,2304,Environmental Chemistry,23,Environmental Science,3,Physical Sciences,187939,1943371,10,10,2024-01-23T15:27:05,2026-09-22T03:01:44
T10019,Corporate Finance and Governance,1402,Accounting,14,"Business, Management and Accounting",2,Social Sciences,187559,4231299,21,10,2024-01-23T15:27:04,2026-09-22T03:01:44
T12532,Historical and Cultural Archaeology Studies,3314,Anthropology,33,Social Sciences,2,Social Sciences,187196,216907,24,10,2024-01-23T15:27:14,2026-09-22T03:01:44
T11203,Jewish and Middle Eastern Studies,3312,Sociology and Political Science,33,Social Sciences,2,Social Sciences,186258,662827,223,10,2024-01-23T15:27:09,2026-09-22T03:01:44
T10110,earthquake and tectonic studies,1908,Geophysics,19,Earth and Planetary Sciences,3,Physical Sciences,186125,3503941,9,10,2024-01-23T15:27:05,2026-09-22T03:01:44
T10360,Fluid Dynamics and Turbulent Flows,2206,Computational Mechanics,22,Engineering,3,Physical Sciences,186106,3030782,29,10,2024-01-23T15:27:06,2026-09-22T03:01:44
T12925,Educational and Social Studies,3304,Education,33,Social Sciences,2,Social Sciences,185832,105155,136,10,2024-01-23T15:27:16,2026-09-22T03:01:44
T10162,Online and Blended Learning,3304,Education,33,Social Sciences,2,Social Sciences,185802,1766492,136,10,2024-01-23T15:27:05,2026-09-22T03:01:44
T11796,Horticultural and Viticultural Research,1110,Plant Science,11,Agricultural and Biological Sciences,1,Life Sciences,185579,854600,89,10,2024-01-23T15:27:11,2026-09-22T03:01:44
T11410,Cultural Industries and Urban Development,3322,Urban Studies,33,Social Sciences,2,Social Sciences,184473,834389,18,10,2024-01-23T15:27:10,2026-09-22T03:01:44
T14313,Health and Well-being Studies,3203,Clinical Psychology,32,Psychology,2,Social Sciences,183114,773901,37,10,2024-01-23T15:27:22,2026-09-22T03:01:44
T12648,Academic Writing and Publishing,1207,History and Philosophy of Science,12,Arts and Humanities,2,Social Sciences,182656,191141,18,10,2024-01-23T15:27:15,2026-09-22T03:01:44
T10527,High-Energy Particle Collisions Research,3106,Nuclear and High Energy Physics,31,Physics and Astronomy,3,Physical Sciences,182545,1357577,12,10,2024-01-23T15:27:06,2026-09-22T03:01:44
T14518,American Sports and Literature,1202,History,12,Arts and Humanities,2,Social Sciences,182278,89296,43,10,2024-01-23T15:27:22,2026-09-22T03:01:44
T12525,Australian History and Society,3312,Sociology and Political Science,33,Social Sciences,2,Social Sciences,182120,528134,223,10,2024-01-23T15:27:14,2026-09-22T03:01:44
T14451,Historical and Religious Studies of Rome,1202,History,12,Arts and Humanities,2,Social Sciences,182021,272137,43,10,2024-01-23T15:27:22,2026-09-22T03:01:44
T10051,Asthma and respiratory diseases,2737,Physiology,27,Medicine,4,Health Sciences,181908,3491428,29,10,2024-01-23T15:27:05,2026-09-22T03:01:44
T13129,Material Properties and Applications,2500,General Materials Science,25,Materials Science,3,Physical Sciences,181733,548219,2,10,2024-01-23T15:27:17,2026-09-22T03:01:44
T13706,Management and Optimization Techniques,1408,Strategy and Management,14,"Business, Management and Accounting",2,Social Sciences,180836,240809,41,10,2024-01-23T15:27:19,2026-09-22T03:01:44
T14379,Diverse Cultural and Historical Studies,3316,Cultural Studies,33,Social Sciences,2,Social Sciences,180315,50460,37,10,2024-01-23T15:27:22,2026-09-22T03:01:44
T13766,"Media, Journalism, and Communication History",1202,History,12,Arts and Humanities,2,Social Sciences,180192,39639,43,10,2024-01-23T15:27:19,2026-09-22T03:01:44
T12319,Fish Biology and Ecology Studies,1104,Aquatic Science,11,Agricultural and Biological Sciences,1,Life Sciences,179301,720725,6,10,2024-01-23T15:27:13,2026-09-22T03:01:44
T10804,"Health Systems, Economic Evaluations, Quality of Life",2002,Economics and Econometrics,20,"Economics, Econometrics and Finance",2,Social Sciences,178912,2039530,78,10,2024-01-23T15:27:08,2026-09-22T03:01:44
T13332,"Historical Studies on Reproduction, Gender, Health, and Societal Changes",1202,History,12,Arts and Humanities,2,Social Sciences,178805,349520,43,10,2024-01-23T15:27:18,2026-09-22T03:01:44
T12341,Spanish Linguistics and Language Studies,1203,Language and Linguistics,12,Arts and Humanities,2,Social Sciences,178700,301322,19,10,2024-01-23T15:27:14,2026-09-22T03:01:44
T10157,Sports Performance and Training,2732,Orthopedics and Sports Medicine,27,Medicine,4,Health Sciences,178190,1932372,6,10,2024-01-23T15:27:05,2026-09-22T03:01:44
T12323,Asian American and Pacific Histories,3316,Cultural Studies,33,Social Sciences,2,Social Sciences,178121,243790,37,10,2024-01-23T15:27:13,2026-09-22T03:01:44
T10172,Cardiac Valve Diseases and Treatments,2705,Cardiology and Cardiovascular Medicine,27,Medicine,4,Health Sciences,177843,2006462,28,10,2024-01-23T15:27:05,2026-09-22T03:01:44
T10399,Hydrocarbon exploration and reservoir analysis,2211,Mechanics of Materials,22,Engineering,3,Physical Sciences,177523,2057008,28,10,2024-01-23T15:27:06,2026-09-22T03:01:44
T13883,Child and Adolescent Health,3600,General Health Professions,36,Health Professions,4,Health Sciences,177247,679114,49,10,2024-01-23T15:27:20,2026-09-22T03:01:44
T11289,Single-cell and spatial transcriptomics,1312,Molecular Biology,13,"Biochemistry, Genetics and Molecular Biology",1,Life Sciences,177170,1479115,134,10,2024-01-23T15:27:10,2026-09-22T03:01:44
T10091,Malaria Research and Control,2739,"Public Health, Environmental and Occupational Health",27,Medicine,4,Health Sciences,176566,2717750,53,10,2024-01-23T15:27:05,2026-09-22T03:01:44
T13856,Advanced Power Generation Technologies,2208,Electrical and Electronic Engineering,22,Engineering,3,Physical Sciences,176290,75512,116,10,2024-01-23T15:27:20,2026-09-22T03:01:44
T12771,Plant pathogens and resistance mechanisms,1110,Plant Science,11,Agricultural and Biological Sciences,1,Life Sciences,176248,342426,89,10,2024-01-23T15:27:15,2026-09-22T03:01:44
T13939,Archaeology and Natural History,3314,Anthropology,33,Social Sciences,2,Social Sciences,176175,378735,24,10,2024-01-23T15:27:20,2026-09-22T03:01:44
T14101,Financial Crisis of the 21st Century,2003,Finance,20,"Economics, Econometrics and Finance",2,Social Sciences,176017,91925,15,10,2024-01-23T15:27:21,2026-09-22T03:01:44
T12773,Water Quality and Resources Studies,2312,Water Science and Technology,23,Environmental Science,3,Physical Sciences,175612,266210,23,10,2024-01-23T15:27:15,2026-09-22T03:01:44
T13735,History of Medical Practice,2728,Neurology,27,Medicine,4,Health Sciences,175301,203854,21,10,2024-01-23T15:27:19,2026-09-22T03:01:44
T13922,Historical Art and Culture Studies,1209,Museology,12,Arts and Humanities,2,Social Sciences,175042,165933,8,10,2024-01-23T15:27:20,2026-09-22T03:01:44
T10055,Diverse Aspects of Tourism Research,3312,Sociology and Political Science,33,Social Sciences,2,Social Sciences,174909,1935762,223,10,2024-01-23T15:27:05,2026-09-22T03:01:44
T10214,Psychotherapy Techniques and Applications,3203,Clinical Psychology,32,Psychology,2,Social Sciences,174165,1819015,37,10,2024-01-23T15:27:05,2026-09-22T03:01:44
T14059,"Nietzsche, Schopenhauer, and Hegel",1211,Philosophy,12,Arts and Humanities,2,Social Sciences,173970,208129,48,10,2024-01-23T15:27:21,2026-09-22T03:01:44
T10240,Plant tissue culture and regeneration,1312,Molecular Biology,13,"Biochemistry, Genetics and Molecular Biology",1,Life Sciences,173737,2428550,134,10,2024-01-23T15:27:05,2026-09-22T03:01:44
T13823,Religious and Theological Studies,3312,Sociology and Political Science,33,Social Sciences,2,Social Sciences,173267,52381,223,10,2024-01-23T15:27:20,2026-09-22T03:01:44
T14249,Water Quality Monitoring and Analysis,2311,Waste Management and Disposal,23,Environmental Science,3,Physical Sciences,173229,868733,8,10,2024-01-23T15:27:21,2026-09-22T03:01:44
T14180,"Law, logistics, and international trade",1402,Accounting,14,"Business, Management and Accounting",2,Social Sciences,173133,185244,21,10,2024-01-23T15:27:21,2026-09-22T03:01:44
T14395,African history and culture studies,3314,Anthropology,33,Social Sciences,2,Social Sciences,172478,649199,24,10,2024-01-23T15:27:22,2026-09-22T03:01:44
T12327,Various Chemistry Research Topics,1606,Physical and Theoretical Chemistry,16,Chemistry,3,Physical Sciences,172063,1754400,7,10,2024-01-23T15:27:13,2026-09-22T03:01:44
T10143,Chronic Obstructive Pulmonary Disease (COPD) Research,2740,Pulmonary and Respiratory Medicine,27,Medicine,4,Health Sciences,171721,2342132,51,10,2024-01-23T15:27:05,2026-09-22T03:01:44
T10594,Genetic and phenotypic traits in livestock,1311,Genetics,13,"Biochemistry, Genetics and Molecular Biology",1,Life Sciences,171699,1891119,39,10,2024-01-23T15:27:07,2026-09-22T03:01:44
T13802,Vietnamese History and Culture Studies,3312,Sociology and Political Science,33,Social Sciences,2,Social Sciences,171416,387763,223,10,2024-01-23T15:27:20,2026-09-22T03:01:44
T12854,Neurology and Historical Studies,2808,Neurology,28,Neuroscience,1,Life Sciences,170878,471041,9,10,2024-01-23T15:27:16,2026-09-22T03:01:44
T10749,International Law and Human Rights,3320,Political Science and International Relations,33,Social Sciences,2,Social Sciences,170708,716540,117,10,2024-01-23T15:27:07,2026-09-22T03:01:44
T10215,Semantic Web and Ontologies,1702,Artificial Intelligence,17,Computer Science,3,Physical Sciences,170506,1503705,76,10,2024-01-23T15:27:05,2026-09-22T03:01:44
T10028,Topic Modeling,1702,Artificial Intelligence,17,Computer Science,3,Physical Sciences,170235,2450134,76,10,2024-01-23T15:27:05,2026-09-22T03:01:44
T10211,Computational Drug Discovery Methods,1703,Computational Theory and Mathematics,17,Computer Science,3,Physical Sciences,170217,3233862,23,10,2024-01-23T15:27:05,2026-09-22T03:01:44
T13597,Medicine and Dermatology Studies History,2708,Dermatology,27,Medicine,4,Health Sciences,169968,188862,12,10,2024-01-23T15:27:19,2026-09-22T03:01:44
T10630,Orthopedic Surgery and Rehabilitation,2746,Surgery,27,Medicine,4,Health Sciences,169841,1417211,95,10,2024-01-23T15:27:07,2026-09-22T03:01:44
T13178,Theology and Canon Law Studies,1212,Religious studies,12,Arts and Humanities,2,Social Sciences,169542,102769,14,10,2024-01-23T15:27:17,2026-09-22T03:01:44
T10127,"Banking stability, regulation, efficiency",2003,Finance,20,"Economics, Econometrics and Finance",2,Social Sciences,169541,1906904,15,10,2024-01-23T15:27:05,2026-09-22T03:01:44
T11770,Fiscal Policy and Economic Growth,2002,Economics and Econometrics,20,"Economics, Econometrics and Finance",2,Social Sciences,169394,1909208,78,10,2024-01-23T15:27:11,2026-09-22T03:01:44
T12004,Advanced Frequency and Time Standards,3107,"Atomic and Molecular Physics, and Optics",31,Physics and Astronomy,3,Physical Sciences,169376,243530,36,10,2024-01-23T15:27:12,2026-09-22T03:01:44
T13456,"Religion, Society, and Development",3312,Sociology and Political Science,33,Social Sciences,2,Social Sciences,169239,503433,223,10,2024-01-23T15:27:18,2026-09-22T03:01:44
T13760,"Finance, Taxation, and Governance",2308,"Management, Monitoring, Policy and Law",23,Environmental Science,3,Physical Sciences,169025,53665,33,10,2024-01-23T15:27:19,2026-09-22T03:01:44
T10209,Global Maternal and Child Health,2735,"Pediatrics, Perinatology and Child Health",27,Medicine,4,Health Sciences,168872,1560931,19,10,2024-01-23T15:27:05,2026-09-22T03:01:44
T11746,Inorganic and Organometallic Chemistry,1605,Organic Chemistry,16,Chemistry,3,Physical Sciences,168792,1247542,60,10,2024-01-23T15:27:11,2026-09-22T03:01:44
T13025,American History and Culture,1406,Marketing,14,"Business, Management and Accounting",2,Social Sciences,167879,187550,14,10,2024-01-23T15:27:16,2026-09-22T03:01:44
T11590,Primary Care and Health Outcomes,3600,General Health Professions,36,Health Professions,4,Health Sciences,167419,934762,49,10,2024-01-23T15:27:11,2026-09-22T03:01:44
T10058,Entrepreneurship Studies and Influences,1405,Management of Technology and Innovation,14,"Business, Management and Accounting",2,Social Sciences,166793,2465201,15,10,2024-01-23T15:27:05,2026-09-22T03:01:44
T13734,Advanced Computational Techniques and Applications,1702,Artificial Intelligence,17,Computer Science,3,Physical Sciences,166773,199544,76,10,2024-01-23T15:27:19,2026-09-22T03:01:44
T10087,Archaeology and ancient environmental studies,1911,Paleontology,19,Earth and Planetary Sciences,3,Physical Sciences,166718,1097368,6,10,2024-01-23T15:27:05,2026-09-22T03:01:44
T10429,EEG and Brain-Computer Interfaces,2805,Cognitive Neuroscience,28,Neuroscience,1,Life Sciences,166258,2487812,27,10,2024-01-23T15:27:06,2026-09-22T03:01:44
T10413,High-pressure geophysics and materials,1908,Geophysics,19,Earth and Planetary Sciences,3,Physical Sciences,166023,2714274,9,10,2024-01-23T15:27:06,2026-09-22T03:01:44
T10330,Hydrology and Watershed Management Studies,2312,Water Science and Technology,23,Environmental Science,3,Physical Sciences,165349,2488773,23,10,2024-01-23T15:27:06,2026-09-22T03:01:44
T10199,Wildlife Ecology and Conservation,2303,Ecology,23,Environmental Science,3,Physical Sciences,165149,2977654,32,10,2024-01-23T15:27:05,2026-09-22T03:01:44
T14293,Biotechnology and Related Fields,2739,"Public Health, Environmental and Occupational Health",27,Medicine,4,Health Sciences,165131,393186,53,10,2024-01-23T15:27:22,2026-09-22T03:01:44
T13124,Chemical synthesis and alkaloids,1605,Organic Chemistry,16,Chemistry,3,Physical Sciences,165121,623794,60,10,2024-01-23T15:27:17,2026-09-22T03:01:44
T14039,Ecology and biodiversity studies,2303,Ecology,23,Environmental Science,3,Physical Sciences,164791,297369,32,10,2024-01-23T15:27:21,2026-09-22T03:01:44
T10022,Semiconductor Quantum Structures and Devices,3107,"Atomic and Molecular Physics, and Optics",31,Physics and Astronomy,3,Physical Sciences,164598,1995957,36,10,2024-01-23T15:27:04,2026-09-22T03:01:44
T11197,Digital Games and Media,3312,Sociology and Political Science,33,Social Sciences,2,Social Sciences,164246,774430,223,10,2024-01-23T15:27:09,2026-09-22T03:01:44
T10443,Social Policy and Reform Studies,3320,Political Science and International Relations,33,Social Sciences,2,Social Sciences,163721,1542509,117,10,2024-01-23T15:27:06,2026-09-22T03:01:44
T13484,German History and Society,1202,History,12,Arts and Humanities,2,Social Sciences,163706,108208,43,10,2024-01-23T15:27:18,2026-09-22T03:01:44
T10285,Venous Thromboembolism Diagnosis and Management,2724,Internal Medicine,27,Medicine,4,Health Sciences,163648,1927420,0,10,2024-01-23T15:27:05,2026-09-22T03:01:44
T10521,RNA and protein synthesis mechanisms,1312,Molecular Biology,13,"Biochemistry, Genetics and Molecular Biology",1,Life Sciences,163416,5343197,134,10,2024-01-23T15:27:06,2026-09-22T03:01:44
T10609,Digital Marketing and Social Media,3312,Sociology and Political Science,33,Social Sciences,2,Social Sciences,163104,2070386,223,10,2024-01-23T15:27:07,2026-09-22T03:01:44
T11472,Analytical Chemistry and Sensors,1502,Bioengineering,15,Chemical Engineering,3,Physical Sciences,162910,1855686,0,10,2024-01-23T15:27:10,2026-09-22T03:01:44
T10075,Atmospheric chemistry and aerosols,1902,Atmospheric Science,19,Earth and Planetary Sciences,3,Physical Sciences,162522,4316239,12,10,2024-01-23T15:27:05,2026-09-22T03:01:44
T10622,Quantum Mechanics and Applications,3107,"Atomic and Molecular Physics, and Optics",31,Physics and Astronomy,3,Physical Sciences,162206,2000111,36,10,2024-01-23T15:27:07,2026-09-22T03:01:44
T12982,Legal principles and applications,3308,Law,33,Social Sciences,2,Social Sciences,162153,310911,39,10,2024-01-23T15:27:16,2026-09-22T03:01:44
T10094,Epilepsy research and treatment,2738,Psychiatry and Mental health,27,Medicine,4,Health Sciences,161887,2505777,15,10,2024-01-23T15:27:05,2026-09-22T03:01:44
T13180,Chemistry and Chemical Engineering,2304,Environmental Chemistry,23,Environmental Science,3,Physical Sciences,161657,687425,10,10,2024-01-23T15:27:17,2026-09-22T03:01:44
T13656,"Science, Research, and Medicine",2743,Reproductive Medicine,27,Medicine,4,Health Sciences,161554,283590,7,10,2024-01-23T15:27:19,2026-09-22T03:01:44
T10135,Insect-Plant Interactions and Control,1109,Insect Science,11,Agricultural and Biological Sciences,1,Life Sciences,161538,1942842,13,10,2024-01-23T15:27:05,2026-09-22T03:01:44
T12254,Machine Learning in Bioinformatics,1312,Molecular Biology,13,"Biochemistry, Genetics and Molecular Biology",1,Life Sciences,161056,726671,134,10,2024-01-23T15:27:13,2026-09-22T03:01:44
T10372,Cardiac Imaging and Diagnostics,2741,"Radiology, Nuclear Medicine and Imaging",27,Medicine,4,Health Sciences,160925,1974214,29,10,2024-01-23T15:27:06,2026-09-22T03:01:44
T10177,Palliative Care and End-of-Life Issues,2739,"Public Health, Environmental and Occupational Health",27,Medicine,4,Health Sciences,160861,1463666,53,10,2024-01-23T15:27:05,2026-09-22T03:01:44
T10301,Mitochondrial Function and Pathology,1312,Molecular Biology,13,"Biochemistry, Genetics and Molecular Biology",1,Life Sciences,160825,4371397,134,10,2024-01-23T15:27:06,2026-09-22T03:01:44
T10596,Child Nutrition and Water Access,2916,Nutrition and Dietetics,29,Nursing,4,Health Sciences,159547,1478063,16,10,2024-01-23T15:27:07,2026-09-22T03:01:44
T12575,Medical History and Research,1202,History,12,Arts and Humanities,2,Social Sciences,159365,215924,43,10,2024-01-23T15:27:14,2026-09-22T03:01:44
T11434,Electrochemical Analysis and Applications,1603,Electrochemistry,16,Chemistry,3,Physical Sciences,159169,3256524,0,10,2024-01-23T15:27:10,2026-09-22T03:01:44
T10029,Climate variability and models,2306,Global and Planetary Change,23,Environmental Science,3,Physical Sciences,159112,5059019,29,10,2024-01-23T15:27:05,2026-09-22T03:01:44
T11162,Enzyme Structure and Function,2505,Materials Chemistry,25,Materials Science,3,Physical Sciences,158881,2188259,68,10,2024-01-23T15:27:09,2026-09-22T03:01:44
T12504,Mathematics and Applications,2608,Geometry and Topology,26,Mathematics,3,Physical Sciences,158747,813767,10,10,2024-01-23T15:27:14,2026-09-22T03:01:44
T10702,Insect and Arachnid Ecology and Behavior,1311,Genetics,13,"Biochemistry, Genetics and Molecular Biology",1,Life Sciences,158606,1810593,39,10,2024-01-23T15:27:07,2026-09-22T03:01:44
T10787,Lightning and Electromagnetic Phenomena,3103,Astronomy and Astrophysics,31,Physics and Astronomy,3,Physical Sciences,158385,558338,20,10,2024-01-23T15:27:08,2026-09-22T03:01:44
T10078,Advanced Photocatalysis Techniques,2105,"Renewable Energy, Sustainability and the Environment",21,Energy,3,Physical Sciences,158364,6530554,21,10,2024-01-23T15:27:05,2026-09-22T03:01:44
T10254,Innovations in Medical Education,2739,"Public Health, Environmental and Occupational Health",27,Medicine,4,Health Sciences,158339,1217789,53,10,2024-01-23T15:27:05,2026-09-22T03:01:44
T12165,Environmental Sustainability and Education,2308,"Management, Monitoring, Policy and Law",23,Environmental Science,3,Physical Sciences,158242,120220,33,10,2024-01-23T15:27:13,2026-09-22T03:01:44
T11387,Ichthyology and Marine Biology,2309,Nature and Landscape Conservation,23,Environmental Science,3,Physical Sciences,157859,645060,11,10,2024-01-23T15:27:10,2026-09-22T03:01:44
T11743,Political Economy and Marxism,3312,Sociology and Political Science,33,Social Sciences,2,Social Sciences,157574,1687913,223,10,2024-01-23T15:27:11,2026-09-22T03:01:44
T11006,BIM and Construction Integration,2215,Building and Construction,22,Engineering,3,Physical Sciences,157392,794406,21,10,2024-01-23T15:27:09,2026-09-22T03:01:44
T10809,Occupational Health and Safety Research,3614,Radiological and Ultrasound Technology,36,Health Professions,4,Health Sciences,157058,1106923,2,10,2024-01-23T15:27:08,2026-09-22T03:01:44
T10069,Antenna Design and Analysis,2202,Aerospace Engineering,22,Engineering,3,Physical Sciences,156964,1421625,43,10,2024-01-23T15:27:05,2026-09-22T03:01:44
T10106,Autism Spectrum Disorder Research,2805,Cognitive Neuroscience,28,Neuroscience,1,Life Sciences,156812,3119356,27,10,2024-01-23T15:27:05,2026-09-22T03:01:44
T14030,Taxation and Legal Issues,1402,Accounting,14,"Business, Management and Accounting",2,Social Sciences,156800,133626,21,10,2024-01-23T15:27:20,2026-09-22T03:01:44
T10303,Photosynthetic Processes and Mechanisms,1312,Molecular Biology,13,"Biochemistry, Genetics and Molecular Biology",1,Life Sciences,156774,4680984,134,10,2024-01-23T15:27:06,2026-09-22T03:01:44
T13376,Criminal Law and Policy,3312,Sociology and Political Science,33,Social Sciences,2,Social Sciences,156653,93644,223,10,2024-01-23T15:27:18,2026-09-22T03:01:44
T10129,Glioma Diagnosis and Treatment,2716,Genetics,27,Medicine,4,Health Sciences,156437,2497937,8,10,2024-01-23T15:27:05,2026-09-22T03:01:44
T12885,Digital Innovation in Industries,1405,Management of Technology and Innovation,14,"Business, Management and Accounting",2,Social Sciences,156278,209002,15,10,2024-01-23T15:27:16,2026-09-22T03:01:44
T13695,"Aging, Elder Care, and Social Issues",3600,General Health Professions,36,Health Professions,4,Health Sciences,156215,162781,49,10,2024-01-23T15:27:19,2026-09-22T03:01:44
T13215,Global Maritime and Colonial Histories,3314,Anthropology,33,Social Sciences,2,Social Sciences,156075,469125,24,10,2024-01-23T15:27:17,2026-09-22T03:01:44
T10190,Air Quality and Health Impacts,2307,"Health, Toxicology and Mutagenesis",23,Environmental Science,3,Physical Sciences,155930,3449788,15,10,2024-01-23T15:27:05,2026-09-22T03:01:44
T13623,Linguistic Studies and Language Acquisition,1702,Artificial Intelligence,17,Computer Science,3,Physical Sciences,155917,211845,76,10,2024-01-23T15:27:19,2026-09-22T03:01:44
T12998,Education and Islamic Studies,3304,Education,33,Social Sciences,2,Social Sciences,155542,347539,136,10,2024-01-23T15:27:16,2026-09-22T03:01:44
T10189,Anesthesia and Pain Management,2746,Surgery,27,Medicine,4,Health Sciences,155513,1587609,95,10,2024-01-23T15:27:05,2026-09-22T03:01:44
T10276,Helicobacter pylori-related gastroenterology studies,2746,Surgery,27,Medicine,4,Health Sciences,155463,2236836,95,10,2024-01-23T15:27:05,2026-09-22T03:01:44
T10340,Hepatitis B Virus Studies,2713,Epidemiology,27,Medicine,4,Health Sciences,155442,1999215,41,10,2024-01-23T15:27:06,2026-09-22T03:01:44
T10238,Spine and Intervertebral Disc Pathology,2734,Pathology and Forensic Medicine,27,Medicine,4,Health Sciences,155360,1975693,22,10,2024-01-23T15:27:05,2026-09-22T03:01:44
T10082,HIV/AIDS Research and Interventions,2725,Infectious Diseases,27,Medicine,4,Health Sciences,155315,2189402,20,10,2024-01-23T15:27:05,2026-09-22T03:01:44
T11726,Organizational Management and Innovation,1407,Organizational Behavior and Human Resource Management,14,"Business, Management and Accounting",2,Social Sciences,154889,72944,29,10,2024-01-23T15:27:11,2026-09-22T03:01:44
T10109,Paleontology and Stratigraphy of Fossils,1911,Paleontology,19,Earth and Planetary Sciences,3,Physical Sciences,154703,1795448,6,10,2024-01-23T15:27:05,2026-09-22T03:01:44
T11020,Immune Cell Function and Interaction,2403,Immunology,24,Immunology and Microbiology,1,Life Sciences,154535,4799740,25,10,2024-01-23T15:27:09,2026-09-22T03:01:44
T13750,"Mormonism, Religion, and History",1202,History,12,Arts and Humanities,2,Social Sciences,154526,85909,43,10,2024-01-23T15:27:19,2026-09-22T03:01:44
T12115,Genetic and Environmental Crop Studies,1110,Plant Science,11,Agricultural and Biological Sciences,1,Life Sciences,154459,329783,89,10,2024-01-23T15:27:13,2026-09-22T03:01:44
T10146,Cervical Cancer and HPV Research,2713,Epidemiology,27,Medicine,4,Health Sciences,154208,2069883,41,10,2024-01-23T15:27:05,2026-09-22T03:01:44
T11791,Microbial Community Ecology and Physiology,2303,Ecology,23,Environmental Science,3,Physical Sciences,153870,2916058,32,10,2024-01-23T15:27:11,2026-09-22T03:01:44
T14491,Diverse academic and cultural studies,2002,Economics and Econometrics,20,"Economics, Econometrics and Finance",2,Social Sciences,153807,98407,78,10,2024-01-23T15:27:22,2026-09-22T03:01:44
T10217,Cardiac electrophysiology and arrhythmias,2705,Cardiology and Cardiovascular Medicine,27,Medicine,4,Health Sciences,153518,2842462,28,10,2024-01-23T15:27:05,2026-09-22T03:01:44
T10364,Reproductive Biology and Fertility,2739,"Public Health, Environmental and Occupational Health",27,Medicine,4,Health Sciences,153393,2442206,53,10,2024-01-23T15:27:06,2026-09-22T03:01:44
T12753,"Psychology, Coaching, and Therapy",3207,Social Psychology,32,Psychology,2,Social Sciences,153341,194634,51,10,2024-01-23T15:27:15,2026-09-22T03:01:44
T10066,Gut microbiota and health,1312,Molecular Biology,13,"Biochemistry, Genetics and Molecular Biology",1,Life Sciences,153318,4893188,134,10,2024-01-23T15:27:05,2026-09-22T03:01:44
T13923,Nuclear and radioactivity studies,2213,"Safety, Risk, Reliability and Quality",22,Engineering,3,Physical Sciences,153288,312985,11,10,2024-01-23T15:27:20,2026-09-22T03:01:44
T12353,Lexicography and Language Studies,1203,Language and Linguistics,12,Arts and Humanities,2,Social Sciences,153277,575163,19,10,2024-01-23T15:27:14,2026-09-22T03:01:44
T11499,ICT Impact and Policies,2214,Media Technology,22,Engineering,3,Physical Sciences,153127,737560,11,10,2024-01-23T15:27:10,2026-09-22T03:01:44
T10084,Musculoskeletal pain and rehabilitation,2736,Pharmacology,27,Medicine,4,Health Sciences,153111,2605128,21,10,2024-01-23T15:27:05,2026-09-22T03:01:44
T14210,Historical and Linguistic Studies,3312,Sociology and Political Science,33,Social Sciences,2,Social Sciences,153062,366791,223,10,2024-01-23T15:27:21,2026-09-22T03:01:44
T12669,Comparative International Legal Studies,3320,Political Science and International Relations,33,Social Sciences,2,Social Sciences,153006,45887,117,10,2024-01-23T15:27:15,2026-09-22T03:01:44
T10009,Dementia and Cognitive Impairment Research,2738,Psychiatry and Mental health,27,Medicine,4,Health Sciences,152946,3864619,15,10,2024-01-23T15:27:04,2026-09-22T03:01:44
T11876,Legal Studies and Policies,3308,Law,33,Social Sciences,2,Social Sciences,152800,264847,39,10,2024-01-23T15:27:12,2026-09-22T03:01:44
T13154,Legal and Regulatory Analysis,3313,Transportation,33,Social Sciences,2,Social Sciences,152456,24203,8,10,2024-01-23T15:27:17,2026-09-22T03:01:44
T11752,Cancer Treatment and Pharmacology,2730,Oncology,27,Medicine,4,Health Sciences,152372,1144621,33,10,2024-01-23T15:27:11,2026-09-22T03:01:44
T10032,Marine and coastal ecosystems,1910,Oceanography,19,Earth and Planetary Sciences,3,Physical Sciences,152248,3740651,8,10,2024-01-23T15:27:05,2026-09-22T03:01:44
T12444,"Art, Politics, and Modernism",1213,Visual Arts and Performing Arts,12,Arts and Humanities,2,Social Sciences,151692,328153,16,10,2024-01-23T15:27:14,2026-09-22T03:01:44
T11710,Biomedical Text Mining and Ontologies,1312,Molecular Biology,13,"Biochemistry, Genetics and Molecular Biology",1,Life Sciences,151465,742589,134,10,2024-01-23T15:27:11,2026-09-22T03:01:44
T11349,Music Technology and Sound Studies,1707,Computer Vision and Pattern Recognition,17,Computer Science,3,Physical Sciences,151417,392476,34,10,2024-01-23T15:27:10,2026-09-22T03:01:44
T10141,Probiotics and Fermented Foods,1106,Food Science,11,Agricultural and Biological Sciences,1,Life Sciences,151277,2616944,31,10,2024-01-23T15:27:05,2026-09-22T03:01:44
T10065,Atrial Fibrillation Management and Outcomes,2705,Cardiology and Cardiovascular Medicine,27,Medicine,4,Health Sciences,151260,2366713,28,10,2024-01-23T15:27:05,2026-09-22T03:01:44
T11228,Bat Biology and Ecology Studies,1105,"Ecology, Evolution, Behavior and Systematics",11,Agricultural and Biological Sciences,1,Life Sciences,151228,891320,32,10,2024-01-23T15:27:09,2026-09-22T03:01:44
T10857,Advanced Electron Microscopy Techniques and Applications,1315,Structural Biology,13,"Biochemistry, Genetics and Molecular Biology",1,Life Sciences,151123,634193,0,10,2024-01-23T15:27:08,2026-09-22T03:01:44
T10250,Glaucoma and retinal disorders,2731,Ophthalmology,27,Medicine,4,Health Sciences,151076,2038106,11,10,2024-01-23T15:27:05,2026-09-22T03:01:44
T10549,Neonatal Respiratory Health Research,2740,Pulmonary and Respiratory Medicine,27,Medicine,4,Health Sciences,150860,2224308,51,10,2024-01-23T15:27:07,2026-09-22T03:01:44
T10333,Meat and Animal Product Quality,1103,Animal Science and Zoology,11,Agricultural and Biological Sciences,1,Life Sciences,150709,2588844,7,10,2024-01-23T15:27:06,2026-09-22T03:01:44
T10030,Electrocatalysts for Energy Conversion,2105,"Renewable Energy, Sustainability and the Environment",21,Energy,3,Physical Sciences,150626,6134921,21,10,2024-01-23T15:27:05,2026-09-22T03:01:44
T11429,Semiconductor Lasers and Optical Devices,2208,Electrical and Electronic Engineering,22,Engineering,3,Physical Sciences,150611,912578,116,10,2024-01-23T15:27:10,2026-09-22T03:01:44
T10007,Monetary Policy and Economic Impact,2000,"General Economics, Econometrics and Finance",20,"Economics, Econometrics and Finance",2,Social Sciences,150512,2957661,11,10,2024-01-23T15:27:04,2026-09-22T03:01:44
T10403,Phonetics and Phonology Research,3205,Experimental and Cognitive Psychology,32,Psychology,2,Social Sciences,150463,1563428,23,10,2024-01-23T15:27:06,2026-09-22T03:01:44
T10535,Landslides and related hazards,2308,"Management, Monitoring, Policy and Law",23,Environmental Science,3,Physical Sciences,150447,1837618,33,10,2024-01-23T15:27:06,2026-09-22T03:01:44
T10322,Respiratory Support and Mechanisms,2740,Pulmonary and Respiratory Medicine,27,Medicine,4,Health Sciences,150244,1872658,51,10,2024-01-23T15:27:06,2026-09-22T03:01:44
T13523,"Mathematics, Computing, and Information Processing",1703,Computational Theory and Mathematics,17,Computer Science,3,Physical Sciences,150230,103894,23,10,2024-01-23T15:27:18,2026-09-22T03:01:44
T14002,"Art, Technology, and Culture",1213,Visual Arts and Performing Arts,12,Arts and Humanities,2,Social Sciences,150124,91494,16,10,2024-01-23T15:27:20,2026-09-22T03:01:44
T10523,Atomic and Molecular Physics,3107,"Atomic and Molecular Physics, and Optics",31,Physics and Astronomy,3,Physical Sciences,150086,1954181,36,10,2024-01-23T15:27:06,2026-09-22T03:01:44
T13754,Central European and Russian historical studies,3320,Political Science and International Relations,33,Social Sciences,2,Social Sciences,150060,15971,117,10,2024-01-23T15:27:19,2026-09-22T03:01:44
T11391,Theatre and Performance Studies,1213,Visual Arts and Performing Arts,12,Arts and Humanities,2,Social Sciences,149984,313590,16,10,2024-01-23T15:27:10,2026-09-22T03:01:44
T12912,"Shakespeare, Adaptation, and Literary Criticism",1208,Literature and Literary Theory,12,Arts and Humanities,2,Social Sciences,149956,341455,52,10,2024-01-23T15:27:16,2026-09-22T03:01:44
T11657,Digital and Traditional Archives Management,1206,Conservation,12,Arts and Humanities,2,Social Sciences,148921,146253,5,10,2024-01-23T15:27:11,2026-09-22T03:01:44
T13075,Legal Systems and Judicial Processes,3320,Political Science and International Relations,33,Social Sciences,2,Social Sciences,148885,187047,117,10,2024-01-23T15:27:16,2026-09-22T03:01:44
T10589,Early Childhood Education and Development,3304,Education,33,Social Sciences,2,Social Sciences,148481,2021866,136,10,2024-01-23T15:27:07,2026-09-22T03:01:44
T10231,Pancreatic and Hepatic Oncology Research,2730,Oncology,27,Medicine,4,Health Sciences,148404,2178781,33,10,2024-01-23T15:27:05,2026-09-22T03:01:44
T10602,Glycosylation and Glycoproteins Research,1312,Molecular Biology,13,"Biochemistry, Genetics and Molecular Biology",1,Life Sciences,148208,3706081,134,10,2024-01-23T15:27:07,2026-09-22T03:01:44
T14281,Islamic Finance and Communication,3312,Sociology and Political Science,33,Social Sciences,2,Social Sciences,148151,238046,223,10,2024-01-23T15:27:22,2026-09-22T03:01:44
T10280,Shoulder Injury and Treatment,2746,Surgery,27,Medicine,4,Health Sciences,148079,1887293,95,10,2024-01-23T15:27:05,2026-09-22T03:01:44
T12137,Economic theories and models,2002,Economics and Econometrics,20,"Economics, Econometrics and Finance",2,Social Sciences,148059,2507569,78,10,2024-01-23T15:27:13,2026-09-22T03:01:44
T10432,DNA and Nucleic Acid Chemistry,1312,Molecular Biology,13,"Biochemistry, Genetics and Molecular Biology",1,Life Sciences,147952,3309103,134,10,2024-01-23T15:27:06,2026-09-22T03:01:44
T10020,Quantum Information and Cryptography,1702,Artificial Intelligence,17,Computer Science,3,Physical Sciences,147915,2598753,76,10,2024-01-23T15:27:04,2026-09-22T03:01:44
T10911,Chemical Synthesis and Analysis,1312,Molecular Biology,13,"Biochemistry, Genetics and Molecular Biology",1,Life Sciences,147864,2334249,134,10,2024-01-23T15:27:08,2026-09-22T03:01:44
T13466,Comparative Literary Analysis and Criticism,1208,Literature and Literary Theory,12,Arts and Humanities,2,Social Sciences,147577,68275,52,10,2024-01-23T15:27:18,2026-09-22T03:01:44
T13193,Geological Studies and Exploration,1907,Geology,19,Earth and Planetary Sciences,3,Physical Sciences,147574,512833,4,10,2024-01-23T15:27:17,2026-09-22T03:01:44
T14430,Higher Education and Teaching Methods,1710,Information Systems,17,Computer Science,3,Physical Sciences,147481,36359,77,10,2024-01-23T15:27:22,2026-09-22T03:01:44
T11588,Atmospheric and Environmental Gas Dynamics,2306,Global and Planetary Change,23,Environmental Science,3,Physical Sciences,147123,2045901,29,10,2024-01-23T15:27:11,2026-09-22T03:01:44
T10121,Building Energy and Comfort Optimization,2215,Building and Construction,22,Engineering,3,Physical Sciences,147077,1719808,21,10,2024-01-23T15:27:05,2026-09-22T03:01:44
T12573,Education and Digital Technologies,3312,Sociology and Political Science,33,Social Sciences,2,Social Sciences,146974,131322,223,10,2024-01-23T15:27:14,2026-09-22T03:01:44
T10400,Network Security and Intrusion Detection,1705,Computer Networks and Communications,17,Computer Science,3,Physical Sciences,146866,1497804,42,10,2024-01-23T15:27:06,2026-09-22T03:01:44
T10378,Advanced MRI Techniques and Applications,2741,"Radiology, Nuclear Medicine and Imaging",27,Medicine,4,Health Sciences,146806,2357323,29,10,2024-01-23T15:27:06,2026-09-22T03:01:44
T11537,Ethics in medical practice,3600,General Health Professions,36,Health Professions,4,Health Sciences,146806,883821,49,10,2024-01-23T15:27:10,2026-09-22T03:01:44
T12398,Poetry Analysis and Criticism,1208,Literature and Literary Theory,12,Arts and Humanities,2,Social Sciences,146590,295454,52,10,2024-01-23T15:27:14,2026-09-22T03:01:44
T12339,Medical Malpractice and Liability Issues,3611,Pharmacy,36,Health Professions,4,Health Sciences,146257,366718,4,10,2024-01-23T15:27:14,2026-09-22T03:01:44
T11753,Forest Management and Policy,2306,Global and Planetary Change,23,Environmental Science,3,Physical Sciences,146139,716310,29,10,2024-01-23T15:27:11,2026-09-22T03:01:44
T12332,Comparative constitutional jurisprudence studies,3320,Political Science and International Relations,33,Social Sciences,2,Social Sciences,145776,118450,117,10,2024-01-23T15:27:14,2026-09-22T03:01:44
T12755,Legal Education and Practice Innovations,3308,Law,33,Social Sciences,2,Social Sciences,145577,368686,39,10,2024-01-23T15:27:15,2026-09-22T03:01:44
T12890,Eurasian Exchange Networks,3314,Anthropology,33,Social Sciences,2,Social Sciences,145575,225541,24,10,2024-01-23T15:27:16,2026-09-22T03:01:44
T10425,Cold Atom Physics and Bose-Einstein Condensates,3107,"Atomic and Molecular Physics, and Optics",31,Physics and Astronomy,3,Physical Sciences,145453,2336330,36,10,2024-01-23T15:27:06,2026-09-22T03:01:44
T11636,Artificial Intelligence in Healthcare and Education,2718,Health Informatics,27,Medicine,4,Health Sciences,145310,1028183,0,10,2024-01-23T15:27:11,2026-09-22T03:01:44
T14386,"Libraries, Manuscripts, and Books",1202,History,12,Arts and Humanities,2,Social Sciences,145170,58668,43,10,2024-01-23T15:27:22,2026-09-22T03:01:44
T12767,Conflict of Laws and Jurisdiction,3320,Political Science and International Relations,33,Social Sciences,2,Social Sciences,145150,202814,117,10,2024-01-23T15:27:15,2026-09-22T03:01:44
T12487,Structural Engineering and Vibration Analysis,2205,Civil and Structural Engineering,22,Engineering,3,Physical Sciences,145128,311330,41,10,2024-01-23T15:27:14,2026-09-22T03:01:44
T13418,Photocathodes and Microchannel Plates,2204,Biomedical Engineering,22,Engineering,3,Physical Sciences,145125,125609,71,10,2024-01-23T15:27:18,2026-09-22T03:01:44
T10644,Cryospheric studies and observations,1902,Atmospheric Science,19,Earth and Planetary Sciences,3,Physical Sciences,145106,2065270,12,10,2024-01-23T15:27:07,2026-09-22T03:01:44
T14490,Human Rights and Immigration,3312,Sociology and Political Science,33,Social Sciences,2,Social Sciences,144843,76273,223,10,2024-01-23T15:27:22,2026-09-22T03:01:44
T14005,Eastern European Communism and Reforms,3312,Sociology and Political Science,33,Social Sciences,2,Social Sciences,144785,275945,223,10,2024-01-23T15:27:20,2026-09-22T03:01:44
T13636,Pentecostalism and Christianity Studies,1212,Religious studies,12,Arts and Humanities,2,Social Sciences,144625,102631,14,10,2024-01-23T15:27:19,2026-09-22T03:01:44
T14081,Linguistic Education and Pedagogy,1203,Language and Linguistics,12,Arts and Humanities,2,Social Sciences,144598,182901,19,10,2024-01-23T15:27:21,2026-09-22T03:01:44
T12123,Financial Analysis and Corporate Governance,1402,Accounting,14,"Business, Management and Accounting",2,Social Sciences,144389,250708,21,10,2024-01-23T15:27:13,2026-09-22T03:01:44
T10171,Biofuel production and bioconversion,2204,Biomedical Engineering,22,Engineering,3,Physical Sciences,144386,2816797,71,10,2024-01-23T15:27:05,2026-09-22T03:01:44
T11852,Clay minerals and soil interactions,2502,Biomaterials,25,Materials Science,3,Physical Sciences,144157,1114640,12,10,2024-01-23T15:27:12,2026-09-22T03:01:44
T11801,Reservoir Engineering and Simulation Methods,2212,Ocean Engineering,22,Engineering,3,Physical Sciences,144155,796720,22,10,2024-01-23T15:27:11,2026-09-22T03:01:44
T10163,Metal complexes synthesis and properties,2730,Oncology,27,Medicine,4,Health Sciences,144104,2319983,33,10,2024-01-23T15:27:05,2026-09-22T03:01:44
T10289,European Union Policy and Governance,3320,Political Science and International Relations,33,Social Sciences,2,Social Sciences,143951,1135548,117,10,2024-01-23T15:27:05,2026-09-22T03:01:44
T10207,Advanced biosensing and bioanalysis techniques,1312,Molecular Biology,13,"Biochemistry, Genetics and Molecular Biology",1,Life Sciences,143756,4458627,134,10,2024-01-23T15:27:05,2026-09-22T03:01:44
T11836,Bryophyte Studies and Records,1105,"Ecology, Evolution, Behavior and Systematics",11,Agricultural and Biological Sciences,1,Life Sciences,143682,293651,32,10,2024-01-23T15:27:12,2026-09-22T03:01:44
T11879,Protist diversity and phylogeny,1312,Molecular Biology,13,"Biochemistry, Genetics and Molecular Biology",1,Life Sciences,143599,982141,134,10,2024-01-23T15:27:12,2026-09-22T03:01:44
T13070,Cultural Identity and Heritage,1204,Archeology,12,Arts and Humanities,2,Social Sciences,143537,79845,19,10,2024-01-23T15:27:16,2026-09-22T03:01:44
T10158,Cancer Immunotherapy and Biomarkers,2730,Oncology,27,Medicine,4,Health Sciences,143488,2906016,33,10,2024-01-23T15:27:05,2026-09-22T03:01:44
T10062,MicroRNA in disease regulation,1306,Cancer Research,13,"Biochemistry, Genetics and Molecular Biology",1,Life Sciences,143464,3892502,12,10,2024-01-23T15:27:05,2026-09-22T03:01:44
T13763,Historical Legal Studies and Society,3320,Political Science and International Relations,33,Social Sciences,2,Social Sciences,143438,57502,117,10,2024-01-23T15:27:19,2026-09-22T03:01:44
T12502,Urbanization and City Planning,3322,Urban Studies,33,Social Sciences,2,Social Sciences,143425,545528,18,10,2024-01-23T15:27:14,2026-09-22T03:01:44
T11507,Religion and Society Interactions,3312,Sociology and Political Science,33,Social Sciences,2,Social Sciences,143386,921368,223,10,2024-01-23T15:27:10,2026-09-22T03:01:44
T10876,Fault Detection and Control Systems,2207,Control and Systems Engineering,22,Engineering,3,Physical Sciences,143379,1572961,43,10,2024-01-23T15:27:08,2026-09-22T03:01:44
T13518,Architecture and Computational Design,2216,Architecture,22,Engineering,3,Physical Sciences,143250,299428,3,10,2024-01-23T15:27:18,2026-09-22T03:01:44
T10477,Astrophysics and Star Formation Studies,3103,Astronomy and Astrophysics,31,Physics and Astronomy,3,Physical Sciences,143056,2539386,20,10,2024-01-23T15:27:06,2026-09-22T03:01:44
T10631,"Cancer, Hypoxia, and Metabolism",1306,Cancer Research,13,"Biochemistry, Genetics and Molecular Biology",1,Life Sciences,142817,2999220,12,10,2024-01-23T15:27:07,2026-09-22T03:01:44
T10450,Aquaculture Nutrition and Growth,1104,Aquatic Science,11,Agricultural and Biological Sciences,1,Life Sciences,142807,2121508,6,10,2024-01-23T15:27:06,2026-09-22T03:01:44
T13845,Classical Studies and Legal History,1202,History,12,Arts and Humanities,2,Social Sciences,142710,127277,43,9,2024-01-23T15:27:20,2026-09-22T03:01:44
T12542,Second Language Learning and Teaching,1208,Literature and Literary Theory,12,Arts and Humanities,2,Social Sciences,142560,948940,52,10,2024-01-23T15:27:14,2026-09-22T03:01:44
T12961,Regional Development and Policy,3320,Political Science and International Relations,33,Social Sciences,2,Social Sciences,142426,711024,117,10,2024-01-23T15:27:16,2026-09-22T03:01:44
T10973,Radioactive element chemistry and processing,1604,Inorganic Chemistry,16,Chemistry,3,Physical Sciences,142367,1809558,11,10,2024-01-23T15:27:08,2026-09-22T03:01:44
T14239,"Business, Education, Mathematics Research",1402,Accounting,14,"Business, Management and Accounting",2,Social Sciences,142320,46992,21,10,2024-01-23T15:27:21,2026-09-22T03:01:44
T10818,Astrophysics and Cosmic Phenomena,3106,Nuclear and High Energy Physics,31,Physics and Astronomy,3,Physical Sciences,142316,1269095,12,10,2024-01-23T15:27:08,2026-09-22T03:01:44
T10494,Plant Virus Research Studies,1110,Plant Science,11,Agricultural and Biological Sciences,1,Life Sciences,142164,2259693,89,10,2024-01-23T15:27:06,2026-09-22T03:01:44
T10023,Schizophrenia research and treatment,2738,Psychiatry and Mental health,27,Medicine,4,Health Sciences,141994,3399296,15,10,2024-01-23T15:27:04,2026-09-22T03:01:44
T10047,Financial Markets and Investment Strategies,2003,Finance,20,"Economics, Econometrics and Finance",2,Social Sciences,141877,3212163,15,10,2024-01-23T15:27:05,2026-09-22T03:01:44
T11925,Culinary Culture and Tourism,1106,Food Science,11,Agricultural and Biological Sciences,1,Life Sciences,141818,563919,31,10,2024-01-23T15:27:12,2026-09-22T03:01:44
T13504,African history and culture analysis,3320,Political Science and International Relations,33,Social Sciences,2,Social Sciences,141705,404143,117,10,2024-01-23T15:27:18,2026-09-22T03:01:44
T10004,Soil Carbon and Nitrogen Dynamics,1111,Soil Science,11,Agricultural and Biological Sciences,1,Life Sciences,141696,4288876,11,10,2024-01-23T15:27:04,2026-09-22T03:01:44
T10377,Metal and Thin Film Mechanics,2211,Mechanics of Materials,22,Engineering,3,Physical Sciences,141553,1915770,28,10,2024-01-23T15:27:06,2026-09-22T03:01:44
T11148,"Language, Metaphor, and Cognition",3205,Experimental and Cognitive Psychology,32,Psychology,2,Social Sciences,141348,1609771,23,10,2024-01-23T15:27:09,2026-09-22T03:01:44
T10034,"Syntax, Semantics, Linguistic Variation",1203,Language and Linguistics,12,Arts and Humanities,2,Social Sciences,141271,1721597,19,10,2024-01-23T15:27:05,2026-09-22T03:01:44
T11613,Phytochemistry and Biological Activities,1110,Plant Science,11,Agricultural and Biological Sciences,1,Life Sciences,141097,623261,89,10,2024-01-23T15:27:11,2026-09-22T03:01:44
T10270,Blockchain Technology Applications and Security,1710,Information Systems,17,Computer Science,3,Physical Sciences,141068,1620360,77,10,2024-01-23T15:27:05,2026-09-22T03:01:44
T10147,Antibiotic Resistance in Bacteria,1313,Molecular Medicine,13,"Biochemistry, Genetics and Molecular Biology",1,Life Sciences,140505,3082916,2,10,2024-01-23T15:27:05,2026-09-22T03:01:44
T14047,Marine and environmental studies,1910,Oceanography,19,Earth and Planetary Sciences,3,Physical Sciences,140476,733407,8,10,2024-01-23T15:27:21,2026-09-22T03:01:44
T10167,Influenza Virus Research Studies,2713,Epidemiology,27,Medicine,4,Health Sciences,140343,2517025,41,10,2024-01-23T15:27:05,2026-09-22T03:01:44
T10312,"Health, Nursing, Elderly Care",3600,General Health Professions,36,Health Professions,4,Health Sciences,140177,341585,49,10,2024-01-23T15:27:06,2026-09-22T03:01:44
T10112,HIV Research and Treatment,2406,Virology,24,Immunology and Microbiology,1,Life Sciences,139773,3875708,2,10,2024-01-23T15:27:05,2026-09-22T03:01:44
T11048,Bacteriophages and microbial interactions,2303,Ecology,23,Environmental Science,3,Physical Sciences,139679,3201201,32,10,2024-01-23T15:27:09,2026-09-22T03:01:44
T13156,Historical Linguistics and Language Studies,1203,Language and Linguistics,12,Arts and Humanities,2,Social Sciences,139671,509368,19,10,2024-01-23T15:27:17,2026-09-22T03:01:44
T10613,Virus-based gene therapy research,1311,Genetics,13,"Biochemistry, Genetics and Molecular Biology",1,Life Sciences,139399,3003550,39,10,2024-01-23T15:27:07,2026-09-22T03:01:44
T10300,Congenital Heart Disease Studies,2713,Epidemiology,27,Medicine,4,Health Sciences,139313,1479660,41,10,2024-01-23T15:27:06,2026-09-22T03:01:44
T10632,Housing Market and Economics,2002,Economics and Econometrics,20,"Economics, Econometrics and Finance",2,Social Sciences,139292,1300670,78,10,2024-01-23T15:27:07,2026-09-22T03:01:44
T10511,High voltage insulation and dielectric phenomena,2505,Materials Chemistry,25,Materials Science,3,Physical Sciences,139185,665814,68,10,2024-01-23T15:27:06,2026-09-22T03:01:44
T10151,Hepatitis C virus research,2721,Hepatology,27,Medicine,4,Health Sciences,138999,2279356,5,10,2024-01-23T15:27:05,2026-09-22T03:01:44
T11629,"Birth, Development, and Health",2735,"Pediatrics, Perinatology and Child Health",27,Medicine,4,Health Sciences,138844,2163568,19,10,2024-01-23T15:27:11,2026-09-22T03:01:44
T13743,Italian Literature and Culture,1200,General Arts and Humanities,12,Arts and Humanities,2,Social Sciences,138721,77391,3,10,2024-01-23T15:27:19,2026-09-22T03:01:44
T13158,Political and Economic history of UK and US,3320,Political Science and International Relations,33,Social Sciences,2,Social Sciences,138687,683575,117,10,2024-01-23T15:27:17,2026-09-22T03:01:44
T11290,Preterm Birth and Chorioamnionitis,2713,Epidemiology,27,Medicine,4,Health Sciences,138655,662303,41,10,2024-01-23T15:27:10,2026-09-22T03:01:44
T12678,Themes in Literature Analysis,1208,Literature and Literary Theory,12,Arts and Humanities,2,Social Sciences,138355,397260,52,10,2024-01-23T15:27:15,2026-09-22T03:01:44
T10669,Freshwater macroinvertebrate diversity and ecology,2303,Ecology,23,Environmental Science,3,Physical Sciences,138329,691030,32,10,2024-01-23T15:27:07,2026-09-22T03:01:44
T12424,Earthquake Detection and Analysis,1908,Geophysics,19,Earth and Planetary Sciences,3,Physical Sciences,138299,375375,9,10,2024-01-23T15:27:14,2026-09-22T03:01:44
T11212,Cultural Heritage Materials Analysis,1204,Archeology,12,Arts and Humanities,2,Social Sciences,138152,534300,19,10,2024-01-23T15:27:09,2026-09-22T03:01:44
T10543,Prostate Cancer Treatment and Research,2740,Pulmonary and Respiratory Medicine,27,Medicine,4,Health Sciences,137824,1487580,51,10,2024-01-23T15:27:07,2026-09-22T03:01:44
T10382,Quantum and electron transport phenomena,3107,"Atomic and Molecular Physics, and Optics",31,Physics and Astronomy,3,Physical Sciences,137819,2366039,36,10,2024-01-23T15:27:06,2026-09-22T03:01:44
T10965,Geological formations and processes,1904,Earth-Surface Processes,19,Earth and Planetary Sciences,3,Physical Sciences,137723,1493153,5,10,2024-01-23T15:27:08,2026-09-22T03:01:44
T12514,Fashion and Cultural Textiles,1209,Museology,12,Arts and Humanities,2,Social Sciences,137636,309232,8,10,2024-01-23T15:27:14,2026-09-22T03:01:44
T10059,Bone Tissue Engineering Materials,2204,Biomedical Engineering,22,Engineering,3,Physical Sciences,137459,3379923,71,10,2024-01-23T15:27:05,2026-09-22T03:01:44
T10581,Neural dynamics and brain function,2805,Cognitive Neuroscience,28,Neuroscience,1,Life Sciences,137369,4635345,27,10,2024-01-23T15:27:07,2026-09-22T03:01:44
T12505,Peptidase Inhibition and Analysis,2730,Oncology,27,Medicine,4,Health Sciences,137332,1181209,33,10,2024-01-23T15:27:14,2026-09-22T03:01:44
T10409,Fuel Cells and Related Materials,2208,Electrical and Electronic Engineering,22,Engineering,3,Physical Sciences,137314,2270291,116,10,2024-01-23T15:27:06,2026-09-22T03:01:44
T12097,Aquatic Invertebrate Ecology and Behavior,2303,Ecology,23,Environmental Science,3,Physical Sciences,137007,697681,32,10,2024-01-23T15:27:13,2026-09-22T03:01:44
T10257,Oral microbiology and periodontitis research,3506,Periodontics,35,Dentistry,4,Health Sciences,136917,2345877,3,10,2024-01-23T15:27:05,2026-09-22T03:01:44
T14008,Balkan and Eastern European Studies,2002,Economics and Econometrics,20,"Economics, Econometrics and Finance",2,Social Sciences,136914,44354,78,10,2024-01-23T15:27:20,2026-09-22T03:01:44
T11817,"Housing, Finance, and Neoliberalism",2003,Finance,20,"Economics, Econometrics and Finance",2,Social Sciences,136892,906215,15,10,2024-01-23T15:27:12,2026-09-22T03:01:44
T14321,"Religion, Theology, and Education",1212,Religious studies,12,Arts and Humanities,2,Social Sciences,136599,105991,14,10,2024-01-23T15:27:22,2026-09-22T03:01:44
T11794,Early Modern Spanish Literature,1208,Literature and Literary Theory,12,Arts and Humanities,2,Social Sciences,136551,116603,52,10,2024-01-23T15:27:11,2026-09-22T03:01:44
T10132,Advanced ceramic materials synthesis,2503,Ceramics and Composites,25,Materials Science,3,Physical Sciences,136457,1760407,1,10,2024-01-23T15:27:05,2026-09-22T03:01:44
T13175,Historical Astronomy and Related Studies,3103,Astronomy and Astrophysics,31,Physics and Astronomy,3,Physical Sciences,136325,192066,20,10,2024-01-23T15:27:17,2026-09-22T03:01:44
T10349,Migration and Labor Dynamics,3312,Sociology and Political Science,33,Social Sciences,2,Social Sciences,136293,1369162,223,10,2024-01-23T15:27:06,2026-09-22T03:01:44
T11091,Extraction and Separation Processes,2210,Mechanical Engineering,22,Engineering,3,Physical Sciences,136235,1340518,78,10,2024-01-23T15:27:09,2026-09-22T03:01:44
T13704,French Literature and Poetry,1208,Literature and Literary Theory,12,Arts and Humanities,2,Social Sciences,136234,43500,52,10,2024-01-23T15:27:19,2026-09-22T03:01:44
T12471,History of Science and Natural History,1207,History and Philosophy of Science,12,Arts and Humanities,2,Social Sciences,136213,184324,18,10,2024-01-23T15:27:14,2026-09-22T03:01:44
T13861,Health and Lifestyle Studies,3600,General Health Professions,36,Health Professions,4,Health Sciences,136136,279760,49,10,2024-01-23T15:27:20,2026-09-22T03:01:44
T10168,COVID-19 and Mental Health,3203,Clinical Psychology,32,Psychology,2,Social Sciences,135930,1666249,37,10,2024-01-23T15:27:05,2026-09-22T03:01:44
T11430,Disaster Response and Management,3604,Emergency Medical Services,36,Health Professions,4,Health Sciences,135755,570862,6,10,2024-01-23T15:27:10,2026-09-22T03:01:44
T10496,Pharmaceutical Practices and Patient Outcomes,2717,Geriatrics and Gerontology,27,Medicine,4,Health Sciences,135649,928014,2,10,2024-01-23T15:27:06,2026-09-22T03:01:44
T10580,Immunotherapy and Immune Responses,2403,Immunology,24,Immunology and Microbiology,1,Life Sciences,135259,3846473,25,10,2024-01-23T15:27:07,2026-09-22T03:01:44
T10265,Multilingual Education and Policy,3310,Linguistics and Language,33,Social Sciences,2,Social Sciences,135232,1371445,5,10,2024-01-23T15:27:05,2026-09-22T03:01:44
T11425,Diverse Music Education Insights,1210,Music,12,Arts and Humanities,2,Social Sciences,135063,364735,4,10,2024-01-23T15:27:10,2026-09-22T03:01:44
T10318,Criminal Justice and Corrections Analysis,3312,Sociology and Political Science,33,Social Sciences,2,Social Sciences,135054,1012048,223,10,2024-01-23T15:27:06,2026-09-22T03:01:44
T12242,Latin American and Latino Studies,3316,Cultural Studies,33,Social Sciences,2,Social Sciences,135008,464133,37,10,2024-01-23T15:27:13,2026-09-22T03:01:44
T11201,Metallurgy and Material Forming,2211,Mechanics of Materials,22,Engineering,3,Physical Sciences,134993,673739,28,10,2024-01-23T15:27:09,2026-09-22T03:01:44
T11667,Advanced Chemical Sensor Technologies,2204,Biomedical Engineering,22,Engineering,3,Physical Sciences,134991,1616936,71,10,2024-01-23T15:27:11,2026-09-22T03:01:44
T10098,Ruminant Nutrition and Digestive Physiology,1102,Agronomy and Crop Science,11,Agricultural and Biological Sciences,1,Life Sciences,134940,1870308,10,10,2024-01-23T15:27:05,2026-09-22T03:01:44
T11177,Spectroscopy and Quantum Chemical Studies,3107,"Atomic and Molecular Physics, and Optics",31,Physics and Astronomy,3,Physical Sciences,134868,3768474,36,10,2024-01-23T15:27:09,2026-09-22T03:01:44
T10049,Magnetic properties of thin films,3107,"Atomic and Molecular Physics, and Optics",31,Physics and Astronomy,3,Physical Sciences,134750,2251427,36,10,2024-01-23T15:27:05,2026-09-22T03:01:44
T10008,Teacher Education and Leadership Studies,3304,Education,33,Social Sciences,2,Social Sciences,134732,1711480,136,10,2024-01-23T15:27:04,2026-09-22T03:01:44
T12377,Digital Humanities and Scholarship,1208,Literature and Literary Theory,12,Arts and Humanities,2,Social Sciences,134692,196835,52,10,2024-01-23T15:27:14,2026-09-22T03:01:44
T11520,Advanced Thermodynamics and Statistical Mechanics,3109,Statistical and Nonlinear Physics,31,Physics and Astronomy,3,Physical Sciences,134324,2265539,15,10,2024-01-23T15:27:10,2026-09-22T03:01:44
T10227,Acute Ischemic Stroke Management,2713,Epidemiology,27,Medicine,4,Health Sciences,134279,2081950,41,10,2024-01-23T15:27:05,2026-09-22T03:01:44
T12904,Diverse Educational Innovations Studies,1100,General Agricultural and Biological Sciences,11,Agricultural and Biological Sciences,1,Life Sciences,134259,502510,19,10,2024-01-23T15:27:16,2026-09-22T03:01:44
T10682,Quantum Computing Algorithms and Architecture,1702,Artificial Intelligence,17,Computer Science,3,Physical Sciences,134112,1403012,76,10,2024-01-23T15:27:07,2026-09-22T03:01:44
T10144,Blood Pressure and Hypertension Studies,2705,Cardiology and Cardiovascular Medicine,27,Medicine,4,Health Sciences,134080,2329547,28,10,2024-01-23T15:27:05,2026-09-22T03:01:44
T13224,Sports and Physical Education Research,3612,"Physical Therapy, Sports Therapy and Rehabilitation",36,Health Professions,4,Health Sciences,134058,162544,6,10,2024-01-23T15:27:17,2026-09-22T03:01:44
T10068,Technology Adoption and User Behaviour,1802,Information Systems and Management,18,Decision Sciences,2,Social Sciences,133935,2459007,14,10,2024-01-23T15:27:05,2026-09-22T03:01:44
T10185,Lymphoma Diagnosis and Treatment,2734,Pathology and Forensic Medicine,27,Medicine,4,Health Sciences,133913,2020873,22,10,2024-01-23T15:27:05,2026-09-22T03:01:44
T11761,Resilience and Mental Health,3203,Clinical Psychology,32,Psychology,2,Social Sciences,133852,1422679,37,10,2024-01-23T15:27:11,2026-09-22T03:01:44
T10269,Epigenetics and DNA Methylation,1312,Molecular Biology,13,"Biochemistry, Genetics and Molecular Biology",1,Life Sciences,133582,4027229,134,10,2024-01-23T15:27:05,2026-09-22T03:01:44
T10164,Quality and Supply Management,1404,Management Information Systems,14,"Business, Management and Accounting",2,Social Sciences,133572,1374124,15,10,2024-01-23T15:27:05,2026-09-22T03:01:44
T14402,Political and Social Issues,3320,Political Science and International Relations,33,Social Sciences,2,Social Sciences,133465,122353,117,10,2024-01-23T15:27:22,2026-09-22T03:01:44
T10557,Social Media and Politics,3315,Communication,33,Social Sciences,2,Social Sciences,133326,1900344,15,10,2024-01-23T15:27:07,2026-09-22T03:01:44
T10010,"Obesity, Physical Activity, Diet",2739,"Public Health, Environmental and Occupational Health",27,Medicine,4,Health Sciences,133261,3183277,53,10,2024-01-23T15:27:04,2026-09-22T03:01:44
T10180,Analytical chemistry methods development,1602,Analytical Chemistry,16,Chemistry,3,Physical Sciences,133052,2137726,6,10,2024-01-23T15:27:05,2026-09-22T03:01:44
T11595,Textile materials and evaluations,2507,Polymers and Plastics,25,Materials Science,3,Physical Sciences,133050,612113,13,10,2024-01-23T15:27:11,2026-09-22T03:01:44
T12863,Web and Library Services,1710,Information Systems,17,Computer Science,3,Physical Sciences,132987,147504,77,10,2024-01-23T15:27:16,2026-09-22T03:01:44
T12555,Ancient Egypt and Archaeology,1204,Archeology,12,Arts and Humanities,2,Social Sciences,132834,251603,19,10,2024-01-23T15:27:14,2026-09-22T03:01:44
T10397,Nutrition and Health in Aging,2737,Physiology,27,Medicine,4,Health Sciences,132785,1968647,29,10,2024-01-23T15:27:06,2026-09-22T03:01:44
T13088,Legal and Labor Studies,1410,Industrial relations,14,"Business, Management and Accounting",2,Social Sciences,132712,49703,0,10,2024-01-23T15:27:16,2026-09-22T03:01:44
T10839,Pancreatic function and diabetes,2746,Surgery,27,Medicine,4,Health Sciences,132692,3211471,95,10,2024-01-23T15:27:08,2026-09-22T03:01:44
T12033,Agricultural Economics and Policy,1100,General Agricultural and Biological Sciences,11,Agricultural and Biological Sciences,1,Life Sciences,132676,379927,19,10,2024-01-23T15:27:12,2026-09-22T03:01:44
T12804,Thermal Analysis in Power Transmission,2207,Control and Systems Engineering,22,Engineering,3,Physical Sciences,132668,106408,43,10,2024-01-23T15:27:15,2026-09-22T03:01:44
T13888,Social Policies and Family,3312,Sociology and Political Science,33,Social Sciences,2,Social Sciences,132507,89166,223,10,2024-01-23T15:27:20,2026-09-22T03:01:44
T10785,Economic Theory and Institutions,2002,Economics and Econometrics,20,"Economics, Econometrics and Finance",2,Social Sciences,132477,1669989,78,10,2024-01-23T15:27:08,2026-09-22T03:01:44
T10663,Advanced Battery Technologies Research,2203,Automotive Engineering,22,Engineering,3,Physical Sciences,132463,1986088,11,10,2024-01-23T15:27:07,2026-09-22T03:01:44
T13457,"Dental Education, Practice, Research",3600,General Health Professions,36,Health Professions,4,Health Sciences,132355,211509,49,10,2024-01-23T15:27:18,2026-09-22T03:01:44
T10463,Pulsars and Gravitational Waves Research,3103,Astronomy and Astrophysics,31,Physics and Astronomy,3,Physical Sciences,132245,1910632,20,10,2024-01-23T15:27:06,2026-09-22T03:01:44
T10202,Lung Cancer Diagnosis and Treatment,2740,Pulmonary and Respiratory Medicine,27,Medicine,4,Health Sciences,132049,1624230,51,10,2024-01-23T15:27:05,2026-09-22T03:01:44
T12184,Linguistics and Education Research,1208,Literature and Literary Theory,12,Arts and Humanities,2,Social Sciences,131967,86822,52,10,2024-01-23T15:27:13,2026-09-22T03:01:44
T10111,Remote Sensing in Agriculture,2303,Ecology,23,Environmental Science,3,Physical Sciences,131849,2060277,32,10,2024-01-23T15:27:05,2026-09-22T03:01:44
T13714,Medieval Architecture and Archaeology,1204,Archeology,12,Arts and Humanities,2,Social Sciences,131676,75469,19,10,2024-01-23T15:27:19,2026-09-22T03:01:44
T10101,Cloud Computing and Resource Management,1710,Information Systems,17,Computer Science,3,Physical Sciences,131589,1334813,77,10,2024-01-23T15:27:05,2026-09-22T03:01:44
T13212,German Social Sciences and History,3312,Sociology and Political Science,33,Social Sciences,2,Social Sciences,131512,145294,223,10,2024-01-23T15:27:17,2026-09-22T03:01:44
T10120,Bacterial Genetics and Biotechnology,1311,Genetics,13,"Biochemistry, Genetics and Molecular Biology",1,Life Sciences,131475,2729878,39,10,2024-01-23T15:27:05,2026-09-22T03:01:44
T13147,Ethics and bioethics in healthcare,2739,"Public Health, Environmental and Occupational Health",27,Medicine,4,Health Sciences,131449,82862,53,10,2024-01-23T15:27:17,2026-09-22T03:01:44
T10205,Advanced Fiber Optic Sensors,2208,Electrical and Electronic Engineering,22,Engineering,3,Physical Sciences,131410,1346238,116,10,2024-01-23T15:27:05,2026-09-22T03:01:44
T10083,Graphene research and applications,2505,Materials Chemistry,25,Materials Science,3,Physical Sciences,131380,4659200,68,10,2024-01-23T15:27:05,2026-09-22T03:01:44
T10466,Meteorological Phenomena and Simulations,1902,Atmospheric Science,19,Earth and Planetary Sciences,3,Physical Sciences,131188,1663561,12,10,2024-01-23T15:27:06,2026-09-22T03:01:44
T12564,Sensor Technology and Measurement Systems,1705,Computer Networks and Communications,17,Computer Science,3,Physical Sciences,131162,514480,42,10,2024-01-23T15:27:14,2026-09-22T03:01:44
T13751,Diverse Approaches in Healthcare and Education Studies,2739,"Public Health, Environmental and Occupational Health",27,Medicine,4,Health Sciences,131153,122856,53,10,2024-01-23T15:27:19,2026-09-22T03:01:44
T11004,Crustacean biology and ecology,2303,Ecology,23,Environmental Science,3,Physical Sciences,131102,820018,32,10,2024-01-23T15:27:09,2026-09-22T03:01:44
T10417,Lung Cancer Treatments and Mutations,2740,Pulmonary and Respiratory Medicine,27,Medicine,4,Health Sciences,130951,1730756,51,10,2024-01-23T15:27:06,2026-09-22T03:01:44
T11880,Forest ecology and management,2309,Nature and Landscape Conservation,23,Environmental Science,3,Physical Sciences,130551,1192082,11,10,2024-01-23T15:27:12,2026-09-22T03:01:44
T11113,Music History and Culture,1210,Music,12,Arts and Humanities,2,Social Sciences,130537,495038,4,10,2024-01-23T15:27:09,2026-09-22T03:01:44
T10033,Concrete and Cement Materials Research,2205,Civil and Structural Engineering,22,Engineering,3,Physical Sciences,130449,2743094,41,10,2024-01-23T15:27:05,2026-09-22T03:01:44
T11959,Employment and Welfare Studies,3600,General Health Professions,36,Health Professions,4,Health Sciences,130117,1258463,49,10,2024-01-23T15:27:12,2026-09-22T03:01:44
T10661,biodegradable polymer synthesis and properties,2502,Biomaterials,25,Materials Science,3,Physical Sciences,130099,2547165,12,10,2024-01-23T15:27:07,2026-09-22T03:01:44
T12639,Global Energy and Sustainability Research,2105,"Renewable Energy, Sustainability and the Environment",21,Energy,3,Physical Sciences,129963,799810,21,10,2024-01-23T15:27:15,2026-09-22T03:01:44
T10263,Eating Disorders and Behaviors,3203,Clinical Psychology,32,Psychology,2,Social Sciences,129913,2576438,37,10,2024-01-23T15:27:05,2026-09-22T03:01:44
T13360,Economic and Social Issues,3312,Sociology and Political Science,33,Social Sciences,2,Social Sciences,129912,260234,223,10,2024-01-23T15:27:18,2026-09-22T03:01:44
T13970,Pharmacy and Medical Practices,3004,Pharmacology,30,"Pharmacology, Toxicology and Pharmaceutics",1,Life Sciences,129816,83752,14,10,2024-01-23T15:27:20,2026-09-22T03:01:44
T10073,Hepatocellular Carcinoma Treatment and Prognosis,2721,Hepatology,27,Medicine,4,Health Sciences,129786,2414049,5,10,2024-01-23T15:27:05,2026-09-22T03:01:44
T10116,Sperm and Testicular Function,2743,Reproductive Medicine,27,Medicine,4,Health Sciences,129557,2492441,7,10,2024-01-23T15:27:05,2026-09-22T03:01:44
T11357,Risk and Safety Analysis,1804,"Statistics, Probability and Uncertainty",18,Decision Sciences,2,Social Sciences,129241,687192,8,10,2024-01-23T15:27:10,2026-09-22T03:01:44
T10534,Structural Health Monitoring Techniques,2205,Civil and Structural Engineering,22,Engineering,3,Physical Sciences,129196,1460193,41,10,2024-01-23T15:27:06,2026-09-22T03:01:44
T11741,Flexible and Reconfigurable Manufacturing Systems,2209,Industrial and Manufacturing Engineering,22,Engineering,3,Physical Sciences,129174,308931,16,10,2024-01-23T15:27:11,2026-09-22T03:01:44
T11211,3D Surveying and Cultural Heritage,1907,Geology,19,Earth and Planetary Sciences,3,Physical Sciences,129092,656958,4,10,2024-01-23T15:27:09,2026-09-22T03:01:44
T10554,Hemoglobinopathies and Related Disorders,2716,Genetics,27,Medicine,4,Health Sciences,129037,1593084,8,10,2024-01-23T15:27:07,2026-09-22T03:01:44
T14515,International Law and Aviation,3320,Political Science and International Relations,33,Social Sciences,2,Social Sciences,128988,177358,117,10,2024-01-23T15:27:22,2026-09-22T03:01:44
T14477,"Management, Economics, and Public Policy",1406,Marketing,14,"Business, Management and Accounting",2,Social Sciences,128783,176556,14,10,2024-01-23T15:27:22,2026-09-22T03:01:44
T11846,Cultural Heritage Management and Preservation,1204,Archeology,12,Arts and Humanities,2,Social Sciences,128748,394969,19,10,2024-01-23T15:27:12,2026-09-22T03:01:44
T13303,Asian Culture and Media Studies,3316,Cultural Studies,33,Social Sciences,2,Social Sciences,128724,219030,37,10,2024-01-23T15:27:17,2026-09-22T03:01:44
T13917,Engineering and Material Science Research,2500,General Materials Science,25,Materials Science,3,Physical Sciences,128483,118736,2,10,2024-01-23T15:27:20,2026-09-22T03:01:44
T10537,Attention Deficit Hyperactivity Disorder,2738,Psychiatry and Mental health,27,Medicine,4,Health Sciences,128210,2068468,15,10,2024-01-23T15:27:07,2026-09-22T03:01:44
T11508,Corporate Taxation and Avoidance,1402,Accounting,14,"Business, Management and Accounting",2,Social Sciences,128208,482704,21,10,2024-01-23T15:27:10,2026-09-22T03:01:44
T13443,Mineralogy and Gemology Studies,1906,Geochemistry and Petrology,19,Earth and Planetary Sciences,3,Physical Sciences,128149,271015,5,10,2024-01-23T15:27:18,2026-09-22T03:01:44
T13984,"Nutrition, Genetics, and Disease",1311,Genetics,13,"Biochemistry, Genetics and Molecular Biology",1,Life Sciences,128143,638060,39,10,2024-01-23T15:27:20,2026-09-22T03:01:44
T12473,Pacific and Southeast Asian Studies,3305,"Geography, Planning and Development",33,Social Sciences,2,Social Sciences,128110,510856,14,10,2024-01-23T15:27:14,2026-09-22T03:01:44
T14362,Diverse Legal and Medical Studies,1408,Strategy and Management,14,"Business, Management and Accounting",2,Social Sciences,127757,38283,41,10,2024-01-23T15:27:22,2026-09-22T03:01:44
T11457,Adipose Tissue and Metabolism,2737,Physiology,27,Medicine,4,Health Sciences,127660,2768477,29,10,2024-01-23T15:27:10,2026-09-22T03:01:44
T11316,Mycobacterium research and diagnosis,2713,Epidemiology,27,Medicine,4,Health Sciences,127489,1202166,41,10,2024-01-23T15:27:10,2026-09-22T03:01:44
T10099,GaN-based semiconductor devices and materials,3104,Condensed Matter Physics,31,Physics and Astronomy,3,Physical Sciences,127403,1829745,7,10,2024-01-23T15:27:05,2026-09-22T03:01:44
T11810,Complex Systems and Decision Making,1803,Management Science and Operations Research,18,Decision Sciences,2,Social Sciences,127294,2157137,33,10,2024-01-23T15:27:11,2026-09-22T03:01:44
T13460,Historical Studies in Latin America,3317,Demography,33,Social Sciences,2,Social Sciences,127051,139690,26,10,2024-01-23T15:27:18,2026-09-22T03:01:44
T10085,Parkinson's Disease Mechanisms and Treatments,2728,Neurology,27,Medicine,4,Health Sciences,126882,3722420,21,10,2024-01-23T15:27:05,2026-09-22T03:01:44
T10418,Pelvic floor disorders treatments,2745,Rheumatology,27,Medicine,4,Health Sciences,126872,1415178,23,10,2024-01-23T15:27:06,2026-09-22T03:01:44
T10081,"Auditing, Earnings Management, Governance",1402,Accounting,14,"Business, Management and Accounting",2,Social Sciences,126774,2171333,21,10,2024-01-23T15:27:05,2026-09-22T03:01:44
T10421,Pleistocene-Era Hominins and Archaeology,3314,Anthropology,33,Social Sciences,2,Social Sciences,126582,1187747,24,10,2024-01-23T15:27:06,2026-09-22T03:01:44
T10118,SARS-CoV-2 and COVID-19 Research,2725,Infectious Diseases,27,Medicine,4,Health Sciences,126574,3167860,20,10,2024-01-23T15:27:05,2026-09-22T03:01:44
T11527,3D IC and TSV technologies,2208,Electrical and Electronic Engineering,22,Engineering,3,Physical Sciences,126563,300811,116,10,2024-01-23T15:27:10,2026-09-22T03:01:44
T12394,Insurance and Financial Risk Management,2002,Economics and Econometrics,20,"Economics, Econometrics and Finance",2,Social Sciences,126444,471769,78,10,2024-01-23T15:27:14,2026-09-22T03:01:44
T10942,"Sports, Gender, and Society",3318,Gender Studies,33,Social Sciences,2,Social Sciences,126255,465849,20,10,2024-01-23T15:27:08,2026-09-22T03:01:44
T10816,Cerebrovascular and Carotid Artery Diseases,2740,Pulmonary and Respiratory Medicine,27,Medicine,4,Health Sciences,126206,1254007,51,10,2024-01-23T15:27:08,2026-09-22T03:01:44
T12422,Radiomics and Machine Learning in Medical Imaging,2741,"Radiology, Nuclear Medicine and Imaging",27,Medicine,4,Health Sciences,126139,811457,29,10,2024-01-23T15:27:14,2026-09-22T03:01:44
T10431,Ethnobotanical and Medicinal Plants Studies,1110,Plant Science,11,Agricultural and Biological Sciences,1,Life Sciences,126137,650387,89,10,2024-01-23T15:27:06,2026-09-22T03:01:44
T10660,Conducting polymers and applications,2507,Polymers and Plastics,25,Materials Science,3,Physical Sciences,126101,2555556,13,10,2024-01-23T15:27:07,2026-09-22T03:01:44
T13177,Geological and Geophysical Studies,1907,Geology,19,Earth and Planetary Sciences,3,Physical Sciences,125860,683642,4,10,2024-01-23T15:27:17,2026-09-22T03:01:44
T10358,Advanced Radiotherapy Techniques,3108,Radiation,31,Physics and Astronomy,3,Physical Sciences,125597,1225073,5,10,2024-01-23T15:27:06,2026-09-22T03:01:44
T14256,Agricultural and Food Sciences,1107,Forestry,11,Agricultural and Biological Sciences,1,Life Sciences,125521,165511,6,10,2024-01-23T15:27:21,2026-09-22T03:01:44
T10645,Cardiac Arrest and Resuscitation,2711,Emergency Medicine,27,Medicine,4,Health Sciences,125498,1430586,10,10,2024-01-23T15:27:07,2026-09-22T03:01:44
T10359,Dental Implant Techniques and Outcomes,3504,Oral Surgery,35,Dentistry,4,Health Sciences,125392,1548111,4,10,2024-01-23T15:27:06,2026-09-22T03:01:44
T10643,Marine and coastal plant biology,1910,Oceanography,19,Earth and Planetary Sciences,3,Physical Sciences,125276,1760890,8,10,2024-01-23T15:27:07,2026-09-22T03:01:44
T10479,Structural Behavior of Reinforced Concrete,2215,Building and Construction,22,Engineering,3,Physical Sciences,125176,1283564,21,10,2024-01-23T15:27:06,2026-09-22T03:01:44
T10200,Rheumatoid Arthritis Research and Therapies,2745,Rheumatology,27,Medicine,4,Health Sciences,125086,2091893,23,10,2024-01-23T15:27:05,2026-09-22T03:01:44
T10124,Prostate Cancer Diagnosis and Treatment,2740,Pulmonary and Respiratory Medicine,27,Medicine,4,Health Sciences,125051,2005102,51,10,2024-01-23T15:27:05,2026-09-22T03:01:44
T10105,Osteoarthritis Treatment and Mechanisms,2745,Rheumatology,27,Medicine,4,Health Sciences,125017,2802611,23,10,2024-01-23T15:27:05,2026-09-22T03:01:44
T10044,Protein Structure and Dynamics,1312,Molecular Biology,13,"Biochemistry, Genetics and Molecular Biology",1,Life Sciences,124998,4470044,134,10,2024-01-23T15:27:05,2026-09-22T03:01:44
T12414,Coastal and Marine Management,2308,"Management, Monitoring, Policy and Law",23,Environmental Science,3,Physical Sciences,124939,640912,33,10,2024-01-23T15:27:14,2026-09-22T03:01:44
T10427,Visual perception and processing mechanisms,2805,Cognitive Neuroscience,28,Neuroscience,1,Life Sciences,124922,3486292,27,10,2024-01-23T15:27:06,2026-09-22T03:01:44
T12168,Health and Medical Research Impacts,2739,"Public Health, Environmental and Occupational Health",27,Medicine,4,Health Sciences,124885,410264,53,10,2024-01-23T15:27:13,2026-09-22T03:01:44
T10310,Corrosion Behavior and Inhibition,2505,Materials Chemistry,25,Materials Science,3,Physical Sciences,124837,1921223,68,10,2024-01-23T15:27:06,2026-09-22T03:01:44
T11878,Solid-state spectroscopy and crystallography,2505,Materials Chemistry,25,Materials Science,3,Physical Sciences,124829,964910,68,10,2024-01-23T15:27:12,2026-09-22T03:01:44
T11913,Animal Ecology and Behavior Studies,2303,Ecology,23,Environmental Science,3,Physical Sciences,124783,1307579,32,10,2024-01-23T15:27:12,2026-09-22T03:01:44
T13986,Medical Practices and Rehabilitation,3612,"Physical Therapy, Sports Therapy and Rehabilitation",36,Health Professions,4,Health Sciences,124742,116010,6,10,2024-01-23T15:27:20,2026-09-22T03:01:44
T14309,Employee Performance and Management,3307,Human Factors and Ergonomics,33,Social Sciences,2,Social Sciences,124721,191708,2,10,2024-01-23T15:27:22,2026-09-22T03:01:44
T12307,Ancient Near East History,1204,Archeology,12,Arts and Humanities,2,Social Sciences,124659,375688,19,10,2024-01-23T15:27:13,2026-09-22T03:01:44
T12446,Economic Growth and Fiscal Policies,2002,Economics and Econometrics,20,"Economics, Econometrics and Finance",2,Social Sciences,124644,191899,78,10,2024-01-23T15:27:14,2026-09-22T03:01:44
T10154,Customer Service Quality and Loyalty,1407,Organizational Behavior and Human Resource Management,14,"Business, Management and Accounting",2,Social Sciences,124639,3088022,29,10,2024-01-23T15:27:05,2026-09-22T03:01:44
T12359,Fern and Epiphyte Biology,1105,"Ecology, Evolution, Behavior and Systematics",11,Agricultural and Biological Sciences,1,Life Sciences,124601,269938,32,10,2024-01-23T15:27:14,2026-09-22T03:01:44
T10407,Lipid Membrane Structure and Behavior,1312,Molecular Biology,13,"Biochemistry, Genetics and Molecular Biology",1,Life Sciences,124545,3377332,134,10,2024-01-23T15:27:06,2026-09-22T03:01:44
T10831,Cell Adhesion Molecules Research,2723,Immunology and Allergy,27,Medicine,4,Health Sciences,124539,3740797,2,10,2024-01-23T15:27:08,2026-09-22T03:01:44
T13168,Plant Ecology and Taxonomy Studies,1105,"Ecology, Evolution, Behavior and Systematics",11,Agricultural and Biological Sciences,1,Life Sciences,124520,163191,32,10,2024-01-23T15:27:17,2026-09-22T03:01:44
T10510,Stroke Rehabilitation and Recovery,2742,Rehabilitation,27,Medicine,4,Health Sciences,124406,1437110,6,10,2024-01-23T15:27:06,2026-09-22T03:01:44
T12308,Mental Health and Psychiatry,1211,Philosophy,12,Arts and Humanities,2,Social Sciences,124340,1049306,48,10,2024-01-23T15:27:13,2026-09-22T03:01:44
T11948,Machine Learning in Materials Science,2505,Materials Chemistry,25,Materials Science,3,Physical Sciences,124214,1082741,68,10,2024-01-23T15:27:12,2026-09-22T03:01:44
T10293,Thyroid Disorders and Treatments,2712,"Endocrinology, Diabetes and Metabolism",27,Medicine,4,Health Sciences,124210,1690566,17,10,2024-01-23T15:27:06,2026-09-22T03:01:44
T10476,Algal biology and biofuel production,2105,"Renewable Energy, Sustainability and the Environment",21,Energy,3,Physical Sciences,124194,2493336,21,10,2024-01-23T15:27:06,2026-09-22T03:01:44
T10140,Food composition and properties,2916,Nutrition and Dietetics,29,Nursing,4,Health Sciences,124164,2396821,16,10,2024-01-23T15:27:05,2026-09-22T03:01:44
T10307,Head and Neck Cancer Studies,2733,Otorhinolaryngology,27,Medicine,4,Health Sciences,124146,1675159,2,10,2024-01-23T15:27:06,2026-09-22T03:01:44
T10060,Smoking Behavior and Cessation,2737,Physiology,27,Medicine,4,Health Sciences,124058,2361270,29,10,2024-01-23T15:27:05,2026-09-22T03:01:44
T10253,Sarcoma Diagnosis and Treatment,2740,Pulmonary and Respiratory Medicine,27,Medicine,4,Health Sciences,124024,1562588,51,10,2024-01-23T15:27:05,2026-09-22T03:01:44
T12310,Crop Yield and Soil Fertility,1102,Agronomy and Crop Science,11,Agricultural and Biological Sciences,1,Life Sciences,123955,823399,10,10,2024-01-23T15:27:13,2026-09-22T03:01:44
T10792,Matrix Theory and Algorithms,1703,Computational Theory and Mathematics,17,Computer Science,3,Physical Sciences,123904,1762181,23,10,2024-01-23T15:27:08,2026-09-22T03:01:44
T10139,Heavy metals in environment,2310,Pollution,23,Environmental Science,3,Physical Sciences,123765,2895440,10,10,2024-01-23T15:27:05,2026-09-22T03:01:44
T12273,Latin American Urban Studies,3322,Urban Studies,33,Social Sciences,2,Social Sciences,123756,100102,18,10,2024-01-23T15:27:13,2026-09-22T03:01:44
T14441,"Religion, Theology, History, Judaism, Christianity",3320,Political Science and International Relations,33,Social Sciences,2,Social Sciences,123705,43097,117,10,2024-01-23T15:27:22,2026-09-22T03:01:44
T10031,T-cell and B-cell Immunology,2403,Immunology,24,Immunology and Microbiology,1,Life Sciences,123658,4026318,25,10,2024-01-23T15:27:05,2026-09-22T03:01:44
T11858,Urban Development and Societal Issues,3322,Urban Studies,33,Social Sciences,2,Social Sciences,123651,91278,18,10,2024-01-23T15:27:12,2026-09-22T03:01:44
T10546,Higher Education Governance and Development,3320,Political Science and International Relations,33,Social Sciences,2,Social Sciences,123456,889287,117,10,2024-01-23T15:27:07,2026-09-22T03:01:44
T10113,Dental materials and restorations,3505,Orthodontics,35,Dentistry,4,Health Sciences,123442,1999652,2,10,2024-01-23T15:27:05,2026-09-22T03:01:44
T10423,Neurobiology and Insect Physiology Research,2804,Cellular and Molecular Neuroscience,28,Neuroscience,1,Life Sciences,123409,2925608,12,10,2024-01-23T15:27:06,2026-09-22T03:01:44
T10134,Inflammatory Bowel Disease,1311,Genetics,13,"Biochemistry, Genetics and Molecular Biology",1,Life Sciences,123382,2337881,39,10,2024-01-23T15:27:05,2026-09-22T03:01:44
T10791,Advanced Control Systems Optimization,2207,Control and Systems Engineering,22,Engineering,3,Physical Sciences,123245,1527742,43,10,2024-01-23T15:27:08,2026-09-22T03:01:44
T12636,Regional Development and Innovation,3303,Development,33,Social Sciences,2,Social Sciences,122950,122649,7,10,2024-01-23T15:27:15,2026-09-22T03:01:44
T10515,Cancer-related molecular mechanisms research,1306,Cancer Research,13,"Biochemistry, Genetics and Molecular Biology",1,Life Sciences,122897,2276711,12,10,2024-01-23T15:27:06,2026-09-22T03:01:44
T10371,Immune Response and Inflammation,2403,Immunology,24,Immunology and Microbiology,1,Life Sciences,122836,3436998,25,10,2024-01-23T15:27:06,2026-09-22T03:01:44
T13179,"Literature, Culture, and Criticism",1208,Literature and Literary Theory,12,Arts and Humanities,2,Social Sciences,122735,54530,52,10,2024-01-23T15:27:17,2026-09-22T03:01:44
T12762,Crystallography and Radiation Phenomena,3104,Condensed Matter Physics,31,Physics and Astronomy,3,Physical Sciences,122725,360186,7,10,2024-01-23T15:27:15,2026-09-22T03:01:44
T13590,"Oral History, Memory, Narrative Analysis",1202,History,12,Arts and Humanities,2,Social Sciences,122681,98092,43,10,2024-01-23T15:27:19,2026-09-22T03:01:44
T10512,Orthopaedic implants and arthroplasty,2746,Surgery,27,Medicine,4,Health Sciences,122596,1763325,95,10,2024-01-23T15:27:06,2026-09-22T03:01:44
T11323,Gamma-ray bursts and supernovae,3103,Astronomy and Astrophysics,31,Physics and Astronomy,3,Physical Sciences,122555,1472873,20,10,2024-01-23T15:27:10,2026-09-22T03:01:44
T10298,Urban Transport and Accessibility,3313,Transportation,33,Social Sciences,2,Social Sciences,122452,1675141,8,10,2024-01-23T15:27:06,2026-09-22T03:01:44
T10096,Metal-Organic Frameworks: Synthesis and Applications,1604,Inorganic Chemistry,16,Chemistry,3,Physical Sciences,122433,4420816,11,10,2024-01-23T15:27:05,2026-09-22T03:01:44
T10241,Functional Brain Connectivity Studies,2805,Cognitive Neuroscience,28,Neuroscience,1,Life Sciences,122184,3384813,27,10,2024-01-23T15:27:05,2026-09-22T03:01:44
T10783,Additive Manufacturing and 3D Printing Technologies,2203,Automotive Engineering,22,Engineering,3,Physical Sciences,122143,1488396,11,10,2024-01-23T15:27:08,2026-09-22T03:01:44
T11156,Reproductive Health and Technologies,2743,Reproductive Medicine,27,Medicine,4,Health Sciences,122088,722154,7,10,2024-01-23T15:27:09,2026-09-22T03:01:44
T12670,"Urbanism, Landscape, and Tourism Studies",3316,Cultural Studies,33,Social Sciences,2,Social Sciences,121944,47379,37,10,2024-01-23T15:27:15,2026-09-22T03:01:44
T10756,Estrogen and related hormone effects,1311,Genetics,13,"Biochemistry, Genetics and Molecular Biology",1,Life Sciences,121927,2718817,39,10,2024-01-23T15:27:08,2026-09-22T03:01:44
T10195,Antimicrobial Resistance in Staphylococcus,2725,Infectious Diseases,27,Medicine,4,Health Sciences,121748,2095458,20,10,2024-01-23T15:27:05,2026-09-22T03:01:44
T12229,Pharmacological Effects and Toxicity Studies,2735,"Pediatrics, Perinatology and Child Health",27,Medicine,4,Health Sciences,121717,749895,19,10,2024-01-23T15:27:13,2026-09-22T03:01:44
T11216,Radiation Detection and Scintillator Technologies,3108,Radiation,31,Physics and Astronomy,3,Physical Sciences,121715,526659,5,10,2024-01-23T15:27:09,2026-09-22T03:01:44
T12283,Latin American history and culture,1213,Visual Arts and Performing Arts,12,Arts and Humanities,2,Social Sciences,121655,338918,16,10,2024-01-23T15:27:13,2026-09-22T03:01:44
T10821,Cardiovascular Function and Risk Factors,2705,Cardiology and Cardiovascular Medicine,27,Medicine,4,Health Sciences,121611,1922846,28,10,2024-01-23T15:27:08,2026-09-22T03:01:44
T10308,Systemic Lupus Erythematosus Research,2745,Rheumatology,27,Medicine,4,Health Sciences,121503,1979775,23,10,2024-01-23T15:27:06,2026-09-22T03:01:44
T10355,Impact of Technology on Adolescents,3312,Sociology and Political Science,33,Social Sciences,2,Social Sciences,121378,1631562,223,10,2024-01-23T15:27:06,2026-09-22T03:01:44
T12927,"Memory, History, Trauma, Identity",1211,Philosophy,12,Arts and Humanities,2,Social Sciences,121289,31512,48,10,2024-01-23T15:27:16,2026-09-22T03:01:44
T10043,Substance Abuse Treatment and Outcomes,2713,Epidemiology,27,Medicine,4,Health Sciences,121270,2265361,41,10,2024-01-23T15:27:05,2026-09-22T03:01:44
T10123,DNA Repair Mechanisms,1312,Molecular Biology,13,"Biochemistry, Genetics and Molecular Biology",1,Life Sciences,121252,4364083,134,10,2024-01-23T15:27:05,2026-09-22T03:01:44
T12051,Diversity and Impact of Dance,3205,Experimental and Cognitive Psychology,32,Psychology,2,Social Sciences,121190,261193,23,10,2024-01-23T15:27:12,2026-09-22T03:01:44
T12040,International Arbitration and Investment Law,1408,Strategy and Management,14,"Business, Management and Accounting",2,Social Sciences,120974,349325,41,10,2024-01-23T15:27:12,2026-09-22T03:01:44
T10016,Adsorption and biosorption for pollutant removal,2312,Water Science and Technology,23,Environmental Science,3,Physical Sciences,120870,3500568,23,10,2024-01-23T15:27:04,2026-09-22T03:01:44
T12586,"Folklore, Mythology, and Literature Studies",1208,Literature and Literary Theory,12,Arts and Humanities,2,Social Sciences,120831,272343,52,10,2024-01-23T15:27:15,2026-09-22T03:01:44
T12886,Historical and Cultural Studies of Poland,1202,History,12,Arts and Humanities,2,Social Sciences,120655,33187,43,10,2024-01-23T15:27:16,2026-09-22T03:01:44
T11632,Family and Disability Support Research,3203,Clinical Psychology,32,Psychology,2,Social Sciences,120609,1018983,37,10,2024-01-23T15:27:11,2026-09-22T03:01:44
T10338,Advanced Sensor and Energy Harvesting Materials,2204,Biomedical Engineering,22,Engineering,3,Physical Sciences,120586,3506533,71,10,2024-01-23T15:27:06,2026-09-22T03:01:44
T10745,Heart Rate Variability and Autonomic Control,2705,Cardiology and Cardiovascular Medicine,27,Medicine,4,Health Sciences,120583,2026244,28,10,2024-01-23T15:27:07,2026-09-22T03:01:44
T13122,Linguistics and Cultural Studies,1203,Language and Linguistics,12,Arts and Humanities,2,Social Sciences,120505,182380,19,10,2024-01-23T15:27:17,2026-09-22T03:01:44
T13890,Remote Sensing and Land Use,1902,Atmospheric Science,19,Earth and Planetary Sciences,3,Physical Sciences,120050,265800,12,10,2024-01-23T15:27:20,2026-09-22T03:01:44
T10183,Breast Cancer Treatment Studies,1306,Cancer Research,13,"Biochemistry, Genetics and Molecular Biology",1,Life Sciences,120025,2044519,12,10,2024-01-23T15:27:05,2026-09-22T03:01:44
T13407,Regional Development and Management Studies,2002,Economics and Econometrics,20,"Economics, Econometrics and Finance",2,Social Sciences,119994,102003,78,10,2024-01-23T15:27:18,2026-09-22T03:01:44
T10658,Bone fractures and treatments,2713,Epidemiology,27,Medicine,4,Health Sciences,119986,1124406,41,10,2024-01-23T15:27:07,2026-09-22T03:01:44
T11617,Enzyme Production and Characterization,1305,Biotechnology,13,"Biochemistry, Genetics and Molecular Biology",1,Life Sciences,119946,1507951,7,10,2024-01-23T15:27:11,2026-09-22T03:01:44
T11970,Molecular Biology Techniques and Applications,1312,Molecular Biology,13,"Biochemistry, Genetics and Molecular Biology",1,Life Sciences,119860,1999024,134,10,2024-01-23T15:27:12,2026-09-22T03:01:44
T12522,Mathematics Education and Pedagogy,2604,Applied Mathematics,26,Mathematics,3,Physical Sciences,119812,297733,16,10,2024-01-23T15:27:14,2026-09-22T03:01:44
T12736,Criminal Justice and Penology,3308,Law,33,Social Sciences,2,Social Sciences,119763,63651,39,10,2024-01-23T15:27:15,2026-09-22T03:01:44
T14399,Invertebrate Taxonomy and Ecology,1105,"Ecology, Evolution, Behavior and Systematics",11,Agricultural and Biological Sciences,1,Life Sciences,119734,304082,32,10,2024-01-23T15:27:22,2026-09-22T03:01:44
T10150,Antifungal resistance and susceptibility,2725,Infectious Diseases,27,Medicine,4,Health Sciences,119732,2372807,20,10,2024-01-23T15:27:05,2026-09-22T03:01:44
T10005,Ecology and Vegetation Dynamics Studies,2309,Nature and Landscape Conservation,23,Environmental Science,3,Physical Sciences,119715,4758957,11,10,2024-01-23T15:27:04,2026-09-22T03:01:44
T11277,Thermal properties of materials,2505,Materials Chemistry,25,Materials Science,3,Physical Sciences,119399,888732,68,10,2024-01-23T15:27:10,2026-09-22T03:01:44
T10458,Bladder and Urothelial Cancer Treatments,2746,Surgery,27,Medicine,4,Health Sciences,119374,1363349,95,10,2024-01-23T15:27:06,2026-09-22T03:01:44
T10747,Disaster Management and Resilience,3312,Sociology and Political Science,33,Social Sciences,2,Social Sciences,119207,982310,223,10,2024-01-23T15:27:07,2026-09-22T03:01:44
T10883,Ethics and Social Impacts of AI,3311,Safety Research,33,Social Sciences,2,Social Sciences,118935,642729,18,10,2024-01-23T15:27:08,2026-09-22T03:01:44
T11859,Educator Training and Historical Pedagogy,3312,Sociology and Political Science,33,Social Sciences,2,Social Sciences,118875,625554,223,10,2024-01-23T15:27:12,2026-09-22T03:01:44
T10309,Acute Myeloid Leukemia Research,2720,Hematology,27,Medicine,4,Health Sciences,118831,1890811,11,10,2024-01-23T15:27:06,2026-09-22T03:01:44
T10625,Herpesvirus Infections and Treatments,2713,Epidemiology,27,Medicine,4,Health Sciences,118784,1872622,41,10,2024-01-23T15:27:07,2026-09-22T03:01:44
T12045,Rice Cultivation and Yield Improvement,1110,Plant Science,11,Agricultural and Biological Sciences,1,Life Sciences,118634,643432,89,10,2024-01-23T15:27:12,2026-09-22T03:01:44
T10086,Alzheimer's disease research and treatments,2737,Physiology,27,Medicine,4,Health Sciences,118517,4883889,29,10,2024-01-23T15:27:05,2026-09-22T03:01:44
T10395,Construction Project Management and Performance,1803,Management Science and Operations Research,18,Decision Sciences,2,Social Sciences,118433,925890,33,10,2024-01-23T15:27:06,2026-09-22T03:01:44
T14474,Industrial Technology and Control Systems,2207,Control and Systems Engineering,22,Engineering,3,Physical Sciences,118381,104056,43,10,2024-01-23T15:27:22,2026-09-22T03:01:44
T11831,Chemical Synthesis and Reactions,1605,Organic Chemistry,16,Chemistry,3,Physical Sciences,118347,992174,60,10,2024-01-23T15:27:12,2026-09-22T03:01:44
T10080,Energy Efficient Wireless Sensor Networks,1705,Computer Networks and Communications,17,Computer Science,3,Physical Sciences,118314,1460294,42,10,2024-01-23T15:27:05,2026-09-22T03:01:44
T10247,Perovskite Materials and Applications,2208,Electrical and Electronic Engineering,22,Engineering,3,Physical Sciences,118189,4051680,116,10,2024-01-23T15:27:05,2026-09-22T03:01:44
T10184,Plant Molecular Biology Research,1110,Plant Science,11,Agricultural and Biological Sciences,1,Life Sciences,118104,3596665,89,10,2024-01-23T15:27:05,2026-09-22T03:01:44
T11971,"World Wars: History, Literature, and Impact",3320,Political Science and International Relations,33,Social Sciences,2,Social Sciences,117992,128899,117,10,2024-01-23T15:27:12,2026-09-22T03:01:44
T10659,Marine animal studies overview,2303,Ecology,23,Environmental Science,3,Physical Sciences,117924,1507832,32,10,2024-01-23T15:27:07,2026-09-22T03:01:44
T11256,Asian Studies and History,3312,Sociology and Political Science,33,Social Sciences,2,Social Sciences,117905,490551,223,10,2024-01-23T15:27:10,2026-09-22T03:01:44
T14012,Comparative and International Law Studies,3308,Law,33,Social Sciences,2,Social Sciences,117826,69264,39,10,2024-01-23T15:27:20,2026-09-22T03:01:44
T10067,Stochastic processes and financial applications,2003,Finance,20,"Economics, Econometrics and Finance",2,Social Sciences,117791,1558042,15,10,2024-01-23T15:27:05,2026-09-22T03:01:44
T11320,Atmospheric Ozone and Climate,1902,Atmospheric Science,19,Earth and Planetary Sciences,3,Physical Sciences,117572,1703850,12,10,2024-01-23T15:27:10,2026-09-22T03:01:44
T13830,Educational Curriculum and Learning Methods,3304,Education,33,Social Sciences,2,Social Sciences,117543,303170,136,10,2024-01-23T15:27:20,2026-09-22T03:01:44
T10760,Pancreatitis Pathology and Treatment,2746,Surgery,27,Medicine,4,Health Sciences,117472,1186222,95,10,2024-01-23T15:27:08,2026-09-22T03:01:44
T10627,Advanced Image and Video Retrieval Techniques,1707,Computer Vision and Pattern Recognition,17,Computer Science,3,Physical Sciences,117468,1669127,34,10,2024-01-23T15:27:07,2026-09-22T03:01:44
T10117,Advanced Combustion Engine Technologies,1507,Fluid Flow and Transfer Processes,15,Chemical Engineering,3,Physical Sciences,117408,1634346,3,10,2024-01-23T15:27:05,2026-09-22T03:01:44
T10092,Organometallic Complex Synthesis and Catalysis,1605,Organic Chemistry,16,Chemistry,3,Physical Sciences,117395,2153779,60,10,2024-01-23T15:27:05,2026-09-22T03:01:44
T10706,Traumatic Brain Injury and Neurovascular Disturbances,2728,Neurology,27,Medicine,4,Health Sciences,117234,1838389,21,10,2024-01-23T15:27:07,2026-09-22T03:01:44
T10550,Ovarian cancer diagnosis and treatment,2743,Reproductive Medicine,27,Medicine,4,Health Sciences,117147,1411777,7,10,2024-01-23T15:27:07,2026-09-22T03:01:44
T10155,Nitric Oxide and Endothelin Effects,2737,Physiology,27,Medicine,4,Health Sciences,117144,3721178,29,10,2024-01-23T15:27:05,2026-09-22T03:01:44
T10347,Atmospheric aerosols and clouds,2306,Global and Planetary Change,23,Environmental Science,3,Physical Sciences,117135,1649140,29,10,2024-01-23T15:27:06,2026-09-22T03:01:44
T11771,Plant Pathogens and Resistance,1110,Plant Science,11,Agricultural and Biological Sciences,1,Life Sciences,117105,652604,89,10,2024-01-23T15:27:11,2026-09-22T03:01:44
T10698,Transportation Planning and Optimization,3313,Transportation,33,Social Sciences,2,Social Sciences,117002,960780,8,10,2024-01-23T15:27:07,2026-09-22T03:01:44
T14475,History of Science and Medicine,1207,History and Philosophy of Science,12,Arts and Humanities,2,Social Sciences,116997,312492,18,10,2024-01-23T15:27:22,2026-09-22T03:01:44
T13067,Geological Modeling and Analysis,1906,Geochemistry and Petrology,19,Earth and Planetary Sciences,3,Physical Sciences,116919,276424,5,10,2024-01-23T15:27:16,2026-09-22T03:01:44
T10616,Smart Agriculture and AI,1110,Plant Science,11,Agricultural and Biological Sciences,1,Life Sciences,116842,1074239,89,10,2024-01-23T15:27:07,2026-09-22T03:01:44
T10006,Job Satisfaction and Organizational Behavior,1407,Organizational Behavior and Human Resource Management,14,"Business, Management and Accounting",2,Social Sciences,116821,3455023,29,10,2024-01-23T15:27:04,2026-09-22T03:01:44
T12547,Pharmaceutical studies and practices,2735,"Pediatrics, Perinatology and Child Health",27,Medicine,4,Health Sciences,116704,669889,19,10,2024-01-23T15:27:14,2026-09-22T03:01:44
T14322,"Art, Aesthetics, and Perception",1213,Visual Arts and Performing Arts,12,Arts and Humanities,2,Social Sciences,116502,87115,16,10,2024-01-23T15:27:22,2026-09-22T03:01:44
T10814,Neuropeptides and Animal Physiology,2804,Cellular and Molecular Neuroscience,28,Neuroscience,1,Life Sciences,116470,3091006,12,10,2024-01-23T15:27:08,2026-09-22T03:01:44
T14409,Educational Systems and Policies,1710,Information Systems,17,Computer Science,3,Physical Sciences,116446,38807,77,10,2024-01-23T15:27:22,2026-09-22T03:01:44
T12348,Rural Development and Agriculture,2308,"Management, Monitoring, Policy and Law",23,Environmental Science,3,Physical Sciences,116390,130719,33,10,2024-01-23T15:27:14,2026-09-22T03:01:44
T12385,Food Quality and Safety Studies,1106,Food Science,11,Agricultural and Biological Sciences,1,Life Sciences,116361,368234,31,10,2024-01-23T15:27:14,2026-09-22T03:01:44
T13993,Historical Geopolitical and Social Dynamics,3320,Political Science and International Relations,33,Social Sciences,2,Social Sciences,116320,288457,117,10,2024-01-23T15:27:20,2026-09-22T03:01:44
T13739,Medieval and Early Modern Justice,3320,Political Science and International Relations,33,Social Sciences,2,Social Sciences,116301,48022,117,10,2024-01-23T15:27:19,2026-09-22T03:01:44
T11890,Scientific Measurement and Uncertainty Evaluation,1804,"Statistics, Probability and Uncertainty",18,Decision Sciences,2,Social Sciences,116257,416156,8,10,2024-01-23T15:27:12,2026-09-22T03:01:44
T10234,Obstructive Sleep Apnea Research,2737,Physiology,27,Medicine,4,Health Sciences,116070,1916809,29,10,2024-01-23T15:27:05,2026-09-22T03:01:44
T12693,"Migration, Ethnicity, and Economy",3312,Sociology and Political Science,33,Social Sciences,2,Social Sciences,116066,910948,223,10,2024-01-23T15:27:15,2026-09-22T03:01:44
T10555,Fire effects on ecosystems,2306,Global and Planetary Change,23,Environmental Science,3,Physical Sciences,116031,1917428,29,10,2024-01-23T15:27:07,2026-09-22T03:01:44
T10097,Luminescence Properties of Advanced Materials,2505,Materials Chemistry,25,Materials Science,3,Physical Sciences,116025,2165421,68,10,2024-01-23T15:27:05,2026-09-22T03:01:44
T10064,Complex Network Analysis Techniques,3109,Statistical and Nonlinear Physics,31,Physics and Astronomy,3,Physical Sciences,116016,2578346,15,10,2024-01-23T15:27:05,2026-09-22T03:01:44
T10757,Geographic Information Systems Studies,3305,"Geography, Planning and Development",33,Social Sciences,2,Social Sciences,115977,619280,14,10,2024-01-23T15:27:08,2026-09-22T03:01:44
T10396,Fatigue and fracture mechanics,2211,Mechanics of Materials,22,Engineering,3,Physical Sciences,115927,1329810,28,10,2024-01-23T15:27:06,2026-09-22T03:01:44
T10267,Higher Education Research Studies,3304,Education,33,Social Sciences,2,Social Sciences,115873,1082317,136,10,2024-01-23T15:27:05,2026-09-22T03:01:44
T10394,Lipoproteins and Cardiovascular Health,2746,Surgery,27,Medicine,4,Health Sciences,115787,2171127,95,10,2024-01-23T15:27:06,2026-09-22T03:01:44
T11464,Homelessness and Social Issues,3600,General Health Professions,36,Health Professions,4,Health Sciences,115671,1045592,49,10,2024-01-23T15:27:10,2026-09-22T03:01:44
T11474,Sport and Mega-Event Impacts,3312,Sociology and Political Science,33,Social Sciences,2,Social Sciences,115624,613856,223,10,2024-01-23T15:27:10,2026-09-22T03:01:44
T10544,Glass properties and applications,2503,Ceramics and Composites,25,Materials Science,3,Physical Sciences,115591,1629287,1,10,2024-01-23T15:27:07,2026-09-22T03:01:44
T10337,Liver Disease and Transplantation,2721,Hepatology,27,Medicine,4,Health Sciences,115530,1668422,5,10,2024-01-23T15:27:06,2026-09-22T03:01:44
T14244,Consumer Behavior and Marketing Influence,1406,Marketing,14,"Business, Management and Accounting",2,Social Sciences,115497,152170,14,10,2024-01-23T15:27:21,2026-09-22T03:01:44
T10268,Developmental Biology and Gene Regulation,1312,Molecular Biology,13,"Biochemistry, Genetics and Molecular Biology",1,Life Sciences,115460,1999641,134,10,2024-01-23T15:27:05,2026-09-22T03:01:44
T13172,Economic Issues in Ukraine,2000,"General Economics, Econometrics and Finance",20,"Economics, Econometrics and Finance",2,Social Sciences,115267,126368,11,10,2024-01-23T15:27:17,2026-09-22T03:01:44
T10103,Reading and Literacy Development,3204,Developmental and Educational Psychology,32,Psychology,2,Social Sciences,115229,2381995,19,10,2024-01-23T15:27:05,2026-09-22T03:01:44
T10624,Silicon and Solar Cell Technologies,2208,Electrical and Electronic Engineering,22,Engineering,3,Physical Sciences,115208,886926,116,10,2024-01-23T15:27:07,2026-09-22T03:01:44
T10401,Diabetes Treatment and Management,2712,"Endocrinology, Diabetes and Metabolism",27,Medicine,4,Health Sciences,115200,1926216,17,10,2024-01-23T15:27:06,2026-09-22T03:01:44
T10753,Microplastics and Plastic Pollution,2310,Pollution,23,Environmental Science,3,Physical Sciences,115159,3092062,10,10,2024-01-23T15:27:08,2026-09-22T03:01:44
T10393,Economic Growth and Productivity,2002,Economics and Econometrics,20,"Economics, Econometrics and Finance",2,Social Sciences,115095,1916412,78,10,2024-01-23T15:27:06,2026-09-22T03:01:44
T13537,"German legal, social, and political studies",3312,Sociology and Political Science,33,Social Sciences,2,Social Sciences,115074,137049,223,10,2024-01-23T15:27:18,2026-09-22T03:01:44
T11813,Library Collection Development and Digital Resources,1710,Information Systems,17,Computer Science,3,Physical Sciences,115060,131132,77,10,2024-01-23T15:27:12,2026-09-22T03:01:44
T10173,Computational Fluid Dynamics and Aerodynamics,2206,Computational Mechanics,22,Engineering,3,Physical Sciences,114971,1640194,29,10,2024-01-23T15:27:05,2026-09-22T03:01:44
T12188,"Architecture, Modernity, and Design",2216,Architecture,22,Engineering,3,Physical Sciences,114878,82197,3,10,2024-01-23T15:27:13,2026-09-22T03:01:44
T10640,Spectroscopy and Chemometric Analyses,1602,Analytical Chemistry,16,Chemistry,3,Physical Sciences,114773,1978659,6,10,2024-01-23T15:27:07,2026-09-22T03:01:44
T13711,Environmental Science and Technology,1303,Biochemistry,13,"Biochemistry, Genetics and Molecular Biology",1,Life Sciences,114761,63996,6,10,2024-01-23T15:27:19,2026-09-22T03:01:44
T10586,Robotic Path Planning Algorithms,1707,Computer Vision and Pattern Recognition,17,Computer Science,3,Physical Sciences,114683,1308565,34,10,2024-01-23T15:27:07,2026-09-22T03:01:44
T14434,Historical and Modern Theater Studies,3203,Clinical Psychology,32,Psychology,2,Social Sciences,114303,23046,37,10,2024-01-23T15:27:22,2026-09-22T03:01:44
T13061,Literacy and Educational Practices,3304,Education,33,Social Sciences,2,Social Sciences,114261,95060,136,10,2024-01-23T15:27:16,2026-09-22T03:01:44
T10232,Optical Network Technologies,2208,Electrical and Electronic Engineering,22,Engineering,3,Physical Sciences,114180,989593,116,10,2024-01-23T15:27:05,2026-09-22T03:01:44
T10833,Vaccine Coverage and Hesitancy,3306,Health,33,Social Sciences,2,Social Sciences,114158,922959,13,10,2024-01-23T15:27:08,2026-09-22T03:01:44
T11388,"Grief, Bereavement, and Mental Health",3203,Clinical Psychology,32,Psychology,2,Social Sciences,114157,880707,37,10,2024-01-23T15:27:10,2026-09-22T03:01:44
T12577,Geography and Environmental Studies,2312,Water Science and Technology,23,Environmental Science,3,Physical Sciences,114151,114313,23,10,2024-01-23T15:27:14,2026-09-22T03:01:44
T10415,International Business and FDI,1408,Strategy and Management,14,"Business, Management and Accounting",2,Social Sciences,113948,1445943,41,10,2024-01-23T15:27:06,2026-09-22T03:01:44
T12324,History of Medicine Studies,1202,History,12,Arts and Humanities,2,Social Sciences,113868,198823,43,10,2024-01-23T15:27:13,2026-09-22T03:01:44
T10471,Climate Change Policy and Economics,2002,Economics and Econometrics,20,"Economics, Econometrics and Finance",2,Social Sciences,113780,1515726,78,10,2024-01-23T15:27:06,2026-09-22T03:01:44
T10560,Diabetes Management and Research,2712,"Endocrinology, Diabetes and Metabolism",27,Medicine,4,Health Sciences,113780,1359605,17,10,2024-01-23T15:27:07,2026-09-22T03:01:44
T10486,Salmonella and Campylobacter epidemiology,1106,Food Science,11,Agricultural and Biological Sciences,1,Life Sciences,113649,1514853,31,10,2024-01-23T15:27:06,2026-09-22T03:01:44
T12250,Experimental and Theoretical Physics Studies,3109,Statistical and Nonlinear Physics,31,Physics and Astronomy,3,Physical Sciences,113491,550864,15,10,2024-01-23T15:27:13,2026-09-22T03:01:44
T14173,"Education, Healthcare and Sociology Research",3207,Social Psychology,32,Psychology,2,Social Sciences,113474,56634,51,10,2024-01-23T15:27:21,2026-09-22T03:01:44
T11544,"Gender, Labor, and Family Dynamics",3318,Gender Studies,33,Social Sciences,2,Social Sciences,113435,1395364,20,10,2024-01-23T15:27:11,2026-09-22T03:01:44
T12363,Academic Research in Diverse Fields,3304,Education,33,Social Sciences,2,Social Sciences,113367,33001,136,10,2024-01-23T15:27:14,2026-09-22T03:01:44
T10461,Gas Sensing Nanomaterials and Sensors,2208,Electrical and Electronic Engineering,22,Engineering,3,Physical Sciences,113284,2076375,116,10,2024-01-23T15:27:06,2026-09-22T03:01:44
T10226,Land Use and Ecosystem Services,2306,Global and Planetary Change,23,Environmental Science,3,Physical Sciences,113280,2414619,29,10,2024-01-23T15:27:05,2026-09-22T03:01:44
T11085,Fungal Biology and Applications,2736,Pharmacology,27,Medicine,4,Health Sciences,113251,1082714,21,10,2024-01-23T15:27:09,2026-09-22T03:01:44
T10188,Advanced machining processes and optimization,2210,Mechanical Engineering,22,Engineering,3,Physical Sciences,113185,1317798,78,10,2024-01-23T15:27:05,2026-09-22T03:01:44
T10703,Business Process Modeling and Analysis,1404,Management Information Systems,14,"Business, Management and Accounting",2,Social Sciences,113122,837711,15,10,2024-01-23T15:27:07,2026-09-22T03:01:44
T14506,Historical and Architectural Studies,1204,Archeology,12,Arts and Humanities,2,Social Sciences,113049,227744,19,10,2024-01-23T15:27:22,2026-09-22T03:01:44
T10679,Service-Oriented Architecture and Web Services,1710,Information Systems,17,Computer Science,3,Physical Sciences,112965,794076,77,10,2024-01-23T15:27:07,2026-09-22T03:01:44
T10712,Library Science and Information Literacy,3309,Library and Information Sciences,33,Social Sciences,2,Social Sciences,112903,282716,1,10,2024-01-23T15:27:07,2026-09-22T03:01:44
T10636,Innovative Teaching and Learning Methods,3204,Developmental and Educational Psychology,32,Psychology,2,Social Sciences,112835,1615836,19,10,2024-01-23T15:27:07,2026-09-22T03:01:44
T13508,Agricultural Economics and Practices,1100,General Agricultural and Biological Sciences,11,Agricultural and Biological Sciences,1,Life Sciences,112822,246133,19,10,2024-01-23T15:27:18,2026-09-22T03:01:44
T10878,CRISPR and Genetic Engineering,1312,Molecular Biology,13,"Biochemistry, Genetics and Molecular Biology",1,Life Sciences,112555,3035849,134,10,2024-01-23T15:27:08,2026-09-22T03:01:44
T10061,Algebraic Geometry and Number Theory,2608,Geometry and Topology,26,Mathematics,3,Physical Sciences,112398,950368,10,10,2024-01-23T15:27:05,2026-09-22T03:01:44
T10518,Gallbladder and Bile Duct Disorders,2740,Pulmonary and Respiratory Medicine,27,Medicine,4,Health Sciences,112294,1058962,51,10,2024-01-23T15:27:06,2026-09-22T03:01:44
T11089,Radioactive contamination and transfer,2306,Global and Planetary Change,23,Environmental Science,3,Physical Sciences,112243,586145,29,10,2024-01-23T15:27:09,2026-09-22T03:01:44
T12428,Global Trade and Competitiveness,1408,Strategy and Management,14,"Business, Management and Accounting",2,Social Sciences,112207,414948,41,10,2024-01-23T15:27:14,2026-09-22T03:01:44
T13198,"Historical, Religious, and Philosophical Studies",1204,Archeology,12,Arts and Humanities,2,Social Sciences,112151,225412,19,10,2024-01-23T15:27:17,2026-09-22T03:01:44
T11744,Health Sciences Research and Education,3600,General Health Professions,36,Health Professions,4,Health Sciences,112096,607680,49,10,2024-01-23T15:27:11,2026-09-22T03:01:44
T10296,Vector-borne infectious diseases,2405,Parasitology,24,Immunology and Microbiology,1,Life Sciences,112052,1682939,6,10,2024-01-23T15:27:06,2026-09-22T03:01:44
T12014,"Fish biology, ecology, and behavior",2309,Nature and Landscape Conservation,23,Environmental Science,3,Physical Sciences,111888,595737,11,10,2024-01-23T15:27:12,2026-09-22T03:01:44
T12217,Higher Education Teaching and Evaluation,3304,Education,33,Social Sciences,2,Social Sciences,111813,116694,136,10,2024-01-23T15:27:13,2026-09-22T03:01:44
T10932,Microbial Metabolic Engineering and Bioproduction,1312,Molecular Biology,13,"Biochemistry, Genetics and Molecular Biology",1,Life Sciences,111770,2115382,134,10,2024-01-23T15:27:08,2026-09-22T03:01:44
T10858,Clinical Nutrition and Gastroenterology,2916,Nutrition and Dietetics,29,Nursing,4,Health Sciences,111712,1070039,16,10,2024-01-23T15:27:08,2026-09-22T03:01:44
T12788,Space Science and Extraterrestrial Life,3103,Astronomy and Astrophysics,31,Physics and Astronomy,3,Physical Sciences,111703,487267,20,10,2024-01-23T15:27:15,2026-09-22T03:01:44
T10137,Multiple Sclerosis Research Studies,2734,Pathology and Forensic Medicine,27,Medicine,4,Health Sciences,111425,2328202,22,10,2024-01-23T15:27:05,2026-09-22T03:01:44
T12646,Inorganic Fluorides and Related Compounds,1604,Inorganic Chemistry,16,Chemistry,3,Physical Sciences,111251,750384,11,10,2024-01-23T15:27:15,2026-09-22T03:01:44
T10291,Dialysis and Renal Disease Management,2727,Nephrology,27,Medicine,4,Health Sciences,111245,1545135,6,10,2024-01-23T15:27:06,2026-09-22T03:01:44
T12413,Health and Medical Education,3600,General Health Professions,36,Health Professions,4,Health Sciences,110989,71132,49,10,2024-01-23T15:27:14,2026-09-22T03:01:44
T12550,"Politics and Conflicts in Afghanistan, Pakistan, and Middle East",3320,Political Science and International Relations,33,Social Sciences,2,Social Sciences,110977,398833,117,10,2024-01-23T15:27:14,2026-09-22T03:01:44
T10248,Nonlinear Waves and Solitons,3109,Statistical and Nonlinear Physics,31,Physics and Astronomy,3,Physical Sciences,110953,1566382,15,10,2024-01-23T15:27:05,2026-09-22T03:01:44
T13152,French Language Learning Methods,3310,Linguistics and Language,33,Social Sciences,2,Social Sciences,110758,82249,5,10,2024-01-23T15:27:17,2026-09-22T03:01:44
T10584,Reproductive Physiology in Livestock,1102,Agronomy and Crop Science,11,Agricultural and Biological Sciences,1,Life Sciences,110747,1397027,10,10,2024-01-23T15:27:07,2026-09-22T03:01:44
T10126,"Logic, programming, and type systems",1702,Artificial Intelligence,17,Computer Science,3,Physical Sciences,110713,1313120,76,10,2024-01-23T15:27:05,2026-09-22T03:01:44
T14316,"Nursing Education, Practice, and Leadership",2910,"Issues, ethics and legal aspects",29,Nursing,4,Health Sciences,110713,238664,1,10,2024-01-23T15:27:22,2026-09-22T03:01:44
T10264,Asphalt Pavement Performance Evaluation,2205,Civil and Structural Engineering,22,Engineering,3,Physical Sciences,110682,1062778,41,10,2024-01-23T15:27:05,2026-09-22T03:01:44
T10036,Advanced Neural Network Applications,1707,Computer Vision and Pattern Recognition,17,Computer Science,3,Physical Sciences,110637,3323826,34,10,2024-01-23T15:27:05,2026-09-22T03:01:44
T11137,Historical Philosophy and Science,1207,History and Philosophy of Science,12,Arts and Humanities,2,Social Sciences,110555,234419,18,10,2024-01-23T15:27:09,2026-09-22T03:01:44
T10681,Rare-earth and actinide compounds,3104,Condensed Matter Physics,31,Physics and Astronomy,3,Physical Sciences,110527,993251,7,10,2024-01-23T15:27:07,2026-09-22T03:01:44
T10969,Water resources management and optimization,2212,Ocean Engineering,22,Engineering,3,Physical Sciences,110446,1114606,22,10,2024-01-23T15:27:08,2026-09-22T03:01:44
T10844,Radiation Dose and Imaging,2741,"Radiology, Nuclear Medicine and Imaging",27,Medicine,4,Health Sciences,110393,805614,29,10,2024-01-23T15:27:08,2026-09-22T03:01:44
T10223,Microgrid Control and Optimization,2207,Control and Systems Engineering,22,Engineering,3,Physical Sciences,110207,1680227,43,10,2024-01-23T15:27:05,2026-09-22T03:01:44
T12664,Clinical practice guidelines implementation,2739,"Public Health, Environmental and Occupational Health",27,Medicine,4,Health Sciences,110191,587650,53,10,2024-01-23T15:27:15,2026-09-22T03:01:44
T10493,Ion channel regulation and function,1312,Molecular Biology,13,"Biochemistry, Genetics and Molecular Biology",1,Life Sciences,110184,3470145,134,10,2024-01-23T15:27:06,2026-09-22T03:01:44
T13315,Occupational Health and Safety in Workplaces,3609,Occupational Therapy,36,Health Professions,4,Health Sciences,110179,50398,7,10,2024-01-23T15:27:17,2026-09-22T03:01:44
T10696,Gastric Cancer Management and Outcomes,2740,Pulmonary and Respiratory Medicine,27,Medicine,4,Health Sciences,110121,1087348,51,10,2024-01-23T15:27:07,2026-09-22T03:01:44
T12470,Caribbean and African Literature and Culture,1212,Religious studies,12,Arts and Humanities,2,Social Sciences,110047,71300,14,10,2024-01-23T15:27:14,2026-09-22T03:01:44
T12010,Evaluation and Performance Assessment,1803,Management Science and Operations Research,18,Decision Sciences,2,Social Sciences,109966,1246163,33,10,2024-01-23T15:27:12,2026-09-22T03:01:44
T10529,Stress Responses and Cortisol,2802,Behavioral Neuroscience,28,Neuroscience,1,Life Sciences,109828,3314512,0,10,2024-01-23T15:27:06,2026-09-22T03:01:44
T10492,Microtubule and mitosis dynamics,1307,Cell Biology,13,"Biochemistry, Genetics and Molecular Biology",1,Life Sciences,109759,2770892,16,10,2024-01-23T15:27:06,2026-09-22T03:01:44
T13091,Human Health and Disease,2735,"Pediatrics, Perinatology and Child Health",27,Medicine,4,Health Sciences,109565,361458,19,10,2024-01-23T15:27:17,2026-09-22T03:01:44
T10193,Coronary Interventions and Diagnostics,2746,Surgery,27,Medicine,4,Health Sciences,109523,1648236,95,10,2024-01-23T15:27:05,2026-09-22T03:01:44
T12095,Vehicle emissions and performance,2203,Automotive Engineering,22,Engineering,3,Physical Sciences,109487,687371,11,10,2024-01-23T15:27:13,2026-09-22T03:01:44
T10376,Suicide and Self-Harm Studies,3203,Clinical Psychology,32,Psychology,2,Social Sciences,109420,1796413,37,10,2024-01-23T15:27:06,2026-09-22T03:01:44
T10718,Political Philosophy and Ethics,3320,Political Science and International Relations,33,Social Sciences,2,Social Sciences,109408,1144280,117,10,2024-01-23T15:27:07,2026-09-22T03:01:44
T14342,"Military, Security, and Education Studies",3312,Sociology and Political Science,33,Social Sciences,2,Social Sciences,109289,26635,223,10,2024-01-23T15:27:22,2026-09-22T03:01:44
T10826,Behavioral and Psychological Studies,3204,Developmental and Educational Psychology,32,Psychology,2,Social Sciences,109041,2228373,19,10,2024-01-23T15:27:08,2026-09-22T03:01:44
T14483,Education and Teacher Training,3304,Education,33,Social Sciences,2,Social Sciences,108993,201486,136,10,2024-01-23T15:27:22,2026-09-22T03:01:44
T10317,Advanced Database Systems and Queries,1705,Computer Networks and Communications,17,Computer Science,3,Physical Sciences,108886,1140009,42,10,2024-01-23T15:27:06,2026-09-22T03:01:44
T11482,RNA modifications and cancer,1312,Molecular Biology,13,"Biochemistry, Genetics and Molecular Biology",1,Life Sciences,108796,2192575,134,10,2024-01-23T15:27:10,2026-09-22T03:01:44
T10260,Software Engineering Research,1710,Information Systems,17,Computer Science,3,Physical Sciences,108738,1611615,77,10,2024-01-23T15:27:05,2026-09-22T03:01:44
T13938,Historical and Contemporary Political Dynamics,1202,History,12,Arts and Humanities,2,Social Sciences,108716,569520,43,10,2024-01-23T15:27:20,2026-09-22T03:01:44
T12658,Language and Culture,3310,Linguistics and Language,33,Social Sciences,2,Social Sciences,108693,63241,5,10,2024-01-23T15:27:15,2026-09-22T03:01:44
T10428,Reproductive tract infections research,2404,Microbiology,24,Immunology and Microbiology,1,Life Sciences,108532,1439113,5,10,2024-01-23T15:27:06,2026-09-22T03:01:44
T11111,Spectroscopy and Laser Applications,1607,Spectroscopy,16,Chemistry,3,Physical Sciences,108477,1472784,11,10,2024-01-23T15:27:09,2026-09-22T03:01:44
T10090,ZnO doping and properties,2505,Materials Chemistry,25,Materials Science,3,Physical Sciences,108409,2495838,68,10,2024-01-23T15:27:05,2026-09-22T03:01:44
T12395,Educational Innovations and Technology,1710,Information Systems,17,Computer Science,3,Physical Sciences,108355,191055,77,10,2024-01-23T15:27:14,2026-09-22T03:01:44
T13619,Geotechnical and Geomechanical Engineering,2211,Mechanics of Materials,22,Engineering,3,Physical Sciences,108170,455691,28,10,2024-01-23T15:27:19,2026-09-22T03:01:44
T10725,RNA Interference and Gene Delivery,1312,Molecular Biology,13,"Biochemistry, Genetics and Molecular Biology",1,Life Sciences,108102,3060466,134,10,2024-01-23T15:27:07,2026-09-22T03:01:44
T11164,Remote Sensing and LiDAR Applications,2305,Environmental Engineering,23,Environmental Science,3,Physical Sciences,108075,1056934,18,10,2024-01-23T15:27:09,2026-09-22T03:01:44
T12935,Healthcare Systems and Public Health,2713,Epidemiology,27,Medicine,4,Health Sciences,108044,153759,41,10,2024-01-23T15:27:16,2026-09-22T03:01:44
T10531,Advanced Vision and Imaging,1707,Computer Vision and Pattern Recognition,17,Computer Science,3,Physical Sciences,108000,1851843,34,10,2024-01-23T15:27:06,2026-09-22T03:01:44
T10762,"Migration, Health and Trauma",3203,Clinical Psychology,32,Psychology,2,Social Sciences,108000,1016622,37,10,2024-01-23T15:27:08,2026-09-22T03:01:44
T11645,"Urban, Neighborhood, and Segregation Studies",3312,Sociology and Political Science,33,Social Sciences,2,Social Sciences,107988,989042,223,10,2024-01-23T15:27:11,2026-09-22T03:01:44
T10748,Growth Hormone and Insulin-like Growth Factors,2712,"Endocrinology, Diabetes and Metabolism",27,Medicine,4,Health Sciences,107975,2225862,17,10,2024-01-23T15:27:07,2026-09-22T03:01:44
T12144,"Colonialism, slavery, and trade",3314,Anthropology,33,Social Sciences,2,Social Sciences,107935,444124,24,10,2024-01-23T15:27:13,2026-09-22T03:01:44
T11641,Insect and Pesticide Research,1109,Insect Science,11,Agricultural and Biological Sciences,1,Life Sciences,107885,1391605,13,10,2024-01-23T15:27:11,2026-09-22T03:01:44
T10218,Sepsis Diagnosis and Treatment,2713,Epidemiology,27,Medicine,4,Health Sciences,107860,1843583,41,10,2024-01-23T15:27:05,2026-09-22T03:01:44
T10266,Plant Water Relations and Carbon Dynamics,2306,Global and Planetary Change,23,Environmental Science,3,Physical Sciences,107839,3303362,29,10,2024-01-23T15:27:05,2026-09-22T03:01:44
T10107,Ferroelectric and Piezoelectric Materials,2505,Materials Chemistry,25,Materials Science,3,Physical Sciences,107834,2092348,68,10,2024-01-23T15:27:05,2026-09-22T03:01:44
T10283,Hearing Loss and Rehabilitation,2805,Cognitive Neuroscience,28,Neuroscience,1,Life Sciences,107781,1425023,27,10,2024-01-23T15:27:05,2026-09-22T03:01:44
T10278,Electric Motor Design and Analysis,2208,Electrical and Electronic Engineering,22,Engineering,3,Physical Sciences,107778,1058495,116,10,2024-01-23T15:27:05,2026-09-22T03:01:44
T10860,Speech and Audio Processing,1711,Signal Processing,17,Computer Science,3,Physical Sciences,107772,1064559,9,10,2024-01-23T15:27:08,2026-09-22T03:01:44
T13911,"Employment, Labor, and Gender Studies",3311,Safety Research,33,Social Sciences,2,Social Sciences,107665,93182,18,10,2024-01-23T15:27:20,2026-09-22T03:01:44
T10892,Drilling and Well Engineering,2212,Ocean Engineering,22,Engineering,3,Physical Sciences,107649,669451,22,10,2024-01-23T15:27:08,2026-09-22T03:01:44
T11990,Global Health Workforce Issues,3604,Emergency Medical Services,36,Health Professions,4,Health Sciences,107649,458350,6,10,2024-01-23T15:27:12,2026-09-22T03:01:44
T10196,Pain Mechanisms and Treatments,2737,Physiology,27,Medicine,4,Health Sciences,107430,3071005,29,10,2024-01-23T15:27:05,2026-09-22T03:01:44
T11126,Metallurgical Processes and Thermodynamics,2210,Mechanical Engineering,22,Engineering,3,Physical Sciences,107401,725304,78,10,2024-01-23T15:27:09,2026-09-22T03:01:44
T14006,"Linguistics, Language Diversity, and Identity",1203,Language and Linguistics,12,Arts and Humanities,2,Social Sciences,107352,415001,19,10,2024-01-23T15:27:20,2026-09-22T03:01:44
T13912,"Language, Linguistics, Cultural Analysis",1203,Language and Linguistics,12,Arts and Humanities,2,Social Sciences,107314,221763,19,10,2024-01-23T15:27:20,2026-09-22T03:01:44
T12844,Psychology and Mental Health,3203,Clinical Psychology,32,Psychology,2,Social Sciences,107299,105752,37,10,2024-01-23T15:27:15,2026-09-22T03:01:44
T10262,Microwave Engineering and Waveguides,2208,Electrical and Electronic Engineering,22,Engineering,3,Physical Sciences,107195,1043008,116,10,2024-01-23T15:27:05,2026-09-22T03:01:44
T11283,Experimental Learning in Engineering,2214,Media Technology,22,Engineering,3,Physical Sciences,107167,417303,11,10,2024-01-23T15:27:10,2026-09-22T03:01:44
T10695,Parasites and Host Interactions,2405,Parasitology,24,Immunology and Microbiology,1,Life Sciences,107166,1163655,6,10,2024-01-23T15:27:07,2026-09-22T03:01:44
T10731,Educational Games and Gamification,3204,Developmental and Educational Psychology,32,Psychology,2,Social Sciences,107164,799554,19,10,2024-01-23T15:27:07,2026-09-22T03:01:44
T10542,Vestibular and auditory disorders,2808,Neurology,28,Neuroscience,1,Life Sciences,106918,1742055,9,10,2024-01-23T15:27:07,2026-09-22T03:01:44
T10926,Peripheral Artery Disease Management,2746,Surgery,27,Medicine,4,Health Sciences,106876,966183,95,10,2024-01-23T15:27:08,2026-09-22T03:01:44
T11688,Microbial infections and disease research,2404,Microbiology,24,Immunology and Microbiology,1,Life Sciences,106808,866619,5,10,2024-01-23T15:27:11,2026-09-22T03:01:44
T11733,X-ray Spectroscopy and Fluorescence Analysis,3108,Radiation,31,Physics and Astronomy,3,Physical Sciences,106783,763998,5,10,2024-01-23T15:27:11,2026-09-22T03:01:44
T12002,"Computability, Logic, AI Algorithms",1703,Computational Theory and Mathematics,17,Computer Science,3,Physical Sciences,106732,1098080,23,10,2024-01-23T15:27:12,2026-09-22T03:01:44
T10074,Carbon Nanotubes in Composites,2505,Materials Chemistry,25,Materials Science,3,Physical Sciences,106702,2945560,68,10,2024-01-23T15:27:05,2026-09-22T03:01:44
T10206,Meta-analysis and systematic reviews,1804,"Statistics, Probability and Uncertainty",18,Decision Sciences,2,Social Sciences,106670,3379708,8,10,2024-01-23T15:27:05,2026-09-22T03:01:44
T10830,Airway Management and Intubation Techniques,2703,Anesthesiology and Pain Medicine,27,Medicine,4,Health Sciences,106593,823149,3,10,2024-01-23T15:27:08,2026-09-22T03:01:44
T10108,Electoral Systems and Political Participation,3320,Political Science and International Relations,33,Social Sciences,2,Social Sciences,106554,1778113,117,10,2024-01-23T15:27:05,2026-09-22T03:01:44
T14270,Simulation and Modeling Applications,2207,Control and Systems Engineering,22,Engineering,3,Physical Sciences,106442,72057,43,10,2024-01-23T15:27:21,2026-09-22T03:01:44
T14159,Discourse Analysis and Cultural Communication,3316,Cultural Studies,33,Social Sciences,2,Social Sciences,106427,87576,37,10,2024-01-23T15:27:21,2026-09-22T03:01:44
T11610,Food Security and Health in Diverse Populations,3600,General Health Professions,36,Health Professions,4,Health Sciences,106415,933898,49,10,2024-01-23T15:27:11,2026-09-22T03:01:44
T11786,Geomagnetism and Paleomagnetism Studies,1312,Molecular Biology,13,"Biochemistry, Genetics and Molecular Biology",1,Life Sciences,106303,1100277,134,10,2024-01-23T15:27:11,2026-09-22T03:01:44
T14163,Astronomical Observations and Instrumentation,2206,Computational Mechanics,22,Engineering,3,Physical Sciences,106257,231166,29,10,2024-01-23T15:27:21,2026-09-22T03:01:44
T13838,Plant and soil sciences,1100,General Agricultural and Biological Sciences,11,Agricultural and Biological Sciences,1,Life Sciences,106064,111127,19,10,2024-01-23T15:27:20,2026-09-22T03:01:44
T13465,"Graphite, nuclear technology, radiation studies",2505,Materials Chemistry,25,Materials Science,3,Physical Sciences,106059,427396,68,10,2024-01-23T15:27:18,2026-09-22T03:01:44
T10436,Anesthesia and Sedative Agents,2703,Anesthesiology and Pain Medicine,27,Medicine,4,Health Sciences,106022,1167773,3,10,2024-01-23T15:27:06,2026-09-22T03:01:44
T10130,Mathematics Education and Teaching Techniques,3304,Education,33,Social Sciences,2,Social Sciences,105874,794292,136,10,2024-01-23T15:27:05,2026-09-22T03:01:44
T11260,Tracheal and airway disorders,2740,Pulmonary and Respiratory Medicine,27,Medicine,4,Health Sciences,105737,731036,51,10,2024-01-23T15:27:10,2026-09-22T03:01:44
T10603,Smart Grid Energy Management,2208,Electrical and Electronic Engineering,22,Engineering,3,Physical Sciences,105685,1223077,116,10,2024-01-23T15:27:07,2026-09-22T03:01:44
T11178,Receptor Mechanisms and Signaling,1312,Molecular Biology,13,"Biochemistry, Genetics and Molecular Biology",1,Life Sciences,105664,2899442,134,10,2024-01-23T15:27:09,2026-09-22T03:01:44
T10880,Environmental Sustainability in Business,1406,Marketing,14,"Business, Management and Accounting",2,Social Sciences,105600,1669207,14,10,2024-01-23T15:27:08,2026-09-22T03:01:44
T11556,"Poverty, Education, and Child Welfare",3311,Safety Research,33,Social Sciences,2,Social Sciences,105577,827757,18,10,2024-01-23T15:27:11,2026-09-22T03:01:44
T13854,Historical Geography and Cartography,3305,"Geography, Planning and Development",33,Social Sciences,2,Social Sciences,105521,132925,14,10,2024-01-23T15:27:20,2026-09-22T03:01:44
T10170,Retinal Diseases and Treatments,2731,Ophthalmology,27,Medicine,4,Health Sciences,105515,2070024,11,10,2024-01-23T15:27:05,2026-09-22T03:01:44
T11217,Cardiac Arrhythmias and Treatments,2705,Cardiology and Cardiovascular Medicine,27,Medicine,4,Health Sciences,105515,866294,28,10,2024-01-23T15:27:09,2026-09-22T03:01:44
T10041,COVID-19 Clinical Research Studies,2725,Infectious Diseases,27,Medicine,4,Health Sciences,105483,2243416,20,10,2024-01-23T15:27:05,2026-09-22T03:01:44
T14469,Renaissance Literature and Culture,1205,Classics,12,Arts and Humanities,2,Social Sciences,105408,132186,4,10,2024-01-23T15:27:22,2026-09-22T03:01:44
T10955,Paleontology and Evolutionary Biology,1911,Paleontology,19,Earth and Planetary Sciences,3,Physical Sciences,105380,865697,6,10,2024-01-23T15:27:08,2026-09-22T03:01:44
T11732,Assisted Reproductive Technology and Twin Pregnancy,2735,"Pediatrics, Perinatology and Child Health",27,Medicine,4,Health Sciences,105353,639118,19,10,2024-01-23T15:27:11,2026-09-22T03:01:44
T10604,RNA Research and Splicing,1312,Molecular Biology,13,"Biochemistry, Genetics and Molecular Biology",1,Life Sciences,105276,3422574,134,10,2024-01-23T15:27:07,2026-09-22T03:01:44
T10517,"Financial Literacy, Pension, Retirement Analysis",1402,Accounting,14,"Business, Management and Accounting",2,Social Sciences,105235,905703,21,10,2024-01-23T15:27:06,2026-09-22T03:01:44
T10930,Flood Risk Assessment and Management,2306,Global and Planetary Change,23,Environmental Science,3,Physical Sciences,105216,1157356,29,10,2024-01-23T15:27:08,2026-09-22T03:01:44
T12374,European and International Contract Law,3308,Law,33,Social Sciences,2,Social Sciences,105064,151054,39,10,2024-01-23T15:27:14,2026-09-22T03:01:44
T10994,"Terrorism, Counterterrorism, and Political Violence",3312,Sociology and Political Science,33,Social Sciences,2,Social Sciences,104974,643703,223,10,2024-01-23T15:27:09,2026-09-22T03:01:44
T10947,Fluorine in Organic Chemistry,3003,Pharmaceutical Science,30,"Pharmacology, Toxicology and Pharmaceutics",1,Life Sciences,104863,1272242,4,10,2024-01-23T15:27:08,2026-09-22T03:01:44
T14115,Legal processes and jurisprudence,3308,Law,33,Social Sciences,2,Social Sciences,104759,41201,39,10,2024-01-23T15:27:21,2026-09-22T03:01:44
T10156,"LGBTQ Health, Identity, and Policy",3207,Social Psychology,32,Psychology,2,Social Sciences,104711,1405028,51,10,2024-01-23T15:27:05,2026-09-22T03:01:44
T12629,Island Studies and Pacific Affairs,3317,Demography,33,Social Sciences,2,Social Sciences,104676,334816,26,10,2024-01-23T15:27:15,2026-09-22T03:01:44
T10027,"Diabetes, Cardiovascular Risks, and Lipoproteins",2712,"Endocrinology, Diabetes and Metabolism",27,Medicine,4,Health Sciences,104673,2871793,17,10,2024-01-23T15:27:05,2026-09-22T03:01:44
T11462,Museums and Cultural Heritage,1209,Museology,12,Arts and Humanities,2,Social Sciences,104671,274446,8,10,2024-01-23T15:27:10,2026-09-22T03:01:44
T10835,Carbohydrate Chemistry and Synthesis,1605,Organic Chemistry,16,Chemistry,3,Physical Sciences,104667,1521063,60,10,2024-01-23T15:27:08,2026-09-22T03:01:44
T10380,Intimate Partner and Family Violence,3306,Health,33,Social Sciences,2,Social Sciences,104559,1433394,13,10,2024-01-23T15:27:06,2026-09-22T03:01:44
T13877,Law in Society and Culture,3308,Law,33,Social Sciences,2,Social Sciences,104512,416658,39,10,2024-01-23T15:27:20,2026-09-22T03:01:44
T11745,Potato Plant Research,1106,Food Science,11,Agricultural and Biological Sciences,1,Life Sciences,104316,693475,31,10,2024-01-23T15:27:11,2026-09-22T03:01:44
T11640,Linguistic Variation and Morphology,3310,Linguistics and Language,33,Social Sciences,2,Social Sciences,104197,906500,5,10,2024-01-23T15:27:11,2026-09-22T03:01:44
T11960,Relativity and Gravitational Theory,3103,Astronomy and Astrophysics,31,Physics and Astronomy,3,Physical Sciences,104180,620384,20,10,2024-01-23T15:27:12,2026-09-22T03:01:44
T12675,Financial Reporting and Valuation Research,1408,Strategy and Management,14,"Business, Management and Accounting",2,Social Sciences,104138,425564,41,10,2024-01-23T15:27:15,2026-09-22T03:01:44
T12375,Cuban History and Society,3312,Sociology and Political Science,33,Social Sciences,2,Social Sciences,103990,260309,223,10,2024-01-23T15:27:14,2026-09-22T03:01:44
T10071,Bone health and osteoporosis research,2732,Orthopedics and Sports Medicine,27,Medicine,4,Health Sciences,103981,2339986,6,10,2024-01-23T15:27:05,2026-09-22T03:01:44
T14246,E-Learning and Knowledge Management,1706,Computer Science Applications,17,Computer Science,3,Physical Sciences,103868,157722,9,10,2024-01-23T15:27:21,2026-09-22T03:01:44
T10778,Philosophy and History of Science,1207,History and Philosophy of Science,12,Arts and Humanities,2,Social Sciences,103864,1325059,18,10,2024-01-23T15:27:08,2026-09-22T03:01:44
T10003,Innovation and Knowledge Management,1408,Strategy and Management,14,"Business, Management and Accounting",2,Social Sciences,103814,3450342,41,10,2024-01-23T15:27:04,2026-09-22T03:01:44
T10329,Thyroid Cancer Diagnosis and Treatment,2712,"Endocrinology, Diabetes and Metabolism",27,Medicine,4,Health Sciences,103798,1492309,17,10,2024-01-23T15:27:06,2026-09-22T03:01:44
T13347,Christian Theology and Mission,1212,Religious studies,12,Arts and Humanities,2,Social Sciences,103772,184786,14,10,2024-01-23T15:27:18,2026-09-22T03:01:44
T12743,Spanish Culture and Identity,1211,Philosophy,12,Arts and Humanities,2,Social Sciences,103718,38140,48,10,2024-01-23T15:27:15,2026-09-22T03:01:44
T12364,Archaeological Research and Protection,1912,Space and Planetary Science,19,Earth and Planetary Sciences,3,Physical Sciences,103572,217714,0,10,2024-01-23T15:27:14,2026-09-22T03:01:44
T10392,Cutaneous Melanoma Detection and Management,2730,Oncology,27,Medicine,4,Health Sciences,103549,1285034,33,10,2024-01-23T15:27:06,2026-09-22T03:01:44
T12495,Electrostatic Discharge in Electronics,2208,Electrical and Electronic Engineering,22,Engineering,3,Physical Sciences,103544,125028,116,10,2024-01-23T15:27:14,2026-09-22T03:01:44
T10198,Heart Failure Treatment and Management,2705,Cardiology and Cardiovascular Medicine,27,Medicine,4,Health Sciences,103479,1992656,28,10,2024-01-23T15:27:05,2026-09-22T03:01:44
T12781,Global Health Care Issues,3600,General Health Professions,36,Health Professions,4,Health Sciences,103418,815782,49,10,2024-01-23T15:27:15,2026-09-22T03:01:44
T12739,Historical Studies on Spain,1202,History,12,Arts and Humanities,2,Social Sciences,103277,69656,43,10,2024-01-23T15:27:15,2026-09-22T03:01:44
T11634,Water Quality and Pollution Assessment,2312,Water Science and Technology,23,Environmental Science,3,Physical Sciences,103259,891402,23,10,2024-01-23T15:27:11,2026-09-22T03:01:44
T13238,Botanical Studies and Applications,1110,Plant Science,11,Agricultural and Biological Sciences,1,Life Sciences,103220,125871,89,10,2024-01-23T15:27:17,2026-09-22T03:01:44
T10434,Chromosomal and Genetic Variations,1110,Plant Science,11,Agricultural and Biological Sciences,1,Life Sciences,103145,2145995,89,10,2024-01-23T15:27:06,2026-09-22T03:01:44
T13005,Religious Studies and Spiritual Practices,1211,Philosophy,12,Arts and Humanities,2,Social Sciences,103028,287979,48,10,2024-01-23T15:27:16,2026-09-22T03:01:44
T10179,Supercapacitor Materials and Fabrication,2504,"Electronic, Optical and Magnetic Materials",25,Materials Science,3,Physical Sciences,103015,3916165,16,10,2024-01-23T15:27:05,2026-09-22T03:01:44
T10784,Muscle activation and electromyography studies,2204,Biomedical Engineering,22,Engineering,3,Physical Sciences,102974,1962430,71,10,2024-01-23T15:27:08,2026-09-22T03:01:44
T14127,Food and Agricultural Sciences,1106,Food Science,11,Agricultural and Biological Sciences,1,Life Sciences,102869,175713,31,10,2024-01-23T15:27:21,2026-09-22T03:01:44
T11376,Geriatric Care and Nursing Homes,3600,General Health Professions,36,Health Professions,4,Health Sciences,102837,776809,49,10,2024-01-23T15:27:10,2026-09-22T03:01:44
T11815,Urological Disorders and Treatments,2748,Urology,27,Medicine,4,Health Sciences,102775,644522,4,10,2024-01-23T15:27:12,2026-09-22T03:01:44
T14118,Social and Demographic Issues in Germany,3600,General Health Professions,36,Health Professions,4,Health Sciences,102745,115336,49,10,2024-01-23T15:27:21,2026-09-22T03:01:44
T11059,Market Dynamics and Volatility,2002,Economics and Econometrics,20,"Economics, Econometrics and Finance",2,Social Sciences,102717,1421098,78,10,2024-01-23T15:27:09,2026-09-22T03:01:44
T10551,Scheduling and Optimization Algorithms,2209,Industrial and Manufacturing Engineering,22,Engineering,3,Physical Sciences,102676,1307651,16,10,2024-01-23T15:27:07,2026-09-22T03:01:44
T10599,Reconstructive Surgery and Microvascular Techniques,2746,Surgery,27,Medicine,4,Health Sciences,102645,951233,95,10,2024-01-23T15:27:07,2026-09-22T03:01:44
T13565,Education and Learning Interventions,1710,Information Systems,17,Computer Science,3,Physical Sciences,102626,139931,77,10,2024-01-23T15:27:19,2026-09-22T03:01:44
T12717,Space exploration and regulation,3103,Astronomy and Astrophysics,31,Physics and Astronomy,3,Physical Sciences,102569,162503,20,10,2024-01-23T15:27:15,2026-09-22T03:01:44
T12017,Recycling and Waste Management Techniques,2311,Waste Management and Disposal,23,Environmental Science,3,Physical Sciences,102518,795292,8,10,2024-01-23T15:27:12,2026-09-22T03:01:44
T13246,"Agriculture, Plant Science, Crop Management",1110,Plant Science,11,Agricultural and Biological Sciences,1,Life Sciences,102506,173497,89,10,2024-01-23T15:27:17,2026-09-22T03:01:44
T13870,Environmental and Ecological Studies,2105,"Renewable Energy, Sustainability and the Environment",21,Energy,3,Physical Sciences,102419,53707,21,10,2024-01-23T15:27:20,2026-09-22T03:01:44
T10368,Dental Health and Care Utilization,3506,Periodontics,35,Dentistry,4,Health Sciences,102375,1006294,3,10,2024-01-23T15:27:06,2026-09-22T03:01:44
T10056,Neurotransmitter Receptor Influence on Behavior,2804,Cellular and Molecular Neuroscience,28,Neuroscience,1,Life Sciences,102255,3880706,12,10,2024-01-23T15:27:05,2026-09-22T03:01:44
T10145,Consumer Behavior in Brand Consumption and Identification,1406,Marketing,14,"Business, Management and Accounting",2,Social Sciences,102230,2059775,14,10,2024-01-23T15:27:05,2026-09-22T03:01:44
T10497,Fungal and yeast genetics research,1312,Molecular Biology,13,"Biochemistry, Genetics and Molecular Biology",1,Life Sciences,102171,2253119,134,10,2024-01-23T15:27:06,2026-09-22T03:01:44
T13367,Cultural and Sociopolitical Studies,1209,Museology,12,Arts and Humanities,2,Social Sciences,102101,56823,8,10,2024-01-23T15:27:18,2026-09-22T03:01:44
T10873,Bacterial Infections and Vaccines,2404,Microbiology,24,Immunology and Microbiology,1,Life Sciences,102081,1201571,5,10,2024-01-23T15:27:08,2026-09-22T03:01:44
T12447,Spider Taxonomy and Behavior Studies,1311,Genetics,13,"Biochemistry, Genetics and Molecular Biology",1,Life Sciences,102076,199489,39,10,2024-01-23T15:27:14,2026-09-22T03:01:44
T10122,Toxic Organic Pollutants Impact,2307,"Health, Toxicology and Mutagenesis",23,Environmental Science,3,Physical Sciences,102047,2468286,15,10,2024-01-23T15:27:05,2026-09-22T03:01:44
T10832,Pituitary Gland Disorders and Treatments,2712,"Endocrinology, Diabetes and Metabolism",27,Medicine,4,Health Sciences,101998,1191853,17,10,2024-01-23T15:27:08,2026-09-22T03:01:44
T10279,Urinary Bladder and Prostate Research,2748,Urology,27,Medicine,4,Health Sciences,101954,1303780,4,10,2024-01-23T15:27:05,2026-09-22T03:01:44
T13717,Advanced Algorithms and Applications,2207,Control and Systems Engineering,22,Engineering,3,Physical Sciences,101949,168064,43,10,2024-01-23T15:27:19,2026-09-22T03:01:44
T10713,Structural Load-Bearing Analysis,2205,Civil and Structural Engineering,22,Engineering,3,Physical Sciences,101803,794002,41,10,2024-01-23T15:27:07,2026-09-22T03:01:44
T12111,Industrial Vision Systems and Defect Detection,2209,Industrial and Manufacturing Engineering,22,Engineering,3,Physical Sciences,101798,753017,16,10,2024-01-23T15:27:13,2026-09-22T03:01:44
T10212,Electrochemical sensors and biosensors,2208,Electrical and Electronic Engineering,22,Engineering,3,Physical Sciences,101792,2447473,116,10,2024-01-23T15:27:05,2026-09-22T03:01:44
T10341,Coral and Marine Ecosystems Studies,2303,Ecology,23,Environmental Science,3,Physical Sciences,101734,2070726,32,10,2024-01-23T15:27:06,2026-09-22T03:01:44
T10837,Dermatology and Skin Diseases,2708,Dermatology,27,Medicine,4,Health Sciences,101652,1470604,12,10,2024-01-23T15:27:08,2026-09-22T03:01:44
T12686,Central European national history,3312,Sociology and Political Science,33,Social Sciences,2,Social Sciences,101647,27879,223,10,2024-01-23T15:27:15,2026-09-22T03:01:44
T10306,Liquid Crystal Research Advancements,2504,"Electronic, Optical and Magnetic Materials",25,Materials Science,3,Physical Sciences,101569,1583949,16,10,2024-01-23T15:27:06,2026-09-22T03:01:44
T10088,Thermochemical Biomass Conversion Processes,2204,Biomedical Engineering,22,Engineering,3,Physical Sciences,101527,2354019,71,10,2024-01-23T15:27:05,2026-09-22T03:01:44
T12748,Molecular spectroscopy and chirality,1607,Spectroscopy,16,Chemistry,3,Physical Sciences,101526,1286046,11,10,2024-01-23T15:27:15,2026-09-22T03:01:44
T11153,Streptococcal Infections and Treatments,2739,"Public Health, Environmental and Occupational Health",27,Medicine,4,Health Sciences,101421,1093058,53,10,2024-01-23T15:27:09,2026-09-22T03:01:44
T11070,Soviet and Russian History,3320,Political Science and International Relations,33,Social Sciences,2,Social Sciences,101392,221121,117,10,2024-01-23T15:27:09,2026-09-22T03:01:44
T11470,Legume Nitrogen Fixing Symbiosis,1110,Plant Science,11,Agricultural and Biological Sciences,1,Life Sciences,101283,1913528,89,10,2024-01-23T15:27:10,2026-09-22T03:01:44
T10478,Diamond and Carbon-based Materials Research,2505,Materials Chemistry,25,Materials Science,3,Physical Sciences,101282,1694672,68,10,2024-01-23T15:27:06,2026-09-22T03:01:44
T11725,Immunodeficiency and Autoimmune Disorders,2403,Immunology,24,Immunology and Microbiology,1,Life Sciences,101107,990819,25,10,2024-01-23T15:27:11,2026-09-22T03:01:44
T11242,Nuclear Materials and Properties,2505,Materials Chemistry,25,Materials Science,3,Physical Sciences,101058,805928,68,10,2024-01-23T15:27:09,2026-09-22T03:01:44
T12100,Advanced Mathematical Modeling in Engineering,1703,Computational Theory and Mathematics,17,Computer Science,3,Physical Sciences,100913,1264804,23,10,2024-01-23T15:27:13,2026-09-22T03:01:44
T13006,Spanish History and Politics,1202,History,12,Arts and Humanities,2,Social Sciences,100858,66422,43,10,2024-01-23T15:27:16,2026-09-22T03:01:44
T10498,Migraine and Headache Studies,2738,Psychiatry and Mental health,27,Medicine,4,Health Sciences,100852,1450218,15,10,2024-01-23T15:27:06,2026-09-22T03:01:44
T11515,Bacillus and Francisella bacterial research,1312,Molecular Biology,13,"Biochemistry, Genetics and Molecular Biology",1,Life Sciences,100719,597250,134,10,2024-01-23T15:27:10,2026-09-22T03:01:44
T10225,Essential Oils and Antimicrobial Activity,1106,Food Science,11,Agricultural and Biological Sciences,1,Life Sciences,100697,1759980,31,10,2024-01-23T15:27:05,2026-09-22T03:01:44
T12142,Marine Invertebrate Physiology and Ecology,1911,Paleontology,19,Earth and Planetary Sciences,3,Physical Sciences,100634,416606,6,10,2024-01-23T15:27:13,2026-09-22T03:01:44
T10316,Sleep and related disorders,3205,Experimental and Cognitive Psychology,32,Psychology,2,Social Sciences,100622,1967621,23,10,2024-01-23T15:27:06,2026-09-22T03:01:44
T10676,"Genetics, Aging, and Longevity in Model Organisms",1302,Aging,13,"Biochemistry, Genetics and Molecular Biology",1,Life Sciences,100605,2123414,0,10,2024-01-23T15:27:07,2026-09-22T03:01:44
T12783,"Migration, Aging, and Tourism Studies",3317,Demography,33,Social Sciences,2,Social Sciences,100556,378753,26,10,2024-01-23T15:27:15,2026-09-22T03:01:44
T11245,Advanced Numerical Analysis Techniques,2206,Computational Mechanics,22,Engineering,3,Physical Sciences,100459,1059137,29,10,2024-01-23T15:27:09,2026-09-22T03:01:44
T10258,Philosophy and Theoretical Science,3205,Experimental and Cognitive Psychology,32,Psychology,2,Social Sciences,100341,931674,23,10,2024-01-23T15:27:05,2026-09-22T03:01:44
T12921,European Criminal Justice and Data Protection,3320,Political Science and International Relations,33,Social Sciences,2,Social Sciences,100334,178376,117,10,2024-01-23T15:27:16,2026-09-22T03:01:44
T10386,Microstructure and Mechanical Properties of Steels,2210,Mechanical Engineering,22,Engineering,3,Physical Sciences,100311,1242599,78,10,2024-01-23T15:27:06,2026-09-22T03:01:44
T10590,Chalcogenide Semiconductor Thin Films,2208,Electrical and Electronic Engineering,22,Engineering,3,Physical Sciences,100253,1316053,116,10,2024-01-23T15:27:07,2026-09-22T03:01:44
T10079,Nanoparticles: synthesis and applications,2505,Materials Chemistry,25,Materials Science,3,Physical Sciences,100144,3302990,68,10,2024-01-23T15:27:05,2026-09-22T03:01:44
T10866,Nutritional Studies and Diet,2739,"Public Health, Environmental and Occupational Health",27,Medicine,4,Health Sciences,99943,1905991,53,10,2024-01-23T15:27:08,2026-09-22T03:01:44
T10370,Traffic and Road Safety,2213,"Safety, Risk, Reliability and Quality",22,Engineering,3,Physical Sciences,99907,1012417,11,10,2024-01-23T15:27:06,2026-09-22T03:01:44
T13412,Education and Technology Integration,3304,Education,33,Social Sciences,2,Social Sciences,99870,507508,136,10,2024-01-23T15:27:18,2026-09-22T03:01:44
T14376,Science and Education Research,3304,Education,33,Social Sciences,2,Social Sciences,99841,90054,136,10,2024-01-23T15:27:22,2026-09-22T03:01:44
T10887,Bioinformatics and Genomic Networks,1312,Molecular Biology,13,"Biochemistry, Genetics and Molecular Biology",1,Life Sciences,99816,2127468,134,10,2024-01-23T15:27:08,2026-09-22T03:01:44
T13439,Transport and Economic Policies,1408,Strategy and Management,14,"Business, Management and Accounting",2,Social Sciences,99801,130910,41,10,2024-01-23T15:27:18,2026-09-22T03:01:44
T12127,Software System Performance and Reliability,1705,Computer Networks and Communications,17,Computer Science,3,Physical Sciences,99755,389822,42,10,2024-01-23T15:27:13,2026-09-22T03:01:44
T12831,School Health and Nursing Education,3616,Speech and Hearing,36,Health Professions,4,Health Sciences,99734,344450,9,10,2024-01-23T15:27:15,2026-09-22T03:01:44
T14254,Digital Media and Visual Art,1704,Computer Graphics and Computer-Aided Design,17,Computer Science,3,Physical Sciences,99719,78753,3,10,2024-01-23T15:27:21,2026-09-22T03:01:44
T12775,Legal Issues in South Africa,3308,Law,33,Social Sciences,2,Social Sciences,99690,238641,39,10,2024-01-23T15:27:15,2026-09-22T03:01:44
T13195,Medieval Iberian Studies,1205,Classics,12,Arts and Humanities,2,Social Sciences,99665,56458,4,10,2024-01-23T15:27:17,2026-09-22T03:01:44
T10553,Combustion and flame dynamics,2206,Computational Mechanics,22,Engineering,3,Physical Sciences,99641,1220587,29,10,2024-01-23T15:27:07,2026-09-22T03:01:44
T10516,Parathyroid Disorders and Treatments,2727,Nephrology,27,Medicine,4,Health Sciences,99620,1549684,6,10,2024-01-23T15:27:06,2026-09-22T03:01:44
T10197,Membrane Separation Technologies,2312,Water Science and Technology,23,Environmental Science,3,Physical Sciences,99563,2563804,23,10,2024-01-23T15:27:05,2026-09-22T03:01:44
T10404,Enzyme Catalysis and Immobilization,1312,Molecular Biology,13,"Biochemistry, Genetics and Molecular Biology",1,Life Sciences,99448,1840529,134,10,2024-01-23T15:27:06,2026-09-22T03:01:44
T13591,Pasture and Agricultural Systems,1107,Forestry,11,Agricultural and Biological Sciences,1,Life Sciences,99366,178734,6,10,2024-01-23T15:27:19,2026-09-22T03:01:44
T11674,Sports Analytics and Performance,2002,Economics and Econometrics,20,"Economics, Econometrics and Finance",2,Social Sciences,99299,427250,78,10,2024-01-23T15:27:11,2026-09-22T03:01:44
T10235,Health disparities and outcomes,3306,Health,33,Social Sciences,2,Social Sciences,99248,2945971,13,10,2024-01-23T15:27:05,2026-09-22T03:01:44
T14010,Food Industry and Aquatic Biology,1106,Food Science,11,Agricultural and Biological Sciences,1,Life Sciences,99245,261717,31,10,2024-01-23T15:27:20,2026-09-22T03:01:44
T10410,COVID-19 epidemiological studies,2611,Modeling and Simulation,26,Mathematics,3,Physical Sciences,99206,1367391,5,10,2024-01-23T15:27:06,2026-09-22T03:01:44
T14235,"Linguistic, Cultural, and Literary Studies",3312,Sociology and Political Science,33,Social Sciences,2,Social Sciences,99175,28488,223,10,2024-01-23T15:27:21,2026-09-22T03:01:44
T11157,Chronic Lymphocytic Leukemia Research,2716,Genetics,27,Medicine,4,Health Sciences,99153,1214130,8,10,2024-01-23T15:27:09,2026-09-22T03:01:44
T10564,Wastewater Treatment and Nitrogen Removal,2310,Pollution,23,Environmental Science,3,Physical Sciences,99103,1875215,10,10,2024-01-23T15:27:07,2026-09-22T03:01:44
T10734,Information and Cyber Security,1710,Information Systems,17,Computer Science,3,Physical Sciences,99100,545516,77,10,2024-01-23T15:27:07,2026-09-22T03:01:44
T11285,Hearing Impairment and Communication,3204,Developmental and Educational Psychology,32,Psychology,2,Social Sciences,99034,719704,19,10,2024-01-23T15:27:10,2026-09-22T03:01:44
T10506,Aquaculture disease management and microbiota,2403,Immunology,24,Immunology and Microbiology,1,Life Sciences,99033,1544046,25,10,2024-01-23T15:27:06,2026-09-22T03:01:44
T10453,Maternal and Perinatal Health Interventions,2729,Obstetrics and Gynecology,27,Medicine,4,Health Sciences,99019,961665,7,10,2024-01-23T15:27:06,2026-09-22T03:01:44
T10102,scientometrics and bibliometrics research,1804,"Statistics, Probability and Uncertainty",18,Decision Sciences,2,Social Sciences,99014,909284,8,10,2024-01-23T15:27:05,2026-09-22T03:01:44
T13280,Biomedical and Engineering Education,2204,Biomedical Engineering,22,Engineering,3,Physical Sciences,98865,342902,71,10,2024-01-23T15:27:17,2026-09-22T03:01:44
T10836,Metabolomics and Mass Spectrometry Studies,1312,Molecular Biology,13,"Biochemistry, Genetics and Molecular Biology",1,Life Sciences,98804,1986144,134,10,2024-01-23T15:27:08,2026-09-22T03:01:44
T11287,Cancer Genomics and Diagnostics,1306,Cancer Research,13,"Biochemistry, Genetics and Molecular Biology",1,Life Sciences,98730,1810182,12,10,2024-01-23T15:27:10,2026-09-22T03:01:44
T10502,Advanced Memory and Neural Computing,2208,Electrical and Electronic Engineering,22,Engineering,3,Physical Sciences,98638,1691627,116,10,2024-01-23T15:27:06,2026-09-22T03:01:44
T10274,Synthesis and biological activity,1605,Organic Chemistry,16,Chemistry,3,Physical Sciences,98557,941676,60,10,2024-01-23T15:27:05,2026-09-22T03:01:44
T14330,Library Science and Information Systems,1710,Information Systems,17,Computer Science,3,Physical Sciences,98548,72429,77,10,2024-01-23T15:27:22,2026-09-22T03:01:44
T12233,Geotechnical Engineering and Underground Structures,2205,Civil and Structural Engineering,22,Engineering,3,Physical Sciences,98529,708605,41,10,2024-01-23T15:27:13,2026-09-22T03:01:44
T10890,Trypanosoma species research and implications,2713,Epidemiology,27,Medicine,4,Health Sciences,98469,1252429,41,10,2024-01-23T15:27:08,2026-09-22T03:01:44
T11851,Electromagnetic Compatibility and Measurements,2208,Electrical and Electronic Engineering,22,Engineering,3,Physical Sciences,98457,199260,116,10,2024-01-23T15:27:12,2026-09-22T03:01:44
T14238,Historical Gender and Feminism Studies,3312,Sociology and Political Science,33,Social Sciences,2,Social Sciences,98454,435218,223,10,2024-01-23T15:27:21,2026-09-22T03:01:44
T12816,Global Public Health Policies and Epidemiology,1407,Organizational Behavior and Human Resource Management,14,"Business, Management and Accounting",2,Social Sciences,98393,902257,29,10,2024-01-23T15:27:15,2026-09-22T03:01:44
T10277,Vitamin D Research Studies,2734,Pathology and Forensic Medicine,27,Medicine,4,Health Sciences,98311,2078747,22,10,2024-01-23T15:27:05,2026-09-22T03:01:44
T11814,Advanced Manufacturing and Logistics Optimization,2209,Industrial and Manufacturing Engineering,22,Engineering,3,Physical Sciences,98255,565386,16,10,2024-01-23T15:27:12,2026-09-22T03:01:44
T13759,Medical Imaging and Pathology Studies,2740,Pulmonary and Respiratory Medicine,27,Medicine,4,Health Sciences,98211,404399,51,10,2024-01-23T15:27:19,2026-09-22T03:01:44
T10699,Primate Behavior and Ecology,3207,Social Psychology,32,Psychology,2,Social Sciences,98192,1784323,51,10,2024-01-23T15:27:07,2026-09-22T03:01:44
T10273,IoT and Edge/Fog Computing,1705,Computer Networks and Communications,17,Computer Science,3,Physical Sciences,98135,1404697,42,10,2024-01-23T15:27:05,2026-09-22T03:01:44
T11147,Misinformation and Its Impacts,3312,Sociology and Political Science,33,Social Sciences,2,Social Sciences,98040,997911,223,10,2024-01-23T15:27:09,2026-09-22T03:01:44
T11270,Complex Systems and Time Series Analysis,2002,Economics and Econometrics,20,"Economics, Econometrics and Finance",2,Social Sciences,97977,1464349,78,10,2024-01-23T15:27:10,2026-09-22T03:01:44
T11171,Diabetes and associated disorders,1311,Genetics,13,"Biochemistry, Genetics and Molecular Biology",1,Life Sciences,97865,1435456,39,10,2024-01-23T15:27:09,2026-09-22T03:01:44
T12929,Animal Genetics and Reproduction,1311,Genetics,13,"Biochemistry, Genetics and Molecular Biology",1,Life Sciences,97750,1185056,39,10,2024-01-23T15:27:16,2026-09-22T03:01:44
T11631,"Retirement, Disability, and Employment",3317,Demography,33,Social Sciences,2,Social Sciences,97718,595813,26,10,2024-01-23T15:27:11,2026-09-22T03:01:44
T13618,Regional Socio-Economic Development Trends,3317,Demography,33,Social Sciences,2,Social Sciences,97715,125123,26,10,2024-01-23T15:27:19,2026-09-22T03:01:44
T12614,Indigenous Studies and Ecology,3600,General Health Professions,36,Health Professions,4,Health Sciences,97591,491448,49,10,2024-01-23T15:27:15,2026-09-22T03:01:44
T12754,Plant Growth and Agriculture Techniques,1111,Soil Science,11,Agricultural and Biological Sciences,1,Life Sciences,97428,140846,11,10,2024-01-23T15:27:15,2026-09-22T03:01:44
T12376,Corporate Management and Leadership,1407,Organizational Behavior and Human Resource Management,14,"Business, Management and Accounting",2,Social Sciences,97335,89080,29,10,2024-01-23T15:27:14,2026-09-22T03:01:44
T10342,Circadian rhythm and melatonin,2807,Endocrine and Autonomic Systems,28,Neuroscience,1,Life Sciences,97264,2698511,2,10,2024-01-23T15:27:06,2026-09-22T03:01:44
T10076,Plant-Microbe Interactions and Immunity,1110,Plant Science,11,Agricultural and Biological Sciences,1,Life Sciences,97216,2787436,89,10,2024-01-23T15:27:05,2026-09-22T03:01:44
T10442,Knee injuries and reconstruction techniques,2746,Surgery,27,Medicine,4,Health Sciences,97170,1767683,95,10,2024-01-23T15:27:06,2026-09-22T03:01:44
T10717,Aluminum Alloys Composites Properties,2210,Mechanical Engineering,22,Engineering,3,Physical Sciences,96993,1265806,78,10,2024-01-23T15:27:07,2026-09-22T03:01:44
T12857,Medieval Philosophy and Theology,1211,Philosophy,12,Arts and Humanities,2,Social Sciences,96983,139125,48,10,2024-01-23T15:27:16,2026-09-22T03:01:44
T10201,Speech Recognition and Synthesis,1702,Artificial Intelligence,17,Computer Science,3,Physical Sciences,96981,1007892,76,10,2024-01-23T15:27:05,2026-09-22T03:01:44
T11871,Advanced Statistical Methods and Models,2613,Statistics and Probability,26,Mathematics,3,Physical Sciences,96862,3244675,19,10,2024-01-23T15:27:12,2026-09-22T03:01:44
T11372,Hydraulic and Pneumatic Systems,2210,Mechanical Engineering,22,Engineering,3,Physical Sciences,96717,428664,78,10,2024-01-23T15:27:10,2026-09-22T03:01:44
T10287,Algebraic structures and combinatorial models,2608,Geometry and Topology,26,Mathematics,3,Physical Sciences,96692,990691,10,10,2024-01-23T15:27:05,2026-09-22T03:01:44
T10499,Folate and B Vitamins Research,2745,Rheumatology,27,Medicine,4,Health Sciences,96680,1745845,23,10,2024-01-23T15:27:06,2026-09-22T03:01:44
T11079,Creativity in Education and Neuroscience,3205,Experimental and Cognitive Psychology,32,Psychology,2,Social Sciences,96596,1258658,23,10,2024-01-23T15:27:09,2026-09-22T03:01:44
T11257,Taxation and Compliance Studies,2002,Economics and Econometrics,20,"Economics, Econometrics and Finance",2,Social Sciences,96596,566196,78,10,2024-01-23T15:27:10,2026-09-22T03:01:44
T11698,Underwater Acoustics Research,1910,Oceanography,19,Earth and Planetary Sciences,3,Physical Sciences,96512,556129,8,10,2024-01-23T15:27:11,2026-09-22T03:01:44
T13402,Business Strategy and Innovation,1408,Strategy and Management,14,"Business, Management and Accounting",2,Social Sciences,96455,1320930,41,10,2024-01-23T15:27:18,2026-09-22T03:01:44
T10175,Advanced DC-DC Converters,2208,Electrical and Electronic Engineering,22,Engineering,3,Physical Sciences,96425,1077872,116,10,2024-01-23T15:27:05,2026-09-22T03:01:44
T12129,Global Energy Security and Policy,2100,General Energy,21,Energy,3,Physical Sciences,96410,303462,0,10,2024-01-23T15:27:13,2026-09-22T03:01:44
T10219,Mechanical Behavior of Composites,2211,Mechanics of Materials,22,Engineering,3,Physical Sciences,96399,1467233,28,10,2024-01-23T15:27:05,2026-09-22T03:01:44
T13352,International Relations in Latin America,3320,Political Science and International Relations,33,Social Sciences,2,Social Sciences,96323,134560,117,10,2024-01-23T15:27:18,2026-09-22T03:01:44
T11179,Nematode management and characterization studies,1110,Plant Science,11,Agricultural and Biological Sciences,1,Life Sciences,96300,872423,89,10,2024-01-23T15:27:09,2026-09-22T03:01:44
T10728,Pulmonary Hypertension Research and Treatments,2740,Pulmonary and Respiratory Medicine,27,Medicine,4,Health Sciences,96211,1366877,51,10,2024-01-23T15:27:07,2026-09-22T03:01:44
T13742,Metallurgy and Cultural Artifacts,3302,Archeology,33,Social Sciences,2,Social Sciences,96141,117289,1,10,2024-01-23T15:27:19,2026-09-22T03:01:44
T10678,Inflammatory mediators and NSAID effects,2736,Pharmacology,27,Medicine,4,Health Sciences,96040,2169740,21,10,2024-01-23T15:27:07,2026-09-22T03:01:44
T11528,Lichen and fungal ecology,1105,"Ecology, Evolution, Behavior and Systematics",11,Agricultural and Biological Sciences,1,Life Sciences,95931,778092,32,10,2024-01-23T15:27:10,2026-09-22T03:01:44
T13125,Agricultural pest management studies,1110,Plant Science,11,Agricultural and Biological Sciences,1,Life Sciences,95894,304261,89,10,2024-01-23T15:27:17,2026-09-22T03:01:44
T10536,Endodontics and Root Canal Treatments,3504,Oral Surgery,35,Dentistry,4,Health Sciences,95884,1380811,4,10,2024-01-23T15:27:06,2026-09-22T03:01:44
T13561,Chemical Reactions and Isotopes,3003,Pharmaceutical Science,30,"Pharmacology, Toxicology and Pharmaceutics",1,Life Sciences,95868,635376,4,10,2024-01-23T15:27:19,2026-09-22T03:01:44
T11246,Sports injuries and prevention,2732,Orthopedics and Sports Medicine,27,Medicine,4,Health Sciences,95732,927532,6,10,2024-01-23T15:27:09,2026-09-22T03:01:44
T12811,"Aging, Health, and Disability",2739,"Public Health, Environmental and Occupational Health",27,Medicine,4,Health Sciences,95559,115258,53,10,2024-01-23T15:27:15,2026-09-22T03:01:44
T14225,Advanced Sensor and Control Systems,2207,Control and Systems Engineering,22,Engineering,3,Physical Sciences,95390,82762,43,10,2024-01-23T15:27:21,2026-09-22T03:01:44
T12084,Synthesis and properties of polymers,2507,Polymers and Plastics,25,Materials Science,3,Physical Sciences,95379,764159,13,10,2024-01-23T15:27:13,2026-09-22T03:01:44
T13770,Pediatric health and respiratory diseases,3604,Emergency Medical Services,36,Health Professions,4,Health Sciences,95347,299044,6,10,2024-01-23T15:27:19,2026-09-22T03:01:44
T12234,Mollusks and Parasites Studies,1109,Insect Science,11,Agricultural and Biological Sciences,1,Life Sciences,95346,292916,13,10,2024-01-23T15:27:13,2026-09-22T03:01:44
T11536,Consumer Retail Behavior Studies,1406,Marketing,14,"Business, Management and Accounting",2,Social Sciences,95310,754586,14,10,2024-01-23T15:27:10,2026-09-22T03:01:44
T10647,Coastal and Marine Dynamics,1904,Earth-Surface Processes,19,Earth and Planetary Sciences,3,Physical Sciences,95281,1053904,5,10,2024-01-23T15:27:07,2026-09-22T03:01:44
T10035,Phytochemicals and Antioxidant Activities,2704,Biochemistry,27,Medicine,4,Health Sciences,95267,2875477,2,10,2024-01-23T15:27:05,2026-09-22T03:01:44
T10763,Digital Transformation in Industry,2209,Industrial and Manufacturing Engineering,22,Engineering,3,Physical Sciences,95267,1033572,16,10,2024-01-23T15:27:08,2026-09-22T03:01:44
T10438,"Energy, Environment, Economic Growth",2002,Economics and Econometrics,20,"Economics, Econometrics and Finance",2,Social Sciences,95216,2137600,78,10,2024-01-23T15:27:06,2026-09-22T03:01:44
T10913,Molecular Junctions and Nanostructures,2208,Electrical and Electronic Engineering,22,Engineering,3,Physical Sciences,95154,2184190,116,10,2024-01-23T15:27:08,2026-09-22T03:01:44
T12467,Rangeland Management and Livestock Ecology,2308,"Management, Monitoring, Policy and Law",23,Environmental Science,3,Physical Sciences,95063,735842,33,10,2024-01-23T15:27:14,2026-09-22T03:01:44
T10050,Multi-Criteria Decision Making,1803,Management Science and Operations Research,18,Decision Sciences,2,Social Sciences,94984,2313160,33,10,2024-01-23T15:27:05,2026-09-22T03:01:44
T10976,Viral gastroenteritis research and epidemiology,2725,Infectious Diseases,27,Medicine,4,Health Sciences,94949,1582563,20,10,2024-01-23T15:27:08,2026-09-22T03:01:44
T10772,Distributed systems and fault tolerance,1705,Computer Networks and Communications,17,Computer Science,3,Physical Sciences,94946,1038729,42,10,2024-01-23T15:27:08,2026-09-22T03:01:44
T13690,Quality and Safety in Healthcare,3607,Medical Laboratory Technology,36,Health Professions,4,Health Sciences,94943,190671,1,10,2024-01-23T15:27:19,2026-09-22T03:01:44
T13236,Geotechnical and construction materials studies,2205,Civil and Structural Engineering,22,Engineering,3,Physical Sciences,94937,147254,41,10,2024-01-23T15:27:17,2026-09-22T03:01:44
T10430,Software Engineering Techniques and Practices,1710,Information Systems,17,Computer Science,3,Physical Sciences,94890,826337,77,10,2024-01-23T15:27:06,2026-09-22T03:01:44
T11243,Respiratory viral infections research,2713,Epidemiology,27,Medicine,4,Health Sciences,94834,1282581,41,10,2024-01-23T15:27:09,2026-09-22T03:01:44
T13029,South Asian Studies and Conflicts,3320,Political Science and International Relations,33,Social Sciences,2,Social Sciences,94801,264782,117,10,2024-01-23T15:27:16,2026-09-22T03:01:44
T11036,Antibiotics Pharmacokinetics and Efficacy,2736,Pharmacology,27,Medicine,4,Health Sciences,94779,1153525,21,10,2024-01-23T15:27:09,2026-09-22T03:01:44
T12091,Peatlands and Wetlands Ecology,2303,Ecology,23,Environmental Science,3,Physical Sciences,94775,889805,32,10,2024-01-23T15:27:13,2026-09-22T03:01:44
T10677,Attachment and Relationship Dynamics,3207,Social Psychology,32,Psychology,2,Social Sciences,94750,1764129,51,10,2024-01-23T15:27:07,2026-09-22T03:01:44
T10987,Microfinance and Financial Inclusion,2002,Economics and Econometrics,20,"Economics, Econometrics and Finance",2,Social Sciences,94659,636963,78,10,2024-01-23T15:27:09,2026-09-22T03:01:44
T10903,Porphyrin and Phthalocyanine Chemistry,2505,Materials Chemistry,25,Materials Science,3,Physical Sciences,94608,1625864,68,10,2024-01-23T15:27:08,2026-09-22T03:01:44
T10612,Magnetism in coordination complexes,2504,"Electronic, Optical and Magnetic Materials",25,Materials Science,3,Physical Sciences,94555,1704454,16,10,2024-01-23T15:27:07,2026-09-22T03:01:44
T12231,Contemporary Sociological Theory and Practice,3312,Sociology and Political Science,33,Social Sciences,2,Social Sciences,94530,656931,223,10,2024-01-23T15:27:13,2026-09-22T03:01:44
T11122,Online Learning and Analytics,1706,Computer Science Applications,17,Computer Science,3,Physical Sciences,94507,849298,9,10,2024-01-23T15:27:09,2026-09-22T03:01:44
T10988,Advanced Fiber Laser Technologies,3107,"Atomic and Molecular Physics, and Optics",31,Physics and Astronomy,3,Physical Sciences,94475,1222445,36,10,2024-01-23T15:27:09,2026-09-22T03:01:44
T11106,Data Management and Algorithms,1711,Signal Processing,17,Computer Science,3,Physical Sciences,94373,1137849,9,10,2024-01-23T15:27:09,2026-09-22T03:01:44
T12647,Traditional Chinese Medicine Studies,2707,Complementary and alternative medicine,27,Medicine,4,Health Sciences,94372,147929,19,10,2024-01-23T15:27:15,2026-09-22T03:01:44
T13500,Probability and Statistical Research,2613,Statistics and Probability,26,Mathematics,3,Physical Sciences,94320,161583,19,10,2024-01-23T15:27:18,2026-09-22T03:01:44
T12203,Mobile Agent-Based Network Management,1705,Computer Networks and Communications,17,Computer Science,3,Physical Sciences,94173,275265,42,10,2024-01-23T15:27:13,2026-09-22T03:01:44
T12798,Religious Tourism and Spaces,3305,"Geography, Planning and Development",33,Social Sciences,2,Social Sciences,94119,214364,14,10,2024-01-23T15:27:15,2026-09-22T03:01:44
T13506,Botanical Research and Chemistry,1105,"Ecology, Evolution, Behavior and Systematics",11,Agricultural and Biological Sciences,1,Life Sciences,94008,534735,32,10,2024-01-23T15:27:18,2026-09-22T03:01:44
T10509,"Religion, Spirituality, and Psychology",3306,Health,33,Social Sciences,2,Social Sciences,93973,1159540,13,10,2024-01-23T15:27:06,2026-09-22T03:01:44
T12623,"Cultural, Media, and Literary Studies",1211,Philosophy,12,Arts and Humanities,2,Social Sciences,93945,63022,48,10,2024-01-23T15:27:15,2026-09-22T03:01:44
T10979,Breastfeeding Practices and Influences,2713,Epidemiology,27,Medicine,4,Health Sciences,93942,851529,41,10,2024-01-23T15:27:08,2026-09-22T03:01:44
T12619,Political Systems and Governance,3320,Political Science and International Relations,33,Social Sciences,2,Social Sciences,93941,343255,117,10,2024-01-23T15:27:15,2026-09-22T03:01:44
T10649,Multiple Myeloma Research and Treatments,2720,Hematology,27,Medicine,4,Health Sciences,93907,1230728,11,10,2024-01-23T15:27:07,2026-09-22T03:01:44
T10390,Ovarian function and disorders,2743,Reproductive Medicine,27,Medicine,4,Health Sciences,93796,1573018,7,10,2024-01-23T15:27:06,2026-09-22T03:01:44
T13134,Latin American Literature Studies,3316,Cultural Studies,33,Social Sciences,2,Social Sciences,93766,54473,37,10,2024-01-23T15:27:17,2026-09-22T03:01:44
T10915,Trace Elements in Health,2916,Nutrition and Dietetics,29,Nursing,4,Health Sciences,93759,2072839,16,10,2024-01-23T15:27:08,2026-09-22T03:01:44
T14355,Historical Studies of British Isles,1202,History,12,Arts and Humanities,2,Social Sciences,93726,149967,43,10,2024-01-23T15:27:22,2026-09-22T03:01:44
T11691,Forest Insect Ecology and Management,2303,Ecology,23,Environmental Science,3,Physical Sciences,93675,789826,32,10,2024-01-23T15:27:11,2026-09-22T03:01:44
T10823,Research on Leishmaniasis Studies,2739,"Public Health, Environmental and Occupational Health",27,Medicine,4,Health Sciences,93630,1234779,53,10,2024-01-23T15:27:08,2026-09-22T03:01:44
T12720,Multimedia Communication and Technology,3312,Sociology and Political Science,33,Social Sciences,2,Social Sciences,93602,296974,223,10,2024-01-23T15:27:15,2026-09-22T03:01:44
T10971,Olfactory and Sensory Function Studies,2809,Sensory Systems,28,Neuroscience,1,Life Sciences,93500,1883274,2,10,2024-01-23T15:27:08,2026-09-22T03:01:44
T13521,Psychosocial Factors Impacting Youth,3312,Sociology and Political Science,33,Social Sciences,2,Social Sciences,93456,176164,223,10,2024-01-23T15:27:18,2026-09-22T03:01:44
T10191,Robotics and Sensor-Based Localization,2202,Aerospace Engineering,22,Engineering,3,Physical Sciences,93390,1430527,43,10,2024-01-23T15:27:05,2026-09-22T03:01:44
T10426,Child Abuse and Trauma,3203,Clinical Psychology,32,Psychology,2,Social Sciences,93378,1814658,37,10,2024-01-23T15:27:06,2026-09-22T03:01:44
T10433,Carcinogens and Genotoxicity Assessment,1306,Cancer Research,13,"Biochemistry, Genetics and Molecular Biology",1,Life Sciences,93370,1701937,12,10,2024-01-23T15:27:06,2026-09-22T03:01:44
T11965,"Quantum, superfluid, helium dynamics",3107,"Atomic and Molecular Physics, and Optics",31,Physics and Astronomy,3,Physical Sciences,93366,1264976,36,10,2024-01-23T15:27:12,2026-09-22T03:01:44
T10261,Genetic Associations and Epidemiology,1311,Genetics,13,"Biochemistry, Genetics and Molecular Biology",1,Life Sciences,93320,2547343,39,10,2024-01-23T15:27:05,2026-09-22T03:01:44
T11330,Systemic Sclerosis and Related Diseases,2734,Pathology and Forensic Medicine,27,Medicine,4,Health Sciences,93255,834785,22,10,2024-01-23T15:27:10,2026-09-22T03:01:44
T13337,Korean Peninsula Historical and Political Studies,3312,Sociology and Political Science,33,Social Sciences,2,Social Sciences,93246,111783,223,10,2024-01-23T15:27:18,2026-09-22T03:01:44
T10754,Neuroendocrine Tumor Research Advances,2713,Epidemiology,27,Medicine,4,Health Sciences,93183,1249698,41,10,2024-01-23T15:27:08,2026-09-22T03:01:44
T10577,Hydrology and Sediment Transport Processes,2303,Ecology,23,Environmental Science,3,Physical Sciences,93127,1541595,32,10,2024-01-23T15:27:07,2026-09-22T03:01:44
T11433,Emotional Intelligence and Performance,3207,Social Psychology,32,Psychology,2,Social Sciences,93112,1029574,51,10,2024-01-23T15:27:10,2026-09-22T03:01:44
T10104,Nanofluid Flow and Heat Transfer,2204,Biomedical Engineering,22,Engineering,3,Physical Sciences,93091,2091067,71,10,2024-01-23T15:27:05,2026-09-22T03:01:44
T10441,Muscle Physiology and Disorders,1312,Molecular Biology,13,"Biochemistry, Genetics and Molecular Biology",1,Life Sciences,93074,2164180,134,10,2024-01-23T15:27:06,2026-09-22T03:01:44
T10552,Colorectal Cancer Screening and Detection,2730,Oncology,27,Medicine,4,Health Sciences,92923,1372411,33,10,2024-01-23T15:27:07,2026-09-22T03:01:44
T10414,Cannabis and Cannabinoid Research,2736,Pharmacology,27,Medicine,4,Health Sciences,92915,2162332,21,10,2024-01-23T15:27:06,2026-09-22T03:01:44
T13944,Psychiatric care and mental health services,3203,Clinical Psychology,32,Psychology,2,Social Sciences,92829,321971,37,10,2024-01-23T15:27:20,2026-09-22T03:01:44
T10327,Adolescent Sexual and Reproductive Health,3600,General Health Professions,36,Health Professions,4,Health Sciences,92826,1173596,49,10,2024-01-23T15:27:06,2026-09-22T03:01:44
T12795,Banana Cultivation and Research,1110,Plant Science,11,Agricultural and Biological Sciences,1,Life Sciences,92747,408859,89,10,2024-01-23T15:27:15,2026-09-22T03:01:44
T11711,COVID-19 Pandemic Impacts,2002,Economics and Econometrics,20,"Economics, Econometrics and Finance",2,Social Sciences,92740,535337,78,10,2024-01-23T15:27:11,2026-09-22T03:01:44
T11253,Nail Diseases and Treatments,2713,Epidemiology,27,Medicine,4,Health Sciences,92638,625982,41,10,2024-01-23T15:27:09,2026-09-22T03:01:44
T10598,Cardiac pacing and defibrillation studies,2705,Cardiology and Cardiovascular Medicine,27,Medicine,4,Health Sciences,92607,1004020,28,10,2024-01-23T15:27:07,2026-09-22T03:01:44
T10662,Ultrasonics and Acoustic Wave Propagation,2211,Mechanics of Materials,22,Engineering,3,Physical Sciences,92515,985106,28,10,2024-01-23T15:27:07,2026-09-22T03:01:44
T10222,Genomics and Chromatin Dynamics,1312,Molecular Biology,13,"Biochemistry, Genetics and Molecular Biology",1,Life Sciences,92468,3226087,134,10,2024-01-23T15:27:05,2026-09-22T03:01:44
T10229,Geometric Analysis and Curvature Flows,2604,Applied Mathematics,26,Mathematics,3,Physical Sciences,92428,808828,16,10,2024-01-23T15:27:05,2026-09-22T03:01:44
T10402,Phase Equilibria and Thermodynamics,2204,Biomedical Engineering,22,Engineering,3,Physical Sciences,92385,1968434,71,10,2024-01-23T15:27:06,2026-09-22T03:01:44
T10654,Pneumonia and Respiratory Infections,2713,Epidemiology,27,Medicine,4,Health Sciences,92367,1332952,41,10,2024-01-23T15:27:07,2026-09-22T03:01:44
T12741,Maternal and Neonatal Healthcare,3600,General Health Professions,36,Health Professions,4,Health Sciences,92364,145564,49,10,2024-01-23T15:27:15,2026-09-22T03:01:44
T10902,Complementary and Alternative Medicine Studies,2707,Complementary and alternative medicine,27,Medicine,4,Health Sciences,92283,719591,19,10,2024-01-23T15:27:08,2026-09-22T03:01:44
T10142,Formal Methods in Verification,1703,Computational Theory and Mathematics,17,Computer Science,3,Physical Sciences,92166,1213631,23,10,2024-01-23T15:27:05,2026-09-22T03:01:44
T12001,Fossil Insects in Amber,1105,"Ecology, Evolution, Behavior and Systematics",11,Agricultural and Biological Sciences,1,Life Sciences,92100,236230,32,10,2024-01-23T15:27:12,2026-09-22T03:01:44
T13186,Russia and Soviet political economy,3320,Political Science and International Relations,33,Social Sciences,2,Social Sciences,92023,379905,117,10,2024-01-23T15:27:17,2026-09-22T03:01:44
T10771,Wound Healing and Treatments,2742,Rehabilitation,27,Medicine,4,Health Sciences,91887,1903403,6,10,2024-01-23T15:27:08,2026-09-22T03:01:44
T10416,Traumatic Brain Injury Research,2713,Epidemiology,27,Medicine,4,Health Sciences,91625,1571118,41,10,2024-01-23T15:27:06,2026-09-22T03:01:44
T10894,Groundwater flow and contamination studies,2305,Environmental Engineering,23,Environmental Science,3,Physical Sciences,91540,1405955,18,10,2024-01-23T15:27:08,2026-09-22T03:01:44
T12616,Religious Education and Schools,3304,Education,33,Social Sciences,2,Social Sciences,91495,326598,136,10,2024-01-23T15:27:15,2026-09-22T03:01:44
T10148,Advanced MIMO Systems Optimization,2208,Electrical and Electronic Engineering,22,Engineering,3,Physical Sciences,91397,1194510,116,10,2024-01-23T15:27:05,2026-09-22T03:01:44
T10688,Image and Signal Denoising Methods,1707,Computer Vision and Pattern Recognition,17,Computer Science,3,Physical Sciences,91387,1531144,34,10,2024-01-23T15:27:07,2026-09-22T03:01:44
T14086,Military and Defense Studies,3320,Political Science and International Relations,33,Social Sciences,2,Social Sciences,91369,143894,117,10,2024-01-23T15:27:21,2026-09-22T03:01:44
T10856,Intellectual Property and Patents,1405,Management of Technology and Innovation,14,"Business, Management and Accounting",2,Social Sciences,91336,465218,15,10,2024-01-23T15:27:08,2026-09-22T03:01:44
T10566,Laser-Matter Interactions and Applications,3107,"Atomic and Molecular Physics, and Optics",31,Physics and Astronomy,3,Physical Sciences,91325,1354059,36,10,2024-01-23T15:27:07,2026-09-22T03:01:44
T11505,Reproductive biology and impacts on aquatic species,1314,Physiology,13,"Biochemistry, Genetics and Molecular Biology",1,Life Sciences,91295,690966,3,10,2024-01-23T15:27:10,2026-09-22T03:01:44
T10562,Total Knee Arthroplasty Outcomes,2746,Surgery,27,Medicine,4,Health Sciences,91264,1327517,95,10,2024-01-23T15:27:07,2026-09-22T03:01:44
T10352,Physical Activity and Health,2737,Physiology,27,Medicine,4,Health Sciences,91165,1874459,29,10,2024-01-23T15:27:06,2026-09-22T03:01:44
T11999,Empathy and Medical Education,2738,Psychiatry and Mental health,27,Medicine,4,Health Sciences,91076,597755,15,10,2024-01-23T15:27:12,2026-09-22T03:01:44
T14462,Educational Methods and Impacts,3304,Education,33,Social Sciences,2,Social Sciences,91050,191754,136,10,2024-01-23T15:27:22,2026-09-22T03:01:44
T13831,Archaeological and Geological Studies,1204,Archeology,12,Arts and Humanities,2,Social Sciences,91004,147016,19,10,2024-01-23T15:27:20,2026-09-22T03:01:44
T12996,Cancer Research and Treatments,1305,Biotechnology,13,"Biochemistry, Genetics and Molecular Biology",1,Life Sciences,91000,612982,7,10,2024-01-23T15:27:16,2026-09-22T03:01:44
T10344,Management and Organizational Studies,1407,Organizational Behavior and Human Resource Management,14,"Business, Management and Accounting",2,Social Sciences,90986,2224834,29,10,2024-01-23T15:27:06,2026-09-22T03:01:44
T13494,Military History and Strategy,3320,Political Science and International Relations,33,Social Sciences,2,Social Sciences,90970,182236,117,10,2024-01-23T15:27:18,2026-09-22T03:01:44
T10670,Aluminum Alloy Microstructure Properties,2202,Aerospace Engineering,22,Engineering,3,Physical Sciences,90889,1018171,43,10,2024-01-23T15:27:07,2026-09-22T03:01:44
T10024,TiO2 Photocatalysis and Solar Cells,2105,"Renewable Energy, Sustainability and the Environment",21,Energy,3,Physical Sciences,90882,2525943,21,10,2024-01-23T15:27:05,2026-09-22T03:01:44
T10208,Labor market dynamics and wage inequality,2002,Economics and Econometrics,20,"Economics, Econometrics and Finance",2,Social Sciences,90870,1286522,78,10,2024-01-23T15:27:05,2026-09-22T03:01:44
T12330,Botanical Research and Applications,1106,Food Science,11,Agricultural and Biological Sciences,1,Life Sciences,90829,446383,31,10,2024-01-23T15:27:14,2026-09-22T03:01:44
T14009,Ecology and Conservation Studies,1110,Plant Science,11,Agricultural and Biological Sciences,1,Life Sciences,90797,130398,89,10,2024-01-23T15:27:20,2026-09-22T03:01:44
T11155,Toxoplasma gondii Research Studies,2405,Parasitology,24,Immunology and Microbiology,1,Life Sciences,90740,996002,6,10,2024-01-23T15:27:09,2026-09-22T03:01:44
T11336,Energy and Environment Impacts,2310,Pollution,23,Environmental Science,3,Physical Sciences,90674,971479,10,10,2024-01-23T15:27:10,2026-09-22T03:01:44
T14099,Synthesis and Characterization of Heterocyclic Compounds,1605,Organic Chemistry,16,Chemistry,3,Physical Sciences,90657,541017,60,10,2024-01-23T15:27:21,2026-09-22T03:01:44
T10449,Renal cell carcinoma treatment,2740,Pulmonary and Respiratory Medicine,27,Medicine,4,Health Sciences,90636,1184610,51,10,2024-01-23T15:27:06,2026-09-22T03:01:44
T10822,Acoustic Wave Phenomena Research,2204,Biomedical Engineering,22,Engineering,3,Physical Sciences,90635,952620,71,10,2024-01-23T15:27:08,2026-09-22T03:01:44
T13796,Neurological Disorders and Treatments,2808,Neurology,28,Neuroscience,1,Life Sciences,90623,300136,9,10,2024-01-23T15:27:19,2026-09-22T03:01:44
T12432,Arctic and Russian Policy Studies,3312,Sociology and Political Science,33,Social Sciences,2,Social Sciences,90609,199542,223,10,2024-01-23T15:27:14,2026-09-22T03:01:44
T13205,Geological and Geophysical Studies Worldwide,1908,Geophysics,19,Earth and Planetary Sciences,3,Physical Sciences,90589,488014,9,10,2024-01-23T15:27:17,2026-09-22T03:01:44
T10178,Cancer survivorship and care,2730,Oncology,27,Medicine,4,Health Sciences,90588,1730915,33,10,2024-01-23T15:27:05,2026-09-22T03:01:44
T11350,Sex work and related issues,3312,Sociology and Political Science,33,Social Sciences,2,Social Sciences,90524,623755,223,10,2024-01-23T15:27:10,2026-09-22T03:01:44
T11395,Radiopharmaceutical Chemistry and Applications,2741,"Radiology, Nuclear Medicine and Imaging",27,Medicine,4,Health Sciences,90389,838766,29,10,2024-01-23T15:27:10,2026-09-22T03:01:44
T10635,Hydraulic Fracturing and Reservoir Analysis,2210,Mechanical Engineering,22,Engineering,3,Physical Sciences,90323,862518,78,10,2024-01-23T15:27:07,2026-09-22T03:01:44
T10691,Retinal Development and Disorders,1312,Molecular Biology,13,"Biochemistry, Genetics and Molecular Biology",1,Life Sciences,90290,1982979,134,10,2024-01-23T15:27:07,2026-09-22T03:01:44
T14166,European Monetary and Fiscal Policies,2003,Finance,20,"Economics, Econometrics and Finance",2,Social Sciences,90282,175930,15,10,2024-01-23T15:27:21,2026-09-22T03:01:44
T11467,Trauma and Emergency Care Studies,2711,Emergency Medicine,27,Medicine,4,Health Sciences,90138,675828,10,10,2024-01-23T15:27:10,2026-09-22T03:01:44
T13222,"Caribbean history, culture, and politics",3316,Cultural Studies,33,Social Sciences,2,Social Sciences,89989,356643,37,10,2024-01-23T15:27:17,2026-09-22T03:01:44
T11692,Noise Effects and Management,3616,Speech and Hearing,36,Health Professions,4,Health Sciences,89986,676995,9,10,2024-01-23T15:27:11,2026-09-22T03:01:44
T11660,Blood groups and transfusion,2720,Hematology,27,Medicine,4,Health Sciences,89940,713751,11,10,2024-01-23T15:27:11,2026-09-22T03:01:44
T11138,Tribology and Lubrication Engineering,2210,Mechanical Engineering,22,Engineering,3,Physical Sciences,89879,576258,78,10,2024-01-23T15:27:09,2026-09-22T03:01:44
T13245,Samuel Beckett and Modernism,1208,Literature and Literary Theory,12,Arts and Humanities,2,Social Sciences,89856,80187,52,10,2024-01-23T15:27:17,2026-09-22T03:01:44
T10507,Biodiesel Production and Applications,2204,Biomedical Engineering,22,Engineering,3,Physical Sciences,89837,1451761,71,10,2024-01-23T15:27:06,2026-09-22T03:01:44
T11195,Simulation Techniques and Applications,1803,Management Science and Operations Research,18,Decision Sciences,2,Social Sciences,89746,681149,33,10,2024-01-23T15:27:09,2026-09-22T03:01:44
T10365,Gastrointestinal motility and disorders,2715,Gastroenterology,27,Medicine,4,Health Sciences,89711,1614096,4,10,2024-01-23T15:27:06,2026-09-22T03:01:44
T14061,Educational Practices and Policies,3304,Education,33,Social Sciences,2,Social Sciences,89706,155655,136,10,2024-01-23T15:27:21,2026-09-22T03:01:44
T13174,American and British Literature Analysis,1208,Literature and Literary Theory,12,Arts and Humanities,2,Social Sciences,89666,198177,52,10,2024-01-23T15:27:17,2026-09-22T03:01:44
T11146,Hormonal and reproductive studies,2712,"Endocrinology, Diabetes and Metabolism",27,Medicine,4,Health Sciences,89619,1496131,17,10,2024-01-23T15:27:09,2026-09-22T03:01:44
T10923,Force Microscopy Techniques and Applications,3107,"Atomic and Molecular Physics, and Optics",31,Physics and Astronomy,3,Physical Sciences,89614,1835718,36,10,2024-01-23T15:27:08,2026-09-22T03:01:44
T11209,Cardiovascular and exercise physiology,2707,Complementary and alternative medicine,27,Medicine,4,Health Sciences,89594,1386213,19,10,2024-01-23T15:27:09,2026-09-22T03:01:44
T11047,Gender Diversity and Inequality,3318,Gender Studies,33,Social Sciences,2,Social Sciences,89500,1298690,20,10,2024-01-23T15:27:09,2026-09-22T03:01:44
T10570,Drug Transport and Resistance Mechanisms,2730,Oncology,27,Medicine,4,Health Sciences,89498,2816596,33,10,2024-01-23T15:27:07,2026-09-22T03:01:44
T10452,Iron Metabolism and Disorders,2720,Hematology,27,Medicine,4,Health Sciences,89473,1545903,11,10,2024-01-23T15:27:06,2026-09-22T03:01:44
T13135,"Communism, Protests, Social Movements",3312,Sociology and Political Science,33,Social Sciences,2,Social Sciences,89469,141841,223,10,2024-01-23T15:27:17,2026-09-22T03:01:44
T10520,Mycotoxins in Agriculture and Food,1110,Plant Science,11,Agricultural and Biological Sciences,1,Life Sciences,89430,1626421,89,10,2024-01-23T15:27:06,2026-09-22T03:01:44
T10641,Central Venous Catheters and Hemodialysis,3604,Emergency Medical Services,36,Health Professions,4,Health Sciences,89370,956952,6,10,2024-01-23T15:27:07,2026-09-22T03:01:44
T10465,Neurobiology of Language and Bilingualism,2805,Cognitive Neuroscience,28,Neuroscience,1,Life Sciences,89349,1924331,27,10,2024-01-23T15:27:06,2026-09-22T03:01:44
T10981,Cytomegalovirus and herpesvirus research,2713,Epidemiology,27,Medicine,4,Health Sciences,89285,1431607,41,10,2024-01-23T15:27:08,2026-09-22T03:01:44
T10335,Colorectal Cancer Surgical Treatments,2730,Oncology,27,Medicine,4,Health Sciences,89264,1324673,33,10,2024-01-23T15:27:06,2026-09-22T03:01:44
T11927,Plant Reproductive Biology,1312,Molecular Biology,13,"Biochemistry, Genetics and Molecular Biology",1,Life Sciences,89235,1281230,134,10,2024-01-23T15:27:12,2026-09-22T03:01:44
T10904,Embedded Systems Design Techniques,1708,Hardware and Architecture,17,Computer Science,3,Physical Sciences,89184,544649,7,10,2024-01-23T15:27:08,2026-09-22T03:01:44
T10420,Intracranial Aneurysms: Treatment and Complications,2728,Neurology,27,Medicine,4,Health Sciences,89154,1251161,21,10,2024-01-23T15:27:06,2026-09-22T03:01:44
T13745,Media and Digital Communication,1705,Computer Networks and Communications,17,Computer Science,3,Physical Sciences,89058,92593,42,10,2024-01-23T15:27:19,2026-09-22T03:01:44
T10700,Metal Forming Simulation Techniques,2210,Mechanical Engineering,22,Engineering,3,Physical Sciences,88980,876767,78,10,2024-01-23T15:27:07,2026-09-22T03:01:44
T10619,Esophageal Cancer Research and Treatment,2746,Surgery,27,Medicine,4,Health Sciences,88979,1208000,95,10,2024-01-23T15:27:07,2026-09-22T03:01:44
T11065,Insect Pest Control Strategies,1110,Plant Science,11,Agricultural and Biological Sciences,1,Life Sciences,88949,945695,89,10,2024-01-23T15:27:09,2026-09-22T03:01:44
T10673,Gestational Diabetes Research and Management,2729,Obstetrics and Gynecology,27,Medicine,4,Health Sciences,88882,1221332,7,10,2024-01-23T15:27:07,2026-09-22T03:01:44
T10114,"Balance, Gait, and Falls Prevention",3612,"Physical Therapy, Sports Therapy and Rehabilitation",36,Health Professions,4,Health Sciences,88864,1857015,6,10,2024-01-23T15:27:05,2026-09-22T03:01:44
T11855,Gastrointestinal disorders and treatments,2746,Surgery,27,Medicine,4,Health Sciences,88853,426196,95,10,2024-01-23T15:27:12,2026-09-22T03:01:44
T11028,Social Work Education and Practice,3321,Public Administration,33,Social Sciences,2,Social Sciences,88786,562538,2,10,2024-01-23T15:27:09,2026-09-22T03:01:44
T11244,Climate Change and Health Impacts,2307,"Health, Toxicology and Mutagenesis",23,Environmental Science,3,Physical Sciences,88732,1083586,15,10,2024-01-23T15:27:09,2026-09-22T03:01:44
T14090,Health and Conflict Studies,3600,General Health Professions,36,Health Professions,4,Health Sciences,88706,337497,49,10,2024-01-23T15:27:21,2026-09-22T03:01:44
T11221,Bone health and treatments,2730,Oncology,27,Medicine,4,Health Sciences,88674,1198512,33,10,2024-01-23T15:27:09,2026-09-22T03:01:44
T10072,Science Education and Pedagogy,3304,Education,33,Social Sciences,2,Social Sciences,88665,1058095,136,10,2024-01-23T15:27:05,2026-09-22T03:01:44
T13334,South Asian Cinema and Culture,1213,Visual Arts and Performing Arts,12,Arts and Humanities,2,Social Sciences,88599,182538,16,10,2024-01-23T15:27:18,2026-09-22T03:01:44
T12286,Erythrocyte Function and Pathophysiology,2737,Physiology,27,Medicine,4,Health Sciences,88580,1430934,29,10,2024-01-23T15:27:13,2026-09-22T03:01:44
T13447,Educational and Psychological Assessments,3204,Developmental and Educational Psychology,32,Psychology,2,Social Sciences,88469,949424,19,10,2024-01-23T15:27:18,2026-09-22T03:01:44
T11825,Catalysis and Oxidation Reactions,1503,Catalysis,15,Chemical Engineering,3,Physical Sciences,88461,1179563,3,10,2024-01-23T15:27:12,2026-09-22T03:01:44
T11658,Esophageal and GI Pathology,2746,Surgery,27,Medicine,4,Health Sciences,88453,561297,95,10,2024-01-23T15:27:11,2026-09-22T03:01:44
T12872,Philippine History and Culture,3314,Anthropology,33,Social Sciences,2,Social Sciences,88283,340822,24,10,2024-01-23T15:27:16,2026-09-22T03:01:44
T10797,Accounting and Organizational Management,1404,Management Information Systems,14,"Business, Management and Accounting",2,Social Sciences,88272,940509,15,10,2024-01-23T15:27:08,2026-09-22T03:01:44
T11712,Intergenerational Family Dynamics and Caregiving,3312,Sociology and Political Science,33,Social Sciences,2,Social Sciences,88196,780107,223,10,2024-01-23T15:27:11,2026-09-22T03:01:44
T12852,Chemical Thermodynamics and Molecular Structure,1605,Organic Chemistry,16,Chemistry,3,Physical Sciences,88171,1068161,60,10,2024-01-23T15:27:16,2026-09-22T03:01:44
T11112,Viral Infections and Immunology Research,2705,Cardiology and Cardiovascular Medicine,27,Medicine,4,Health Sciences,88144,1175557,28,10,2024-01-23T15:27:09,2026-09-22T03:01:44
T10272,Mental Health Treatment and Access,3207,Social Psychology,32,Psychology,2,Social Sciences,88106,1792131,51,10,2024-01-23T15:27:05,2026-09-22T03:01:44
T10063,Nanoparticle-Based Drug Delivery,2502,Biomaterials,25,Materials Science,3,Physical Sciences,88009,2920679,12,10,2024-01-23T15:27:05,2026-09-22T03:01:44
T14442,Historical Studies in Science,1207,History and Philosophy of Science,12,Arts and Humanities,2,Social Sciences,87916,35106,18,10,2024-01-23T15:27:22,2026-09-22T03:01:44
T10213,Public Policy and Administration Research,3321,Public Administration,33,Social Sciences,2,Social Sciences,87880,1083211,2,10,2024-01-23T15:27:05,2026-09-22T03:01:44
T10799,Data Visualization and Analytics,1707,Computer Vision and Pattern Recognition,17,Computer Science,3,Physical Sciences,87867,869642,34,10,2024-01-23T15:27:08,2026-09-22T03:01:44
T10221,Composite Structure Analysis and Optimization,2211,Mechanics of Materials,22,Engineering,3,Physical Sciences,87834,1387943,28,10,2024-01-23T15:27:05,2026-09-22T03:01:44
T10588,Mathematical Dynamics and Fractals,2610,Mathematical Physics,26,Mathematics,3,Physical Sciences,87831,920052,11,10,2024-01-23T15:27:07,2026-09-22T03:01:44
T14018,Agriculture and Biological Studies,1100,General Agricultural and Biological Sciences,11,Agricultural and Biological Sciences,1,Life Sciences,87813,180329,19,10,2024-01-23T15:27:20,2026-09-22T03:01:44
T13634,Middle East and Rwanda Conflicts,3312,Sociology and Political Science,33,Social Sciences,2,Social Sciences,87733,216448,223,10,2024-01-23T15:27:19,2026-09-22T03:01:44
T11673,Advanced Topics in Algebra,2602,Algebra and Number Theory,26,Mathematics,3,Physical Sciences,87728,825327,4,10,2024-01-23T15:27:11,2026-09-22T03:01:44
T13882,Research studies in Vietnam,2303,Ecology,23,Environmental Science,3,Physical Sciences,87721,17493,32,10,2024-01-23T15:27:20,2026-09-22T03:01:44
T10475,Psychological Well-being and Life Satisfaction,3207,Social Psychology,32,Psychology,2,Social Sciences,87714,2085405,51,10,2024-01-23T15:27:06,2026-09-22T03:01:44
T10042,Neural and Behavioral Psychology Studies,2805,Cognitive Neuroscience,28,Neuroscience,1,Life Sciences,87695,2950594,27,10,2024-01-23T15:27:05,2026-09-22T03:01:44
T10919,Neurological disorders and treatments,2728,Neurology,27,Medicine,4,Health Sciences,87600,1724138,21,10,2024-01-23T15:27:08,2026-09-22T03:01:44
T10115,Corporate Social Responsibility Reporting,1408,Strategy and Management,14,"Business, Management and Accounting",2,Social Sciences,87572,1773174,41,10,2024-01-23T15:27:05,2026-09-22T03:01:44
T10786,Maternal Mental Health During Pregnancy and Postpartum,2739,"Public Health, Environmental and Occupational Health",27,Medicine,4,Health Sciences,87539,1325460,53,10,2024-01-23T15:27:08,2026-09-22T03:01:44
T10657,Topological Materials and Phenomena,3107,"Atomic and Molecular Physics, and Optics",31,Physics and Astronomy,3,Physical Sciences,87521,1597748,36,10,2024-01-23T15:27:07,2026-09-22T03:01:44
T11295,Counseling Practices and Supervision,3207,Social Psychology,32,Psychology,2,Social Sciences,87497,729529,51,10,2024-01-23T15:27:10,2026-09-22T03:01:44
T10985,Sleep and Wakefulness Research,2805,Cognitive Neuroscience,28,Neuroscience,1,Life Sciences,87441,1891202,27,10,2024-01-23T15:27:09,2026-09-22T03:01:44
T11247,Plant nutrient uptake and metabolism,1110,Plant Science,11,Agricultural and Biological Sciences,1,Life Sciences,87411,1921182,89,10,2024-01-23T15:27:09,2026-09-22T03:01:44
T11942,Transportation and Mobility Innovations,2203,Automotive Engineering,22,Engineering,3,Physical Sciences,87385,521969,11,10,2024-01-23T15:27:12,2026-09-22T03:01:44
T13113,Engineering Technology and Methodologies,2209,Industrial and Manufacturing Engineering,22,Engineering,3,Physical Sciences,87377,166447,16,10,2024-01-23T15:27:17,2026-09-22T03:01:44
T11459,Arctic and Antarctic ice dynamics,1902,Atmospheric Science,19,Earth and Planetary Sciences,3,Physical Sciences,87358,1085109,12,10,2024-01-23T15:27:10,2026-09-22T03:01:44
T11375,Geotechnical Engineering and Soil Stabilization,2205,Civil and Structural Engineering,22,Engineering,3,Physical Sciences,87273,692702,41,10,2024-01-23T15:27:10,2026-09-22T03:01:44
T10375,Pharmacogenetics and Drug Metabolism,3004,Pharmacology,30,"Pharmacology, Toxicology and Pharmaceutics",1,Life Sciences,87267,2119945,14,10,2024-01-23T15:27:06,2026-09-22T03:01:44
T10600,Reproductive Health and Contraception,2739,"Public Health, Environmental and Occupational Health",27,Medicine,4,Health Sciences,87154,808895,53,10,2024-01-23T15:27:07,2026-09-22T03:01:44
T12630,African Botany and Ecology Studies,1107,Forestry,11,Agricultural and Biological Sciences,1,Life Sciences,87085,407925,6,10,2024-01-23T15:27:15,2026-09-22T03:01:44
T12572,"Intelligence, Security, War Strategy",3320,Political Science and International Relations,33,Social Sciences,2,Social Sciences,87072,239180,117,10,2024-01-23T15:27:14,2026-09-22T03:01:44
T10671,Gastroesophageal reflux and treatments,2715,Gastroenterology,27,Medicine,4,Health Sciences,87015,1153227,4,10,2024-01-23T15:27:07,2026-09-22T03:01:44
T14276,Power Systems and Technologies,2208,Electrical and Electronic Engineering,22,Engineering,3,Physical Sciences,86959,150507,116,10,2024-01-23T15:27:21,2026-09-22T03:01:44
T12770,Amino Acid Enzymes and Metabolism,1303,Biochemistry,13,"Biochemistry, Genetics and Molecular Biology",1,Life Sciences,86852,1312466,6,10,2024-01-23T15:27:15,2026-09-22T03:01:44
T12652,International Maritime Law Issues,2308,"Management, Monitoring, Policy and Law",23,Environmental Science,3,Physical Sciences,86830,224855,33,10,2024-01-23T15:27:15,2026-09-22T03:01:44
T11995,"FinTech, Crowdfunding, Digital Finance",1404,Management Information Systems,14,"Business, Management and Accounting",2,Social Sciences,86807,455133,15,10,2024-01-23T15:27:12,2026-09-22T03:01:44
T10176,Mesenchymal stem cell research,2716,Genetics,27,Medicine,4,Health Sciences,86746,2329814,8,10,2024-01-23T15:27:05,2026-09-22T03:01:44
T10336,Cancer Cells and Metastasis,2730,Oncology,27,Medicine,4,Health Sciences,86727,2574028,33,10,2024-01-23T15:27:06,2026-09-22T03:01:44
T10882,Cardiomyopathy and Myosin Studies,2705,Cardiology and Cardiovascular Medicine,27,Medicine,4,Health Sciences,86704,1640948,28,10,2024-01-23T15:27:08,2026-09-22T03:01:44
T13123,Advances in Oncology and Radiotherapy,2741,"Radiology, Nuclear Medicine and Imaging",27,Medicine,4,Health Sciences,86677,213510,29,10,2024-01-23T15:27:17,2026-09-22T03:01:44
T10675,Mechanical Circulatory Support Devices,2204,Biomedical Engineering,22,Engineering,3,Physical Sciences,86651,926188,71,10,2024-01-23T15:27:07,2026-09-22T03:01:44
T11379,Rheology and Fluid Dynamics Studies,1507,Fluid Flow and Transfer Processes,15,Chemical Engineering,3,Physical Sciences,86590,1426285,3,10,2024-01-23T15:27:10,2026-09-22T03:01:44
T14169,Public Health and Environmental Issues,2307,"Health, Toxicology and Mutagenesis",23,Environmental Science,3,Physical Sciences,86551,24937,15,10,2024-01-23T15:27:21,2026-09-22T03:01:44
T12842,"Youth, Drugs, and Violence",3317,Demography,33,Social Sciences,2,Social Sciences,86550,113779,26,10,2024-01-23T15:27:15,2026-09-22T03:01:44
T13133,Architecture and Art History Studies,1213,Visual Arts and Performing Arts,12,Arts and Humanities,2,Social Sciences,86509,92986,16,10,2024-01-23T15:27:17,2026-09-22T03:01:44
T10292,Acute Myocardial Infarction Research,2705,Cardiology and Cardiovascular Medicine,27,Medicine,4,Health Sciences,86504,1573365,28,10,2024-01-23T15:27:06,2026-09-22T03:01:44
T10136,Statistical Methods and Inference,2613,Statistics and Probability,26,Mathematics,3,Physical Sciences,86458,1911841,19,10,2024-01-23T15:27:05,2026-09-22T03:01:44
T10877,Allergic Rhinitis and Sensitization,2723,Immunology and Allergy,27,Medicine,4,Health Sciences,86442,1129867,2,10,2024-01-23T15:27:08,2026-09-22T03:01:44
T12206,Vibration and Dynamic Analysis,2207,Control and Systems Engineering,22,Engineering,3,Physical Sciences,86409,586913,43,10,2024-01-23T15:27:13,2026-09-22T03:01:44
T12147,Urban and Rural Development Challenges,3322,Urban Studies,33,Social Sciences,2,Social Sciences,86351,485358,18,10,2024-01-23T15:27:13,2026-09-22T03:01:44
T11578,Plant Pathogenic Bacteria Studies,1110,Plant Science,11,Agricultural and Biological Sciences,1,Life Sciences,86319,759255,89,10,2024-01-23T15:27:11,2026-09-22T03:01:44
T12667,Economic and Technological Developments in Russia,3303,Development,33,Social Sciences,2,Social Sciences,86276,127547,7,10,2024-01-23T15:27:15,2026-09-22T03:01:44
T10665,Cystic Fibrosis Research Advances,2740,Pulmonary and Respiratory Medicine,27,Medicine,4,Health Sciences,86243,1482918,51,10,2024-01-23T15:27:07,2026-09-22T03:01:44
T12545,Global Education and Multiculturalism,3304,Education,33,Social Sciences,2,Social Sciences,86225,531714,136,10,2024-01-23T15:27:14,2026-09-22T03:01:44
T10889,Soil erosion and sediment transport,1111,Soil Science,11,Agricultural and Biological Sciences,1,Life Sciences,86013,1265208,11,10,2024-01-23T15:27:08,2026-09-22T03:01:44
T10447,Environmental Toxicology and Ecotoxicology,2307,"Health, Toxicology and Mutagenesis",23,Environmental Science,3,Physical Sciences,86010,1705232,15,10,2024-01-23T15:27:06,2026-09-22T03:01:44
T10949,Genetic Neurodegenerative Diseases,2804,Cellular and Molecular Neuroscience,28,Neuroscience,1,Life Sciences,85924,1724791,12,10,2024-01-23T15:27:08,2026-09-22T03:01:44
T12408,Educational Innovations and Challenges,1710,Information Systems,17,Computer Science,3,Physical Sciences,85900,128552,77,10,2024-01-23T15:27:14,2026-09-22T03:01:44
T10125,Advanced Wireless Communication Techniques,2208,Electrical and Electronic Engineering,22,Engineering,3,Physical Sciences,85856,940769,116,10,2024-01-23T15:27:05,2026-09-22T03:01:44
T10583,Cancer-related Molecular Pathways,2730,Oncology,27,Medicine,4,Health Sciences,85792,3013905,33,10,2024-01-23T15:27:07,2026-09-22T03:01:44
T10999,Organ Transplantation Techniques and Outcomes,2746,Surgery,27,Medicine,4,Health Sciences,85761,988787,95,10,2024-01-23T15:27:09,2026-09-22T03:01:44
T10863,Voice and Speech Disorders,2737,Physiology,27,Medicine,4,Health Sciences,85751,794415,29,10,2024-01-23T15:27:08,2026-09-22T03:01:44
T11549,Synthetic Organic Chemistry Methods,1605,Organic Chemistry,16,Chemistry,3,Physical Sciences,85738,1464057,60,10,2024-01-23T15:27:11,2026-09-22T03:01:44
T11135,Virology and Viral Diseases,2713,Epidemiology,27,Medicine,4,Health Sciences,85710,946865,41,10,2024-01-23T15:27:09,2026-09-22T03:01:44
T10381,Ophthalmology and Visual Impairment Studies,2713,Epidemiology,27,Medicine,4,Health Sciences,85698,1181977,41,10,2024-01-23T15:27:06,2026-09-22T03:01:44
T12480,Health and Wellbeing Research,3600,General Health Professions,36,Health Professions,4,Health Sciences,85698,314858,49,10,2024-01-23T15:27:14,2026-09-22T03:01:44
T13691,"Energy, Environment, Agriculture Analysis",2105,"Renewable Energy, Sustainability and the Environment",21,Energy,3,Physical Sciences,85640,35020,21,10,2024-01-23T15:27:19,2026-09-22T03:01:44
T10558,Advancements in Semiconductor Devices and Circuit Design,2208,Electrical and Electronic Engineering,22,Engineering,3,Physical Sciences,85599,777123,116,10,2024-01-23T15:27:07,2026-09-22T03:01:44
T10052,Medical Image Segmentation Techniques,1707,Computer Vision and Pattern Recognition,17,Computer Science,3,Physical Sciences,85570,1420881,34,10,2024-01-23T15:27:05,2026-09-22T03:01:44
T11340,Marine Sponges and Natural Products,1305,Biotechnology,13,"Biochemistry, Genetics and Molecular Biology",1,Life Sciences,85551,792905,7,10,2024-01-23T15:27:10,2026-09-22T03:01:44
T11460,Analytical Methods in Pharmaceuticals,1602,Analytical Chemistry,16,Chemistry,3,Physical Sciences,85549,560340,6,10,2024-01-23T15:27:10,2026-09-22T03:01:44
T10992,Forensic Anthropology and Bioarchaeology Studies,1204,Archeology,12,Arts and Humanities,2,Social Sciences,85523,758881,19,10,2024-01-23T15:27:09,2026-09-22T03:01:44
T11635,Poisoning and overdose treatments,2711,Emergency Medicine,27,Medicine,4,Health Sciences,85518,485262,10,10,2024-01-23T15:27:11,2026-09-22T03:01:44
T11144,melanin and skin pigmentation,1307,Cell Biology,13,"Biochemistry, Genetics and Molecular Biology",1,Life Sciences,85475,1152060,16,10,2024-01-23T15:27:09,2026-09-22T03:01:44
T10834,Welding Techniques and Residual Stresses,2210,Mechanical Engineering,22,Engineering,3,Physical Sciences,85350,601934,78,10,2024-01-23T15:27:08,2026-09-22T03:01:44
T14311,Electrical and Electromagnetic Research,3107,"Atomic and Molecular Physics, and Optics",31,Physics and Astronomy,3,Physical Sciences,85256,38242,36,10,2024-01-23T15:27:22,2026-09-22T03:01:44
T10896,Homotopy and Cohomology in Algebraic Topology,2610,Mathematical Physics,26,Mathematics,3,Physical Sciences,85228,610000,11,10,2024-01-23T15:27:08,2026-09-22T03:01:44
T10668,Endometrial and Cervical Cancer Treatments,2729,Obstetrics and Gynecology,27,Medicine,4,Health Sciences,85194,1047965,7,10,2024-01-23T15:27:07,2026-09-22T03:01:44
T10505,Pluripotent Stem Cells Research,1312,Molecular Biology,13,"Biochemistry, Genetics and Molecular Biology",1,Life Sciences,85158,2174006,134,10,2024-01-23T15:27:06,2026-09-22T03:01:44
T11587,Second Language Acquisition and Learning,3204,Developmental and Educational Psychology,32,Psychology,2,Social Sciences,85147,501591,19,10,2024-01-23T15:27:11,2026-09-22T03:01:44
T11223,Maritime Ports and Logistics,2209,Industrial and Manufacturing Engineering,22,Engineering,3,Physical Sciences,85047,408910,16,10,2024-01-23T15:27:09,2026-09-22T03:01:44
T10935,Endometriosis Research and Treatment,2743,Reproductive Medicine,27,Medicine,4,Health Sciences,85040,1121921,7,10,2024-01-23T15:27:08,2026-09-22T03:01:44
T13283,Mental Health Research Topics,3205,Experimental and Cognitive Psychology,32,Psychology,2,Social Sciences,85036,1629910,23,10,2024-01-23T15:27:17,2026-09-22T03:01:44
T13342,Art History and Market Analysis,1213,Visual Arts and Performing Arts,12,Arts and Humanities,2,Social Sciences,85026,135284,16,10,2024-01-23T15:27:18,2026-09-22T03:01:44
T11606,Infrastructure Maintenance and Monitoring,2205,Civil and Structural Engineering,22,Engineering,3,Physical Sciences,85003,619548,41,10,2024-01-23T15:27:11,2026-09-22T03:01:44
T13364,"Digitalization, Law, and Regulation",3308,Law,33,Social Sciences,2,Social Sciences,84993,53414,39,10,2024-01-23T15:27:18,2026-09-22T03:01:44
T11541,Neuroendocrine regulation and behavior,3207,Social Psychology,32,Psychology,2,Social Sciences,84991,2324114,51,10,2024-01-23T15:27:11,2026-09-22T03:01:44
T11012,Gas Dynamics and Kinetic Theory,2604,Applied Mathematics,26,Mathematics,3,Physical Sciences,84988,876018,16,10,2024-01-23T15:27:09,2026-09-22T03:01:44
T10764,Privacy-Preserving Technologies in Data,1702,Artificial Intelligence,17,Computer Science,3,Physical Sciences,84987,1086884,76,10,2024-01-23T15:27:08,2026-09-22T03:01:44
T10446,"Income, Poverty, and Inequality",3312,Sociology and Political Science,33,Social Sciences,2,Social Sciences,84952,1180194,223,10,2024-01-23T15:27:06,2026-09-22T03:01:44
T11181,Advanced Data Storage Technologies,1705,Computer Networks and Communications,17,Computer Science,3,Physical Sciences,84942,709346,42,10,2024-01-23T15:27:09,2026-09-22T03:01:44
T10323,Analog and Mixed-Signal Circuit Design,2204,Biomedical Engineering,22,Engineering,3,Physical Sciences,84912,795496,71,10,2024-01-23T15:27:06,2026-09-22T03:01:44
T13887,Augustinian Studies and Theology,1211,Philosophy,12,Arts and Humanities,2,Social Sciences,84910,79209,48,10,2024-01-23T15:27:20,2026-09-22T03:01:44
T10672,Design Education and Practice,2210,Mechanical Engineering,22,Engineering,3,Physical Sciences,84908,674669,78,10,2024-01-23T15:27:07,2026-09-22T03:01:44
T12041,Public Health Policies and Education,3600,General Health Professions,36,Health Professions,4,Health Sciences,84860,352000,49,10,2024-01-23T15:27:12,2026-09-22T03:01:44
T13144,Theology and Philosophy of Evil,1211,Philosophy,12,Arts and Humanities,2,Social Sciences,84859,271575,48,10,2024-01-23T15:27:17,2026-09-22T03:01:44
T12190,Innovations in Concrete and Construction Materials,2215,Building and Construction,22,Engineering,3,Physical Sciences,84817,503092,21,10,2024-01-23T15:27:13,2026-09-22T03:01:44
T10040,Adaptive Control of Nonlinear Systems,2207,Control and Systems Engineering,22,Engineering,3,Physical Sciences,84815,1516177,43,10,2024-01-23T15:27:05,2026-09-22T03:01:44
T10921,Neutrino Physics Research,3106,Nuclear and High Energy Physics,31,Physics and Astronomy,3,Physical Sciences,84800,775227,12,10,2024-01-23T15:27:08,2026-09-22T03:01:44
T11075,Insect Resistance and Genetics,1312,Molecular Biology,13,"Biochemistry, Genetics and Molecular Biology",1,Life Sciences,84617,1216016,134,10,2024-01-23T15:27:09,2026-09-22T03:01:44
T13169,Consumer Perception and Purchasing Behavior,1406,Marketing,14,"Business, Management and Accounting",2,Social Sciences,84597,75156,14,10,2024-01-23T15:27:17,2026-09-22T03:01:44
T11491,CAR-T cell therapy research,2730,Oncology,27,Medicine,4,Health Sciences,84589,1443627,33,10,2024-01-23T15:27:10,2026-09-22T03:01:44
T10628,China's Socioeconomic Reforms and Governance,3320,Political Science and International Relations,33,Social Sciences,2,Social Sciences,84584,597990,117,10,2024-01-23T15:27:07,2026-09-22T03:01:44
T13417,Biomedical Ethics and Regulation,2737,Physiology,27,Medicine,4,Health Sciences,84527,319634,29,10,2024-01-23T15:27:18,2026-09-22T03:01:44
T11187,Nonlinear Dynamics and Pattern Formation,1705,Computer Networks and Communications,17,Computer Science,3,Physical Sciences,84464,1216366,42,10,2024-01-23T15:27:09,2026-09-22T03:01:44
T14272,Agricultural and Food Production Studies,1106,Food Science,11,Agricultural and Biological Sciences,1,Life Sciences,84395,75838,31,10,2024-01-23T15:27:21,2026-09-22T03:01:44
T14332,European Linguistics and Anthropology,3314,Anthropology,33,Social Sciences,2,Social Sciences,84344,9702,24,10,2024-01-23T15:27:22,2026-09-22T03:01:44
T10383,"Language, Discourse, Communication Strategies",1203,Language and Linguistics,12,Arts and Humanities,2,Social Sciences,84325,1471617,19,10,2024-01-23T15:27:06,2026-09-22T03:01:44
T11189,Transplantation: Methods and Outcomes,2746,Surgery,27,Medicine,4,Health Sciences,84287,896705,95,10,2024-01-23T15:27:09,2026-09-22T03:01:44
T10606,Kidney Stones and Urolithiasis Treatments,2740,Pulmonary and Respiratory Medicine,27,Medicine,4,Health Sciences,84275,942234,51,10,2024-01-23T15:27:07,2026-09-22T03:01:44
T12060,Child Development and Digital Technology,3304,Education,33,Social Sciences,2,Social Sciences,84230,722930,136,10,2024-01-23T15:27:12,2026-09-22T03:01:44
T13409,Paleopathology and ancient diseases,1204,Archeology,12,Arts and Humanities,2,Social Sciences,84161,112851,19,10,2024-01-23T15:27:18,2026-09-22T03:01:44
T12120,Air Quality Monitoring and Forecasting,2305,Environmental Engineering,23,Environmental Science,3,Physical Sciences,84130,526280,18,10,2024-01-23T15:27:13,2026-09-22T03:01:44
T11663,Viral Infectious Diseases and Gene Expression in Insects,1312,Molecular Biology,13,"Biochemistry, Genetics and Molecular Biology",1,Life Sciences,84120,1153501,134,10,2024-01-23T15:27:11,2026-09-22T03:01:44
T12171,Open Education and E-Learning,1706,Computer Science Applications,17,Computer Science,3,Physical Sciences,84022,202927,9,10,2024-01-23T15:27:13,2026-09-22T03:01:44
T10459,Sexual function and dysfunction studies,2738,Psychiatry and Mental health,27,Medicine,4,Health Sciences,84013,1219230,15,10,2024-01-23T15:27:06,2026-09-22T03:01:44
T11129,Photochemistry and Electron Transfer Studies,1606,Physical and Theoretical Chemistry,16,Chemistry,3,Physical Sciences,83986,1817347,7,10,2024-01-23T15:27:09,2026-09-22T03:01:44
T11056,Physiological and biochemical adaptations,2303,Ecology,23,Environmental Science,3,Physical Sciences,83979,1716923,32,10,2024-01-23T15:27:09,2026-09-22T03:01:44
T10575,Wireless Communication Networks Research,1705,Computer Networks and Communications,17,Computer Science,3,Physical Sciences,83933,698129,42,10,2024-01-23T15:27:07,2026-09-22T03:01:44
T10356,Orthodontics and Dentofacial Orthopedics,3505,Orthodontics,35,Dentistry,4,Health Sciences,83929,942059,2,10,2024-01-23T15:27:06,2026-09-22T03:01:44
T10304,Geometric and Algebraic Topology,2608,Geometry and Topology,26,Mathematics,3,Physical Sciences,83910,724268,10,10,2024-01-23T15:27:06,2026-09-22T03:01:44
T10862,AI in cancer detection,1702,Artificial Intelligence,17,Computer Science,3,Physical Sciences,83870,978403,76,10,2024-01-23T15:27:08,2026-09-22T03:01:44
T12697,Water Quality Monitoring Technologies,2312,Water Science and Technology,23,Environmental Science,3,Physical Sciences,83868,425214,23,10,2024-01-23T15:27:15,2026-09-22T03:01:44
T10334,"Hearing, Cochlea, Tinnitus, Genetics",2809,Sensory Systems,28,Neuroscience,1,Life Sciences,83812,1627442,2,10,2024-01-23T15:27:06,2026-09-22T03:01:44
T10387,Fatty Acid Research and Health,2916,Nutrition and Dietetics,29,Nursing,4,Health Sciences,83767,2139186,16,10,2024-01-23T15:27:06,2026-09-22T03:01:44
T12972,German Colonialism and Identity Studies,1208,Literature and Literary Theory,12,Arts and Humanities,2,Social Sciences,83734,55019,52,10,2024-01-23T15:27:16,2026-09-22T03:01:44
T10556,Global Cancer Incidence and Screening,2730,Oncology,27,Medicine,4,Health Sciences,83731,1971855,33,10,2024-01-23T15:27:07,2026-09-22T03:01:44
T10350,Electronic Health Records Systems,3605,Health Information Management,36,Health Professions,4,Health Sciences,83703,752492,11,10,2024-01-23T15:27:06,2026-09-22T03:01:44
T11190,3D Printing in Biomedical Research,2204,Biomedical Engineering,22,Engineering,3,Physical Sciences,83699,1835817,71,10,2024-01-23T15:27:09,2026-09-22T03:01:44
T13392,History of Education in Spain,1202,History,12,Arts and Humanities,2,Social Sciences,83694,40716,43,10,2024-01-23T15:27:18,2026-09-22T03:01:44
T12596,Cephalopods and Marine Biology,1105,"Ecology, Evolution, Behavior and Systematics",11,Agricultural and Biological Sciences,1,Life Sciences,83520,532919,32,10,2024-01-23T15:27:15,2026-09-22T03:01:44
T10870,Interstitial Lung Diseases and Idiopathic Pulmonary Fibrosis,2740,Pulmonary and Respiratory Medicine,27,Medicine,4,Health Sciences,83468,1247597,51,10,2024-01-23T15:27:08,2026-09-22T03:01:44
T10275,2D Materials and Applications,2505,Materials Chemistry,25,Materials Science,3,Physical Sciences,83442,2460644,68,10,2024-01-23T15:27:05,2026-09-22T03:01:44
T11510,Reproductive System and Pregnancy,2403,Immunology,24,Immunology and Microbiology,1,Life Sciences,83415,1408877,25,10,2024-01-23T15:27:10,2026-09-22T03:01:44
T14337,"Religious, Philosophical, and Educational Studies",3312,Sociology and Political Science,33,Social Sciences,2,Social Sciences,83296,23870,223,10,2024-01-23T15:27:22,2026-09-22T03:01:44
T10237,Cryptography and Data Security,1702,Artificial Intelligence,17,Computer Science,3,Physical Sciences,83287,1564685,76,10,2024-01-23T15:27:05,2026-09-22T03:01:44
T10729,Electrospun Nanofibers in Biomedical Applications,2502,Biomaterials,25,Materials Science,3,Physical Sciences,83273,1949226,12,10,2024-01-23T15:27:07,2026-09-22T03:01:44
T13136,Community-based Tourism Development and Sustainability,3312,Sociology and Political Science,33,Social Sciences,2,Social Sciences,83199,118151,223,10,2024-01-23T15:27:17,2026-09-22T03:01:44
T11141,Childhood Cancer Survivors' Quality of Life,2735,"Pediatrics, Perinatology and Child Health",27,Medicine,4,Health Sciences,83162,951086,19,10,2024-01-23T15:27:09,2026-09-22T03:01:44
T11560,Animal Disease Management and Epidemiology,1102,Agronomy and Crop Science,11,Agricultural and Biological Sciences,1,Life Sciences,83140,837725,10,10,2024-01-23T15:27:11,2026-09-22T03:01:44
T13035,Human Rights and Development,3312,Sociology and Political Science,33,Social Sciences,2,Social Sciences,83117,400781,223,10,2024-01-23T15:27:16,2026-09-22T03:01:44
T10539,Sustainable Supply Chain Management,1408,Strategy and Management,14,"Business, Management and Accounting",2,Social Sciences,83111,1719039,41,10,2024-01-23T15:27:07,2026-09-22T03:01:44
T10768,Electric Vehicles and Infrastructure,2208,Electrical and Electronic Engineering,22,Engineering,3,Physical Sciences,83105,995864,116,10,2024-01-23T15:27:08,2026-09-22T03:01:44
T14493,Criminal Law and Evidence,3308,Law,33,Social Sciences,2,Social Sciences,83105,113716,39,10,2024-01-23T15:27:22,2026-09-22T03:01:44
T11261,Quantum chaos and dynamical systems,3109,Statistical and Nonlinear Physics,31,Physics and Astronomy,3,Physical Sciences,83046,1060565,15,10,2024-01-23T15:27:10,2026-09-22T03:01:44
T12803,Cinema History and Criticism,1213,Visual Arts and Performing Arts,12,Arts and Humanities,2,Social Sciences,83035,34445,16,10,2024-01-23T15:27:15,2026-09-22T03:01:44
T13559,Edcuational Technology Systems,1702,Artificial Intelligence,17,Computer Science,3,Physical Sciences,82980,179014,76,10,2024-01-23T15:27:19,2026-09-22T03:01:44
T11839,Hormonal Regulation and Hypertension,2712,"Endocrinology, Diabetes and Metabolism",27,Medicine,4,Health Sciences,82958,1230362,17,10,2024-01-23T15:27:12,2026-09-22T03:01:44
T10373,Renal Transplantation Outcomes and Treatments,2747,Transplantation,27,Medicine,4,Health Sciences,82933,1274050,1,10,2024-01-23T15:27:06,2026-09-22T03:01:44
T10841,Economic and Environmental Valuation,2002,Economics and Econometrics,20,"Economics, Econometrics and Finance",2,Social Sciences,82918,1749635,78,10,2024-01-23T15:27:08,2026-09-22T03:01:44
T11121,Public Relations and Crisis Communication,3315,Communication,33,Social Sciences,2,Social Sciences,82902,550891,15,10,2024-01-23T15:27:09,2026-09-22T03:01:44
T11090,Dark Matter and Cosmic Phenomena,3106,Nuclear and High Energy Physics,31,Physics and Astronomy,3,Physical Sciences,82874,1029277,12,10,2024-01-23T15:27:09,2026-09-22T03:01:44
T12098,Rural development and sustainability,1100,General Agricultural and Biological Sciences,11,Agricultural and Biological Sciences,1,Life Sciences,82861,489886,19,10,2024-01-23T15:27:13,2026-09-22T03:01:44
T12417,Morphological variations and asymmetry,2608,Geometry and Topology,26,Mathematics,3,Physical Sciences,82830,571413,10,10,2024-01-23T15:27:14,2026-09-22T03:01:44
T11076,Policing Practices and Perceptions,3320,Political Science and International Relations,33,Social Sciences,2,Social Sciences,82795,426805,117,10,2024-01-23T15:27:09,2026-09-22T03:01:44
T13200,Spacecraft and Cryogenic Technologies,2202,Aerospace Engineering,22,Engineering,3,Physical Sciences,82788,303787,43,10,2024-01-23T15:27:17,2026-09-22T03:01:44
T12496,Color perception and design,3207,Social Psychology,32,Psychology,2,Social Sciences,82766,570968,51,10,2024-01-23T15:27:14,2026-09-22T03:01:44
T12899,Engineering and Technology Innovations,2208,Electrical and Electronic Engineering,22,Engineering,3,Physical Sciences,82710,103683,116,10,2024-01-23T15:27:16,2026-09-22T03:01:44
T10574,Crime Patterns and Interventions,3312,Sociology and Political Science,33,Social Sciences,2,Social Sciences,82703,1422344,223,10,2024-01-23T15:27:07,2026-09-22T03:01:44
T10674,School Choice and Performance,3304,Education,33,Social Sciences,2,Social Sciences,82675,1158971,136,10,2024-01-23T15:27:07,2026-09-22T03:01:44
T11762,"Law, Economics, and Judicial Systems",2002,Economics and Econometrics,20,"Economics, Econometrics and Finance",2,Social Sciences,82650,567080,78,10,2024-01-23T15:27:11,2026-09-22T03:01:44
T11399,Muscle metabolism and nutrition,1307,Cell Biology,13,"Biochemistry, Genetics and Molecular Biology",1,Life Sciences,82569,1608185,16,10,2024-01-23T15:27:10,2026-09-22T03:01:44
T11088,Marine Bivalve and Aquaculture Studies,2306,Global and Planetary Change,23,Environmental Science,3,Physical Sciences,82561,829425,29,10,2024-01-23T15:27:09,2026-09-22T03:01:44
T10331,Video Surveillance and Tracking Methods,1707,Computer Vision and Pattern Recognition,17,Computer Science,3,Physical Sciences,82535,1479781,34,10,2024-01-23T15:27:06,2026-09-22T03:01:44
T10563,Corneal surgery and disorders,2741,"Radiology, Nuclear Medicine and Imaging",27,Medicine,4,Health Sciences,82506,1084074,29,10,2024-01-23T15:27:07,2026-09-22T03:01:44
T11361,Digital Radiography and Breast Imaging,2740,Pulmonary and Respiratory Medicine,27,Medicine,4,Health Sciences,82405,293776,51,10,2024-01-23T15:27:10,2026-09-22T03:01:44
T11963,Impact of Light on Environment and Health,2306,Global and Planetary Change,23,Environmental Science,3,Physical Sciences,82347,446750,29,10,2024-01-23T15:27:12,2026-09-22T03:01:44
T10525,Human-Automation Interaction and Safety,3207,Social Psychology,32,Psychology,2,Social Sciences,82329,911835,51,10,2024-01-23T15:27:06,2026-09-22T03:01:44
T12590,STEM Education,3304,Education,33,Social Sciences,2,Social Sciences,82305,112822,136,10,2024-01-23T15:27:15,2026-09-22T03:01:44
T10321,Quantum Dots Synthesis And Properties,2505,Materials Chemistry,25,Materials Science,3,Physical Sciences,82293,2453392,68,10,2024-01-23T15:27:06,2026-09-22T03:01:44
T14193,Literature and Cultural Memory,1208,Literature and Literary Theory,12,Arts and Humanities,2,Social Sciences,82248,56312,52,10,2024-01-23T15:27:21,2026-09-22T03:01:44
T10366,Discourse Analysis in Language Studies,1208,Literature and Literary Theory,12,Arts and Humanities,2,Social Sciences,82211,863811,52,10,2024-01-23T15:27:06,2026-09-22T03:01:44
T10538,Data Mining Algorithms and Applications,1710,Information Systems,17,Computer Science,3,Physical Sciences,82211,1584615,77,10,2024-01-23T15:27:07,2026-09-22T03:01:44
T12449,Spacecraft Design and Technology,2202,Aerospace Engineering,22,Engineering,3,Physical Sciences,82177,198705,43,10,2024-01-23T15:27:14,2026-09-22T03:01:44
T11232,Urinary Tract Infections Management,2713,Epidemiology,27,Medicine,4,Health Sciences,82171,745380,41,10,2024-01-23T15:27:09,2026-09-22T03:01:44
T12282,Mineral Processing and Grinding,2210,Mechanical Engineering,22,Engineering,3,Physical Sciences,82121,404328,78,10,2024-01-23T15:27:13,2026-09-22T03:01:44
T14197,Historical Studies of Medieval Iberia,1204,Archeology,12,Arts and Humanities,2,Social Sciences,82108,44096,19,10,2024-01-23T15:27:21,2026-09-22T03:01:44
T11266,Neuroinflammation and Neurodegeneration Mechanisms,2808,Neurology,28,Neuroscience,1,Life Sciences,82082,2817638,9,10,2024-01-23T15:27:10,2026-09-22T03:01:44
T10776,Spinal Fractures and Fixation Techniques,2746,Surgery,27,Medicine,4,Health Sciences,82055,894219,95,10,2024-01-23T15:27:08,2026-09-22T03:01:44
T11227,Diabetic Foot Ulcer Assessment and Management,2712,"Endocrinology, Diabetes and Metabolism",27,Medicine,4,Health Sciences,82020,770429,17,10,2024-01-23T15:27:09,2026-09-22T03:01:44
T10838,Animal Behavior and Welfare Studies,3404,Small Animals,34,Veterinary,4,Health Sciences,81943,930127,9,10,2024-01-23T15:27:08,2026-09-22T03:01:44
T10746,Platelet Disorders and Treatments,2720,Hematology,27,Medicine,4,Health Sciences,81899,1505825,11,10,2024-01-23T15:27:07,2026-09-22T03:01:44
T11291,Intraocular Surgery and Lenses,2731,Ophthalmology,27,Medicine,4,Health Sciences,81885,584086,11,10,2024-01-23T15:27:10,2026-09-22T03:01:44
T11029,Renal Diseases and Glomerulopathies,2727,Nephrology,27,Medicine,4,Health Sciences,81867,1103735,6,10,2024-01-23T15:27:09,2026-09-22T03:01:44
T14257,Advanced Measurement and Detection Methods,2208,Electrical and Electronic Engineering,22,Engineering,3,Physical Sciences,81838,121616,116,10,2024-01-23T15:27:21,2026-09-22T03:01:44
T11456,Neuroscience of respiration and sleep,2807,Endocrine and Autonomic Systems,28,Neuroscience,1,Life Sciences,81769,1488439,2,10,2024-01-23T15:27:10,2026-09-22T03:01:44
T10998,Heat Transfer and Optimization,2210,Mechanical Engineering,22,Engineering,3,Physical Sciences,81741,1030411,78,10,2024-01-23T15:27:09,2026-09-22T03:01:44
T10353,Zeolite Catalysis and Synthesis,1604,Inorganic Chemistry,16,Chemistry,3,Physical Sciences,81729,1645862,11,10,2024-01-23T15:27:06,2026-09-22T03:01:44
T10738,Posthumanist Ethics and Activism,3316,Cultural Studies,33,Social Sciences,2,Social Sciences,81655,197492,37,10,2024-01-23T15:27:07,2026-09-22T03:01:44
T13558,"Philosophy, Science, and History",1207,History and Philosophy of Science,12,Arts and Humanities,2,Social Sciences,81647,344918,18,10,2024-01-23T15:27:19,2026-09-22T03:01:44
T12437,"Balkans: History, Politics, Society",3316,Cultural Studies,33,Social Sciences,2,Social Sciences,81537,170103,37,10,2024-01-23T15:27:14,2026-09-22T03:01:44
T10943,Escherichia coli research studies,1310,Endocrinology,13,"Biochemistry, Genetics and Molecular Biology",1,Life Sciences,81532,1291536,6,10,2024-01-23T15:27:08,2026-09-22T03:01:44
T12501,Digital Economy and Work Transformation,3312,Sociology and Political Science,33,Social Sciences,2,Social Sciences,81512,378722,223,10,2024-01-23T15:27:14,2026-09-22T03:01:44
T10519,Advanced Proteomics Techniques and Applications,1607,Spectroscopy,16,Chemistry,3,Physical Sciences,81482,1650845,11,10,2024-01-23T15:27:06,2026-09-22T03:01:44
T11301,Advanced Surface Polishing Techniques,2204,Biomedical Engineering,22,Engineering,3,Physical Sciences,81469,584097,71,10,2024-01-23T15:27:10,2026-09-22T03:01:44
T10319,"Conservation, Biodiversity, and Resource Management",2306,Global and Planetary Change,23,Environmental Science,3,Physical Sciences,81454,1441947,29,10,2024-01-23T15:27:06,2026-09-22T03:01:44
T10648,Virtual Reality Applications and Impacts,1709,Human-Computer Interaction,17,Computer Science,3,Physical Sciences,81415,925885,7,10,2024-01-23T15:27:07,2026-09-22T03:01:44
T10708,Mindfulness and Compassion Interventions,3203,Clinical Psychology,32,Psychology,2,Social Sciences,81393,1178429,37,10,2024-01-23T15:27:07,2026-09-22T03:01:44
T10481,Computer Graphics and Visualization Techniques,1704,Computer Graphics and Computer-Aided Design,17,Computer Science,3,Physical Sciences,81301,1036630,3,10,2024-01-23T15:27:06,2026-09-22T03:01:44
T10607,Magnetic and transport properties of perovskites and related materials,2504,"Electronic, Optical and Magnetic Materials",25,Materials Science,3,Physical Sciences,81123,1385898,16,10,2024-01-23T15:27:07,2026-09-22T03:01:44
T10617,Cellular transport and secretion,1307,Cell Biology,13,"Biochemistry, Genetics and Molecular Biology",1,Life Sciences,81117,2827947,16,10,2024-01-23T15:27:07,2026-09-22T03:01:44
T10750,Fermentation and Sensory Analysis,1106,Food Science,11,Agricultural and Biological Sciences,1,Life Sciences,81018,1195973,31,10,2024-01-23T15:27:07,2026-09-22T03:01:44
T13106,"Neuroscience, Education and Cognitive Function",2805,Cognitive Neuroscience,28,Neuroscience,1,Life Sciences,81013,824186,27,10,2024-01-23T15:27:17,2026-09-22T03:01:44
T10533,Teaching and Learning Programming,1706,Computer Science Applications,17,Computer Science,3,Physical Sciences,80905,648491,9,10,2024-01-23T15:27:06,2026-09-22T03:01:44
T11309,Music and Audio Processing,1711,Signal Processing,17,Computer Science,3,Physical Sciences,80862,636055,9,10,2024-01-23T15:27:10,2026-09-22T03:01:44
T10297,Philosophical Ethics and Theory,1211,Philosophy,12,Arts and Humanities,2,Social Sciences,80774,545772,48,10,2024-01-23T15:27:06,2026-09-22T03:01:44
T10339,Advanced Numerical Methods in Computational Mathematics,2206,Computational Mechanics,22,Engineering,3,Physical Sciences,80763,1235881,29,10,2024-01-23T15:27:06,2026-09-22T03:01:44
T11274,Botulinum Toxin and Related Neurological Disorders,2728,Neurology,27,Medicine,4,Health Sciences,80735,914631,21,10,2024-01-23T15:27:10,2026-09-22T03:01:44
T10014,Plant Stress Responses and Tolerance,1110,Plant Science,11,Agricultural and Biological Sciences,1,Life Sciences,80732,3395235,89,10,2024-01-23T15:27:04,2026-09-22T03:01:44
T12913,Multidisciplinary Research Papers Compilation,3300,General Social Sciences,33,Social Sciences,2,Social Sciences,80711,5200,15,10,2024-01-23T15:27:16,2026-09-22T03:01:44
T13772,Geomechanics and Mining Engineering,2211,Mechanics of Materials,22,Engineering,3,Physical Sciences,80649,116019,28,10,2024-01-23T15:27:19,2026-09-22T03:01:44
T12213,Marine Ecology and Invasive Species,2306,Global and Planetary Change,23,Environmental Science,3,Physical Sciences,80646,432189,29,10,2024-01-23T15:27:13,2026-09-22T03:01:44
T12379,Cancer Diagnosis and Treatment,2730,Oncology,27,Medicine,4,Health Sciences,80626,343846,33,10,2024-01-23T15:27:14,2026-09-22T03:01:44
T10374,Advanced Graph Theory Research,1703,Computational Theory and Mathematics,17,Computer Science,3,Physical Sciences,80575,914511,23,10,2024-01-23T15:27:06,2026-09-22T03:01:44
T10045,Organic Electronics and Photovoltaics,2208,Electrical and Electronic Engineering,22,Engineering,3,Physical Sciences,80499,2967825,116,10,2024-01-23T15:27:05,2026-09-22T03:01:44
T10326,Indoor and Outdoor Localization Technologies,2208,Electrical and Electronic Engineering,22,Engineering,3,Physical Sciences,80477,1118109,116,10,2024-01-23T15:27:06,2026-09-22T03:01:44
T10455,Foot and Ankle Surgery,2732,Orthopedics and Sports Medicine,27,Medicine,4,Health Sciences,80442,1078615,6,10,2024-01-23T15:27:06,2026-09-22T03:01:44
T11097,Cerebral Palsy and Movement Disorders,2738,Psychiatry and Mental health,27,Medicine,4,Health Sciences,80390,987760,15,10,2024-01-23T15:27:09,2026-09-22T03:01:44
T10348,"Indigenous Health, Education, and Rights",3306,Health,33,Social Sciences,2,Social Sciences,80353,455314,13,10,2024-01-23T15:27:06,2026-09-22T03:01:44
T10467,Psychometric Methodologies and Testing,1803,Management Science and Operations Research,18,Decision Sciences,2,Social Sciences,80303,1611987,33,10,2024-01-23T15:27:06,2026-09-22T03:01:44
T10288,Fractional Differential Equations Solutions,2611,Modeling and Simulation,26,Mathematics,3,Physical Sciences,80300,1414295,5,10,2024-01-23T15:27:05,2026-09-22T03:01:44
T10053,International Relations and Foreign Policy,3320,Political Science and International Relations,33,Social Sciences,2,Social Sciences,80205,776493,117,10,2024-01-23T15:27:05,2026-09-22T03:01:44
T10779,Coastal wetland ecosystem dynamics,2303,Ecology,23,Environmental Science,3,Physical Sciences,80180,1307758,32,10,2024-01-23T15:27:08,2026-09-22T03:01:44
T11734,Decision Support System Applications,1404,Management Information Systems,14,"Business, Management and Accounting",2,Social Sciences,80173,135901,15,10,2024-01-23T15:27:11,2026-09-22T03:01:44
T12931,Educational Methods and Outcomes,3304,Education,33,Social Sciences,2,Social Sciences,80158,109339,136,10,2024-01-23T15:27:16,2026-09-22T03:01:44
T10897,Antibiotic Use and Resistance,2402,Applied Microbiology and Biotechnology,24,Immunology and Microbiology,1,Life Sciences,80109,805044,1,10,2024-01-23T15:27:08,2026-09-22T03:01:44
T11326,Stock Market Forecasting Methods,1803,Management Science and Operations Research,18,Decision Sciences,2,Social Sciences,80106,535576,33,10,2024-01-23T15:27:10,2026-09-22T03:01:44
T11495,Animal Virus Infections Studies,1103,Animal Science and Zoology,11,Agricultural and Biological Sciences,1,Life Sciences,80035,1062742,7,10,2024-01-23T15:27:10,2026-09-22T03:01:44
T11259,Agriculture Sustainability and Environmental Impact,2303,Ecology,23,Environmental Science,3,Physical Sciences,80027,1013785,32,10,2024-01-23T15:27:10,2026-09-22T03:01:44
T11432,Gender Politics and Representation,3318,Gender Studies,33,Social Sciences,2,Social Sciences,80010,718629,20,10,2024-01-23T15:27:10,2026-09-22T03:01:44
T10773,Extracellular vesicles in disease,1312,Molecular Biology,13,"Biochemistry, Genetics and Molecular Biology",1,Life Sciences,79993,2462359,134,10,2024-01-23T15:27:08,2026-09-22T03:01:44
T10730,Language Development and Disorders,3204,Developmental and Educational Psychology,32,Psychology,2,Social Sciences,79879,1243393,19,10,2024-01-23T15:27:07,2026-09-22T03:01:44
T10174,Animal Behavior and Reproduction,1105,"Ecology, Evolution, Behavior and Systematics",11,Agricultural and Biological Sciences,1,Life Sciences,79721,2260739,32,10,2024-01-23T15:27:05,2026-09-22T03:01:44
T10984,Sinusitis and nasal conditions,2733,Otorhinolaryngology,27,Medicine,4,Health Sciences,79665,731099,2,10,2024-01-23T15:27:08,2026-09-22T03:01:44
T11083,Cardiac Health and Mental Health,2705,Cardiology and Cardiovascular Medicine,27,Medicine,4,Health Sciences,79656,1071288,28,10,2024-01-23T15:27:09,2026-09-22T03:01:44
T14437,Ethics and Legal Issues in Pediatric Healthcare,2735,"Pediatrics, Perinatology and Child Health",27,Medicine,4,Health Sciences,79594,305277,19,10,2024-01-23T15:27:22,2026-09-22T03:01:44
T13653,"Commonwealth, Australian Politics and Federalism",3320,Political Science and International Relations,33,Social Sciences,2,Social Sciences,79549,88539,117,10,2024-01-23T15:27:19,2026-09-22T03:01:44
T12073,Isotope Analysis in Ecology,2303,Ecology,23,Environmental Science,3,Physical Sciences,79380,1521115,32,10,2024-01-23T15:27:12,2026-09-22T03:01:44
T12834,Flowering Plant Growth and Cultivation,1110,Plant Science,11,Agricultural and Biological Sciences,1,Life Sciences,79255,230518,89,10,2024-01-23T15:27:15,2026-09-22T03:01:44
T10281,Advanced Battery Materials and Technologies,2208,Electrical and Electronic Engineering,22,Engineering,3,Physical Sciences,79211,2399858,116,10,2024-01-23T15:27:05,2026-09-22T03:01:44
T11163,Organ Donation and Transplantation,2739,"Public Health, Environmental and Occupational Health",27,Medicine,4,Health Sciences,79199,572680,53,10,2024-01-23T15:27:09,2026-09-22T03:01:44
T12585,North African History and Literature,1202,History,12,Arts and Humanities,2,Social Sciences,79189,28288,43,10,2024-01-23T15:27:15,2026-09-22T03:01:44
T11792,Pharmaceutical Economics and Policy,2002,Economics and Econometrics,20,"Economics, Econometrics and Finance",2,Social Sciences,79177,390390,78,10,2024-01-23T15:27:11,2026-09-22T03:01:44
T11334,Psychosomatic Disorders and Their Treatments,2738,Psychiatry and Mental health,27,Medicine,4,Health Sciences,79127,1082705,15,10,2024-01-23T15:27:10,2026-09-22T03:01:44
T10716,Soil and Unsaturated Flow,2205,Civil and Structural Engineering,22,Engineering,3,Physical Sciences,79108,1493001,41,10,2024-01-23T15:27:07,2026-09-22T03:01:44
T10367,Agricultural Innovations and Practices,1100,General Agricultural and Biological Sciences,11,Agricultural and Biological Sciences,1,Life Sciences,79105,662846,19,10,2024-01-23T15:27:06,2026-09-22T03:01:44
T11809,Advanced NMR Techniques and Applications,1607,Spectroscopy,16,Chemistry,3,Physical Sciences,79076,1592659,11,10,2024-01-23T15:27:11,2026-09-22T03:01:44
T10412,Microfluidic and Capillary Electrophoresis Applications,2204,Biomedical Engineering,22,Engineering,3,Physical Sciences,79050,1761117,71,10,2024-01-23T15:27:06,2026-09-22T03:01:44
T10187,Radio Frequency Integrated Circuit Design,2208,Electrical and Electronic Engineering,22,Engineering,3,Physical Sciences,78981,707906,116,10,2024-01-23T15:27:05,2026-09-22T03:01:44
T11353,Venomous Animal Envenomation and Studies,1311,Genetics,13,"Biochemistry, Genetics and Molecular Biology",1,Life Sciences,78882,764751,39,10,2024-01-23T15:27:10,2026-09-22T03:01:44
T12005,Spaceflight effects on biology,2737,Physiology,27,Medicine,4,Health Sciences,78873,542987,29,10,2024-01-23T15:27:12,2026-09-22T03:01:44
T11586,Congenital Diaphragmatic Hernia Studies,2746,Surgery,27,Medicine,4,Health Sciences,78853,578168,95,10,2024-01-23T15:27:11,2026-09-22T03:01:44
T12571,Soybean genetics and cultivation,1110,Plant Science,11,Agricultural and Biological Sciences,1,Life Sciences,78849,515168,89,10,2024-01-23T15:27:14,2026-09-22T03:01:44
T13564,Education and Public Policy,3320,Political Science and International Relations,33,Social Sciences,2,Social Sciences,78793,108482,117,10,2024-01-23T15:27:19,2026-09-22T03:01:44
T10802,Judicial and Constitutional Studies,3308,Law,33,Social Sciences,2,Social Sciences,78751,429056,39,10,2024-01-23T15:27:08,2026-09-22T03:01:44
T11396,Artificial Intelligence in Healthcare,3605,Health Information Management,36,Health Professions,4,Health Sciences,78702,548866,11,10,2024-01-23T15:27:10,2026-09-22T03:01:44
T10422,Angiogenesis and VEGF in Cancer,1312,Molecular Biology,13,"Biochemistry, Genetics and Molecular Biology",1,Life Sciences,78661,2618723,134,10,2024-01-23T15:27:06,2026-09-22T03:01:44
T12388,Identification and Quantification in Food,1312,Molecular Biology,13,"Biochemistry, Genetics and Molecular Biology",1,Life Sciences,78655,656612,134,10,2024-01-23T15:27:14,2026-09-22T03:01:44
T13327,"Arts, Culture, and Music Studies",3316,Cultural Studies,33,Social Sciences,2,Social Sciences,78651,32906,37,10,2024-01-23T15:27:18,2026-09-22T03:01:44
T13002,Southeast Asian Sociopolitical Studies,3320,Political Science and International Relations,33,Social Sciences,2,Social Sciences,78618,283872,117,10,2024-01-23T15:27:16,2026-09-22T03:01:44
T11838,"Crime, Illicit Activities, and Governance",3312,Sociology and Political Science,33,Social Sciences,2,Social Sciences,78597,451611,223,10,2024-01-23T15:27:12,2026-09-22T03:01:44
T14378,Entomological Studies and Ecology,1105,"Ecology, Evolution, Behavior and Systematics",11,Agricultural and Biological Sciences,1,Life Sciences,78490,232304,32,10,2024-01-23T15:27:22,2026-09-22T03:01:44
T13747,Sociopolitical Dynamics in Russia,3312,Sociology and Political Science,33,Social Sciences,2,Social Sciences,78463,134645,223,10,2024-01-23T15:27:19,2026-09-22T03:01:44
T13652,Education and Social Development in Ukraine,3304,Education,33,Social Sciences,2,Social Sciences,78403,10618,136,10,2024-01-23T15:27:19,2026-09-22T03:01:44
T12329,Hemiptera Insect Studies,1105,"Ecology, Evolution, Behavior and Systematics",11,Agricultural and Biological Sciences,1,Life Sciences,78396,292426,32,10,2024-01-23T15:27:14,2026-09-22T03:01:44
T10405,Advanced Polymer Synthesis and Characterization,1605,Organic Chemistry,16,Chemistry,3,Physical Sciences,78395,1579073,60,10,2024-01-23T15:27:06,2026-09-22T03:01:44
T11540,"Gender, Feminism, and Media",3318,Gender Studies,33,Social Sciences,2,Social Sciences,78383,580183,20,10,2024-01-23T15:27:11,2026-09-22T03:01:44
T14020,Medical research and treatments,2746,Surgery,27,Medicine,4,Health Sciences,78371,34317,95,10,2024-01-23T15:27:20,2026-09-22T03:01:44
T11420,Geographies of human-animal interactions,3305,"Geography, Planning and Development",33,Social Sciences,2,Social Sciences,78350,575893,14,10,2024-01-23T15:27:10,2026-09-22T03:01:44
T13089,Medieval and Early Modern Iberia,1202,History,12,Arts and Humanities,2,Social Sciences,78271,43405,43,10,2024-01-23T15:27:16,2026-09-22T03:01:44
T14028,Healthcare and Venom Research,2736,Pharmacology,27,Medicine,4,Health Sciences,78182,213021,21,10,2024-01-23T15:27:20,2026-09-22T03:01:44
T11684,Vibrio bacteria research studies,1310,Endocrinology,13,"Biochemistry, Genetics and Molecular Biology",1,Life Sciences,78180,994007,6,10,2024-01-23T15:27:11,2026-09-22T03:01:44
T10513,Natural Fiber Reinforced Composites,2507,Polymers and Plastics,25,Materials Science,3,Physical Sciences,78136,1291397,13,10,2024-01-23T15:27:06,2026-09-22T03:01:44
T11920,Pulsed Power Technology Applications,2207,Control and Systems Engineering,22,Engineering,3,Physical Sciences,78104,90439,43,10,2024-01-23T15:27:12,2026-09-22T03:01:44
T12956,Asian Geopolitics and Ethnography,3320,Political Science and International Relations,33,Social Sciences,2,Social Sciences,78046,231822,117,10,2024-01-23T15:27:16,2026-09-22T03:01:44
T13614,Social and Economic Solidarity,3312,Sociology and Political Science,33,Social Sciences,2,Social Sciences,78042,114958,223,10,2024-01-23T15:27:19,2026-09-22T03:01:44
T12043,Insect behavior and control techniques,1109,Insect Science,11,Agricultural and Biological Sciences,1,Life Sciences,77935,559685,13,10,2024-01-23T15:27:12,2026-09-22T03:01:44
T11356,Pleural and Pulmonary Diseases,2740,Pulmonary and Respiratory Medicine,27,Medicine,4,Health Sciences,77929,519609,51,10,2024-01-23T15:27:10,2026-09-22T03:01:44
T10722,Work-Family Balance Challenges,3312,Sociology and Political Science,33,Social Sciences,2,Social Sciences,77911,1041405,223,10,2024-01-23T15:27:07,2026-09-22T03:01:44
T13844,Higher Education Learning Practices,3304,Education,33,Social Sciences,2,Social Sciences,77875,308240,136,10,2024-01-23T15:27:20,2026-09-22T03:01:44
T12993,Psychology of Development and Education,3204,Developmental and Educational Psychology,32,Psychology,2,Social Sciences,77782,232066,19,10,2024-01-23T15:27:16,2026-09-22T03:01:44
T11369,Genetic factors in colorectal cancer,2734,Pathology and Forensic Medicine,27,Medicine,4,Health Sciences,77691,1507178,22,10,2024-01-23T15:27:10,2026-09-22T03:01:44
T13595,Archaeology and Cultural Heritage,3316,Cultural Studies,33,Social Sciences,2,Social Sciences,77634,36584,37,10,2024-01-23T15:27:19,2026-09-22T03:01:44
T11226,Milk Quality and Mastitis in Dairy Cows,1102,Agronomy and Crop Science,11,Agricultural and Biological Sciences,1,Life Sciences,77633,538466,10,10,2024-01-23T15:27:09,2026-09-22T03:01:44
T11512,Anomaly Detection Techniques and Applications,1702,Artificial Intelligence,17,Computer Science,3,Physical Sciences,77573,902522,76,10,2024-01-23T15:27:10,2026-09-22T03:01:44
T12728,Demographic Trends and Gender Preferences,3318,Gender Studies,33,Social Sciences,2,Social Sciences,77552,521809,20,10,2024-01-23T15:27:15,2026-09-22T03:01:44
T10345,Hematopoietic Stem Cell Transplantation,2720,Hematology,27,Medicine,4,Health Sciences,77511,1710448,11,10,2024-01-23T15:27:06,2026-09-22T03:01:44
T11446,Mobile Health and mHealth Applications,3600,General Health Professions,36,Health Professions,4,Health Sciences,77486,713861,49,10,2024-01-23T15:27:10,2026-09-22T03:01:44
T10046,Stability and Control of Uncertain Systems,2207,Control and Systems Engineering,22,Engineering,3,Physical Sciences,77449,1296681,43,10,2024-01-23T15:27:05,2026-09-22T03:01:44
T12606,Diptera species taxonomy and behavior,1105,"Ecology, Evolution, Behavior and Systematics",11,Agricultural and Biological Sciences,1,Life Sciences,77427,102480,32,10,2024-01-23T15:27:15,2026-09-22T03:01:44
T10692,Urban Green Space and Health,2307,"Health, Toxicology and Mutagenesis",23,Environmental Science,3,Physical Sciences,77426,1179045,15,10,2024-01-23T15:27:07,2026-09-22T03:01:44
T11037,Fungal Infections and Studies,2713,Epidemiology,27,Medicine,4,Health Sciences,77344,939536,41,10,2024-01-23T15:27:09,2026-09-22T03:01:44
T11041,Ubiquitin and proteasome pathways,1312,Molecular Biology,13,"Biochemistry, Genetics and Molecular Biology",1,Life Sciences,77321,2151107,134,10,2024-01-23T15:27:09,2026-09-22T03:01:44
T14104,Developmental and Educational Neuropsychology,3206,Neuropsychology and Physiological Psychology,32,Psychology,2,Social Sciences,77290,70555,1,10,2024-01-23T15:27:21,2026-09-22T03:01:44
T13374,Hematological disorders and diagnostics,2711,Emergency Medicine,27,Medicine,4,Health Sciences,77142,309586,10,10,2024-01-23T15:27:18,2026-09-22T03:01:44
T11727,Advanced Algebra and Logic,1703,Computational Theory and Mathematics,17,Computer Science,3,Physical Sciences,77113,722251,23,10,2024-01-23T15:27:11,2026-09-22T03:01:44
T13388,Rangeland and Wildlife Management,2303,Ecology,23,Environmental Science,3,Physical Sciences,77106,593742,32,10,2024-01-23T15:27:18,2026-09-22T03:01:44
T13118,Psychological Treatments and Disorders,3203,Clinical Psychology,32,Psychology,2,Social Sciences,77103,48350,37,10,2024-01-23T15:27:17,2026-09-22T03:01:44
T10888,Augmented Reality Applications,1707,Computer Vision and Pattern Recognition,17,Computer Science,3,Physical Sciences,77066,601531,34,10,2024-01-23T15:27:08,2026-09-22T03:01:44
T10975,Bone Tumor Diagnosis and Treatments,2745,Rheumatology,27,Medicine,4,Health Sciences,77042,758770,23,10,2024-01-23T15:27:08,2026-09-22T03:01:44
T10161,Rock Mechanics and Modeling,2211,Mechanics of Materials,22,Engineering,3,Physical Sciences,76966,1602133,28,10,2024-01-23T15:27:05,2026-09-22T03:01:44
T11222,Magnetic Properties and Applications,2504,"Electronic, Optical and Magnetic Materials",25,Materials Science,3,Physical Sciences,76963,684424,16,10,2024-01-23T15:27:09,2026-09-22T03:01:44
T10013,Asymmetric Synthesis and Catalysis,1605,Organic Chemistry,16,Chemistry,3,Physical Sciences,76955,1576480,60,10,2024-01-23T15:27:04,2026-09-22T03:01:44
T11381,Infectious Diseases and Tuberculosis,2746,Surgery,27,Medicine,4,Health Sciences,76847,498152,95,10,2024-01-23T15:27:10,2026-09-22T03:01:44
T10824,Image Retrieval and Classification Techniques,1707,Computer Vision and Pattern Recognition,17,Computer Science,3,Physical Sciences,76665,1078707,34,10,2024-01-23T15:27:08,2026-09-22T03:01:44
T12786,Innovation and Socioeconomic Development,1403,Business and International Management,14,"Business, Management and Accounting",2,Social Sciences,76644,528540,1,10,2024-01-23T15:27:15,2026-09-22T03:01:44
T14334,HIV/AIDS Impact and Responses,2002,Economics and Econometrics,20,"Economics, Econometrics and Finance",2,Social Sciences,76589,314148,78,10,2024-01-23T15:27:22,2026-09-22T03:01:44
T10528,"Adipokines, Inflammation, and Metabolic Diseases",2713,Epidemiology,27,Medicine,4,Health Sciences,76564,2185643,41,10,2024-01-23T15:27:06,2026-09-22T03:01:44
T10623,Thin-Film Transistor Technologies,2208,Electrical and Electronic Engineering,22,Engineering,3,Physical Sciences,76488,1000567,116,10,2024-01-23T15:27:07,2026-09-22T03:01:44
T11854,Laser-induced spectroscopy and plasma,2211,Mechanics of Materials,22,Engineering,3,Physical Sciences,76252,780876,28,10,2024-01-23T15:27:12,2026-09-22T03:01:44
T12071,Marine Biology and Environmental Chemistry,2212,Ocean Engineering,22,Engineering,3,Physical Sciences,76248,654917,22,10,2024-01-23T15:27:12,2026-09-22T03:01:44
T12843,Human Resource and Talent Management,1407,Organizational Behavior and Human Resource Management,14,"Business, Management and Accounting",2,Social Sciences,76239,378978,29,10,2024-01-23T15:27:15,2026-09-22T03:01:44
T12179,Art Education and Development,1213,Visual Arts and Performing Arts,12,Arts and Humanities,2,Social Sciences,76186,194484,16,10,2024-01-23T15:27:13,2026-09-22T03:01:44
T11888,Gender Roles and Identity Studies,3318,Gender Studies,33,Social Sciences,2,Social Sciences,76185,827130,20,10,2024-01-23T15:27:12,2026-09-22T03:01:44
T11759,Occupational Therapy Practice and Research,3609,Occupational Therapy,36,Health Professions,4,Health Sciences,76184,389803,7,10,2024-01-23T15:27:11,2026-09-22T03:01:44
T10620,Protease and Inhibitor Mechanisms,1306,Cancer Research,13,"Biochemistry, Genetics and Molecular Biology",1,Life Sciences,76157,2003319,12,10,2024-01-23T15:27:07,2026-09-22T03:01:44
T10138,Network Traffic and Congestion Control,1705,Computer Networks and Communications,17,Computer Science,3,Physical Sciences,76104,871788,42,10,2024-01-23T15:27:05,2026-09-22T03:01:44
T10469,Psoriasis: Treatment and Pathogenesis,2403,Immunology,24,Immunology and Microbiology,1,Life Sciences,76095,1338861,25,10,2024-01-23T15:27:06,2026-09-22T03:01:44
T12124,Engineering Education and Curriculum Development,2214,Media Technology,22,Engineering,3,Physical Sciences,75955,234823,11,10,2024-01-23T15:27:13,2026-09-22T03:01:44
T11174,Pediatric Urology and Nephrology Studies,2735,"Pediatrics, Perinatology and Child Health",27,Medicine,4,Health Sciences,75872,621595,19,10,2024-01-23T15:27:09,2026-09-22T03:01:44
T11010,"Logic, Reasoning, and Knowledge",1702,Artificial Intelligence,17,Computer Science,3,Physical Sciences,75860,921507,76,10,2024-01-23T15:27:09,2026-09-22T03:01:44
T14176,Interdisciplinary Cultural and Social Studies,3312,Sociology and Political Science,33,Social Sciences,2,Social Sciences,75843,176341,223,10,2024-01-23T15:27:21,2026-09-22T03:01:44
T12557,Inorganic Chemistry and Materials,1604,Inorganic Chemistry,16,Chemistry,3,Physical Sciences,75829,529535,11,10,2024-01-23T15:27:14,2026-09-22T03:01:44
T10705,Additive Manufacturing Materials and Processes,2210,Mechanical Engineering,22,Engineering,3,Physical Sciences,75782,1470823,78,10,2024-01-23T15:27:07,2026-09-22T03:01:44
T10448,Memory and Neural Mechanisms,2805,Cognitive Neuroscience,28,Neuroscience,1,Life Sciences,75744,3087906,27,10,2024-01-23T15:27:06,2026-09-22T03:01:44
T11344,Traffic Prediction and Management Techniques,2215,Building and Construction,22,Engineering,3,Physical Sciences,75698,627737,21,10,2024-01-23T15:27:10,2026-09-22T03:01:44
T11324,Spectroscopy Techniques in Biomedical and Chemical Research,1304,Biophysics,13,"Biochemistry, Genetics and Molecular Biology",1,Life Sciences,75669,903692,5,10,2024-01-23T15:27:10,2026-09-22T03:01:44
T11783,Turkey's Politics and Society,3320,Political Science and International Relations,33,Social Sciences,2,Social Sciences,75636,255289,117,10,2024-01-23T15:27:11,2026-09-22T03:01:44
T11740,Geochemistry and Elemental Analysis,1906,Geochemistry and Petrology,19,Earth and Planetary Sciences,3,Physical Sciences,75613,963505,5,10,2024-01-23T15:27:11,2026-09-22T03:01:44
T10057,Face and Expression Recognition,1707,Computer Vision and Pattern Recognition,17,Computer Science,3,Physical Sciences,75505,1508216,34,10,2024-01-23T15:27:05,2026-09-22T03:01:44
T11043,Merger and Competition Analysis,2002,Economics and Econometrics,20,"Economics, Econometrics and Finance",2,Social Sciences,75498,591556,78,10,2024-01-23T15:27:09,2026-09-22T03:01:44
T10928,Probabilistic and Robust Engineering Design,1804,"Statistics, Probability and Uncertainty",18,Decision Sciences,2,Social Sciences,75468,1212353,8,10,2024-01-23T15:27:08,2026-09-22T03:01:44
T10313,Surface Modification and Superhydrophobicity,2508,"Surfaces, Coatings and Films",25,Materials Science,3,Physical Sciences,75454,1996956,3,10,2024-01-23T15:27:06,2026-09-22T03:01:44
T13120,Nuclear Issues and Defense,3320,Political Science and International Relations,33,Social Sciences,2,Social Sciences,75412,201781,117,10,2024-01-23T15:27:17,2026-09-22T03:01:44
T11288,Clostridium difficile and Clostridium perfringens research,2725,Infectious Diseases,27,Medicine,4,Health Sciences,75369,1048084,20,10,2024-01-23T15:27:10,2026-09-22T03:01:44
T10361,Silicon Carbide Semiconductor Technologies,2208,Electrical and Electronic Engineering,22,Engineering,3,Physical Sciences,75354,797261,116,10,2024-01-23T15:27:06,2026-09-22T03:01:44
T10489,Regulation of Appetite and Obesity,2807,Endocrine and Autonomic Systems,28,Neuroscience,1,Life Sciences,75329,2323437,2,10,2024-01-23T15:27:06,2026-09-22T03:01:44
T14348,Marriage and Family Dynamics,3312,Sociology and Political Science,33,Social Sciences,2,Social Sciences,75324,83356,223,10,2024-01-23T15:27:22,2026-09-22T03:01:44
T12817,Pharmacological Effects of Natural Compounds,3004,Pharmacology,30,"Pharmacology, Toxicology and Pharmaceutics",1,Life Sciences,75280,572916,14,10,2024-01-23T15:27:15,2026-09-22T03:01:44
T11026,Occupational and environmental lung diseases,2740,Pulmonary and Respiratory Medicine,27,Medicine,4,Health Sciences,75221,831160,51,10,2024-01-23T15:27:09,2026-09-22T03:01:44
T11718,Physical Education and Pedagogy,3612,"Physical Therapy, Sports Therapy and Rehabilitation",36,Health Professions,4,Health Sciences,75200,306720,6,10,2024-01-23T15:27:11,2026-09-22T03:01:44
T12511,Medieval and Classical Philosophy,1211,Philosophy,12,Arts and Humanities,2,Social Sciences,75181,158193,48,10,2024-01-23T15:27:14,2026-09-22T03:01:44
T13491,Social and Political Issues,3312,Sociology and Political Science,33,Social Sciences,2,Social Sciences,75175,77082,223,10,2024-01-23T15:27:18,2026-09-22T03:01:44
T10246,Mobile Ad Hoc Networks,1705,Computer Networks and Communications,17,Computer Science,3,Physical Sciences,75114,1017750,42,10,2024-01-23T15:27:05,2026-09-22T03:01:44
T12897,Structural Analysis of Composite Materials,2210,Mechanical Engineering,22,Engineering,3,Physical Sciences,75095,234399,78,10,2024-01-23T15:27:16,2026-09-22T03:01:44
T12156,World Trade Organization Law,3320,Political Science and International Relations,33,Social Sciences,2,Social Sciences,75049,190567,117,10,2024-01-23T15:27:13,2026-09-22T03:01:44
T10389,Polymer crystallization and properties,2507,Polymers and Plastics,25,Materials Science,3,Physical Sciences,75017,1462494,13,10,2024-01-23T15:27:06,2026-09-22T03:01:44
T11333,Climate change and permafrost,1902,Atmospheric Science,19,Earth and Planetary Sciences,3,Physical Sciences,74931,1022492,12,10,2024-01-23T15:27:10,2026-09-22T03:01:44
T10100,Metaheuristic Optimization Algorithms Research,1702,Artificial Intelligence,17,Computer Science,3,Physical Sciences,74888,2021033,76,10,2024-01-23T15:27:05,2026-09-22T03:01:44
T11060,Infant Development and Preterm Care,2735,"Pediatrics, Perinatology and Child Health",27,Medicine,4,Health Sciences,74849,859774,19,10,2024-01-23T15:27:09,2026-09-22T03:01:44
T12358,Thermal and Kinetic Analysis,2505,Materials Chemistry,25,Materials Science,3,Physical Sciences,74769,865644,68,10,2024-01-23T15:27:14,2026-09-22T03:01:44
T11176,Radiation Therapy and Dosimetry,2740,Pulmonary and Respiratory Medicine,27,Medicine,4,Health Sciences,74734,607464,51,10,2024-01-23T15:27:09,2026-09-22T03:01:44
T10131,Gold and Silver Nanoparticles Synthesis and Applications,2504,"Electronic, Optical and Magnetic Materials",25,Materials Science,3,Physical Sciences,74730,2573622,16,10,2024-01-23T15:27:05,2026-09-22T03:01:44
T11374,Cleft Lip and Palate Research,1311,Genetics,13,"Biochemistry, Genetics and Molecular Biology",1,Life Sciences,74700,653945,39,10,2024-01-23T15:27:10,2026-09-22T03:01:44
T11370,Mobile Learning in Education,1710,Information Systems,17,Computer Science,3,Physical Sciences,74684,376343,77,10,2024-01-23T15:27:10,2026-09-22T03:01:44
T14080,"Philosophy, Sociology, Political Theory",3312,Sociology and Political Science,33,Social Sciences,2,Social Sciences,74683,48573,223,10,2024-01-23T15:27:21,2026-09-22T03:01:44
T10697,Vasculitis and related conditions,2740,Pulmonary and Respiratory Medicine,27,Medicine,4,Health Sciences,74621,928503,51,10,2024-01-23T15:27:07,2026-09-22T03:01:44
T14357,"Architecture, Design, and Social History",1206,Conservation,12,Arts and Humanities,2,Social Sciences,74498,121798,5,10,2024-01-23T15:27:22,2026-09-22T03:01:44
T10445,Antioxidant Activity and Oxidative Stress,2704,Biochemistry,27,Medicine,4,Health Sciences,74453,2244490,2,10,2024-01-23T15:27:06,2026-09-22T03:01:44
T14052,Galician and Iberian cultural studies,3305,"Geography, Planning and Development",33,Social Sciences,2,Social Sciences,74430,25677,14,10,2024-01-23T15:27:21,2026-09-22T03:01:44
T11700,Hemodynamic Monitoring and Therapy,2746,Surgery,27,Medicine,4,Health Sciences,74351,938140,95,10,2024-01-23T15:27:11,2026-09-22T03:01:44
T11035,Salivary Gland Tumors Diagnosis and Treatment,2746,Surgery,27,Medicine,4,Health Sciences,74347,677861,95,10,2024-01-23T15:27:09,2026-09-22T03:01:44
T10997,Ocular Surface and Contact Lens,2739,"Public Health, Environmental and Occupational Health",27,Medicine,4,Health Sciences,74309,1030111,53,10,2024-01-23T15:27:09,2026-09-22T03:01:44
T13712,Kantian Philosophy and Modern Interpretations,1211,Philosophy,12,Arts and Humanities,2,Social Sciences,74217,65487,48,10,2024-01-23T15:27:19,2026-09-22T03:01:44
T10501,Polymer Nanocomposites and Properties,2507,Polymers and Plastics,25,Materials Science,3,Physical Sciences,74185,1264980,13,10,2024-01-23T15:27:06,2026-09-22T03:01:44
T10435,Environmental Impact and Sustainability,2305,Environmental Engineering,23,Environmental Science,3,Physical Sciences,74166,1334261,18,10,2024-01-23T15:27:06,2026-09-22T03:01:44
T11311,Soil and Water Nutrient Dynamics,2304,Environmental Chemistry,23,Environmental Science,3,Physical Sciences,74139,1482162,10,10,2024-01-23T15:27:10,2026-09-22T03:01:44
T10203,Recommender Systems and Techniques,1710,Information Systems,17,Computer Science,3,Physical Sciences,74133,1125644,77,10,2024-01-23T15:27:05,2026-09-22T03:01:44
T10843,Diversity and Career in Medicine,3318,Gender Studies,33,Social Sciences,2,Social Sciences,74097,494288,20,10,2024-01-23T15:27:08,2026-09-22T03:01:44
T12166,Ion-surface interactions and analysis,2206,Computational Mechanics,22,Engineering,3,Physical Sciences,74089,991350,29,10,2024-01-23T15:27:13,2026-09-22T03:01:44
T11853,Semiconductor materials and interfaces,3107,"Atomic and Molecular Physics, and Optics",31,Physics and Astronomy,3,Physical Sciences,74045,806873,36,10,2024-01-23T15:27:12,2026-09-22T03:01:44
T12704,Stress and Burnout Research,3207,Social Psychology,32,Psychology,2,Social Sciences,74035,165475,51,10,2024-01-23T15:27:15,2026-09-22T03:01:44
T10011,"Literature: history, themes, analysis",1208,Literature and Literary Theory,12,Arts and Humanities,2,Social Sciences,74026,237970,52,10,2024-01-23T15:27:04,2026-09-22T03:01:44
T12427,Metal Alloys Wear and Properties,2505,Materials Chemistry,25,Materials Science,3,Physical Sciences,74026,319607,68,10,2024-01-23T15:27:14,2026-09-22T03:01:44
T12500,Reflective Practices in Education,3304,Education,33,Social Sciences,2,Social Sciences,74008,590470,136,10,2024-01-23T15:27:14,2026-09-22T03:01:44
T12492,Zoonotic diseases and public health,2739,"Public Health, Environmental and Occupational Health",27,Medicine,4,Health Sciences,73968,520695,53,10,2024-01-23T15:27:14,2026-09-22T03:01:44
T10655,GNSS positioning and interference,2202,Aerospace Engineering,22,Engineering,3,Physical Sciences,73959,549884,43,10,2024-01-23T15:27:07,2026-09-22T03:01:44
T12013,Sustainable Development and Environmental Policy,2308,"Management, Monitoring, Policy and Law",23,Environmental Science,3,Physical Sciences,73944,836566,33,10,2024-01-23T15:27:12,2026-09-22T03:01:44
T10160,Seismic Performance and Analysis,2205,Civil and Structural Engineering,22,Engineering,3,Physical Sciences,73908,974775,41,10,2024-01-23T15:27:05,2026-09-22T03:01:44
T11281,Asymmetric Hydrogenation and Catalysis,1604,Inorganic Chemistry,16,Chemistry,3,Physical Sciences,73855,1736831,11,10,2024-01-23T15:27:10,2026-09-22T03:01:44
T10204,Microstructure and mechanical properties,2505,Materials Chemistry,25,Materials Science,3,Physical Sciences,73851,1751018,68,10,2024-01-23T15:27:05,2026-09-22T03:01:44
T12202,nanoparticles nucleation surface interactions,1902,Atmospheric Science,19,Earth and Planetary Sciences,3,Physical Sciences,73772,1347607,12,10,2024-01-23T15:27:13,2026-09-22T03:01:44
T14105,Cultural and Artistic Studies,3316,Cultural Studies,33,Social Sciences,2,Social Sciences,73770,87770,37,10,2024-01-23T15:27:21,2026-09-22T03:01:44
T10898,Environmental Education and Sustainability,2308,"Management, Monitoring, Policy and Law",23,Environmental Science,3,Physical Sciences,73751,1254016,33,10,2024-01-23T15:27:08,2026-09-22T03:01:44
T12241,Children's Physical and Motor Development,3204,Developmental and Educational Psychology,32,Psychology,2,Social Sciences,73730,562144,19,10,2024-01-23T15:27:13,2026-09-22T03:01:44
T11445,Origins and Evolution of Life,3103,Astronomy and Astrophysics,31,Physics and Astronomy,3,Physical Sciences,73696,687881,20,10,2024-01-23T15:27:10,2026-09-22T03:01:44
T11160,Acoustic Wave Resonator Technologies,2204,Biomedical Engineering,22,Engineering,3,Physical Sciences,73666,793291,71,10,2024-01-23T15:27:09,2026-09-22T03:01:44
T11108,Municipal Solid Waste Management,2311,Waste Management and Disposal,23,Environmental Science,3,Physical Sciences,73623,559110,8,10,2024-01-23T15:27:09,2026-09-22T03:01:44
T13051,Qualitative Comparative Analysis Research,3312,Sociology and Political Science,33,Social Sciences,2,Social Sciences,73606,476965,223,10,2024-01-23T15:27:16,2026-09-22T03:01:44
T10618,Aortic Disease and Treatment Approaches,2740,Pulmonary and Respiratory Medicine,27,Medicine,4,Health Sciences,73552,830877,51,10,2024-01-23T15:27:07,2026-09-22T03:01:44
T14182,Technology-Enhanced Education Studies,3304,Education,33,Social Sciences,2,Social Sciences,73543,216222,136,10,2024-01-23T15:27:21,2026-09-22T03:01:44
T13435,Animal and Plant Science Education,3207,Social Psychology,32,Psychology,2,Social Sciences,73509,325798,51,10,2024-01-23T15:27:18,2026-09-22T03:01:44
T10732,Laser Material Processing Techniques,2206,Computational Mechanics,22,Engineering,3,Physical Sciences,73488,719277,29,10,2024-01-23T15:27:07,2026-09-22T03:01:44
T11875,Statistics Education and Methodologies,2613,Statistics and Probability,26,Mathematics,3,Physical Sciences,73486,1021068,19,10,2024-01-23T15:27:12,2026-09-22T03:01:44
T11184,Neonatal and fetal brain pathology,2735,"Pediatrics, Perinatology and Child Health",27,Medicine,4,Health Sciences,73466,1019279,19,10,2024-01-23T15:27:09,2026-09-22T03:01:44
T11764,Evolution and Genetic Dynamics,1311,Genetics,13,"Biochemistry, Genetics and Molecular Biology",1,Life Sciences,73425,2003745,39,10,2024-01-23T15:27:11,2026-09-22T03:01:44
T11235,Statistical Methods in Clinical Trials,2613,Statistics and Probability,26,Mathematics,3,Physical Sciences,73406,1408504,19,10,2024-01-23T15:27:09,2026-09-22T03:01:44
T13421,"Contemporary art, education, critique",3316,Cultural Studies,33,Social Sciences,2,Social Sciences,73402,7175,37,10,2024-01-23T15:27:18,2026-09-22T03:01:44
T10532,Molecular Sensors and Ion Detection,1607,Spectroscopy,16,Chemistry,3,Physical Sciences,73335,1785392,11,10,2024-01-23T15:27:06,2026-09-22T03:01:44
T12509,Corporate Insolvency and Governance,1402,Accounting,14,"Business, Management and Accounting",2,Social Sciences,73296,137339,21,10,2024-01-23T15:27:14,2026-09-22T03:01:44
T13143,Child Therapy and Development,3203,Clinical Psychology,32,Psychology,2,Social Sciences,73242,400459,37,10,2024-01-23T15:27:17,2026-09-22T03:01:44
T12003,Bioenergy crop production and management,1102,Agronomy and Crop Science,11,Agricultural and Biological Sciences,1,Life Sciences,73229,474925,10,10,2024-01-23T15:27:12,2026-09-22T03:01:44
T11371,Wind and Air Flow Studies,2305,Environmental Engineering,23,Environmental Science,3,Physical Sciences,73226,916060,18,10,2024-01-23T15:27:10,2026-09-22T03:01:44
T12169,Non-Destructive Testing Techniques,2210,Mechanical Engineering,22,Engineering,3,Physical Sciences,73198,396231,78,10,2024-01-23T15:27:13,2026-09-22T03:01:44
T11058,Ethics in Business and Education,1802,Information Systems and Management,18,Decision Sciences,2,Social Sciences,73195,918893,14,10,2024-01-23T15:27:09,2026-09-22T03:01:44
T14489,Basque language and culture studies,3316,Cultural Studies,33,Social Sciences,2,Social Sciences,73096,34953,37,10,2024-01-23T15:27:22,2026-09-22T03:01:44
T13913,Blockchain Technology in Education and Learning,1710,Information Systems,17,Computer Science,3,Physical Sciences,73094,200113,77,10,2024-01-23T15:27:20,2026-09-22T03:01:44
T12465,"Cancer, Lipids, and Metabolism",1306,Cancer Research,13,"Biochemistry, Genetics and Molecular Biology",1,Life Sciences,73054,871654,12,10,2024-01-23T15:27:14,2026-09-22T03:01:44
T11401,Minerals Flotation and Separation Techniques,2312,Water Science and Technology,23,Environmental Science,3,Physical Sciences,73033,804271,23,10,2024-01-23T15:27:10,2026-09-22T03:01:44
T11385,Natural product bioactivities and synthesis,1312,Molecular Biology,13,"Biochemistry, Genetics and Molecular Biology",1,Life Sciences,73019,831103,134,10,2024-01-23T15:27:10,2026-09-22T03:01:44
T13488,Sports and Physical Education Studies,3319,Life-span and Life-course Studies,33,Social Sciences,2,Social Sciences,72989,47952,1,10,2024-01-23T15:27:18,2026-09-22T03:01:44
T12399,Wine Industry and Tourism,1409,"Tourism, Leisure and Hospitality Management",14,"Business, Management and Accounting",2,Social Sciences,72850,334773,1,10,2024-01-23T15:27:14,2026-09-22T03:01:44
T11279,Lanthanide and Transition Metal Complexes,2505,Materials Chemistry,25,Materials Science,3,Physical Sciences,72815,1055137,68,10,2024-01-23T15:27:10,2026-09-22T03:01:44
T11007,Hybrid Renewable Energy Systems,2102,Energy Engineering and Power Technology,21,Energy,3,Physical Sciences,72774,1066207,1,10,2024-01-23T15:27:09,2026-09-22T03:01:44
T11241,Advanced Malware Detection Techniques,1711,Signal Processing,17,Computer Science,3,Physical Sciences,72757,716162,9,10,2024-01-23T15:27:09,2026-09-22T03:01:44
T10867,Intensive Care Unit Cognitive Disorders,2706,Critical Care and Intensive Care Medicine,27,Medicine,4,Health Sciences,72746,1111818,4,10,2024-01-23T15:27:08,2026-09-22T03:01:44
T11975,Evolutionary Algorithms and Applications,1702,Artificial Intelligence,17,Computer Science,3,Physical Sciences,72742,866215,76,10,2024-01-23T15:27:12,2026-09-22T03:01:44
T10961,Hernia repair and management,2746,Surgery,27,Medicine,4,Health Sciences,72700,605181,95,10,2024-01-23T15:27:08,2026-09-22T03:01:44
T11787,Oral and Maxillofacial Pathology,3504,Oral Surgery,35,Dentistry,4,Health Sciences,72657,448611,4,10,2024-01-23T15:27:11,2026-09-22T03:01:44
T10907,International Student and Expatriate Challenges,3315,Communication,33,Social Sciences,2,Social Sciences,72639,740593,15,10,2024-01-23T15:27:08,2026-09-22T03:01:44
T14178,Environmental Science and Water Management,2312,Water Science and Technology,23,Environmental Science,3,Physical Sciences,72600,71947,23,10,2024-01-23T15:27:21,2026-09-22T03:01:44
T10388,Advanced Steganography and Watermarking Techniques,1707,Computer Vision and Pattern Recognition,17,Computer Science,3,Physical Sciences,72566,795936,34,10,2024-01-23T15:27:06,2026-09-22T03:01:44
T10379,Cellular Mechanics and Interactions,1307,Cell Biology,13,"Biochemistry, Genetics and Molecular Biology",1,Life Sciences,72479,2581311,16,10,2024-01-23T15:27:06,2026-09-22T03:01:44
T10601,Handwritten Text Recognition Techniques,1707,Computer Vision and Pattern Recognition,17,Computer Science,3,Physical Sciences,72477,696901,34,10,2024-01-23T15:27:07,2026-09-22T03:01:44
T11601,Neuroscience and Neural Engineering,2804,Cellular and Molecular Neuroscience,28,Neuroscience,1,Life Sciences,72442,1519974,12,10,2024-01-23T15:27:11,2026-09-22T03:01:44
T12236,Photoreceptor and optogenetics research,2804,Cellular and Molecular Neuroscience,28,Neuroscience,1,Life Sciences,72394,1622537,12,10,2024-01-23T15:27:13,2026-09-22T03:01:44
T10861,Ear Surgery and Otitis Media,2733,Otorhinolaryngology,27,Medicine,4,Health Sciences,72378,671705,2,10,2024-01-23T15:27:08,2026-09-22T03:01:44
T13516,Publishing and Scholarly Communication,1207,History and Philosophy of Science,12,Arts and Humanities,2,Social Sciences,72291,85403,18,10,2024-01-23T15:27:18,2026-09-22T03:01:44
T12922,Business and Economic Development,2308,"Management, Monitoring, Policy and Law",23,Environmental Science,3,Physical Sciences,72264,196535,33,10,2024-01-23T15:27:16,2026-09-22T03:01:44
T10468,Photovoltaic System Optimization Techniques,2105,"Renewable Energy, Sustainability and the Environment",21,Energy,3,Physical Sciences,72241,953483,21,10,2024-01-23T15:27:06,2026-09-22T03:01:44
T11465,Drug-Induced Hepatotoxicity and Protection,3004,Pharmacology,30,"Pharmacology, Toxicology and Pharmaceutics",1,Life Sciences,72219,977603,14,10,2024-01-23T15:27:10,2026-09-22T03:01:44
T11415,Noncommutative and Quantum Gravity Theories,3109,Statistical and Nonlinear Physics,31,Physics and Astronomy,3,Physical Sciences,72191,621614,15,10,2024-01-23T15:27:10,2026-09-22T03:01:44
T11676,Parental Involvement in Education,3304,Education,33,Social Sciences,2,Social Sciences,72155,789277,136,10,2024-01-23T15:27:11,2026-09-22T03:01:44
T12840,Renal function and acid-base balance,2727,Nephrology,27,Medicine,4,Health Sciences,72132,655747,6,10,2024-01-23T15:27:15,2026-09-22T03:01:44
T13438,Environmental Conservation and Management,2308,"Management, Monitoring, Policy and Law",23,Environmental Science,3,Physical Sciences,72127,226380,33,10,2024-01-23T15:27:18,2026-09-22T03:01:44
T10561,Educational Research and Methods,3304,Education,33,Social Sciences,2,Social Sciences,72117,285473,136,10,2024-01-23T15:27:07,2026-09-22T03:01:44
T10638,Optical measurement and interference techniques,1707,Computer Vision and Pattern Recognition,17,Computer Science,3,Physical Sciences,72103,753275,34,10,2024-01-23T15:27:07,2026-09-22T03:01:44
T11074,Helminth infection and control,3404,Small Animals,34,Veterinary,4,Health Sciences,72077,689618,9,10,2024-01-23T15:27:09,2026-09-22T03:01:44
T13233,Occupational Health and Safety Management,3609,Occupational Therapy,36,Health Professions,4,Health Sciences,72069,71706,7,10,2024-01-23T15:27:17,2026-09-22T03:01:44
T12851,Firm Innovation and Growth,2002,Economics and Econometrics,20,"Economics, Econometrics and Finance",2,Social Sciences,72058,885722,78,10,2024-01-23T15:27:16,2026-09-22T03:01:44
T13036,Veterinary Practice and Education Studies,3616,Speech and Hearing,36,Health Professions,4,Health Sciences,72048,121218,9,10,2024-01-23T15:27:16,2026-09-22T03:01:44
T12701,Biological Control of Invasive Species,1109,Insect Science,11,Agricultural and Biological Sciences,1,Life Sciences,71978,336341,13,10,2024-01-23T15:27:15,2026-09-22T03:01:44
T11769,Copyright and Intellectual Property,1406,Marketing,14,"Business, Management and Accounting",2,Social Sciences,71948,155768,14,10,2024-01-23T15:27:11,2026-09-22T03:01:44
T10829,Interconnection Networks and Systems,1705,Computer Networks and Communications,17,Computer Science,3,Physical Sciences,71905,743082,42,10,2024-01-23T15:27:08,2026-09-22T03:01:44
T14444,Power Systems and Renewable Energy,2102,Energy Engineering and Power Technology,21,Energy,3,Physical Sciences,71876,134046,1,10,2024-01-23T15:27:22,2026-09-22T03:01:44
T12180,Polar Research and Ecology,2303,Ecology,23,Environmental Science,3,Physical Sciences,71868,417082,32,10,2024-01-23T15:27:13,2026-09-22T03:01:44
T11363,Dental Radiography and Imaging,3504,Oral Surgery,35,Dentistry,4,Health Sciences,71848,640820,4,10,2024-01-23T15:27:10,2026-09-22T03:01:44
T11483,Tropical and Extratropical Cyclones Research,1902,Atmospheric Science,19,Earth and Planetary Sciences,3,Physical Sciences,71763,920538,12,10,2024-01-23T15:27:10,2026-09-22T03:01:44
T11073,Metal Extraction and Bioleaching,2204,Biomedical Engineering,22,Engineering,3,Physical Sciences,71703,756206,71,10,2024-01-23T15:27:09,2026-09-22T03:01:44
T12938,Material Selection and Properties,2505,Materials Chemistry,25,Materials Science,3,Physical Sciences,71673,121975,68,10,2024-01-23T15:27:16,2026-09-22T03:01:44
T11643,Building materials and conservation,1904,Earth-Surface Processes,19,Earth and Planetary Sciences,3,Physical Sciences,71659,448416,5,10,2024-01-23T15:27:11,2026-09-22T03:01:44
T11118,Evolutionary Psychology and Human Behavior,3205,Experimental and Cognitive Psychology,32,Psychology,2,Social Sciences,71634,1201771,23,10,2024-01-23T15:27:09,2026-09-22T03:01:44
T11095,Emergency and Acute Care Studies,2711,Emergency Medicine,27,Medicine,4,Health Sciences,71610,593876,10,10,2024-01-23T15:27:09,2026-09-22T03:01:44
T11214,Human-Animal Interaction Studies,1311,Genetics,13,"Biochemistry, Genetics and Molecular Biology",1,Life Sciences,71596,658039,39,10,2024-01-23T15:27:09,2026-09-22T03:01:44
T12245,"Counseling, Therapy, and Family Dynamics",3203,Clinical Psychology,32,Psychology,2,Social Sciences,71582,452632,37,10,2024-01-23T15:27:13,2026-09-22T03:01:44
T10721,Surfactants and Colloidal Systems,1605,Organic Chemistry,16,Chemistry,3,Physical Sciences,71552,1658545,60,10,2024-01-23T15:27:07,2026-09-22T03:01:44
T14295,Families in Therapy and Culture,3207,Social Psychology,32,Psychology,2,Social Sciences,71550,98522,51,10,2024-01-23T15:27:22,2026-09-22T03:01:44
T11269,Algorithms and Data Compression,1702,Artificial Intelligence,17,Computer Science,3,Physical Sciences,71548,1017053,76,10,2024-01-23T15:27:10,2026-09-22T03:01:44
T11488,Climate Change Communication and Perception,3312,Sociology and Political Science,33,Social Sciences,2,Social Sciences,71548,771298,223,10,2024-01-23T15:27:10,2026-09-22T03:01:44
T13520,Architectural and Urban Studies,1206,Conservation,12,Arts and Humanities,2,Social Sciences,71531,49584,5,10,2024-01-23T15:27:18,2026-09-22T03:01:44
T10314,Social and Intergroup Psychology,3312,Sociology and Political Science,33,Social Sciences,2,Social Sciences,71493,2720795,223,10,2024-01-23T15:27:06,2026-09-22T03:01:44
T11206,Model Reduction and Neural Networks,3109,Statistical and Nonlinear Physics,31,Physics and Astronomy,3,Physical Sciences,71452,757185,15,10,2024-01-23T15:27:09,2026-09-22T03:01:44
T10526,HIV/AIDS drug development and treatment,2725,Infectious Diseases,27,Medicine,4,Health Sciences,71441,1173504,20,10,2024-01-23T15:27:06,2026-09-22T03:01:44
T13189,Physical Education and Training Studies,3612,"Physical Therapy, Sports Therapy and Rehabilitation",36,Health Professions,4,Health Sciences,71406,75062,6,10,2024-01-23T15:27:17,2026-09-22T03:01:44
T10805,Vehicle Dynamics and Control Systems,2203,Automotive Engineering,22,Engineering,3,Physical Sciences,71395,448089,11,10,2024-01-23T15:27:08,2026-09-22T03:01:44
T10914,Tactile and Sensory Interactions,2805,Cognitive Neuroscience,28,Neuroscience,1,Life Sciences,71342,863902,27,10,2024-01-23T15:27:08,2026-09-22T03:01:44
T10245,Metamaterials and Metasurfaces Applications,2504,"Electronic, Optical and Magnetic Materials",25,Materials Science,3,Physical Sciences,71328,1531996,16,10,2024-01-23T15:27:05,2026-09-22T03:01:44
T12121,Cooperative Studies and Economics,1408,Strategy and Management,14,"Business, Management and Accounting",2,Social Sciences,71312,193121,41,10,2024-01-23T15:27:13,2026-09-22T03:01:44
T10634,Food Allergy and Anaphylaxis Research,2723,Immunology and Allergy,27,Medicine,4,Health Sciences,71289,1071211,2,10,2024-01-23T15:27:07,2026-09-22T03:01:44
T12457,Ecocriticism and Environmental Literature,1208,Literature and Literary Theory,12,Arts and Humanities,2,Social Sciences,71289,128043,52,10,2024-01-23T15:27:14,2026-09-22T03:01:44
T13946,Musculoskeletal Disorders and Rehabilitation,2742,Rehabilitation,27,Medicine,4,Health Sciences,71280,196114,6,10,2024-01-23T15:27:20,2026-09-22T03:01:44
T11406,Cerebrospinal fluid and hydrocephalus,2804,Cellular and Molecular Neuroscience,28,Neuroscience,1,Life Sciences,71235,880894,12,10,2024-01-23T15:27:10,2026-09-22T03:01:44
T12028,Knowledge Management and Sharing,3315,Communication,33,Social Sciences,2,Social Sciences,71176,987786,15,10,2024-01-23T15:27:12,2026-09-22T03:01:44
T13269,Orthoptera Research and Taxonomy,1105,"Ecology, Evolution, Behavior and Systematics",11,Agricultural and Biological Sciences,1,Life Sciences,71120,138987,32,10,2024-01-23T15:27:17,2026-09-22T03:01:44
T14358,Healthcare Quality and Satisfaction,3600,General Health Professions,36,Health Professions,4,Health Sciences,71118,86967,49,10,2024-01-23T15:27:22,2026-09-22T03:01:44
T13404,Geological and Tectonic Studies in Latin America,1908,Geophysics,19,Earth and Planetary Sciences,3,Physical Sciences,71102,216999,9,10,2024-01-23T15:27:18,2026-09-22T03:01:44
T10444,Context-Aware Activity Recognition Systems,1707,Computer Vision and Pattern Recognition,17,Computer Science,3,Physical Sciences,71072,893327,34,10,2024-01-23T15:27:06,2026-09-22T03:01:44
T10485,"Bullying, Victimization, and Aggression",3207,Social Psychology,32,Psychology,2,Social Sciences,71044,1334221,51,10,2024-01-23T15:27:06,2026-09-22T03:01:44
T12868,Photography and Visual Culture,1202,History,12,Arts and Humanities,2,Social Sciences,71033,147653,43,10,2024-01-23T15:27:16,2026-09-22T03:01:44
T10294,Cell death mechanisms and regulation,1312,Molecular Biology,13,"Biochemistry, Genetics and Molecular Biology",1,Life Sciences,70989,2816673,134,10,2024-01-23T15:27:06,2026-09-22T03:01:44
T11045,"Privacy, Security, and Data Protection",3312,Sociology and Political Science,33,Social Sciences,2,Social Sciences,70921,583481,223,10,2024-01-23T15:27:09,2026-09-22T03:01:44
T10852,Temporomandibular Joint Disorders,3603,Complementary and Manual Therapy,36,Health Professions,4,Health Sciences,70908,760977,1,10,2024-01-23T15:27:08,2026-09-22T03:01:44
T12640,Environmental DNA in Biodiversity Studies,2303,Ecology,23,Environmental Science,3,Physical Sciences,70889,499686,32,10,2024-01-23T15:27:15,2026-09-22T03:01:44
T11452,Oral Health Pathology and Treatment,3506,Periodontics,35,Dentistry,4,Health Sciences,70886,605905,3,10,2024-01-23T15:27:10,2026-09-22T03:01:44
T10950,Acute Lymphoblastic Leukemia research,2739,"Public Health, Environmental and Occupational Health",27,Medicine,4,Health Sciences,70783,1050188,53,10,2024-01-23T15:27:08,2026-09-22T03:01:44
T12381,Electron Spin Resonance Studies,1304,Biophysics,13,"Biochemistry, Genetics and Molecular Biology",1,Life Sciences,70750,731962,5,10,2024-01-23T15:27:14,2026-09-22T03:01:44
T12248,Water Governance and Infrastructure,3320,Political Science and International Relations,33,Social Sciences,2,Social Sciences,70679,329277,117,10,2024-01-23T15:27:13,2026-09-22T03:01:44
T11271,Myasthenia Gravis and Thymoma,2728,Neurology,27,Medicine,4,Health Sciences,70635,652022,21,10,2024-01-23T15:27:10,2026-09-22T03:01:44
T12657,Phytochemistry Medicinal Plant Applications,1110,Plant Science,11,Agricultural and Biological Sciences,1,Life Sciences,70633,139640,89,10,2024-01-23T15:27:15,2026-09-22T03:01:44
T10875,Pesticide Exposure and Toxicity,1110,Plant Science,11,Agricultural and Biological Sciences,1,Life Sciences,70556,959381,89,10,2024-01-23T15:27:08,2026-09-22T03:01:44
T10514,Numerical methods in engineering,2211,Mechanics of Materials,22,Engineering,3,Physical Sciences,70536,1192537,28,10,2024-01-23T15:27:06,2026-09-22T03:01:44
T11086,Parasitic Infections and Diagnostics,2405,Parasitology,24,Immunology and Microbiology,1,Life Sciences,70536,994415,6,10,2024-01-23T15:27:09,2026-09-22T03:01:44
T13681,Engineering and Information Technology,1712,Software,17,Computer Science,3,Physical Sciences,70534,34542,4,10,2024-01-23T15:27:19,2026-09-22T03:01:44
T11609,Geophysical Methods and Applications,2212,Ocean Engineering,22,Engineering,3,Physical Sciences,70526,547562,22,10,2024-01-23T15:27:11,2026-09-22T03:01:44
T10569,Bariatric Surgery and Outcomes,2746,Surgery,27,Medicine,4,Health Sciences,70518,1131452,95,10,2024-01-23T15:27:07,2026-09-22T03:01:44
T13229,Gothic Literature and Media Analysis,3316,Cultural Studies,33,Social Sciences,2,Social Sciences,70498,166858,37,10,2024-01-23T15:27:17,2026-09-22T03:01:44
T13496,Advertising and Communication Studies,3315,Communication,33,Social Sciences,2,Social Sciences,70456,48076,15,10,2024-01-23T15:27:18,2026-09-22T03:01:44
T12011,"Insurance, Mortality, Demography, Risk Management",3317,Demography,33,Social Sciences,2,Social Sciences,70348,651904,26,10,2024-01-23T15:27:12,2026-09-22T03:01:44
T10419,Pharmaceutical and Antibiotic Environmental Impacts,2310,Pollution,23,Environmental Science,3,Physical Sciences,70339,2442989,10,10,2024-01-23T15:27:06,2026-09-22T03:01:44
T10793,Diabetes Management and Education,2712,"Endocrinology, Diabetes and Metabolism",27,Medicine,4,Health Sciences,70339,854977,17,10,2024-01-23T15:27:08,2026-09-22T03:01:44
T11416,Numerical methods for differential equations,2612,Numerical Analysis,26,Mathematics,3,Physical Sciences,70338,1146456,4,10,2024-01-23T15:27:10,2026-09-22T03:01:44
T11066,Organic Food and Agriculture,1110,Plant Science,11,Agricultural and Biological Sciences,1,Life Sciences,70279,530200,89,10,2024-01-23T15:27:09,2026-09-22T03:01:44
T11069,Testicular diseases and treatments,2746,Surgery,27,Medicine,4,Health Sciences,70276,739186,95,10,2024-01-23T15:27:09,2026-09-22T03:01:44
T13199,Digestive system and related health,1311,Genetics,13,"Biochemistry, Genetics and Molecular Biology",1,Life Sciences,70234,545714,39,10,2024-01-23T15:27:17,2026-09-22T03:01:44
T11359,Effects of Radiation Exposure,2741,"Radiology, Nuclear Medicine and Imaging",27,Medicine,4,Health Sciences,70219,844245,29,10,2024-01-23T15:27:10,2026-09-22T03:01:44
T12928,Education and Cultural Studies,3304,Education,33,Social Sciences,2,Social Sciences,70195,42220,136,10,2024-01-23T15:27:16,2026-09-22T03:01:44
T11180,Pesticide and Herbicide Environmental Studies,2310,Pollution,23,Environmental Science,3,Physical Sciences,70190,1060492,10,10,2024-01-23T15:27:09,2026-09-22T03:01:44
T12499,"Diphtheria, Corynebacterium, and Tetanus",1310,Endocrinology,13,"Biochemistry, Genetics and Molecular Biology",1,Life Sciences,70165,207638,6,10,2024-01-23T15:27:14,2026-09-22T03:01:44
T10989,Uterine Myomas and Treatments,2729,Obstetrics and Gynecology,27,Medicine,4,Health Sciences,70129,643344,7,10,2024-01-23T15:27:09,2026-09-22T03:01:44
T10790,Heavy Metal Exposure and Toxicity,2307,"Health, Toxicology and Mutagenesis",23,Environmental Science,3,Physical Sciences,70105,1289827,15,10,2024-01-23T15:27:08,2026-09-22T03:01:44
T13780,Diverse Education Studies and Reforms,3304,Education,33,Social Sciences,2,Social Sciences,70050,343007,136,10,2024-01-23T15:27:19,2026-09-22T03:01:44
T11052,Energy Load and Power Forecasting,2208,Electrical and Electronic Engineering,22,Engineering,3,Physical Sciences,70025,939917,116,10,2024-01-23T15:27:09,2026-09-22T03:01:44
T11912,Outsourcing and Supply Chain Management,1404,Management Information Systems,14,"Business, Management and Accounting",2,Social Sciences,70016,610483,15,10,2024-01-23T15:27:12,2026-09-22T03:01:44
T11850,Concrete Corrosion and Durability,2205,Civil and Structural Engineering,22,Engineering,3,Physical Sciences,70011,582892,41,10,2024-01-23T15:27:12,2026-09-22T03:01:44
T11599,Aviation Industry Analysis and Trends,2000,"General Economics, Econometrics and Finance",20,"Economics, Econometrics and Finance",2,Social Sciences,69941,353817,11,10,2024-01-23T15:27:11,2026-09-22T03:01:44
T12907,Mechanical Engineering and Vibrations Research,2210,Mechanical Engineering,22,Engineering,3,Physical Sciences,69934,223679,78,10,2024-01-23T15:27:16,2026-09-22T03:01:44
T11213,Genomic variations and chromosomal abnormalities,1311,Genetics,13,"Biochemistry, Genetics and Molecular Biology",1,Life Sciences,69908,952975,39,10,2024-01-23T15:27:09,2026-09-22T03:01:44
T13594,Healthcare innovation and challenges,3304,Education,33,Social Sciences,2,Social Sciences,69849,256470,136,10,2024-01-23T15:27:19,2026-09-22T03:01:44
T10788,Neuroscience and Music Perception,2805,Cognitive Neuroscience,28,Neuroscience,1,Life Sciences,69844,1476642,27,10,2024-01-23T15:27:08,2026-09-22T03:01:44
T11084,Workplace Health and Well-being,3600,General Health Professions,36,Health Professions,4,Health Sciences,69786,865603,49,10,2024-01-23T15:27:09,2026-09-22T03:01:44
T11592,Phenomenology and Existential Philosophy,3205,Experimental and Cognitive Psychology,32,Psychology,2,Social Sciences,69766,332429,23,10,2024-01-23T15:27:11,2026-09-22T03:01:44
T10743,Software Testing and Debugging Techniques,1712,Software,17,Computer Science,3,Physical Sciences,69680,821006,4,10,2024-01-23T15:27:07,2026-09-22T03:01:44
T10311,Advancements in Solid Oxide Fuel Cells,2505,Materials Chemistry,25,Materials Science,3,Physical Sciences,69640,1381942,68,10,2024-01-23T15:27:06,2026-09-22T03:01:44
T10440,Advanced Thermoelectric Materials and Devices,2505,Materials Chemistry,25,Materials Science,3,Physical Sciences,69639,1406862,68,10,2024-01-23T15:27:06,2026-09-22T03:01:44
T10220,Machine Fault Diagnosis Techniques,2207,Control and Systems Engineering,22,Engineering,3,Physical Sciences,69614,1158584,43,10,2024-01-23T15:27:05,2026-09-22T03:01:44
T11714,Multimodal Machine Learning Applications,1707,Computer Vision and Pattern Recognition,17,Computer Science,3,Physical Sciences,69614,734774,34,10,2024-01-23T15:27:11,2026-09-22T03:01:44
T12847,Healthcare Systems and Challenges,3600,General Health Professions,36,Health Professions,4,Health Sciences,69602,108930,49,10,2024-01-23T15:27:15,2026-09-22T03:01:44
T12513,Rocket and propulsion systems research,2202,Aerospace Engineering,22,Engineering,3,Physical Sciences,69540,275910,43,10,2024-01-23T15:27:14,2026-09-22T03:01:44
T12714,Youth Education and Societal Dynamics,3312,Sociology and Political Science,33,Social Sciences,2,Social Sciences,69486,541012,223,10,2024-01-23T15:27:15,2026-09-22T03:01:44
T10482,Mathematical and Theoretical Epidemiology and Ecology Models,2739,"Public Health, Environmental and Occupational Health",27,Medicine,4,Health Sciences,69458,1071159,53,10,2024-01-23T15:27:06,2026-09-22T03:01:44
T11709,Traditional Chinese Medicine Analysis,2707,Complementary and alternative medicine,27,Medicine,4,Health Sciences,69454,350600,19,10,2024-01-23T15:27:11,2026-09-22T03:01:44
T11531,Healthcare Systems and Reforms,2003,Finance,20,"Economics, Econometrics and Finance",2,Social Sciences,69435,469771,15,10,2024-01-23T15:27:10,2026-09-22T03:01:44
T11497,Interprofessional Education and Collaboration,3600,General Health Professions,36,Health Professions,4,Health Sciences,69413,461601,49,10,2024-01-23T15:27:10,2026-09-22T03:01:44
T12445,Twentieth Century Scientific Developments,1207,History and Philosophy of Science,12,Arts and Humanities,2,Social Sciences,69398,104904,18,10,2024-01-23T15:27:14,2026-09-22T03:01:44
T10228,Multilevel Inverters and Converters,2208,Electrical and Electronic Engineering,22,Engineering,3,Physical Sciences,69377,1018092,116,10,2024-01-23T15:27:05,2026-09-22T03:01:44
T10610,Advanced Cellulose Research Studies,2502,Biomaterials,25,Materials Science,3,Physical Sciences,69366,1772512,12,10,2024-01-23T15:27:07,2026-09-22T03:01:44
T14110,Islamic Studies and Radicalism,3312,Sociology and Political Science,33,Social Sciences,2,Social Sciences,69363,145532,223,10,2024-01-23T15:27:21,2026-09-22T03:01:44
T10924,Cardiovascular Health and Disease Prevention,2705,Cardiology and Cardiovascular Medicine,27,Medicine,4,Health Sciences,69361,1267356,28,10,2024-01-23T15:27:08,2026-09-22T03:01:44
T11622,Maritime Navigation and Safety,2212,Ocean Engineering,22,Engineering,3,Physical Sciences,69304,284489,22,10,2024-01-23T15:27:11,2026-09-22T03:01:44
T12986,Administrative Law and Governance,3320,Political Science and International Relations,33,Social Sciences,2,Social Sciences,69303,21089,117,10,2024-01-23T15:27:16,2026-09-22T03:01:44
T12232,"Yersinia bacterium, plague, ectoparasites research",1311,Genetics,13,"Biochemistry, Genetics and Molecular Biology",1,Life Sciences,69263,540221,39,10,2024-01-23T15:27:13,2026-09-22T03:01:44
T11438,Retinal Imaging and Analysis,2741,"Radiology, Nuclear Medicine and Imaging",27,Medicine,4,Health Sciences,69243,730659,29,10,2024-01-23T15:27:10,2026-09-22T03:01:44
T10484,Wood Treatment and Properties,2215,Building and Construction,22,Engineering,3,Physical Sciences,69224,472017,21,10,2024-01-23T15:27:06,2026-09-22T03:01:44
T11509,Hip and Femur Fractures,2746,Surgery,27,Medicine,4,Health Sciences,69198,682851,95,10,2024-01-23T15:27:10,2026-09-22T03:01:44
T10795,Healthcare professionals’ stress and burnout,3600,General Health Professions,36,Health Professions,4,Health Sciences,69145,1161874,49,10,2024-01-23T15:27:08,2026-09-22T03:01:44
T11934,Syphilis Diagnosis and Treatment,2737,Physiology,27,Medicine,4,Health Sciences,69102,361311,29,10,2024-01-23T15:27:12,2026-09-22T03:01:44
T10576,Opioid Use Disorder Treatment,2739,"Public Health, Environmental and Occupational Health",27,Medicine,4,Health Sciences,69065,956197,53,10,2024-01-23T15:27:07,2026-09-22T03:01:44
T12113,Growth and nutrition in plants,1110,Plant Science,11,Agricultural and Biological Sciences,1,Life Sciences,69018,219652,89,10,2024-01-23T15:27:13,2026-09-22T03:01:44
T12019,Calibration and Measurement Techniques,2202,Aerospace Engineering,22,Engineering,3,Physical Sciences,68998,402093,43,10,2024-01-23T15:27:12,2026-09-22T03:01:44
T10369,Advanced MEMS and NEMS Technologies,2208,Electrical and Electronic Engineering,22,Engineering,3,Physical Sciences,68995,675054,116,10,2024-01-23T15:27:06,2026-09-22T03:01:44
T12047,Viral Infections and Vectors,2725,Infectious Diseases,27,Medicine,4,Health Sciences,68993,850113,20,10,2024-01-23T15:27:12,2026-09-22T03:01:44
T11519,Digital Mental Health Interventions,3202,Applied Psychology,32,Psychology,2,Social Sciences,68951,713234,6,10,2024-01-23T15:27:10,2026-09-22T03:01:44
T11053,Process Optimization and Integration,2207,Control and Systems Engineering,22,Engineering,3,Physical Sciences,68941,756783,43,10,2024-01-23T15:27:09,2026-09-22T03:01:44
T11903,Private Equity and Venture Capital,1402,Accounting,14,"Business, Management and Accounting",2,Social Sciences,68905,583256,21,10,2024-01-23T15:27:12,2026-09-22T03:01:44
T13359,Sports Science and Education,1207,History and Philosophy of Science,12,Arts and Humanities,2,Social Sciences,68853,77404,18,10,2024-01-23T15:27:18,2026-09-22T03:01:44
T10460,Electronic Packaging and Soldering Technologies,2208,Electrical and Electronic Engineering,22,Engineering,3,Physical Sciences,68766,607273,116,10,2024-01-23T15:27:06,2026-09-22T03:01:44
T11366,Elasticity and Material Modeling,2204,Biomedical Engineering,22,Engineering,3,Physical Sciences,68766,883052,71,10,2024-01-23T15:27:10,2026-09-22T03:01:44
T10615,Granular flow and fluidized beds,2206,Computational Mechanics,22,Engineering,3,Physical Sciences,68735,1145110,29,10,2024-01-23T15:27:07,2026-09-22T03:01:44
T10571,Robotic Mechanisms and Dynamics,2207,Control and Systems Engineering,22,Engineering,3,Physical Sciences,68720,750530,43,10,2024-01-23T15:27:07,2026-09-22T03:01:44
T10766,Urban Heat Island Mitigation,2305,Environmental Engineering,23,Environmental Science,3,Physical Sciences,68699,1269945,18,10,2024-01-23T15:27:08,2026-09-22T03:01:44
T11072,Peroxisome Proliferator-Activated Receptors,1312,Molecular Biology,13,"Biochemistry, Genetics and Molecular Biology",1,Life Sciences,68678,1731196,134,10,2024-01-23T15:27:09,2026-09-22T03:01:44
T10819,Mercury impact and mitigation studies,2307,"Health, Toxicology and Mutagenesis",23,Environmental Science,3,Physical Sciences,68654,1451881,15,10,2024-01-23T15:27:08,2026-09-22T03:01:44
T12784,Modular Robots and Swarm Intelligence,2210,Mechanical Engineering,22,Engineering,3,Physical Sciences,68649,452237,78,10,2024-01-23T15:27:15,2026-09-22T03:01:44
T11117,Drug-Induced Adverse Reactions,2736,Pharmacology,27,Medicine,4,Health Sciences,68592,634483,21,10,2024-01-23T15:27:09,2026-09-22T03:01:44
T10687,Innovative concrete reinforcement materials,2205,Civil and Structural Engineering,22,Engineering,3,Physical Sciences,68525,865361,41,10,2024-01-23T15:27:07,2026-09-22T03:01:44
T11619,Combustion and Detonation Processes,2202,Aerospace Engineering,22,Engineering,3,Physical Sciences,68523,621967,43,10,2024-01-23T15:27:11,2026-09-22T03:01:44
T10686,Effects and risks of endocrine disrupting chemicals,2307,"Health, Toxicology and Mutagenesis",23,Environmental Science,3,Physical Sciences,68513,1582596,15,10,2024-01-23T15:27:07,2026-09-22T03:01:44
T10666,Photonic Crystals and Applications,3107,"Atomic and Molecular Physics, and Optics",31,Physics and Astronomy,3,Physical Sciences,68406,1050129,36,10,2024-01-23T15:27:07,2026-09-22T03:01:44
T12579,Muon and positron interactions and applications,2211,Mechanics of Materials,22,Engineering,3,Physical Sciences,68382,364733,28,10,2024-01-23T15:27:14,2026-09-22T03:01:44
T11100,Intermetallics and Advanced Alloy Properties,2210,Mechanical Engineering,22,Engineering,3,Physical Sciences,68365,766857,78,10,2024-01-23T15:27:09,2026-09-22T03:01:44
T11343,Power Transformer Diagnostics and Insulation,2208,Electrical and Electronic Engineering,22,Engineering,3,Physical Sciences,68327,328750,116,10,2024-01-23T15:27:10,2026-09-22T03:01:44
T14404,European Socioeconomic and Political Studies,2002,Economics and Econometrics,20,"Economics, Econometrics and Finance",2,Social Sciences,68184,62061,78,10,2024-01-23T15:27:22,2026-09-22T03:01:44
T12128,AI in Service Interactions,1702,Artificial Intelligence,17,Computer Science,3,Physical Sciences,68138,463464,76,10,2024-01-23T15:27:13,2026-09-22T03:01:44
T11207,Alcohol Consumption and Health Effects,2734,Pathology and Forensic Medicine,27,Medicine,4,Health Sciences,68116,1205551,22,10,2024-01-23T15:27:09,2026-09-22T03:01:44
T11789,Land Rights and Reforms,1111,Soil Science,11,Agricultural and Biological Sciences,1,Life Sciences,68104,435278,11,10,2024-01-23T15:27:11,2026-09-22T03:01:44
T11033,Contact Dermatitis and Allergies,2708,Dermatology,27,Medicine,4,Health Sciences,68086,765322,12,10,2024-01-23T15:27:09,2026-09-22T03:01:44
T11183,Advanced X-ray Imaging Techniques,3108,Radiation,31,Physics and Astronomy,3,Physical Sciences,68086,610730,5,10,2024-01-23T15:27:09,2026-09-22T03:01:44
T10846,Photonic Crystal and Fiber Optics,2208,Electrical and Electronic Engineering,22,Engineering,3,Physical Sciences,68063,437795,116,10,2024-01-23T15:27:08,2026-09-22T03:01:44
T11013,Skin Protection and Aging,2708,Dermatology,27,Medicine,4,Health Sciences,68062,916659,12,10,2024-01-23T15:27:09,2026-09-22T03:01:44
T14487,Science and Science Education,3320,Political Science and International Relations,33,Social Sciences,2,Social Sciences,67780,48711,117,10,2024-01-23T15:27:22,2026-09-22T03:01:44
T10464,Crystal structures of chemical compounds,1604,Inorganic Chemistry,16,Chemistry,3,Physical Sciences,67745,223492,11,10,2024-01-23T15:27:06,2026-09-22T03:01:44
T11552,"Global trade, sustainability, and social impact",1408,Strategy and Management,14,"Business, Management and Accounting",2,Social Sciences,67696,534591,41,10,2024-01-23T15:27:11,2026-09-22T03:01:44
T11218,Hip disorders and treatments,2746,Surgery,27,Medicine,4,Health Sciences,67695,730926,95,10,2024-01-23T15:27:09,2026-09-22T03:01:44
T13575,Travel Writing and Literature,1202,History,12,Arts and Humanities,2,Social Sciences,67685,176921,43,10,2024-01-23T15:27:19,2026-09-22T03:01:44
T11022,Spectral Theory in Mathematical Physics,2610,Mathematical Physics,26,Mathematics,3,Physical Sciences,67524,555073,11,10,2024-01-23T15:27:09,2026-09-22T03:01:44
T10398,Groundwater and Isotope Geochemistry,1906,Geochemistry and Petrology,19,Earth and Planetary Sciences,3,Physical Sciences,67454,1350363,5,10,2024-01-23T15:27:06,2026-09-22T03:01:44
T10408,Chronic Kidney Disease and Diabetes,2727,Nephrology,27,Medicine,4,Health Sciences,67431,1409781,6,10,2024-01-23T15:27:06,2026-09-22T03:01:44
T10901,Advanced Data Compression Techniques,1707,Computer Vision and Pattern Recognition,17,Computer Science,3,Physical Sciences,67399,487866,34,10,2024-01-23T15:27:08,2026-09-22T03:01:44
T14137,"Agriculture, Soil, Plant Science",1105,"Ecology, Evolution, Behavior and Systematics",11,Agricultural and Biological Sciences,1,Life Sciences,67394,182854,32,10,2024-01-23T15:27:21,2026-09-22T03:01:44
T12281,Animal testing and alternatives,3404,Small Animals,34,Veterinary,4,Health Sciences,67379,563133,9,10,2024-01-23T15:27:13,2026-09-22T03:01:44
T14157,Environmental and Agricultural Sciences,2312,Water Science and Technology,23,Environmental Science,3,Physical Sciences,67375,103666,23,10,2024-01-23T15:27:21,2026-09-22T03:01:44
T14051,Regional Economic and Spatial Analysis,2002,Economics and Econometrics,20,"Economics, Econometrics and Finance",2,Social Sciences,67371,120120,78,10,2024-01-23T15:27:21,2026-09-22T03:01:44
T10585,Family Dynamics and Relationships,3317,Demography,33,Social Sciences,2,Social Sciences,67335,926535,26,10,2024-01-23T15:27:07,2026-09-22T03:01:44
T10540,Advanced Fluorescence Microscopy Techniques,1304,Biophysics,13,"Biochemistry, Genetics and Molecular Biology",1,Life Sciences,67298,1353863,5,10,2024-01-23T15:27:07,2026-09-22T03:01:44
T13534,"Migration, Identity, and Health",3312,Sociology and Political Science,33,Social Sciences,2,Social Sciences,67284,59080,223,10,2024-01-23T15:27:18,2026-09-22T03:01:44
T11651,Inhalation and Respiratory Drug Delivery,2740,Pulmonary and Respiratory Medicine,27,Medicine,4,Health Sciences,67171,966509,51,10,2024-01-23T15:27:11,2026-09-22T03:01:44
T12275,Gender and Feminist Studies,3318,Gender Studies,33,Social Sciences,2,Social Sciences,67167,57269,20,10,2024-01-23T15:27:13,2026-09-22T03:01:44
T12132,Hymenoptera taxonomy and phylogeny,1105,"Ecology, Evolution, Behavior and Systematics",11,Agricultural and Biological Sciences,1,Life Sciences,67163,135186,32,10,2024-01-23T15:27:13,2026-09-22T03:01:44
T10664,Sentiment Analysis and Opinion Mining,1702,Artificial Intelligence,17,Computer Science,3,Physical Sciences,67155,875820,76,10,2024-01-23T15:27:07,2026-09-22T03:01:44
T12386,Advanced X-ray and CT Imaging,2204,Biomedical Engineering,22,Engineering,3,Physical Sciences,67135,482959,71,10,2024-01-23T15:27:14,2026-09-22T03:01:44
T12792,Soil Management and Crop Yield,1111,Soil Science,11,Agricultural and Biological Sciences,1,Life Sciences,67091,336809,11,10,2024-01-23T15:27:15,2026-09-22T03:01:44
T10685,Viral-associated cancers and disorders,2730,Oncology,27,Medicine,4,Health Sciences,67088,1551653,33,10,2024-01-23T15:27:07,2026-09-22T03:01:44
T14208,"Death, Funerary Practices, and Mourning",3314,Anthropology,33,Social Sciences,2,Social Sciences,67073,20653,24,10,2024-01-23T15:27:21,2026-09-22T03:01:44
T11215,Chronic Myeloid Leukemia Treatments,2720,Hematology,27,Medicine,4,Health Sciences,67071,963314,11,10,2024-01-23T15:27:09,2026-09-22T03:01:44
T12305,Cassava research and cyanide,1110,Plant Science,11,Agricultural and Biological Sciences,1,Life Sciences,67067,480105,89,10,2024-01-23T15:27:13,2026-09-22T03:01:44
T10755,HER2/EGFR in Cancer Research,2730,Oncology,27,Medicine,4,Health Sciences,67029,1359598,33,10,2024-01-23T15:27:08,2026-09-22T03:01:44
T13551,Biochemical effects in animals,2737,Physiology,27,Medicine,4,Health Sciences,67000,672420,29,10,2024-01-23T15:27:18,2026-09-22T03:01:44
T11730,Autoimmune Bullous Skin Diseases,2734,Pathology and Forensic Medicine,27,Medicine,4,Health Sciences,66999,582409,22,10,2024-01-23T15:27:11,2026-09-22T03:01:44
T13330,"Theater, Performance, and Music History",1210,Music,12,Arts and Humanities,2,Social Sciences,66926,107272,4,10,2024-01-23T15:27:18,2026-09-22T03:01:44
T11957,Food Safety and Hygiene,1106,Food Science,11,Agricultural and Biological Sciences,1,Life Sciences,66858,367979,31,10,2024-01-23T15:27:12,2026-09-22T03:01:44
T13095,Plant-based Medicinal Research,3004,Pharmacology,30,"Pharmacology, Toxicology and Pharmaceutics",1,Life Sciences,66789,289503,14,10,2024-01-23T15:27:17,2026-09-22T03:01:44
T14306,Technology Assessment and Management,2213,"Safety, Risk, Reliability and Quality",22,Engineering,3,Physical Sciences,66745,257786,11,10,2024-01-23T15:27:22,2026-09-22T03:01:44
T11042,Corruption and Economic Development,3312,Sociology and Political Science,33,Social Sciences,2,Social Sciences,66726,675620,223,10,2024-01-23T15:27:09,2026-09-22T03:01:44
T11325,Inertial Sensor and Navigation,2202,Aerospace Engineering,22,Engineering,3,Physical Sciences,66710,363437,43,10,2024-01-23T15:27:10,2026-09-22T03:01:44
T13519,Historical Architecture and Urbanism,1202,History,12,Arts and Humanities,2,Social Sciences,66699,22292,43,10,2024-01-23T15:27:18,2026-09-22T03:01:44
T10736,Hydrogen embrittlement and corrosion behaviors in metals,2506,Metals and Alloys,25,Materials Science,3,Physical Sciences,66668,821207,0,10,2024-01-23T15:27:07,2026-09-22T03:01:44
T10256,Drug Solubulity and Delivery Systems,3003,Pharmaceutical Science,30,"Pharmacology, Toxicology and Pharmaceutics",1,Life Sciences,66666,1272325,4,10,2024-01-23T15:27:05,2026-09-22T03:01:44
T10689,Remote-Sensing Image Classification,2214,Media Technology,22,Engineering,3,Physical Sciences,66650,1295336,11,10,2024-01-23T15:27:07,2026-09-22T03:01:44
T10354,Catalytic C–H Functionalization Methods,1605,Organic Chemistry,16,Chemistry,3,Physical Sciences,66644,2161381,60,10,2024-01-23T15:27:06,2026-09-22T03:01:44
T14389,"Innovation, Technology, and Society",3312,Sociology and Political Science,33,Social Sciences,2,Social Sciences,66644,150239,223,10,2024-01-23T15:27:22,2026-09-22T03:01:44
T12617,"Energy, Environment, and Transportation Policies",2105,"Renewable Energy, Sustainability and the Environment",21,Energy,3,Physical Sciences,66598,549059,21,10,2024-01-23T15:27:15,2026-09-22T03:01:44
T10651,"IPv6, Mobility, Handover, Networks, Security",2208,Electrical and Electronic Engineering,22,Engineering,3,Physical Sciences,66586,410311,116,10,2024-01-23T15:27:07,2026-09-22T03:01:44
T11154,Parasitic infections in humans and animals,2734,Pathology and Forensic Medicine,27,Medicine,4,Health Sciences,66586,555888,22,10,2024-01-23T15:27:09,2026-09-22T03:01:44
T11140,Natural Antidiabetic Agents Studies,2712,"Endocrinology, Diabetes and Metabolism",27,Medicine,4,Health Sciences,66567,721894,17,10,2024-01-23T15:27:09,2026-09-22T03:01:44
T12964,"Diet, Metabolism, and Disease",2712,"Endocrinology, Diabetes and Metabolism",27,Medicine,4,Health Sciences,66499,942034,17,10,2024-01-23T15:27:16,2026-09-22T03:01:44
T10305,Power System Optimization and Stability,2208,Electrical and Electronic Engineering,22,Engineering,3,Physical Sciences,66496,839524,116,10,2024-01-23T15:27:06,2026-09-22T03:01:44
T11561,Protein Hydrolysis and Bioactive Peptides,1312,Molecular Biology,13,"Biochemistry, Genetics and Molecular Biology",1,Life Sciences,66483,1192855,134,10,2024-01-23T15:27:11,2026-09-22T03:01:44
T14181,Academic Freedom and Politics,3320,Political Science and International Relations,33,Social Sciences,2,Social Sciences,66467,115640,117,10,2024-01-23T15:27:21,2026-09-22T03:01:44
T12257,Bioactive natural compounds,1312,Molecular Biology,13,"Biochemistry, Genetics and Molecular Biology",1,Life Sciences,66458,225629,134,10,2024-01-23T15:27:13,2026-09-22T03:01:44
T10608,Neurogenesis and neuroplasticity mechanisms,2806,Developmental Neuroscience,28,Neuroscience,1,Life Sciences,66403,2245648,2,10,2024-01-23T15:27:07,2026-09-22T03:01:44
T11130,Coding theory and cryptography,1702,Artificial Intelligence,17,Computer Science,3,Physical Sciences,66359,671737,76,10,2024-01-23T15:27:09,2026-09-22T03:01:44
T11719,Data Quality and Management,1803,Management Science and Operations Research,18,Decision Sciences,2,Social Sciences,66320,419458,33,10,2024-01-23T15:27:11,2026-09-22T03:01:44
T13902,Indian History and Philosophy,1211,Philosophy,12,Arts and Humanities,2,Social Sciences,66319,216963,48,10,2024-01-23T15:27:20,2026-09-22T03:01:44
T13170,Discrimination and Equality Law,3308,Law,33,Social Sciences,2,Social Sciences,66315,74405,39,10,2024-01-23T15:27:17,2026-09-22T03:01:44
T12605,Berry genetics and cultivation research,1110,Plant Science,11,Agricultural and Biological Sciences,1,Life Sciences,66292,192075,89,10,2024-01-23T15:27:15,2026-09-22T03:01:44
T11894,Radiology practices and education,2741,"Radiology, Nuclear Medicine and Imaging",27,Medicine,4,Health Sciences,66284,293705,29,10,2024-01-23T15:27:12,2026-09-22T03:01:44
T11220,Water Systems and Optimization,2205,Civil and Structural Engineering,22,Engineering,3,Physical Sciences,66274,489460,41,10,2024-01-23T15:27:09,2026-09-22T03:01:44
T13978,Foreign Language Teaching Methods,3304,Education,33,Social Sciences,2,Social Sciences,66259,48362,136,10,2024-01-23T15:27:20,2026-09-22T03:01:44
T10806,Energetic Materials and Combustion,2211,Mechanics of Materials,22,Engineering,3,Physical Sciences,66172,707270,28,10,2024-01-23T15:27:08,2026-09-22T03:01:44
T14025,Educational Technology and Assessment,1710,Information Systems,17,Computer Science,3,Physical Sciences,66160,148133,77,10,2024-01-23T15:27:20,2026-09-22T03:01:44
T12563,History and Politics in Latin America,3317,Demography,33,Social Sciences,2,Social Sciences,66153,103224,26,10,2024-01-23T15:27:14,2026-09-22T03:01:44
T12067,Renal and Vascular Pathologies,2740,Pulmonary and Respiratory Medicine,27,Medicine,4,Health Sciences,66152,473144,51,10,2024-01-23T15:27:12,2026-09-22T03:01:44
T11979,Garlic and Onion Studies,1110,Plant Science,11,Agricultural and Biological Sciences,1,Life Sciences,66139,503722,89,10,2024-01-23T15:27:12,2026-09-22T03:01:44
T11665,Animal Vocal Communication and Behavior,1309,Developmental Biology,13,"Biochemistry, Genetics and Molecular Biology",1,Life Sciences,66123,1002347,1,10,2024-01-23T15:27:11,2026-09-22T03:01:44
T10593,Bacterial biofilms and quorum sensing,1312,Molecular Biology,13,"Biochemistry, Genetics and Molecular Biology",1,Life Sciences,66096,1710319,134,10,2024-01-23T15:27:07,2026-09-22T03:01:44
T10983,Aortic aneurysm repair treatments,2740,Pulmonary and Respiratory Medicine,27,Medicine,4,Health Sciences,66095,820328,51,10,2024-01-23T15:27:08,2026-09-22T03:01:44
T13101,Legal and Social Justice Studies,3308,Law,33,Social Sciences,2,Social Sciences,66070,74565,39,10,2024-01-23T15:27:17,2026-09-22T03:01:44
T14514,Medical Research and Practices,3608,Medical Terminology,36,Health Professions,4,Health Sciences,66060,48410,0,10,2024-01-23T15:27:22,2026-09-22T03:01:44
T12167,Bacterial Identification and Susceptibility Testing,1308,Clinical Biochemistry,13,"Biochemistry, Genetics and Molecular Biology",1,Life Sciences,66046,742901,3,10,2024-01-23T15:27:13,2026-09-22T03:01:44
T10770,Soil Geostatistics and Mapping,2305,Environmental Engineering,23,Environmental Science,3,Physical Sciences,66045,1075239,18,10,2024-01-23T15:27:08,2026-09-22T03:01:44
T11473,Appendicitis Diagnosis and Management,2711,Emergency Medicine,27,Medicine,4,Health Sciences,66041,473079,10,10,2024-01-23T15:27:10,2026-09-22T03:01:44
T10424,Electric Power System Optimization,2208,Electrical and Electronic Engineering,22,Engineering,3,Physical Sciences,66035,851284,116,10,2024-01-23T15:27:06,2026-09-22T03:01:44
T10842,Railway Engineering and Dynamics,2210,Mechanical Engineering,22,Engineering,3,Physical Sciences,66016,486073,78,10,2024-01-23T15:27:08,2026-09-22T03:01:44
T11185,Integrated Energy Systems Optimization,2208,Electrical and Electronic Engineering,22,Engineering,3,Physical Sciences,65994,673498,116,10,2024-01-23T15:27:09,2026-09-22T03:01:44
T11689,Adversarial Robustness in Machine Learning,1702,Artificial Intelligence,17,Computer Science,3,Physical Sciences,65981,559173,76,10,2024-01-23T15:27:11,2026-09-22T03:01:44
T11477,"Epistemology, Ethics, and Metaphysics",1211,Philosophy,12,Arts and Humanities,2,Social Sciences,65975,766593,48,10,2024-01-23T15:27:10,2026-09-22T03:01:44
T11293,Orthopedic Infections and Treatments,2746,Surgery,27,Medicine,4,Health Sciences,65949,779265,95,10,2024-01-23T15:27:10,2026-09-22T03:01:44
T10782,Nanoplatforms for cancer theranostics,2204,Biomedical Engineering,22,Engineering,3,Physical Sciences,65911,2003176,71,10,2024-01-23T15:27:08,2026-09-22T03:01:44
T12825,"Defense, Military, and Policy Studies",2002,Economics and Econometrics,20,"Economics, Econometrics and Finance",2,Social Sciences,65890,242532,78,10,2024-01-23T15:27:15,2026-09-22T03:01:44
T11669,Head and Neck Surgical Oncology,2746,Surgery,27,Medicine,4,Health Sciences,65850,555492,95,10,2024-01-23T15:27:11,2026-09-22T03:01:44
T11386,Bee Products Chemical Analysis,1109,Insect Science,11,Agricultural and Biological Sciences,1,Life Sciences,65841,768577,13,10,2024-01-23T15:27:10,2026-09-22T03:01:44
T11994,Human Resource Development and Performance Evaluation,3202,Applied Psychology,32,Psychology,2,Social Sciences,65836,613711,6,10,2024-01-23T15:27:12,2026-09-22T03:01:44
T11577,Cognitive Abilities and Testing,3205,Experimental and Cognitive Psychology,32,Psychology,2,Social Sciences,65810,1262602,23,10,2024-01-23T15:27:11,2026-09-22T03:01:44
T11380,Child Welfare and Adoption,3311,Safety Research,33,Social Sciences,2,Social Sciences,65760,539266,18,10,2024-01-23T15:27:10,2026-09-22T03:01:44
T13539,thermodynamics and calorimetric analyses,1606,Physical and Theoretical Chemistry,16,Chemistry,3,Physical Sciences,65750,513532,7,10,2024-01-23T15:27:18,2026-09-22T03:01:44
T11310,Connective tissue disorders research,1311,Genetics,13,"Biochemistry, Genetics and Molecular Biology",1,Life Sciences,65709,871704,39,10,2024-01-23T15:27:10,2026-09-22T03:01:44
T13891,Engineering Diagnostics and Reliability,2211,Mechanics of Materials,22,Engineering,3,Physical Sciences,65701,120673,28,10,2024-01-23T15:27:20,2026-09-22T03:01:44
T10849,Finite Group Theory Research,2607,Discrete Mathematics and Combinatorics,26,Mathematics,3,Physical Sciences,65699,451035,3,10,2024-01-23T15:27:08,2026-09-22T03:01:44
T13268,Photographic and Visual Arts,1209,Museology,12,Arts and Humanities,2,Social Sciences,65698,23407,8,10,2024-01-23T15:27:17,2026-09-22T03:01:44
T11337,Tryptophan and brain disorders,2803,Biological Psychiatry,28,Neuroscience,1,Life Sciences,65697,1490500,0,10,2024-01-23T15:27:10,2026-09-22T03:01:44
T13176,Winter Sports Injuries and Performance,2740,Pulmonary and Respiratory Medicine,27,Medicine,4,Health Sciences,65687,161404,51,10,2024-01-23T15:27:17,2026-09-22T03:01:44
T11950,Cardiovascular Syncope and Autonomic Disorders,2746,Surgery,27,Medicine,4,Health Sciences,65671,513009,95,10,2024-01-23T15:27:12,2026-09-22T03:01:44
T10621,Gene Regulatory Network Analysis,1312,Molecular Biology,13,"Biochemistry, Genetics and Molecular Biology",1,Life Sciences,65666,1106349,134,10,2024-01-23T15:27:07,2026-09-22T03:01:44
T11021,ECG Monitoring and Analysis,2705,Cardiology and Cardiovascular Medicine,27,Medicine,4,Health Sciences,65656,586751,28,10,2024-01-23T15:27:09,2026-09-22T03:01:44
T14446,Civil and Geotechnical Engineering Research,2200,General Engineering,22,Engineering,3,Physical Sciences,65620,42214,0,10,2024-01-23T15:27:22,2026-09-22T03:01:44
T10491,Enhanced Oil Recovery Techniques,2212,Ocean Engineering,22,Engineering,3,Physical Sciences,65556,967853,22,10,2024-01-23T15:27:06,2026-09-22T03:01:44
T11680,Advanced Algebra and Geometry,2610,Mathematical Physics,26,Mathematics,3,Physical Sciences,65537,598152,11,10,2024-01-23T15:27:11,2026-09-22T03:01:44
T11870,Structural Analysis and Optimization,2205,Civil and Structural Engineering,22,Engineering,3,Physical Sciences,65527,482618,41,10,2024-01-23T15:27:12,2026-09-22T03:01:44
T10751,Forensic and Genetic Research,1311,Genetics,13,"Biochemistry, Genetics and Molecular Biology",1,Life Sciences,65515,800300,39,10,2024-01-23T15:27:07,2026-09-22T03:01:44
T14459,Synthesis and Reactions of Organic Compounds,1605,Organic Chemistry,16,Chemistry,3,Physical Sciences,65464,341766,60,10,2024-01-23T15:27:22,2026-09-22T03:01:44
T10905,Solar Thermal and Photovoltaic Systems,2105,"Renewable Energy, Sustainability and the Environment",21,Energy,3,Physical Sciences,65405,838145,21,10,2024-01-23T15:27:08,2026-09-22T03:01:44
T11642,Genomics and Rare Diseases,1311,Genetics,13,"Biochemistry, Genetics and Molecular Biology",1,Life Sciences,65403,825413,39,10,2024-01-23T15:27:11,2026-09-22T03:01:44
T10483,Nerve injury and regeneration,2804,Cellular and Molecular Neuroscience,28,Neuroscience,1,Life Sciences,65401,2282067,12,10,2024-01-23T15:27:06,2026-09-22T03:01:44
T11194,Ocular Diseases and Behçet’s Syndrome,2731,Ophthalmology,27,Medicine,4,Health Sciences,65375,681178,11,10,2024-01-23T15:27:09,2026-09-22T03:01:44
T12450,Radio Astronomy Observations and Technology,3103,Astronomy and Astrophysics,31,Physics and Astronomy,3,Physical Sciences,65305,342971,20,10,2024-01-23T15:27:14,2026-09-22T03:01:44
T13161,Ideological and Political Education,3304,Education,33,Social Sciences,2,Social Sciences,65305,23288,136,10,2024-01-23T15:27:17,2026-09-22T03:01:44
T12987,Religion and Society in Latin America,3312,Sociology and Political Science,33,Social Sciences,2,Social Sciences,65235,60778,223,10,2024-01-23T15:27:16,2026-09-22T03:01:44
T10735,Mesoporous Materials and Catalysis,2505,Materials Chemistry,25,Materials Science,3,Physical Sciences,65226,1521624,68,10,2024-01-23T15:27:07,2026-09-22T03:01:44
T12438,Urticaria and Related Conditions,2745,Rheumatology,27,Medicine,4,Health Sciences,65200,352389,23,10,2024-01-23T15:27:14,2026-09-22T03:01:44
T11192,Underwater Vehicles and Communication Systems,2212,Ocean Engineering,22,Engineering,3,Physical Sciences,65180,518434,22,10,2024-01-23T15:27:09,2026-09-22T03:01:44
T13316,"Crafts, Textile, and Design",1209,Museology,12,Arts and Humanities,2,Social Sciences,65179,107705,8,10,2024-01-23T15:27:18,2026-09-22T03:01:44
T11713,Genital Health and Disease,2746,Surgery,27,Medicine,4,Health Sciences,65164,425864,95,10,2024-01-23T15:27:11,2026-09-22T03:01:44
T11717,Postcolonial and Cultural Literary Studies,1208,Literature and Literary Theory,12,Arts and Humanities,2,Social Sciences,65139,270746,52,10,2024-01-23T15:27:11,2026-09-22T03:01:44
T10872,Veterinary Equine Medical Research,3402,Equine,34,Veterinary,4,Health Sciences,65118,657632,0,10,2024-01-23T15:27:08,2026-09-22T03:01:44
T12821,Geological Formations and Processes Exploration,1908,Geophysics,19,Earth and Planetary Sciences,3,Physical Sciences,65113,229891,9,10,2024-01-23T15:27:15,2026-09-22T03:01:44
T11538,Ophthalmology and Eye Disorders,2734,Pathology and Forensic Medicine,27,Medicine,4,Health Sciences,65092,565869,22,10,2024-01-23T15:27:10,2026-09-22T03:01:44
T13914,European Cultural and National Identity,3312,Sociology and Political Science,33,Social Sciences,2,Social Sciences,65087,46731,223,10,2024-01-23T15:27:20,2026-09-22T03:01:44
T13894,Indian Economic and Social Development,2002,Economics and Econometrics,20,"Economics, Econometrics and Finance",2,Social Sciences,65072,202321,78,10,2024-01-23T15:27:20,2026-09-22T03:01:44
T11886,Agricultural risk and resilience,1111,Soil Science,11,Agricultural and Biological Sciences,1,Life Sciences,65061,534070,11,10,2024-01-23T15:27:12,2026-09-22T03:01:44
T12864,Psychoanalysis and Social Critique,3316,Cultural Studies,33,Social Sciences,2,Social Sciences,65057,146510,37,10,2024-01-23T15:27:16,2026-09-22T03:01:44
T13073,China's Ethnic Minorities and Relations,3312,Sociology and Political Science,33,Social Sciences,2,Social Sciences,65057,109374,223,10,2024-01-23T15:27:16,2026-09-22T03:01:44
T11967,Electrolyte and hormonal disorders,2740,Pulmonary and Respiratory Medicine,27,Medicine,4,Health Sciences,65024,697666,51,10,2024-01-23T15:27:12,2026-09-22T03:01:44
T11984,Anatomy and Medical Technology,2204,Biomedical Engineering,22,Engineering,3,Physical Sciences,64973,398380,71,10,2024-01-23T15:27:12,2026-09-22T03:01:44
T10315,Decision-Making and Behavioral Economics,1800,General Decision Sciences,18,Decision Sciences,2,Social Sciences,64942,2065853,1,10,2024-01-23T15:27:06,2026-09-22T03:01:44
T10587,Autophagy in Disease and Therapy,2713,Epidemiology,27,Medicine,4,Health Sciences,64915,2576710,41,10,2024-01-23T15:27:07,2026-09-22T03:01:44
T10884,Holomorphic and Operator Theory,2604,Applied Mathematics,26,Mathematics,3,Physical Sciences,64905,388336,16,10,2024-01-23T15:27:08,2026-09-22T03:01:44
T10739,Electromagnetic Scattering and Analysis,3107,"Atomic and Molecular Physics, and Optics",31,Physics and Astronomy,3,Physical Sciences,64890,638122,36,10,2024-01-23T15:27:07,2026-09-22T03:01:44
T11234,Precipitation Measurement and Analysis,1902,Atmospheric Science,19,Earth and Planetary Sciences,3,Physical Sciences,64887,629046,12,10,2024-01-23T15:27:09,2026-09-22T03:01:44
T10934,Heat shock proteins research,1312,Molecular Biology,13,"Biochemistry, Genetics and Molecular Biology",1,Life Sciences,64844,1945261,134,10,2024-01-23T15:27:08,2026-09-22T03:01:44
T11407,Innovative Microfluidic and Catalytic Techniques Innovation,2204,Biomedical Engineering,22,Engineering,3,Physical Sciences,64844,1012675,71,10,2024-01-23T15:27:10,2026-09-22T03:01:44
T11511,Dyeing and Modifying Textile Fibers,2215,Building and Construction,22,Engineering,3,Physical Sciences,64824,437332,21,10,2024-01-23T15:27:10,2026-09-22T03:01:44
T10474,Material Dynamics and Properties,2505,Materials Chemistry,25,Materials Science,3,Physical Sciences,64798,1751643,68,10,2024-01-23T15:27:06,2026-09-22T03:01:44
T10854,Bipolar Disorder and Treatment,2738,Psychiatry and Mental health,27,Medicine,4,Health Sciences,64782,1328766,15,10,2024-01-23T15:27:08,2026-09-22T03:01:44
T10216,"Migration, Refugees, and Integration",3312,Sociology and Political Science,33,Social Sciences,2,Social Sciences,64772,690190,223,10,2024-01-23T15:27:05,2026-09-22T03:01:44
T12191,Chemical Reaction Mechanisms,1605,Organic Chemistry,16,Chemistry,3,Physical Sciences,64752,717569,60,10,2024-01-23T15:27:13,2026-09-22T03:01:44
T14232,Water Resource Management and Quality,2312,Water Science and Technology,23,Environmental Science,3,Physical Sciences,64743,36192,23,10,2024-01-23T15:27:21,2026-09-22T03:01:44
T11935,"Literacy, Media, and Education",1208,Literature and Literary Theory,12,Arts and Humanities,2,Social Sciences,64716,385208,52,10,2024-01-23T15:27:12,2026-09-22T03:01:44
T12006,Ergonomics and Musculoskeletal Disorders,3207,Social Psychology,32,Psychology,2,Social Sciences,64637,380014,51,10,2024-01-23T15:27:12,2026-09-22T03:01:44
T12164,Education Practices and Challenges,1211,Philosophy,12,Arts and Humanities,2,Social Sciences,64577,148554,48,10,2024-01-23T15:27:13,2026-09-22T03:01:44
T11547,Sesquiterpenes and Asteraceae Studies,1306,Cancer Research,13,"Biochemistry, Genetics and Molecular Biology",1,Life Sciences,64527,257520,12,10,2024-01-23T15:27:11,2026-09-22T03:01:44
T10582,Ethics in Clinical Research,2739,"Public Health, Environmental and Occupational Health",27,Medicine,4,Health Sciences,64498,701015,53,10,2024-01-23T15:27:07,2026-09-22T03:01:44
T11294,Infant Nutrition and Health,2916,Nutrition and Dietetics,29,Nursing,4,Health Sciences,64431,1130989,16,10,2024-01-23T15:27:10,2026-09-22T03:01:44
T11668,interferon and immune responses,2403,Immunology,24,Immunology and Microbiology,1,Life Sciences,64427,1308347,25,10,2024-01-23T15:27:11,2026-09-22T03:01:44
T14343,Hispanic-African Historical Relations,1212,Religious studies,12,Arts and Humanities,2,Social Sciences,64408,51794,14,10,2024-01-23T15:27:22,2026-09-22T03:01:44
T11521,Salivary Gland Disorders and Functions,2737,Physiology,27,Medicine,4,Health Sciences,64367,771332,29,10,2024-01-23T15:27:10,2026-09-22T03:01:44
T10480,Ionic liquids properties and applications,1503,Catalysis,15,Chemical Engineering,3,Physical Sciences,64365,1985031,3,10,2024-01-23T15:27:06,2026-09-22T03:01:44
T10524,Traffic control and management,2207,Control and Systems Engineering,22,Engineering,3,Physical Sciences,64357,817270,43,10,2024-01-23T15:27:06,2026-09-22T03:01:44
T11364,Cholangiocarcinoma and Gallbladder Cancer Studies,2746,Surgery,27,Medicine,4,Health Sciences,64351,749789,95,10,2024-01-23T15:27:10,2026-09-22T03:01:44
T14258,Legal and Policy Issues,3308,Law,33,Social Sciences,2,Social Sciences,64349,54293,39,10,2024-01-23T15:27:21,2026-09-22T03:01:44
T11721,Blood properties and coagulation,2740,Pulmonary and Respiratory Medicine,27,Medicine,4,Health Sciences,64347,1076811,51,10,2024-01-23T15:27:11,2026-09-22T03:01:44
T10714,Software-Defined Networks and 5G,1705,Computer Networks and Communications,17,Computer Science,3,Physical Sciences,64318,665527,42,10,2024-01-23T15:27:07,2026-09-22T03:01:44
T14288,"Law, Rights, and Freedoms",3312,Sociology and Political Science,33,Social Sciences,2,Social Sciences,64308,128640,223,10,2024-01-23T15:27:22,2026-09-22T03:01:44
T10284,Anaerobic Digestion and Biogas Production,2215,Building and Construction,22,Engineering,3,Physical Sciences,64286,1281994,21,10,2024-01-23T15:27:05,2026-09-22T03:01:44
T10813,Sport Psychology and Performance,3204,Developmental and Educational Psychology,32,Psychology,2,Social Sciences,64278,581612,19,10,2024-01-23T15:27:08,2026-09-22T03:01:44
T11404,Irrigation Practices and Water Management,1111,Soil Science,11,Agricultural and Biological Sciences,1,Life Sciences,64261,575728,11,10,2024-01-23T15:27:10,2026-09-22T03:01:44
T12436,Agronomic Practices and Intercropping Systems,1102,Agronomy and Crop Science,11,Agricultural and Biological Sciences,1,Life Sciences,64224,543143,10,10,2024-01-23T15:27:14,2026-09-22T03:01:44
T10363,Low-power high-performance VLSI design,2208,Electrical and Electronic Engineering,22,Engineering,3,Physical Sciences,64218,652636,116,10,2024-01-23T15:27:06,2026-09-22T03:01:44
T13509,Accounting and Financial Management,1402,Accounting,14,"Business, Management and Accounting",2,Social Sciences,64194,36560,21,10,2024-01-23T15:27:18,2026-09-22T03:01:44
T11098,Seed Germination and Physiology,1110,Plant Science,11,Agricultural and Biological Sciences,1,Life Sciences,64181,741616,89,10,2024-01-23T15:27:09,2026-09-22T03:01:44
T11902,Intelligent Tutoring Systems and Adaptive Learning,1702,Artificial Intelligence,17,Computer Science,3,Physical Sciences,64165,483511,76,10,2024-01-23T15:27:12,2026-09-22T03:01:44
T11748,Organophosphorus compounds synthesis,1605,Organic Chemistry,16,Chemistry,3,Physical Sciences,64126,433233,60,10,2024-01-23T15:27:11,2026-09-22T03:01:44
T11584,Biochemical Analysis and Sensing Techniques,2916,Nutrition and Dietetics,29,Nursing,4,Health Sciences,64107,1268673,16,10,2024-01-23T15:27:11,2026-09-22T03:01:44
T12094,Hemoglobin structure and function,1307,Cell Biology,13,"Biochemistry, Genetics and Molecular Biology",1,Life Sciences,64099,1353248,16,10,2024-01-23T15:27:13,2026-09-22T03:01:44
T11862,"Agriculture, Land Use, Rural Development",1100,General Agricultural and Biological Sciences,11,Agricultural and Biological Sciences,1,Life Sciences,64085,488017,19,10,2024-01-23T15:27:12,2026-09-22T03:01:44
T12037,Algebraic and Geometric Analysis,2604,Applied Mathematics,26,Mathematics,3,Physical Sciences,64060,360619,16,10,2024-01-23T15:27:12,2026-09-22T03:01:44
T12029,DNA and Biological Computing,1312,Molecular Biology,13,"Biochemistry, Genetics and Molecular Biology",1,Life Sciences,63992,264491,134,10,2024-01-23T15:27:12,2026-09-22T03:01:44
T10946,Radioactivity and Radon Measurements,3614,Radiological and Ultrasound Technology,36,Health Professions,4,Health Sciences,63983,590017,2,10,2024-01-23T15:27:08,2026-09-22T03:01:44
T11621,Fiscal Policies and Political Economy,2002,Economics and Econometrics,20,"Economics, Econometrics and Finance",2,Social Sciences,63972,459824,78,10,2024-01-23T15:27:11,2026-09-22T03:01:44
T10437,Educational theories and practices,3304,Education,33,Social Sciences,2,Social Sciences,63879,80801,136,10,2024-01-23T15:27:06,2026-09-22T03:01:44
T11071,Treatment of Major Depression,2736,Pharmacology,27,Medicine,4,Health Sciences,63790,1415278,21,10,2024-01-23T15:27:09,2026-09-22T03:01:44
T11806,Service-Learning and Community Engagement,3304,Education,33,Social Sciences,2,Social Sciences,63755,372261,136,10,2024-01-23T15:27:11,2026-09-22T03:01:44
T12824,Infections and bacterial resistance,1310,Endocrinology,13,"Biochemistry, Genetics and Molecular Biology",1,Life Sciences,63747,176999,6,10,2024-01-23T15:27:15,2026-09-22T03:01:44
T10958,Ultrasound and Hyperthermia Applications,2204,Biomedical Engineering,22,Engineering,3,Physical Sciences,63736,917257,71,10,2024-01-23T15:27:08,2026-09-22T03:01:44
T11131,Proteoglycans and glycosaminoglycans research,1307,Cell Biology,13,"Biochemistry, Genetics and Molecular Biology",1,Life Sciences,63732,1721599,16,10,2024-01-23T15:27:09,2026-09-22T03:01:44
T14049,Plant and Fungal Species Descriptions,1312,Molecular Biology,13,"Biochemistry, Genetics and Molecular Biology",1,Life Sciences,63731,234629,134,10,2024-01-23T15:27:21,2026-09-22T03:01:44
T11252,Evolutionary Game Theory and Cooperation,3312,Sociology and Political Science,33,Social Sciences,2,Social Sciences,63726,1490236,223,10,2024-01-23T15:27:09,2026-09-22T03:01:44
T13194,ICT in Developing Communities,1710,Information Systems,17,Computer Science,3,Physical Sciences,63675,181007,77,10,2024-01-23T15:27:17,2026-09-22T03:01:44
T11882,Plant biochemistry and biosynthesis,1312,Molecular Biology,13,"Biochemistry, Genetics and Molecular Biology",1,Life Sciences,63635,1173556,134,10,2024-01-23T15:27:12,2026-09-22T03:01:44
T12561,bioluminescence and chemiluminescence research,1312,Molecular Biology,13,"Biochemistry, Genetics and Molecular Biology",1,Life Sciences,63628,756780,134,10,2024-01-23T15:27:14,2026-09-22T03:01:44
T14199,Historical and Scientific Studies,2734,Pathology and Forensic Medicine,27,Medicine,4,Health Sciences,63605,76280,22,10,2024-01-23T15:27:21,2026-09-22T03:01:44
T11437,Digital Platforms and Economics,1408,Strategy and Management,14,"Business, Management and Accounting",2,Social Sciences,63591,628942,41,10,2024-01-23T15:27:10,2026-09-22T03:01:44
T12979,Cardiovascular Disease and Adiposity,2705,Cardiology and Cardiovascular Medicine,27,Medicine,4,Health Sciences,63587,473081,28,10,2024-01-23T15:27:16,2026-09-22T03:01:44
T10769,BRCA gene mutations in cancer,1311,Genetics,13,"Biochemistry, Genetics and Molecular Biology",1,Life Sciences,63556,996333,39,10,2024-01-23T15:27:08,2026-09-22T03:01:44
T12881,linguistics and terminology studies,1203,Language and Linguistics,12,Arts and Humanities,2,Social Sciences,63556,213353,19,10,2024-01-23T15:27:16,2026-09-22T03:01:44
T10945,Lysosomal Storage Disorders Research,2737,Physiology,27,Medicine,4,Health Sciences,63548,1083630,29,10,2024-01-23T15:27:08,2026-09-22T03:01:44
T11699,High-Velocity Impact and Material Behavior,2505,Materials Chemistry,25,Materials Science,3,Physical Sciences,63523,712720,68,10,2024-01-23T15:27:11,2026-09-22T03:01:44
T11166,Analytic Number Theory Research,2602,Algebra and Number Theory,26,Mathematics,3,Physical Sciences,63516,271178,4,10,2024-01-23T15:27:09,2026-09-22T03:01:44
T11454,Cultural Differences and Values,3207,Social Psychology,32,Psychology,2,Social Sciences,63504,1683210,51,10,2024-01-23T15:27:10,2026-09-22T03:01:44
T12918,Healthcare Systems and Technology,1407,Organizational Behavior and Human Resource Management,14,"Business, Management and Accounting",2,Social Sciences,63410,199546,29,10,2024-01-23T15:27:16,2026-09-22T03:01:44
T11449,Mechanical and Optical Resonators,3107,"Atomic and Molecular Physics, and Optics",31,Physics and Astronomy,3,Physical Sciences,63383,901051,36,10,2024-01-23T15:27:10,2026-09-22T03:01:44
T12068,Neonatal Health and Biochemistry,2735,"Pediatrics, Perinatology and Child Health",27,Medicine,4,Health Sciences,63379,658950,19,10,2024-01-23T15:27:12,2026-09-22T03:01:44
T11843,Family Business Performance and Succession,1407,Organizational Behavior and Human Resource Management,14,"Business, Management and Accounting",2,Social Sciences,63360,677274,29,10,2024-01-23T15:27:12,2026-09-22T03:01:44
T14172,Cultural and Social Studies in Latin America,1208,Literature and Literary Theory,12,Arts and Humanities,2,Social Sciences,63353,55153,52,10,2024-01-23T15:27:21,2026-09-22T03:01:44
T12099,Advanced materials and composites,2210,Mechanical Engineering,22,Engineering,3,Physical Sciences,63337,663380,78,10,2024-01-23T15:27:13,2026-09-22T03:01:44
T13160,Synthesis and Biological Evaluation,1605,Organic Chemistry,16,Chemistry,3,Physical Sciences,63277,628571,60,10,2024-01-23T15:27:17,2026-09-22T03:01:44
T11981,Qualitative Research Methods and Ethics,3312,Sociology and Political Science,33,Social Sciences,2,Social Sciences,63264,984884,223,10,2024-01-23T15:27:12,2026-09-22T03:01:44
T12044,Advanced Physical and Chemical Molecular Interactions,1606,Physical and Theoretical Chemistry,16,Chemistry,3,Physical Sciences,63264,698025,7,10,2024-01-23T15:27:12,2026-09-22T03:01:44
T11906,"Gender, Sexuality, and Education",3318,Gender Studies,33,Social Sciences,2,Social Sciences,63257,68513,20,10,2024-01-23T15:27:12,2026-09-22T03:01:44
T13915,Public Health in Brazil,3312,Sociology and Political Science,33,Social Sciences,2,Social Sciences,63241,98843,223,10,2024-01-23T15:27:20,2026-09-22T03:01:44
T11694,Fluid Dynamics Simulations and Interactions,2206,Computational Mechanics,22,Engineering,3,Physical Sciences,63240,680790,29,10,2024-01-23T15:27:11,2026-09-22T03:01:44
T11824,Injury Epidemiology and Prevention,2739,"Public Health, Environmental and Occupational Health",27,Medicine,4,Health Sciences,63191,438722,53,10,2024-01-23T15:27:12,2026-09-22T03:01:44
T10242,Posttraumatic Stress Disorder Research,3203,Clinical Psychology,32,Psychology,2,Social Sciences,63185,1562337,37,10,2024-01-23T15:27:05,2026-09-22T03:01:44
T11061,Ocean Waves and Remote Sensing,1910,Oceanography,19,Earth and Planetary Sciences,3,Physical Sciences,63170,737590,8,10,2024-01-23T15:27:09,2026-09-22T03:01:44
T12722,Innovation Policy and R&D,2002,Economics and Econometrics,20,"Economics, Econometrics and Finance",2,Social Sciences,63156,434335,78,10,2024-01-23T15:27:15,2026-09-22T03:01:44
T12130,Contemporary Literature and Criticism,1208,Literature and Literary Theory,12,Arts and Humanities,2,Social Sciences,63129,231512,52,10,2024-01-23T15:27:13,2026-09-22T03:01:44
T10680,Wind Energy Research and Development,2202,Aerospace Engineering,22,Engineering,3,Physical Sciences,63070,725618,43,10,2024-01-23T15:27:07,2026-09-22T03:01:44
T11314,Clinical Laboratory Practices and Quality Control,2737,Physiology,27,Medicine,4,Health Sciences,63069,432363,29,10,2024-01-23T15:27:10,2026-09-22T03:01:44
T11161,Consumer Market Behavior and Pricing,1406,Marketing,14,"Business, Management and Accounting",2,Social Sciences,63041,991848,14,10,2024-01-23T15:27:09,2026-09-22T03:01:44
T11630,Petroleum Processing and Analysis,1602,Analytical Chemistry,16,Chemistry,3,Physical Sciences,63039,691488,6,10,2024-01-23T15:27:11,2026-09-22T03:01:44
T13395,"Education, Leadership, and Health Research",3304,Education,33,Social Sciences,2,Social Sciences,63002,30742,136,10,2024-01-23T15:27:18,2026-09-22T03:01:44
T10881,Blood Coagulation and Thrombosis Mechanisms,2720,Hematology,27,Medicine,4,Health Sciences,62907,1351076,11,10,2024-01-23T15:27:08,2026-09-22T03:01:44
T12963,Anesthesia and Neurotoxicity Research,2806,Developmental Neuroscience,28,Neuroscience,1,Life Sciences,62906,571524,2,10,2024-01-23T15:27:16,2026-09-22T03:01:44
T11666,Color Science and Applications,3107,"Atomic and Molecular Physics, and Optics",31,Physics and Astronomy,3,Physical Sciences,62819,438356,36,10,2024-01-23T15:27:11,2026-09-22T03:01:44
T10653,Robot Manipulation and Learning,2207,Control and Systems Engineering,22,Engineering,3,Physical Sciences,62798,702107,43,10,2024-01-23T15:27:07,2026-09-22T03:01:44
T11489,Air Traffic Management and Optimization,2202,Aerospace Engineering,22,Engineering,3,Physical Sciences,62747,255722,43,10,2024-01-23T15:27:10,2026-09-22T03:01:44
T10295,Plasmonic and Surface Plasmon Research,2204,Biomedical Engineering,22,Engineering,3,Physical Sciences,62736,1273730,71,10,2024-01-23T15:27:06,2026-09-22T03:01:44
T11816,Nursing Roles and Practices,3600,General Health Professions,36,Health Professions,4,Health Sciences,62727,274309,49,10,2024-01-23T15:27:12,2026-09-22T03:01:44
T13538,Linguistics and Language Analysis,1203,Language and Linguistics,12,Arts and Humanities,2,Social Sciences,62722,82443,19,10,2024-01-23T15:27:18,2026-09-22T03:01:44
T11054,Adrenal and Paraganglionic Tumors,2746,Surgery,27,Medicine,4,Health Sciences,62708,646305,95,10,2024-01-23T15:27:09,2026-09-22T03:01:44
T11304,Advanced Neuroimaging Techniques and Applications,2741,"Radiology, Nuclear Medicine and Imaging",27,Medicine,4,Health Sciences,62705,1617056,29,10,2024-01-23T15:27:10,2026-09-22T03:01:44
T10646,Experimental Behavioral Economics Studies,3311,Safety Research,33,Social Sciences,2,Social Sciences,62704,1442909,18,10,2024-01-23T15:27:07,2026-09-22T03:01:44
T10328,Supply Chain and Inventory Management,1404,Management Information Systems,14,"Business, Management and Accounting",2,Social Sciences,62692,1088537,15,10,2024-01-23T15:27:06,2026-09-22T03:01:44
T12300,Advanced Electrical Measurement Techniques,2208,Electrical and Electronic Engineering,22,Engineering,3,Physical Sciences,62674,184074,116,10,2024-01-23T15:27:13,2026-09-22T03:01:44
T12306,Urban and Freight Transport Logistics,2215,Building and Construction,22,Engineering,3,Physical Sciences,62648,265575,21,10,2024-01-23T15:27:13,2026-09-22T03:01:44
T12906,Surgical Sutures and Adhesives,2746,Surgery,27,Medicine,4,Health Sciences,62583,307221,95,10,2024-01-23T15:27:16,2026-09-22T03:01:44
T11559,Retinoids in leukemia and cellular processes,1312,Molecular Biology,13,"Biochemistry, Genetics and Molecular Biology",1,Life Sciences,62578,1309589,134,10,2024-01-23T15:27:11,2026-09-22T03:01:44
T10853,"Anxiety, Depression, Psychometrics, Treatment, Cognitive Processes",3205,Experimental and Cognitive Psychology,32,Psychology,2,Social Sciences,62548,1986801,23,10,2024-01-23T15:27:08,2026-09-22T03:01:44
T12908,"Media, Gender, and Advertising",3318,Gender Studies,33,Social Sciences,2,Social Sciences,62529,316240,20,10,2024-01-23T15:27:16,2026-09-22T03:01:44
T13692,Italian Social Issues and Migration,3312,Sociology and Political Science,33,Social Sciences,2,Social Sciences,62526,49056,223,10,2024-01-23T15:27:19,2026-09-22T03:01:44
T12858,Plant Disease Resistance and Genetics,1110,Plant Science,11,Agricultural and Biological Sciences,1,Life Sciences,62519,601418,89,10,2024-01-23T15:27:16,2026-09-22T03:01:44
T10684,Acute Kidney Injury Research,2727,Nephrology,27,Medicine,4,Health Sciences,62508,1206807,6,10,2024-01-23T15:27:07,2026-09-22T03:01:44
T13533,Medical Case Reports and Studies,2746,Surgery,27,Medicine,4,Health Sciences,62483,98823,95,10,2024-01-23T15:27:18,2026-09-22T03:01:44
T14167,Consumer behavior in food and health,3312,Sociology and Political Science,33,Social Sciences,2,Social Sciences,62462,42116,223,10,2024-01-23T15:27:21,2026-09-22T03:01:44
T13103,Middle East Politics and Society,3312,Sociology and Political Science,33,Social Sciences,2,Social Sciences,62440,135310,223,10,2024-01-23T15:27:17,2026-09-22T03:01:44
T14406,Multidisciplinary Science and Engineering Research,1804,"Statistics, Probability and Uncertainty",18,Decision Sciences,2,Social Sciences,62396,79265,8,10,2024-01-23T15:27:22,2026-09-22T03:01:44
T11683,Quantum and Classical Electrodynamics,3107,"Atomic and Molecular Physics, and Optics",31,Physics and Astronomy,3,Physical Sciences,62393,252567,36,10,2024-01-23T15:27:11,2026-09-22T03:01:44
T12698,3D Modeling in Geospatial Applications,2215,Building and Construction,22,Engineering,3,Physical Sciences,62386,202908,21,10,2024-01-23T15:27:15,2026-09-22T03:01:44
T14392,Geoscience and Mining Technology,2213,"Safety, Risk, Reliability and Quality",22,Engineering,3,Physical Sciences,62381,94488,11,10,2024-01-23T15:27:22,2026-09-22T03:01:44
T11956,Sexual Differentiation and Disorders,1312,Molecular Biology,13,"Biochemistry, Genetics and Molecular Biology",1,Life Sciences,62350,686094,134,10,2024-01-23T15:27:12,2026-09-22T03:01:44
T13473,Economic Zones and Regional Development,2000,"General Economics, Econometrics and Finance",20,"Economics, Econometrics and Finance",2,Social Sciences,62293,134367,11,10,2024-01-23T15:27:18,2026-09-22T03:01:44
T13142,GABA and Rice Research,1110,Plant Science,11,Agricultural and Biological Sciences,1,Life Sciences,62280,499183,89,10,2024-01-23T15:27:17,2026-09-22T03:01:44
T14509,demographic modeling and climate adaptation,1803,Management Science and Operations Research,18,Decision Sciences,2,Social Sciences,62261,232160,33,10,2024-01-23T15:27:22,2026-09-22T03:01:44
T13705,Australian Indigenous Culture and History,3314,Anthropology,33,Social Sciences,2,Social Sciences,62225,145883,24,10,2024-01-23T15:27:19,2026-09-22T03:01:44
T13560,Socioeconomic Development in MENA,3312,Sociology and Political Science,33,Social Sciences,2,Social Sciences,62207,173703,223,10,2024-01-23T15:27:19,2026-09-22T03:01:44
T13546,Census and Population Estimation,2613,Statistics and Probability,26,Mathematics,3,Physical Sciences,62206,278952,19,10,2024-01-23T15:27:18,2026-09-22T03:01:44
T12397,Critical Theory and Philosophy,3312,Sociology and Political Science,33,Social Sciences,2,Social Sciences,62191,519568,223,10,2024-01-23T15:27:14,2026-09-22T03:01:44
T11400,Motivation and Self-Concept in Sports,3207,Social Psychology,32,Psychology,2,Social Sciences,62180,1317815,51,10,2024-01-23T15:27:10,2026-09-22T03:01:44
T11064,Antiplatelet Therapy and Cardiovascular Diseases,2705,Cardiology and Cardiovascular Medicine,27,Medicine,4,Health Sciences,62158,926936,28,10,2024-01-23T15:27:09,2026-09-22T03:01:44
T13393,Child Nutrition and Feeding Issues,2738,Psychiatry and Mental health,27,Medicine,4,Health Sciences,62133,366782,15,10,2024-01-23T15:27:18,2026-09-22T03:01:44
T10639,Advanced Software Engineering Methodologies,1702,Artificial Intelligence,17,Computer Science,3,Physical Sciences,62071,686305,76,10,2024-01-23T15:27:07,2026-09-22T03:01:44
T10968,Statistical Distribution Estimation and Applications,2613,Statistics and Probability,26,Mathematics,3,Physical Sciences,62002,789797,19,10,2024-01-23T15:27:08,2026-09-22T03:01:44
T14472,Environmental and Cultural Studies in Latin America and Beyond,2303,Ecology,23,Environmental Science,3,Physical Sciences,61959,159119,32,10,2024-01-23T15:27:22,2026-09-22T03:01:44
T11151,Advanced Topology and Set Theory,2608,Geometry and Topology,26,Mathematics,3,Physical Sciences,61953,406707,10,10,2024-01-23T15:27:09,2026-09-22T03:01:44
T12222,IoT-based Smart Home Systems,2208,Electrical and Electronic Engineering,22,Engineering,3,Physical Sciences,61946,200666,116,10,2024-01-23T15:27:13,2026-09-22T03:01:44
T12264,Tissue Engineering and Regenerative Medicine,2746,Surgery,27,Medicine,4,Health Sciences,61876,947818,95,10,2024-01-23T15:27:13,2026-09-22T03:01:44
T14480,Historical Education and Society,3304,Education,33,Social Sciences,2,Social Sciences,61817,31803,136,10,2024-01-23T15:27:22,2026-09-22T03:01:44
T13270,QR Code Applications and Technologies,1710,Information Systems,17,Computer Science,3,Physical Sciences,61758,41022,77,10,2024-01-23T15:27:17,2026-09-22T03:01:44
T11286,Polyoxometalates: Synthesis and Applications,2505,Materials Chemistry,25,Materials Science,3,Physical Sciences,61755,954640,68,10,2024-01-23T15:27:10,2026-09-22T03:01:44
T11503,Cytokine Signaling Pathways and Interactions,2730,Oncology,27,Medicine,4,Health Sciences,61693,1594510,33,10,2024-01-23T15:27:10,2026-09-22T03:01:44
T12827,Biochemical and Molecular Research,1312,Molecular Biology,13,"Biochemistry, Genetics and Molecular Biology",1,Life Sciences,61669,1060169,134,10,2024-01-23T15:27:15,2026-09-22T03:01:44
T12159,T-cell and Retrovirus Studies,2403,Immunology,24,Immunology and Microbiology,1,Life Sciences,61653,993503,25,10,2024-01-23T15:27:13,2026-09-22T03:01:44
T10855,Amyotrophic Lateral Sclerosis Research,2728,Neurology,27,Medicine,4,Health Sciences,61580,1472759,21,10,2024-01-23T15:27:08,2026-09-22T03:01:44
T12815,Management and Organizational Practices,1408,Strategy and Management,14,"Business, Management and Accounting",2,Social Sciences,61486,59057,41,10,2024-01-23T15:27:15,2026-09-22T03:01:44
T11529,Refrigeration and Air Conditioning Technologies,2210,Mechanical Engineering,22,Engineering,3,Physical Sciences,61478,413527,78,10,2024-01-23T15:27:10,2026-09-22T03:01:44
T12680,Cultural and Mythological Studies,1200,General Arts and Humanities,12,Arts and Humanities,2,Social Sciences,61470,27436,3,10,2024-01-23T15:27:15,2026-09-22T03:01:44
T11358,Dysphagia Assessment and Management,3616,Speech and Hearing,36,Health Professions,4,Health Sciences,61456,650148,9,10,2024-01-23T15:27:10,2026-09-22T03:01:44
T11057,Cardiac Ischemia and Reperfusion,2734,Pathology and Forensic Medicine,27,Medicine,4,Health Sciences,61448,1214001,22,10,2024-01-23T15:27:09,2026-09-22T03:01:44
T10169,Protein Kinase Regulation and GTPase Signaling,1312,Molecular Biology,13,"Biochemistry, Genetics and Molecular Biology",1,Life Sciences,61400,1853919,134,10,2024-01-23T15:27:05,2026-09-22T03:01:44
T10966,Liver physiology and pathology,2721,Hepatology,27,Medicine,4,Health Sciences,61390,1302350,5,10,2024-01-23T15:27:08,2026-09-22T03:01:44
T11265,Aging and Gerontology Research,3206,Neuropsychology and Physiological Psychology,32,Psychology,2,Social Sciences,61369,737241,1,10,2024-01-23T15:27:10,2026-09-22T03:01:44
T12893,Organic Chemistry Cycloaddition Reactions,1605,Organic Chemistry,16,Chemistry,3,Physical Sciences,61254,522311,60,10,2024-01-23T15:27:16,2026-09-22T03:01:44
T12403,Seed and Plant Biochemistry,1106,Food Science,11,Agricultural and Biological Sciences,1,Life Sciences,61243,375538,31,10,2024-01-23T15:27:14,2026-09-22T03:01:44
T10869,Polysaccharides and Plant Cell Walls,1110,Plant Science,11,Agricultural and Biological Sciences,1,Life Sciences,61235,1582368,89,10,2024-01-23T15:27:08,2026-09-22T03:01:44
T11267,Abdominal Trauma and Injuries,2746,Surgery,27,Medicine,4,Health Sciences,61213,482571,95,10,2024-01-23T15:27:10,2026-09-22T03:01:44
T11345,Cognitive and developmental aspects of mathematical skills,2613,Statistics and Probability,26,Mathematics,3,Physical Sciences,61137,970233,19,10,2024-01-23T15:27:10,2026-09-22T03:01:44
T10411,Proteins in Food Systems,1106,Food Science,11,Agricultural and Biological Sciences,1,Life Sciences,61110,1706099,31,10,2024-01-23T15:27:06,2026-09-22T03:01:44
T10462,Reinforcement Learning in Robotics,1702,Artificial Intelligence,17,Computer Science,3,Physical Sciences,61063,769880,76,10,2024-01-23T15:27:06,2026-09-22T03:01:44
T12431,Sugarcane Cultivation and Processing,1110,Plant Science,11,Agricultural and Biological Sciences,1,Life Sciences,60999,249562,89,10,2024-01-23T15:27:14,2026-09-22T03:01:44
T14400,Medical Coding and Health Information,3605,Health Information Management,36,Health Professions,4,Health Sciences,60974,279012,11,10,2024-01-23T15:27:22,2026-09-22T03:01:44
T10767,Advanced Photonic Communication Systems,2208,Electrical and Electronic Engineering,22,Engineering,3,Physical Sciences,60945,303725,116,10,2024-01-23T15:27:08,2026-09-22T03:01:44
T13086,Post-Soviet Geopolitical Dynamics,3320,Political Science and International Relations,33,Social Sciences,2,Social Sciences,60918,162323,117,10,2024-01-23T15:27:16,2026-09-22T03:01:44
T11282,Fibromyalgia and Chronic Fatigue Syndrome Research,2738,Psychiatry and Mental health,27,Medicine,4,Health Sciences,60909,911494,15,10,2024-01-23T15:27:10,2026-09-22T03:01:44
T12524,Chemical Synthesis and Characterization,2311,Waste Management and Disposal,23,Environmental Science,3,Physical Sciences,60817,666189,8,10,2024-01-23T15:27:14,2026-09-22T03:01:44
T10194,Nonlinear Partial Differential Equations,2604,Applied Mathematics,26,Mathematics,3,Physical Sciences,60813,667923,16,10,2024-01-23T15:27:05,2026-09-22T03:01:44
T11067,Colorectal Cancer Treatments and Studies,2730,Oncology,27,Medicine,4,Health Sciences,60807,882428,33,10,2024-01-23T15:27:09,2026-09-22T03:01:44
T13108,Therapeutic Uses of Natural Elements,3603,Complementary and Manual Therapy,36,Health Professions,4,Health Sciences,60751,155898,1,10,2024-01-23T15:27:17,2026-09-22T03:01:44
T12853,Historical Geography and Geographical Thought,3305,"Geography, Planning and Development",33,Social Sciences,2,Social Sciences,60667,134476,14,10,2024-01-23T15:27:16,2026-09-22T03:01:44
T11978,Soil Mechanics and Vehicle Dynamics,2205,Civil and Structural Engineering,22,Engineering,3,Physical Sciences,60662,334907,41,10,2024-01-23T15:27:12,2026-09-22T03:01:44
T12971,Material Properties and Processing,2211,Mechanics of Materials,22,Engineering,3,Physical Sciences,60659,268450,28,10,2024-01-23T15:27:16,2026-09-22T03:01:44
T11542,Behavioral Health and Interventions,3202,Applied Psychology,32,Psychology,2,Social Sciences,60653,1954411,6,10,2024-01-23T15:27:11,2026-09-22T03:01:44
T13729,Korean Urban and Social Studies,2308,"Management, Monitoring, Policy and Law",23,Environmental Science,3,Physical Sciences,60652,66183,33,10,2024-01-23T15:27:19,2026-09-22T03:01:44
T12594,Collaboration in agile enterprises,1405,Management of Technology and Innovation,14,"Business, Management and Accounting",2,Social Sciences,60649,241238,15,10,2024-01-23T15:27:15,2026-09-22T03:01:44
T11989,Oxidative Organic Chemistry Reactions,1605,Organic Chemistry,16,Chemistry,3,Physical Sciences,60641,919773,60,10,2024-01-23T15:27:12,2026-09-22T03:01:44
T12559,French Literature and Critical Theory,1208,Literature and Literary Theory,12,Arts and Humanities,2,Social Sciences,60599,24939,52,10,2024-01-23T15:27:14,2026-09-22T03:01:44
T11327,Acupuncture Treatment Research Studies,2707,Complementary and alternative medicine,27,Medicine,4,Health Sciences,60597,401193,19,10,2024-01-23T15:27:10,2026-09-22T03:01:44
T10210,Advanced oxidation water treatment,2312,Water Science and Technology,23,Environmental Science,3,Physical Sciences,60572,2014221,23,10,2024-01-23T15:27:05,2026-09-22T03:01:44
T12489,Microbial Metabolites in Food Biotechnology,2916,Nutrition and Dietetics,29,Nursing,4,Health Sciences,60545,839560,16,10,2024-01-23T15:27:14,2026-09-22T03:01:44
T11423,Pesticide Residue Analysis and Safety,1106,Food Science,11,Agricultural and Biological Sciences,1,Life Sciences,60430,641721,31,10,2024-01-23T15:27:10,2026-09-22T03:01:44
T14393,"Health, Environment, Cognitive Aging",2307,"Health, Toxicology and Mutagenesis",23,Environmental Science,3,Physical Sciences,60411,386938,15,10,2024-01-23T15:27:22,2026-09-22T03:01:44
T12801,Bluetooth and Wireless Communication Technologies,1705,Computer Networks and Communications,17,Computer Science,3,Physical Sciences,60395,105337,42,10,2024-01-23T15:27:15,2026-09-22T03:01:44
T10530,Magnesium Alloys: Properties and Applications,2502,Biomaterials,25,Materials Science,3,Physical Sciences,60393,1325854,12,10,2024-01-23T15:27:06,2026-09-22T03:01:44
T10996,Computational Geometry and Mesh Generation,1704,Computer Graphics and Computer-Aided Design,17,Computer Science,3,Physical Sciences,60361,731614,3,10,2024-01-23T15:27:09,2026-09-22T03:01:44
T10917,Smart Grid Security and Resilience,2207,Control and Systems Engineering,22,Engineering,3,Physical Sciences,60284,591603,43,10,2024-01-23T15:27:08,2026-09-22T03:01:44
T11297,Ferroptosis and cancer prognosis,2740,Pulmonary and Respiratory Medicine,27,Medicine,4,Health Sciences,60276,810527,51,10,2024-01-23T15:27:10,2026-09-22T03:01:44
T10456,Multi-Agent Systems and Negotiation,1702,Artificial Intelligence,17,Computer Science,3,Physical Sciences,60265,566491,76,10,2024-01-23T15:27:06,2026-09-22T03:01:44
T10495,Catalysts for Methane Reforming,1503,Catalysis,15,Chemical Engineering,3,Physical Sciences,60260,1245014,3,10,2024-01-23T15:27:06,2026-09-22T03:01:44
T12421,Adrenal Hormones and Disorders,2712,"Endocrinology, Diabetes and Metabolism",27,Medicine,4,Health Sciences,60195,569049,17,10,2024-01-23T15:27:14,2026-09-22T03:01:44
T10850,Heat Transfer and Boiling Studies,2210,Mechanical Engineering,22,Engineering,3,Physical Sciences,60194,798957,78,10,2024-01-23T15:27:08,2026-09-22T03:01:44
T10656,Child and Animal Learning Development,3204,Developmental and Educational Psychology,32,Psychology,2,Social Sciences,60180,1785542,19,10,2024-01-23T15:27:07,2026-09-22T03:01:44
T12271,Renewable energy and sustainable power systems,2105,"Renewable Energy, Sustainability and the Environment",21,Energy,3,Physical Sciences,60145,84316,21,10,2024-01-23T15:27:13,2026-09-22T03:01:44
T10777,Politics and Society in Latin America,3320,Political Science and International Relations,33,Social Sciences,2,Social Sciences,60110,315754,117,10,2024-01-23T15:27:08,2026-09-22T03:01:44
T11585,Exercise and Physiological Responses,2742,Rehabilitation,27,Medicine,4,Health Sciences,60084,821469,6,10,2024-01-23T15:27:11,2026-09-22T03:01:44
T12050,Optical Polarization and Ellipsometry,2204,Biomedical Engineering,22,Engineering,3,Physical Sciences,60083,313602,71,10,2024-01-23T15:27:12,2026-09-22T03:01:44
T13294,Livestock and Poultry Management,1103,Animal Science and Zoology,11,Agricultural and Biological Sciences,1,Life Sciences,60073,215672,7,10,2024-01-23T15:27:17,2026-09-22T03:01:44
T11750,Phytoplasmas and Hemiptera pathogens,1110,Plant Science,11,Agricultural and Biological Sciences,1,Life Sciences,60043,349701,89,10,2024-01-23T15:27:11,2026-09-22T03:01:44
T10233,Geotechnical Engineering and Soil Mechanics,2205,Civil and Structural Engineering,22,Engineering,3,Physical Sciences,60039,762512,41,10,2024-01-23T15:27:05,2026-09-22T03:01:44
T11551,Infective Endocarditis Diagnosis and Management,2713,Epidemiology,27,Medicine,4,Health Sciences,60015,574482,41,10,2024-01-23T15:27:11,2026-09-22T03:01:44
T12882,Jungian Analytical Psychology,3207,Social Psychology,32,Psychology,2,Social Sciences,59986,86967,51,10,2024-01-23T15:27:16,2026-09-22T03:01:44
T11351,Catalysis and Hydrodesulfurization Studies,2210,Mechanical Engineering,22,Engineering,3,Physical Sciences,59981,932181,78,10,2024-01-23T15:27:10,2026-09-22T03:01:44
T11208,Lignin and Wood Chemistry,2204,Biomedical Engineering,22,Engineering,3,Physical Sciences,59964,1084567,71,10,2024-01-23T15:27:09,2026-09-22T03:01:44
T12361,Study of Mite Species,1105,"Ecology, Evolution, Behavior and Systematics",11,Agricultural and Biological Sciences,1,Life Sciences,59897,205460,32,10,2024-01-23T15:27:14,2026-09-22T03:01:44
T14470,Advanced Data Processing Techniques,2207,Control and Systems Engineering,22,Engineering,3,Physical Sciences,59849,206196,43,10,2024-01-23T15:27:22,2026-09-22T03:01:44
T14521,Medicinal Plant Research,1110,Plant Science,11,Agricultural and Biological Sciences,1,Life Sciences,59836,120719,89,10,2024-01-23T15:27:22,2026-09-22T03:01:44
T13010,Agriculture and Agroindustry Studies,1100,General Agricultural and Biological Sciences,11,Agricultural and Biological Sciences,1,Life Sciences,59826,74725,19,10,2024-01-23T15:27:16,2026-09-22T03:01:44
T11864,Supply Chain Resilience and Risk Management,1408,Strategy and Management,14,"Business, Management and Accounting",2,Social Sciences,59787,617609,41,10,2024-01-23T15:27:12,2026-09-22T03:01:44
T13450,Turkish Literature and Culture,1208,Literature and Literary Theory,12,Arts and Humanities,2,Social Sciences,59773,21910,52,10,2024-01-23T15:27:18,2026-09-22T03:01:44
T11650,Skin and Cellular Biology Research,1307,Cell Biology,13,"Biochemistry, Genetics and Molecular Biology",1,Life Sciences,59768,915696,16,10,2024-01-23T15:27:11,2026-09-22T03:01:44
T11461,Local Government Finance and Decentralization,3320,Political Science and International Relations,33,Social Sciences,2,Social Sciences,59746,520272,117,10,2024-01-23T15:27:10,2026-09-22T03:01:44
T14401,"Technology, Environment, Urban Planning",1211,Philosophy,12,Arts and Humanities,2,Social Sciences,59727,34841,48,10,2024-01-23T15:27:22,2026-09-22T03:01:44
T10912,Telemedicine and Telehealth Implementation,2739,"Public Health, Environmental and Occupational Health",27,Medicine,4,Health Sciences,59702,521785,53,10,2024-01-23T15:27:08,2026-09-22T03:01:44
T11982,Rhetoric and Communication Studies,1211,Philosophy,12,Arts and Humanities,2,Social Sciences,59674,408052,48,10,2024-01-23T15:27:12,2026-09-22T03:01:44
T10545,Optimization and Variational Analysis,1703,Computational Theory and Mathematics,17,Computer Science,3,Physical Sciences,59568,757101,23,10,2024-01-23T15:27:07,2026-09-22T03:01:44
T12244,Healthcare Education and Workforce Issues,2911,Leadership and Management,29,Nursing,4,Health Sciences,59567,126078,0,10,2024-01-23T15:27:13,2026-09-22T03:01:44
T10324,Microbial bioremediation and biosurfactants,2310,Pollution,23,Environmental Science,3,Physical Sciences,59554,1312071,10,10,2024-01-23T15:27:06,2026-09-22T03:01:44
T10775,Generative Adversarial Networks and Image Synthesis,1707,Computer Vision and Pattern Recognition,17,Computer Science,3,Physical Sciences,59528,886763,34,10,2024-01-23T15:27:08,2026-09-22T03:01:44
T11768,Music Therapy and Health,3207,Social Psychology,32,Psychology,2,Social Sciences,59493,406484,51,10,2024-01-23T15:27:11,2026-09-22T03:01:44
T11368,Long-Term Effects of COVID-19,2728,Neurology,27,Medicine,4,Health Sciences,59471,719916,21,10,2024-01-23T15:27:10,2026-09-22T03:01:44
T11968,High Altitude and Hypoxia,1311,Genetics,13,"Biochemistry, Genetics and Molecular Biology",1,Life Sciences,59464,479911,39,10,2024-01-23T15:27:12,2026-09-22T03:01:44
T10490,Orbital Angular Momentum in Optics,3107,"Atomic and Molecular Physics, and Optics",31,Physics and Astronomy,3,Physical Sciences,59455,1013382,36,10,2024-01-23T15:27:06,2026-09-22T03:01:44
T14003,Labor Law and Work Dynamics,3320,Political Science and International Relations,33,Social Sciences,2,Social Sciences,59399,21360,117,10,2024-01-23T15:27:20,2026-09-22T03:01:44
T11649,Pharmaceutical industry and healthcare,3004,Pharmacology,30,"Pharmacology, Toxicology and Pharmaceutics",1,Life Sciences,59389,335344,14,10,2024-01-23T15:27:11,2026-09-22T03:01:44
T13674,Computer Science and Engineering,1702,Artificial Intelligence,17,Computer Science,3,Physical Sciences,59366,59613,76,10,2024-01-23T15:27:19,2026-09-22T03:01:44
T13191,Dispute Resolution and Class Actions,1408,Strategy and Management,14,"Business, Management and Accounting",2,Social Sciences,59291,60697,41,10,2024-01-23T15:27:17,2026-09-22T03:01:44
T11435,Polynomial and algebraic computation,1703,Computational Theory and Mathematics,17,Computer Science,3,Physical Sciences,59286,368706,23,10,2024-01-23T15:27:10,2026-09-22T03:01:44
T11302,CO2 Sequestration and Geologic Interactions,2305,Environmental Engineering,23,Environmental Science,3,Physical Sciences,59240,695465,18,10,2024-01-23T15:27:10,2026-09-22T03:01:44
T11273,Advanced Graph Neural Networks,1702,Artificial Intelligence,17,Computer Science,3,Physical Sciences,59187,573528,76,10,2024-01-23T15:27:10,2026-09-22T03:01:44
T13574,Family Support in Illness,3312,Sociology and Political Science,33,Social Sciences,2,Social Sciences,59184,433951,223,10,2024-01-23T15:27:19,2026-09-22T03:01:44
T10980,Vascular Malformations and Hemangiomas,2746,Surgery,27,Medicine,4,Health Sciences,59180,491333,95,10,2024-01-23T15:27:08,2026-09-22T03:01:44
T12448,Paranormal Experiences and Beliefs,3207,Social Psychology,32,Psychology,2,Social Sciences,59149,308994,51,10,2024-01-23T15:27:14,2026-09-22T03:01:44
T11011,Frailty in Older Adults,2717,Geriatrics and Gerontology,27,Medicine,4,Health Sciences,59146,970058,2,10,2024-01-23T15:27:09,2026-09-22T03:01:44
T11779,Higher Education and Employability,3304,Education,33,Social Sciences,2,Social Sciences,59139,336219,136,10,2024-01-23T15:27:11,2026-09-22T03:01:44
T11062,Gear and Bearing Dynamics Analysis,2210,Mechanical Engineering,22,Engineering,3,Physical Sciences,59112,477510,78,10,2024-01-23T15:27:09,2026-09-22T03:01:44
T11196,Non-Invasive Vital Sign Monitoring,2204,Biomedical Engineering,22,Engineering,3,Physical Sciences,59068,577991,71,10,2024-01-23T15:27:09,2026-09-22T03:01:44
T11339,"Metabolism, Diabetes, and Cancer",1312,Molecular Biology,13,"Biochemistry, Genetics and Molecular Biology",1,Life Sciences,58929,1633134,134,10,2024-01-23T15:27:10,2026-09-22T03:01:44
T11389,Maternal and fetal healthcare,2735,"Pediatrics, Perinatology and Child Health",27,Medicine,4,Health Sciences,58906,523555,19,10,2024-01-23T15:27:10,2026-09-22T03:01:44
T10249,Distributed Control Multi-Agent Systems,1705,Computer Networks and Communications,17,Computer Science,3,Physical Sciences,58884,1144867,42,10,2024-01-23T15:27:05,2026-09-22T03:01:44
T11305,"Amyloidosis: Diagnosis, Treatment, Outcomes",1312,Molecular Biology,13,"Biochemistry, Genetics and Molecular Biology",1,Life Sciences,58870,686249,134,10,2024-01-23T15:27:10,2026-09-22T03:01:44
T10614,Transcranial Magnetic Stimulation Studies,2808,Neurology,28,Neuroscience,1,Life Sciences,58855,1398522,9,10,2024-01-23T15:27:07,2026-09-22T03:01:44
T12727,Differential Equations and Numerical Methods,2612,Numerical Analysis,26,Mathematics,3,Physical Sciences,58848,598893,4,10,2024-01-23T15:27:15,2026-09-22T03:01:44
T13901,State Capitalism and Financial Governance,1408,Strategy and Management,14,"Business, Management and Accounting",2,Social Sciences,58834,235322,41,10,2024-01-23T15:27:20,2026-09-22T03:01:44
T13726,International Science and Diplomacy,3320,Political Science and International Relations,33,Social Sciences,2,Social Sciences,58824,88963,117,10,2024-01-23T15:27:19,2026-09-22T03:01:44
T10633,Metallic Glasses and Amorphous Alloys,2210,Mechanical Engineering,22,Engineering,3,Physical Sciences,58815,955899,78,10,2024-01-23T15:27:07,2026-09-22T03:01:44
T12390,Comics and Graphic Narratives,1213,Visual Arts and Performing Arts,12,Arts and Humanities,2,Social Sciences,58735,108237,16,10,2024-01-23T15:27:14,2026-09-22T03:01:44
T11236,Control Systems and Identification,2207,Control and Systems Engineering,22,Engineering,3,Physical Sciences,58721,875470,43,10,2024-01-23T15:27:09,2026-09-22T03:01:44
T11182,Auction Theory and Applications,1803,Management Science and Operations Research,18,Decision Sciences,2,Social Sciences,58675,820177,33,10,2024-01-23T15:27:09,2026-09-22T03:01:44
T12031,Speech and dialogue systems,1702,Artificial Intelligence,17,Computer Science,3,Physical Sciences,58659,541141,76,10,2024-01-23T15:27:12,2026-09-22T03:01:44
T10704,Advancements in Transdermal Drug Delivery,3003,Pharmaceutical Science,30,"Pharmacology, Toxicology and Pharmaceutics",1,Life Sciences,58606,1317596,4,10,2024-01-23T15:27:07,2026-09-22T03:01:44
T11152,Stochastic processes and statistical mechanics,2610,Mathematical Physics,26,Mathematics,3,Physical Sciences,58595,663649,11,10,2024-01-23T15:27:09,2026-09-22T03:01:44
T12439,Dental Research and COVID-19,3500,General Dentistry,35,Dentistry,4,Health Sciences,58590,257833,0,10,2024-01-23T15:27:14,2026-09-22T03:01:44
T13972,Business Law and Ethics,1402,Accounting,14,"Business, Management and Accounting",2,Social Sciences,58555,55450,21,10,2024-01-23T15:27:20,2026-09-22T03:01:44
T10282,Financial Risk and Volatility Modeling,2003,Finance,20,"Economics, Econometrics and Finance",2,Social Sciences,58552,1003498,15,10,2024-01-23T15:27:05,2026-09-22T03:01:44
T11109,Thermoregulation and physiological responses,2737,Physiology,27,Medicine,4,Health Sciences,58519,888990,29,10,2024-01-23T15:27:09,2026-09-22T03:01:44
T10473,Postharvest Quality and Shelf Life Management,1110,Plant Science,11,Agricultural and Biological Sciences,1,Life Sciences,58459,1003685,89,10,2024-01-23T15:27:06,2026-09-22T03:01:44
T12192,Polysaccharides Composition and Applications,1106,Food Science,11,Agricultural and Biological Sciences,1,Life Sciences,58418,649379,31,10,2024-01-23T15:27:13,2026-09-22T03:01:44
T10811,Hydrogen Storage and Materials,2505,Materials Chemistry,25,Materials Science,3,Physical Sciences,58399,1239332,68,10,2024-01-23T15:27:08,2026-09-22T03:01:44
T10711,Target Tracking and Data Fusion in Sensor Networks,1702,Artificial Intelligence,17,Computer Science,3,Physical Sciences,58396,838342,76,10,2024-01-23T15:27:07,2026-09-22T03:01:44
T11077,Genetic and Clinical Aspects of Sex Determination and Chromosomal Abnormalities,1311,Genetics,13,"Biochemistry, Genetics and Molecular Biology",1,Life Sciences,58392,1376970,39,10,2024-01-23T15:27:09,2026-09-22T03:01:44
T10847,Advanced Optical Network Technologies,2208,Electrical and Electronic Engineering,22,Engineering,3,Physical Sciences,58391,404617,116,10,2024-01-23T15:27:08,2026-09-22T03:01:44
T13042,Economic and Fiscal Studies,2002,Economics and Econometrics,20,"Economics, Econometrics and Finance",2,Social Sciences,58367,37536,78,10,2024-01-23T15:27:16,2026-09-22T03:01:44
T13296,Physical Education and Sports Studies,3312,Sociology and Political Science,33,Social Sciences,2,Social Sciences,58299,45585,223,10,2024-01-23T15:27:17,2026-09-22T03:01:44
T12022,Hydraulic flow and structures,2205,Civil and Structural Engineering,22,Engineering,3,Physical Sciences,58292,259038,41,10,2024-01-23T15:27:12,2026-09-22T03:01:44
T11780,Rabies epidemiology and control,2406,Virology,24,Immunology and Microbiology,1,Life Sciences,58268,466138,2,10,2024-01-23T15:27:11,2026-09-22T03:01:44
T13166,Information Science and Libraries,1710,Information Systems,17,Computer Science,3,Physical Sciences,58265,34329,77,10,2024-01-23T15:27:17,2026-09-22T03:01:44
T12482,Tunneling and Rock Mechanics,2205,Civil and Structural Engineering,22,Engineering,3,Physical Sciences,58264,264385,41,10,2024-01-23T15:27:14,2026-09-22T03:01:44
T10243,Statistical Methods and Bayesian Inference,2613,Statistics and Probability,26,Mathematics,3,Physical Sciences,58158,1533700,19,10,2024-01-23T15:27:05,2026-09-22T03:01:44
T11355,Inflammatory Biomarkers in Disease Prognosis,2730,Oncology,27,Medicine,4,Health Sciences,58140,741649,33,10,2024-01-23T15:27:10,2026-09-22T03:01:44
T11120,Nonprofit Sector and Volunteering,3312,Sociology and Political Science,33,Social Sciences,2,Social Sciences,58108,580832,223,10,2024-01-23T15:27:09,2026-09-22T03:01:44
T11017,Chaos-based Image/Signal Encryption,1707,Computer Vision and Pattern Recognition,17,Computer Science,3,Physical Sciences,58054,688796,34,10,2024-01-23T15:27:09,2026-09-22T03:01:44
T11805,Agricultural economics and policies,3311,Safety Research,33,Social Sciences,2,Social Sciences,58049,57093,18,10,2024-01-23T15:27:11,2026-09-22T03:01:44
T13162,African Studies and Ethnography,3312,Sociology and Political Science,33,Social Sciences,2,Social Sciences,58043,55303,223,10,2024-01-23T15:27:17,2026-09-22T03:01:44
T13554,Brazilian cultural history and politics,3312,Sociology and Political Science,33,Social Sciences,2,Social Sciences,58031,43149,223,10,2024-01-23T15:27:18,2026-09-22T03:01:44
T12810,Real-time simulation and control systems,2207,Control and Systems Engineering,22,Engineering,3,Physical Sciences,57969,239579,43,10,2024-01-23T15:27:15,2026-09-22T03:01:44
T10774,Weed Control and Herbicide Applications,1110,Plant Science,11,Agricultural and Biological Sciences,1,Life Sciences,57947,595482,89,10,2024-01-23T15:27:08,2026-09-22T03:01:44
T13018,Seismology and Earthquake Studies,1702,Artificial Intelligence,17,Computer Science,3,Physical Sciences,57937,278475,76,10,2024-01-23T15:27:16,2026-09-22T03:01:44
T13185,Phytochemistry and Bioactive Compounds,2502,Biomaterials,25,Materials Science,3,Physical Sciences,57928,142770,12,10,2024-01-23T15:27:17,2026-09-22T03:01:44
T11313,Immune cells in cancer,2403,Immunology,24,Immunology and Microbiology,1,Life Sciences,57890,1805719,25,10,2024-01-23T15:27:10,2026-09-22T03:01:44
T12910,Eicosanoids and Hypertension Pharmacology,1303,Biochemistry,13,"Biochemistry, Genetics and Molecular Biology",1,Life Sciences,57874,720570,6,10,2024-01-23T15:27:16,2026-09-22T03:01:44
T13613,"Health, Education, and Cultural Studies",3312,Sociology and Political Science,33,Social Sciences,2,Social Sciences,57858,3953,223,10,2024-01-23T15:27:19,2026-09-22T03:01:44
T11032,VLSI and Analog Circuit Testing,1708,Hardware and Architecture,17,Computer Science,3,Physical Sciences,57852,459970,7,10,2024-01-23T15:27:09,2026-09-22T03:01:44
T12674,"Rabbits: Nutrition, Reproduction, Health",1103,Animal Science and Zoology,11,Agricultural and Biological Sciences,1,Life Sciences,57836,321704,7,10,2024-01-23T15:27:15,2026-09-22T03:01:44
T12317,Actinomycetales infections and treatment,2726,Microbiology,27,Medicine,4,Health Sciences,57785,228230,0,10,2024-01-23T15:27:13,2026-09-22T03:01:44
T13256,Archaeology and Rock Art Studies,3302,Archeology,33,Social Sciences,2,Social Sciences,57717,153859,1,10,2024-01-23T15:27:17,2026-09-22T03:01:44
T13920,Urban Planning and Valuation,2308,"Management, Monitoring, Policy and Law",23,Environmental Science,3,Physical Sciences,57709,88760,33,10,2024-01-23T15:27:20,2026-09-22T03:01:44
T12556,Educational Methods and Analysis,3304,Education,33,Social Sciences,2,Social Sciences,57665,86653,136,10,2024-01-23T15:27:14,2026-09-22T03:01:44
T10565,"Psychopathy, Forensic Psychiatry, Sexual Offending",3203,Clinical Psychology,32,Psychology,2,Social Sciences,57653,924628,37,10,2024-01-23T15:27:07,2026-09-22T03:01:44
T12035,Pain Management and Placebo Effect,2805,Cognitive Neuroscience,28,Neuroscience,1,Life Sciences,57612,619069,27,10,2024-01-23T15:27:12,2026-09-22T03:01:44
T11397,"Populism, Right-Wing Movements",3320,Political Science and International Relations,33,Social Sciences,2,Social Sciences,57575,497017,117,10,2024-01-23T15:27:10,2026-09-22T03:01:44
T12637,Scarabaeidae Beetle Taxonomy and Biogeography,1911,Paleontology,19,Earth and Planetary Sciences,3,Physical Sciences,57557,144653,6,10,2024-01-23T15:27:15,2026-09-22T03:01:44
T14147,Innovative Approaches in Technology and Social Development,1405,Management of Technology and Innovation,14,"Business, Management and Accounting",2,Social Sciences,57525,290127,15,10,2024-01-23T15:27:21,2026-09-22T03:01:44
T10963,Advanced Optimization Algorithms Research,2612,Numerical Analysis,26,Mathematics,3,Physical Sciences,57507,1176294,4,10,2024-01-23T15:27:08,2026-09-22T03:01:44
T11205,Numerical methods in inverse problems,2610,Mathematical Physics,26,Mathematics,3,Physical Sciences,57493,627053,11,10,2024-01-23T15:27:09,2026-09-22T03:01:44
T12671,Management and Marketing Education,1405,Management of Technology and Innovation,14,"Business, Management and Accounting",2,Social Sciences,57492,404645,15,10,2024-01-23T15:27:15,2026-09-22T03:01:44
T10954,Peripheral Nerve Disorders,2741,"Radiology, Nuclear Medicine and Imaging",27,Medicine,4,Health Sciences,57458,585509,29,10,2024-01-23T15:27:08,2026-09-22T03:01:44
T12999,Medieval History and Crusades,1202,History,12,Arts and Humanities,2,Social Sciences,57456,41598,43,10,2024-01-23T15:27:16,2026-09-22T03:01:44
T11589,Gynecological conditions and treatments,2729,Obstetrics and Gynecology,27,Medicine,4,Health Sciences,57422,390462,7,10,2024-01-23T15:27:11,2026-09-22T03:01:44
T12243,Research in Cotton Cultivation,1110,Plant Science,11,Agricultural and Biological Sciences,1,Life Sciences,57418,368625,89,10,2024-01-23T15:27:13,2026-09-22T03:01:44
T12967,Molecular Spectroscopy and Structure,1607,Spectroscopy,16,Chemistry,3,Physical Sciences,57399,750170,11,10,2024-01-23T15:27:16,2026-09-22T03:01:44
T10820,Fuzzy Logic and Control Systems,1702,Artificial Intelligence,17,Computer Science,3,Physical Sciences,57383,962445,76,10,2024-01-23T15:27:08,2026-09-22T03:01:44
T11448,Face recognition and analysis,1707,Computer Vision and Pattern Recognition,17,Computer Science,3,Physical Sciences,57350,724341,34,10,2024-01-23T15:27:10,2026-09-22T03:01:44
T11099,Autonomous Vehicle Technology and Safety,2203,Automotive Engineering,22,Engineering,3,Physical Sciences,57330,490995,11,10,2024-01-23T15:27:09,2026-09-22T03:01:44
T13987,Child Development and Education,3304,Education,33,Social Sciences,2,Social Sciences,57291,79508,136,10,2024-01-23T15:27:20,2026-09-22T03:01:44
T11901,Bayesian Methods and Mixture Models,1702,Artificial Intelligence,17,Computer Science,3,Physical Sciences,57270,1073036,76,10,2024-01-23T15:27:12,2026-09-22T03:01:44
T14448,EU Law and Policy Analysis,3308,Law,33,Social Sciences,2,Social Sciences,57230,97862,39,10,2024-01-23T15:27:22,2026-09-22T03:01:44
T10357,Efficiency Analysis Using DEA,1803,Management Science and Operations Research,18,Decision Sciences,2,Social Sciences,57203,999076,33,10,2024-01-23T15:27:06,2026-09-22T03:01:44
T10982,Motor Control and Adaptation,2805,Cognitive Neuroscience,28,Neuroscience,1,Life Sciences,57177,1164540,27,10,2024-01-23T15:27:08,2026-09-22T03:01:44
T10796,Cooperative Communication and Network Coding,1705,Computer Networks and Communications,17,Computer Science,3,Physical Sciences,57175,719443,42,10,2024-01-23T15:27:08,2026-09-22T03:01:44
T12153,Advanced Optical Sensing Technologies,3105,Instrumentation,31,Physics and Astronomy,3,Physical Sciences,57159,310297,1,10,2024-01-23T15:27:13,2026-09-22T03:01:44
T14139,E-commerce and Technology Innovations,1403,Business and International Management,14,"Business, Management and Accounting",2,Social Sciences,57152,103641,1,10,2024-01-23T15:27:21,2026-09-22T03:01:44
T11695,South African History and Culture,3312,Sociology and Political Science,33,Social Sciences,2,Social Sciences,57149,255011,223,10,2024-01-23T15:27:11,2026-09-22T03:01:44
T10939,Crystal Structures and Properties,2504,"Electronic, Optical and Magnetic Materials",25,Materials Science,3,Physical Sciences,57147,595966,16,10,2024-01-23T15:27:08,2026-09-22T03:01:44
T13344,Industrial Automation and Control Systems,2207,Control and Systems Engineering,22,Engineering,3,Physical Sciences,57117,95657,43,10,2024-01-23T15:27:18,2026-09-22T03:01:44
T14372,Environmental and Biological Research in Conflict Zones,2308,"Management, Monitoring, Policy and Law",23,Environmental Science,3,Physical Sciences,57115,87872,33,10,2024-01-23T15:27:22,2026-09-22T03:01:44
T12862,Catholicism and Religious Studies,1202,History,12,Arts and Humanities,2,Social Sciences,57099,46932,43,10,2024-01-23T15:27:16,2026-09-22T03:01:44
T13267,Advanced Theoretical and Applied Studies in Material Sciences and Geometry,2204,Biomedical Engineering,22,Engineering,3,Physical Sciences,57062,226507,71,10,2024-01-23T15:27:17,2026-09-22T03:01:44
T12325,Urban Design and Spatial Analysis,2215,Building and Construction,22,Engineering,3,Physical Sciences,57060,237887,21,10,2024-01-23T15:27:13,2026-09-22T03:01:44
T13625,Journalism and Media Studies,3315,Communication,33,Social Sciences,2,Social Sciences,57052,29517,15,10,2024-01-23T15:27:19,2026-09-22T03:01:44
T10874,Electromagnetic Fields and Biological Effects,1304,Biophysics,13,"Biochemistry, Genetics and Molecular Biology",1,Life Sciences,57050,470405,5,10,2024-01-23T15:27:08,2026-09-22T03:01:44
T10626,High-Temperature Coating Behaviors,2202,Aerospace Engineering,22,Engineering,3,Physical Sciences,56976,834367,43,10,2024-01-23T15:27:07,2026-09-22T03:01:44
T13562,Cruise Tourism Development and Management,3313,Transportation,33,Social Sciences,2,Social Sciences,56964,136067,8,10,2024-01-23T15:27:19,2026-09-22T03:01:44
T12799,Mobile and Web Applications,1710,Information Systems,17,Computer Science,3,Physical Sciences,56959,66283,77,10,2024-01-23T15:27:15,2026-09-22T03:01:44
T12813,Plant and Biological Electrophysiology Studies,1110,Plant Science,11,Agricultural and Biological Sciences,1,Life Sciences,56930,398928,89,10,2024-01-23T15:27:15,2026-09-22T03:01:44
T11303,Bayesian Modeling and Causal Inference,1702,Artificial Intelligence,17,Computer Science,3,Physical Sciences,56895,1064477,76,10,2024-01-23T15:27:10,2026-09-22T03:01:44
T12186,Phosphorus and nutrient management,2311,Waste Management and Disposal,23,Environmental Science,3,Physical Sciences,56885,745357,8,10,2024-01-23T15:27:13,2026-09-22T03:01:44
T14242,"Nutrition, Health, and Society Studies",1106,Food Science,11,Agricultural and Biological Sciences,1,Life Sciences,56860,54588,31,10,2024-01-23T15:27:21,2026-09-22T03:01:44
T10967,Carbon Dioxide Capture Technologies,2210,Mechanical Engineering,22,Engineering,3,Physical Sciences,56812,1206455,78,10,2024-01-23T15:27:08,2026-09-22T03:01:44
T11262,Quantum Mechanics and Non-Hermitian Physics,3107,"Atomic and Molecular Physics, and Optics",31,Physics and Astronomy,3,Physical Sciences,56812,666785,36,10,2024-01-23T15:27:10,2026-09-22T03:01:44
T14484,Technology and Data Analysis,1710,Information Systems,17,Computer Science,3,Physical Sciences,56779,129279,77,10,2024-01-23T15:27:22,2026-09-22T03:01:44
T11485,Gastrointestinal Tumor Research and Treatment,2715,Gastroenterology,27,Medicine,4,Health Sciences,56766,484357,4,10,2024-01-23T15:27:10,2026-09-22T03:01:44
T11296,COVID-19 and healthcare impacts,2730,Oncology,27,Medicine,4,Health Sciences,56732,540730,33,10,2024-01-23T15:27:10,2026-09-22T03:01:44
T14216,Multimedia Learning Systems,1710,Information Systems,17,Computer Science,3,Physical Sciences,56727,75545,77,10,2024-01-23T15:27:21,2026-09-22T03:01:44
T11570,Periodontal Regeneration and Treatments,2748,Urology,27,Medicine,4,Health Sciences,56706,806577,4,10,2024-01-23T15:27:11,2026-09-22T03:01:44
T12146,Power Line Communications and Noise,2208,Electrical and Electronic Engineering,22,Engineering,3,Physical Sciences,56688,212359,116,10,2024-01-23T15:27:13,2026-09-22T03:01:44
T11924,Polyamine Metabolism and Applications,1312,Molecular Biology,13,"Biochemistry, Genetics and Molecular Biology",1,Life Sciences,56687,1144359,134,10,2024-01-23T15:27:12,2026-09-22T03:01:44
T13019,African Studies and Geopolitics,3314,Anthropology,33,Social Sciences,2,Social Sciences,56679,88699,24,10,2024-01-23T15:27:16,2026-09-22T03:01:44
T11919,dental development and anomalies,1312,Molecular Biology,13,"Biochemistry, Genetics and Molecular Biology",1,Life Sciences,56667,533324,134,10,2024-01-23T15:27:12,2026-09-22T03:01:44
T11127,Solid State Laser Technologies,2208,Electrical and Electronic Engineering,22,Engineering,3,Physical Sciences,56634,543261,116,10,2024-01-23T15:27:09,2026-09-22T03:01:44
T12279,Body Composition Measurement Techniques,2737,Physiology,27,Medicine,4,Health Sciences,56600,838774,29,10,2024-01-23T15:27:13,2026-09-22T03:01:44
T11018,Lower Extremity Biomechanics and Pathologies,2204,Biomedical Engineering,22,Engineering,3,Physical Sciences,56576,834090,71,10,2024-01-23T15:27:09,2026-09-22T03:01:44
T13102,Soil and Environmental Studies,1111,Soil Science,11,Agricultural and Biological Sciences,1,Life Sciences,56559,93911,11,10,2024-01-23T15:27:17,2026-09-22T03:01:44
T11566,Laser Applications in Dentistry and Medicine,2741,"Radiology, Nuclear Medicine and Imaging",27,Medicine,4,Health Sciences,56547,564325,29,10,2024-01-23T15:27:11,2026-09-22T03:01:44
T10186,Nursing education and management,2922,Research and Theory,29,Nursing,4,Health Sciences,56542,601184,0,10,2024-01-23T15:27:05,2026-09-22T03:01:44
T10916,Surgical Simulation and Training,2746,Surgery,27,Medicine,4,Health Sciences,56534,659576,95,10,2024-01-23T15:27:08,2026-09-22T03:01:44
T13196,Political Theory and Influence,3320,Political Science and International Relations,33,Social Sciences,2,Social Sciences,56459,225266,117,10,2024-01-23T15:27:17,2026-09-22T03:01:44
T11755,Transboundary Water Resource Management,3312,Sociology and Political Science,33,Social Sciences,2,Social Sciences,56439,340668,223,10,2024-01-23T15:27:11,2026-09-22T03:01:44
T10959,Student Assessment and Feedback,3304,Education,33,Social Sciences,2,Social Sciences,56367,585779,136,10,2024-01-23T15:27:08,2026-09-22T03:01:44
T11103,Antimicrobial Peptides and Activities,2404,Microbiology,24,Immunology and Microbiology,1,Life Sciences,56355,1580586,5,10,2024-01-23T15:27:09,2026-09-22T03:01:44
T12026,Explainable Artificial Intelligence (XAI),1702,Artificial Intelligence,17,Computer Science,3,Physical Sciences,56351,478430,76,10,2024-01-23T15:27:12,2026-09-22T03:01:44
T14368,Evaluation and Optimization Models,2213,"Safety, Risk, Reliability and Quality",22,Engineering,3,Physical Sciences,56331,36806,11,10,2024-01-23T15:27:22,2026-09-21T03:01:53
T10807,Synthesis and characterization of novel inorganic/organometallic compounds,1604,Inorganic Chemistry,16,Chemistry,3,Physical Sciences,56330,732411,11,10,2024-01-23T15:27:08,2026-09-22T03:01:44
T12118,Forest Biomass Utilization and Management,2211,Mechanics of Materials,22,Engineering,3,Physical Sciences,56274,228978,28,10,2024-01-23T15:27:13,2026-09-22T03:01:44
T13260,Linguistics and Language Studies,1203,Language and Linguistics,12,Arts and Humanities,2,Social Sciences,56248,33540,19,10,2024-01-23T15:27:17,2026-09-22T03:01:44
T11107,Selenium in Biological Systems,2916,Nutrition and Dietetics,29,Nursing,4,Health Sciences,56224,1117964,16,10,2024-01-23T15:27:09,2026-09-22T03:01:44
T13425,Rural and Ethnic Education,3304,Education,33,Social Sciences,2,Social Sciences,56223,19554,136,10,2024-01-23T15:27:18,2026-09-22T03:01:44
T14184,Metallurgy and Material Science,2505,Materials Chemistry,25,Materials Science,3,Physical Sciences,56191,90835,68,10,2024-01-23T15:27:21,2026-09-22T03:01:44
T14017,Legal Issues in Education,3308,Law,33,Social Sciences,2,Social Sciences,56168,51779,39,10,2024-01-23T15:27:20,2026-09-22T03:01:44
T10508,Patient Safety and Medication Errors,3604,Emergency Medical Services,36,Health Professions,4,Health Sciences,56159,752716,6,10,2024-01-23T15:27:06,2026-09-22T03:01:44
T11110,Stability and Controllability of Differential Equations,2207,Control and Systems Engineering,22,Engineering,3,Physical Sciences,56125,642216,43,10,2024-01-23T15:27:09,2026-09-22T03:01:44
T12539,Pharmacology and Obesity Treatment,2736,Pharmacology,27,Medicine,4,Health Sciences,56107,476725,21,10,2024-01-23T15:27:14,2026-09-22T03:01:44
T10500,Sparse and Compressive Sensing Techniques,2206,Computational Mechanics,22,Engineering,3,Physical Sciences,56092,1341688,29,10,2024-01-23T15:27:06,2026-09-22T03:01:44
T11300,Global Educational Policies and Reforms,3320,Political Science and International Relations,33,Social Sciences,2,Social Sciences,56056,410517,117,10,2024-01-23T15:27:10,2026-09-22T03:01:44
T14285,Biopolymer Synthesis and Applications,1312,Molecular Biology,13,"Biochemistry, Genetics and Molecular Biology",1,Life Sciences,56040,397360,134,10,2024-01-23T15:27:22,2026-09-22T03:01:44
T10953,E-Government and Public Services,3320,Political Science and International Relations,33,Social Sciences,2,Social Sciences,56011,468466,117,10,2024-01-23T15:27:08,2026-09-22T03:01:44
T10724,Ion Transport and Channel Regulation,1312,Molecular Biology,13,"Biochemistry, Genetics and Molecular Biology",1,Life Sciences,56006,1400686,134,10,2024-01-23T15:27:07,2026-09-22T03:01:44
T12042,Satellite Communication Systems,2202,Aerospace Engineering,22,Engineering,3,Physical Sciences,55987,303046,43,10,2024-01-23T15:27:12,2026-09-22T03:01:44
T13373,Data Mining and Machine Learning Applications,1710,Information Systems,17,Computer Science,3,Physical Sciences,55984,144652,77,10,2024-01-23T15:27:18,2026-09-22T03:01:44
T13318,Diverse Scientific Research in Ukraine,2306,Global and Planetary Change,23,Environmental Science,3,Physical Sciences,55974,64401,29,10,2024-01-23T15:27:18,2026-09-22T03:01:44
T11186,Hydrology and Drought Analysis,2306,Global and Planetary Change,23,Environmental Science,3,Physical Sciences,55932,916911,29,10,2024-01-23T15:27:09,2026-09-22T03:01:44
T14164,Marine and Offshore Engineering Studies,2212,Ocean Engineering,22,Engineering,3,Physical Sciences,55904,106135,22,10,2024-01-23T15:27:21,2026-09-22T03:01:44
T12554,Vitamin C and Antioxidants Research,2916,Nutrition and Dietetics,29,Nursing,4,Health Sciences,55891,861232,16,10,2024-01-23T15:27:14,2026-09-22T03:01:44
T13840,Chemical Safety and Risk Management,1504,Chemical Health and Safety,15,Chemical Engineering,3,Physical Sciences,55867,143789,0,10,2024-01-23T15:27:20,2026-09-22T03:01:44
T13050,Oil and Gas Production Techniques,2212,Ocean Engineering,22,Engineering,3,Physical Sciences,55847,138864,22,10,2024-01-23T15:27:16,2026-09-22T03:01:44
T11867,Traumatic Ocular and Foreign Body Injuries,2731,Ophthalmology,27,Medicine,4,Health Sciences,55837,274337,11,10,2024-01-23T15:27:12,2026-09-22T03:01:44
T12365,Effects of Environmental Stressors on Livestock,1103,Animal Science and Zoology,11,Agricultural and Biological Sciences,1,Life Sciences,55788,445977,7,10,2024-01-23T15:27:14,2026-09-22T03:01:44
T12952,School Leadership and Teacher Performance,3304,Education,33,Social Sciences,2,Social Sciences,55755,122286,136,10,2024-01-23T15:27:16,2026-09-22T03:01:44
T11139,"Gout, Hyperuricemia, Uric Acid",2727,Nephrology,27,Medicine,4,Health Sciences,55746,822778,6,10,2024-01-23T15:27:09,2026-09-22T03:01:44
T11453,Diagnosis and Treatment of Venous Diseases,2746,Surgery,27,Medicine,4,Health Sciences,55733,428705,95,10,2024-01-23T15:27:10,2026-09-22T03:01:44
T12871,Healthcare Quality and Management,3605,Health Information Management,36,Health Professions,4,Health Sciences,55724,217630,11,10,2024-01-23T15:27:16,2026-09-22T03:01:44
T11328,Ocular Oncology and Treatments,2731,Ophthalmology,27,Medicine,4,Health Sciences,55707,670466,11,10,2024-01-23T15:27:10,2026-09-22T03:01:44
T13596,"Grouting, Rheology, and Soil Mechanics",2205,Civil and Structural Engineering,22,Engineering,3,Physical Sciences,55659,215818,41,10,2024-01-23T15:27:19,2026-09-22T03:01:44
T13112,Nutrition and Health Studies,2739,"Public Health, Environmental and Occupational Health",27,Medicine,4,Health Sciences,55582,43296,53,10,2024-01-23T15:27:17,2026-09-22T03:01:44
T11251,Meningioma and schwannoma management,2713,Epidemiology,27,Medicine,4,Health Sciences,55573,662411,41,10,2024-01-23T15:27:09,2026-09-22T03:01:44
T10439,Climate change impacts on agriculture,1105,"Ecology, Evolution, Behavior and Systematics",11,Agricultural and Biological Sciences,1,Life Sciences,55544,881133,32,10,2024-01-23T15:27:06,2026-09-22T03:01:44
T12994,Infrared Thermography in Medicine,2741,"Radiology, Nuclear Medicine and Imaging",27,Medicine,4,Health Sciences,55512,291534,29,10,2024-01-23T15:27:16,2026-09-22T03:01:44
T13382,Robotics and Automated Systems,2207,Control and Systems Engineering,22,Engineering,3,Physical Sciences,55505,233888,43,10,2024-01-23T15:27:18,2026-09-22T03:01:44
T11639,Mental Health and Patient Involvement,3600,General Health Professions,36,Health Professions,4,Health Sciences,55502,589972,49,10,2024-01-23T15:27:11,2026-09-22T03:01:44
T12107,Leprosy Research and Treatment,2725,Infectious Diseases,27,Medicine,4,Health Sciences,55485,278150,20,10,2024-01-23T15:27:13,2026-09-22T03:01:44
T10991,Game Theory and Voting Systems,2002,Economics and Econometrics,20,"Economics, Econometrics and Finance",2,Social Sciences,55449,660249,78,10,2024-01-23T15:27:09,2026-09-22T03:01:44
T13389,German Economic Analysis & Policies,2002,Economics and Econometrics,20,"Economics, Econometrics and Finance",2,Social Sciences,55445,73738,78,10,2024-01-23T15:27:18,2026-09-22T03:01:44
T11772,Genetics and Neurodevelopmental Disorders,1311,Genetics,13,"Biochemistry, Genetics and Molecular Biology",1,Life Sciences,55440,1204024,39,10,2024-01-23T15:27:11,2026-09-22T03:01:44
T11951,Trauma Management and Diagnosis,2746,Surgery,27,Medicine,4,Health Sciences,55375,354580,95,10,2024-01-23T15:27:12,2026-09-22T03:01:44
T10667,Emotion and Mood Recognition,3205,Experimental and Cognitive Psychology,32,Psychology,2,Social Sciences,55337,545975,23,10,2024-01-23T15:27:07,2026-09-22T03:01:44
T11450,Model-Driven Software Engineering Techniques,1712,Software,17,Computer Science,3,Physical Sciences,55303,386162,4,10,2024-01-23T15:27:10,2026-09-22T03:01:44
T11377,Retinal and Macular Surgery,2741,"Radiology, Nuclear Medicine and Imaging",27,Medicine,4,Health Sciences,55302,595222,29,10,2024-01-23T15:27:10,2026-09-22T03:01:44
T11703,"Rings, Modules, and Algebras",2602,Algebra and Number Theory,26,Mathematics,3,Physical Sciences,55284,398048,4,10,2024-01-23T15:27:11,2026-09-22T03:01:44
T11868,Cancer and Skin Lesions,2708,Dermatology,27,Medicine,4,Health Sciences,55278,399117,12,10,2024-01-23T15:27:12,2026-09-22T03:01:44
T12578,Diagnosis and treatment of tuberculosis,2746,Surgery,27,Medicine,4,Health Sciences,55245,178883,95,10,2024-01-23T15:27:14,2026-09-22T03:01:44
T12592,Opinion Dynamics and Social Influence,3109,Statistical and Nonlinear Physics,31,Physics and Astronomy,3,Physical Sciences,55185,838494,15,10,2024-01-23T15:27:15,2026-09-22T03:01:44
T10906,AI-based Problem Solving and Planning,1702,Artificial Intelligence,17,Computer Science,3,Physical Sciences,55160,612402,76,10,2024-01-23T15:27:08,2026-09-22T03:01:44
T11568,Railway Systems and Energy Efficiency,2209,Industrial and Manufacturing Engineering,22,Engineering,3,Physical Sciences,55153,203358,16,10,2024-01-23T15:27:11,2026-09-22T03:01:44
T12151,Interpreting and Communication in Healthcare,3600,General Health Professions,36,Health Professions,4,Health Sciences,55130,362083,49,10,2024-01-23T15:27:13,2026-09-22T03:01:44
T12383,Aeolian processes and effects,1904,Earth-Surface Processes,19,Earth and Planetary Sciences,3,Physical Sciences,55068,654032,5,10,2024-01-23T15:27:14,2026-09-22T03:01:44
T14198,Philosophical Thought and Analysis,3300,General Social Sciences,33,Social Sciences,2,Social Sciences,55032,34708,15,10,2024-01-23T15:27:21,2026-09-22T03:01:44
T11199,Pain Management and Opioid Use,2703,Anesthesiology and Pain Medicine,27,Medicine,4,Health Sciences,55022,683369,3,10,2024-01-23T15:27:09,2026-09-22T03:01:44
T13127,Biotin and Related Studies,1307,Cell Biology,13,"Biochemistry, Genetics and Molecular Biology",1,Life Sciences,55004,624916,16,10,2024-01-23T15:27:17,2026-09-22T03:01:44
T10488,Nanocomposite Films for Food Packaging,2502,Biomaterials,25,Materials Science,3,Physical Sciences,54982,1589346,12,10,2024-01-23T15:27:06,2026-09-22T03:01:44
T14507,"History, Culture, and Society",3616,Speech and Hearing,36,Health Professions,4,Health Sciences,54967,30158,9,10,2024-01-23T15:27:22,2026-09-22T03:01:44
T11964,Pregnancy and Medication Impact,2739,"Public Health, Environmental and Occupational Health",27,Medicine,4,Health Sciences,54961,433585,53,10,2024-01-23T15:27:12,2026-09-22T03:01:44
T14037,Arabic Language Education Studies,3304,Education,33,Social Sciences,2,Social Sciences,54960,52725,136,10,2024-01-23T15:27:21,2026-09-22T03:01:44
T11116,"Trauma, Hemostasis, Coagulopathy, Resuscitation",2706,Critical Care and Intensive Care Medicine,27,Medicine,4,Health Sciences,54898,734562,4,10,2024-01-23T15:27:09,2026-09-22T03:01:44
T11677,Congenital heart defects research,1312,Molecular Biology,13,"Biochemistry, Genetics and Molecular Biology",1,Life Sciences,54859,1189976,134,10,2024-01-23T15:27:11,2026-09-22T03:01:44
T11306,Nonmelanoma Skin Cancer Studies,2713,Epidemiology,27,Medicine,4,Health Sciences,54851,580780,41,10,2024-01-23T15:27:10,2026-09-22T03:01:44
T10974,Advanced Queuing Theory Analysis,1404,Management Information Systems,14,"Business, Management and Accounting",2,Social Sciences,54830,641475,15,10,2024-01-23T15:27:08,2026-09-22T03:01:44
T10710,Arsenic contamination and mitigation,2304,Environmental Chemistry,23,Environmental Science,3,Physical Sciences,54823,1481987,10,10,2024-01-23T15:27:07,2026-09-22T03:01:44
T12125,Aerospace and Aviation Technology,2202,Aerospace Engineering,22,Engineering,3,Physical Sciences,54795,200868,43,10,2024-01-23T15:27:13,2026-09-22T03:01:44
T13842,Intellectual Property Law,3308,Law,33,Social Sciences,2,Social Sciences,54786,44929,39,10,2024-01-23T15:27:20,2026-09-22T03:01:44
T11093,Personality Disorders and Psychopathology,3203,Clinical Psychology,32,Psychology,2,Social Sciences,54751,1055044,37,10,2024-01-23T15:27:09,2026-09-22T03:01:44
T11008,Aerodynamics and Acoustics in Jet Flows,2202,Aerospace Engineering,22,Engineering,3,Physical Sciences,54741,557688,43,10,2024-01-23T15:27:09,2026-09-22T03:01:44
T12947,"Health, psychology, and well-being",3600,General Health Professions,36,Health Professions,4,Health Sciences,54649,440038,49,10,2024-01-23T15:27:16,2026-09-22T03:01:44
T11414,Quantum optics and atomic interactions,3107,"Atomic and Molecular Physics, and Optics",31,Physics and Astronomy,3,Physical Sciences,54621,773565,36,10,2024-01-23T15:27:10,2026-09-22T03:01:44
T11447,Blind Source Separation Techniques,1711,Signal Processing,17,Computer Science,3,Physical Sciences,54580,845590,9,10,2024-01-23T15:27:10,2026-09-22T03:01:44
T10149,Anthropological Studies and Insights,3314,Anthropology,33,Social Sciences,2,Social Sciences,54567,505653,24,10,2024-01-23T15:27:05,2026-09-22T03:01:44
T11988,Sustainable Building Design and Assessment,2215,Building and Construction,22,Engineering,3,Physical Sciences,54564,456006,21,10,2024-01-23T15:27:12,2026-09-22T03:01:44
T11567,semigroups and automata theory,1703,Computational Theory and Mathematics,17,Computer Science,3,Physical Sciences,54556,504356,23,10,2024-01-23T15:27:11,2026-09-22T03:01:44
T11422,Burn Injury Management and Outcomes,2713,Epidemiology,27,Medicine,4,Health Sciences,54530,457263,41,10,2024-01-23T15:27:10,2026-09-22T03:01:44
T12066,Obesity and Health Practices,3611,Pharmacy,36,Health Professions,4,Health Sciences,54518,634287,4,10,2024-01-23T15:27:12,2026-09-22T03:01:44
T11514,Disability Education and Employment,3311,Safety Research,33,Social Sciences,2,Social Sciences,54513,397994,18,10,2024-01-23T15:27:10,2026-09-22T03:01:44
T12126,Maritime Transport Emissions and Efficiency,2305,Environmental Engineering,23,Environmental Science,3,Physical Sciences,54450,285848,18,10,2024-01-23T15:27:13,2026-09-22T03:01:44
T13171,Polymer Science and PVC,2507,Polymers and Plastics,25,Materials Science,3,Physical Sciences,54435,267541,13,10,2024-01-23T15:27:17,2026-09-22T03:01:44
T11068,Tendon Structure and Treatment,2732,Orthopedics and Sports Medicine,27,Medicine,4,Health Sciences,54431,926086,6,10,2024-01-23T15:27:09,2026-09-22T03:01:44
T11936,Chemical and Physical Properties in Aqueous Solutions,1506,Filtration and Separation,15,Chemical Engineering,3,Physical Sciences,54418,720555,0,10,2024-01-23T15:27:12,2026-09-22T03:01:44
T10780,Reliability and Maintenance Optimization,2213,"Safety, Risk, Reliability and Quality",22,Engineering,3,Physical Sciences,54398,620537,11,10,2024-01-23T15:27:08,2026-09-22T03:01:44
T12666,Historical Psychiatry and Medical Practices,3203,Clinical Psychology,32,Psychology,2,Social Sciences,54283,180365,37,10,2024-01-23T15:27:15,2026-09-22T03:01:44
T10701,Radical Photochemical Reactions,1605,Organic Chemistry,16,Chemistry,3,Physical Sciences,54276,1070311,60,10,2024-01-23T15:27:07,2026-09-22T03:01:44
T11904,Spatial Cognition and Navigation,2203,Automotive Engineering,22,Engineering,3,Physical Sciences,54274,675968,11,10,2024-01-23T15:27:12,2026-09-22T03:01:44
T14291,Indonesian Legal and Regulatory Studies,3320,Political Science and International Relations,33,Social Sciences,2,Social Sciences,54232,69614,117,10,2024-01-23T15:27:22,2026-09-22T03:01:44
T10909,Edible Oils Quality and Analysis,1605,Organic Chemistry,16,Chemistry,3,Physical Sciences,54226,647454,60,10,2024-01-23T15:27:08,2026-09-22T03:01:44
T11317,Fire dynamics and safety research,2213,"Safety, Risk, Reliability and Quality",22,Engineering,3,Physical Sciences,54222,386994,11,10,2024-01-23T15:27:10,2026-09-22T03:01:44
T10803,Innovative Human-Technology Interaction,1709,Human-Computer Interaction,17,Computer Science,3,Physical Sciences,54211,594917,7,10,2024-01-23T15:27:08,2026-09-22T03:01:44
T10343,"Hydrogels: synthesis, properties, applications",1313,Molecular Medicine,13,"Biochemistry, Genetics and Molecular Biology",1,Life Sciences,54210,1465704,2,10,2024-01-23T15:27:06,2026-09-22T03:01:44
T10723,Advanced Welding Techniques Analysis,2210,Mechanical Engineering,22,Engineering,3,Physical Sciences,54164,704722,78,10,2024-01-23T15:27:07,2026-09-22T03:01:44
T13126,Scientific Research and Discoveries,3109,Statistical and Nonlinear Physics,31,Physics and Astronomy,3,Physical Sciences,54159,679091,15,10,2024-01-23T15:27:17,2026-09-22T03:01:44
T12477,Toxin Mechanisms and Immunotoxins,2403,Immunology,24,Immunology and Microbiology,1,Life Sciences,54143,816041,25,10,2024-01-23T15:27:14,2026-09-22T03:01:44
T11276,Solar Radiation and Photovoltaics,1702,Artificial Intelligence,17,Computer Science,3,Physical Sciences,54139,652176,76,10,2024-01-23T15:27:10,2026-09-22T03:01:44
T10642,Plasma Applications and Diagnostics,2741,"Radiology, Nuclear Medicine and Imaging",27,Medicine,4,Health Sciences,54106,826340,29,10,2024-01-23T15:27:07,2026-09-22T03:01:44
T13049,Surface Roughness and Optical Measurements,2206,Computational Mechanics,22,Engineering,3,Physical Sciences,54061,336601,29,10,2024-01-23T15:27:16,2026-09-22T03:01:44
T10993,Complement system in diseases,2403,Immunology,24,Immunology and Microbiology,1,Life Sciences,54059,1110019,25,10,2024-01-23T15:27:09,2026-09-22T03:01:44
T14212,Health Promotion and Cardiovascular Prevention,2739,"Public Health, Environmental and Occupational Health",27,Medicine,4,Health Sciences,54041,240070,53,10,2024-01-23T15:27:21,2026-09-22T03:01:44
T11775,COVID-19 diagnosis using AI,2741,"Radiology, Nuclear Medicine and Imaging",27,Medicine,4,Health Sciences,54030,617336,29,10,2024-01-23T15:27:11,2026-09-22T03:01:44
T13511,Geodetic Measurements and Engineering Structures,2205,Civil and Structural Engineering,22,Engineering,3,Physical Sciences,54015,30136,41,10,2024-01-23T15:27:18,2026-09-22T03:01:44
T11898,Economics of Agriculture and Food Markets,2002,Economics and Econometrics,20,"Economics, Econometrics and Finance",2,Social Sciences,54002,400089,78,10,2024-01-23T15:27:12,2026-09-22T03:01:44
T11706,Forensic Entomology and Diptera Studies,1109,Insect Science,11,Agricultural and Biological Sciences,1,Life Sciences,53979,345109,13,10,2024-01-23T15:27:11,2026-09-22T03:01:44
T13836,Educational Research and Pedagogy,1705,Computer Networks and Communications,17,Computer Science,3,Physical Sciences,53965,88418,42,10,2024-01-23T15:27:20,2026-09-22T03:01:44
T11394,Dynamics and Control of Mechanical Systems,2207,Control and Systems Engineering,22,Engineering,3,Physical Sciences,53955,619386,43,10,2024-01-23T15:27:10,2026-09-22T03:01:44
T10629,Health Policy Implementation Science,3600,General Health Professions,36,Health Professions,4,Health Sciences,53944,1211763,49,10,2024-01-23T15:27:07,2026-09-22T03:01:44
T10962,Thermodynamic properties of mixtures,1507,Fluid Flow and Transfer Processes,15,Chemical Engineering,3,Physical Sciences,53935,620779,3,10,2024-01-23T15:27:08,2026-09-22T03:01:44
T11574,Artificial Intelligence in Games,1702,Artificial Intelligence,17,Computer Science,3,Physical Sciences,53925,333807,76,10,2024-01-23T15:27:11,2026-09-22T03:01:44
T12681,Global Healthcare and Medical Tourism,3600,General Health Professions,36,Health Professions,4,Health Sciences,53905,127514,49,10,2024-01-23T15:27:15,2026-09-22T03:01:44
T10541,Nonlinear Differential Equations Analysis,2604,Applied Mathematics,26,Mathematics,3,Physical Sciences,53877,440519,16,10,2024-01-23T15:27:07,2026-09-22T03:01:44
T11723,Optical Coatings and Gratings,2508,"Surfaces, Coatings and Films",25,Materials Science,3,Physical Sciences,53872,447020,3,10,2024-01-23T15:27:11,2026-09-22T03:01:44
T12016,Web Data Mining and Analysis,1710,Information Systems,17,Computer Science,3,Physical Sciences,53837,432615,77,10,2024-01-23T15:27:12,2026-09-22T03:01:44
T12860,Family and Patient Care in Intensive Care Units,3614,Radiological and Ultrasound Technology,36,Health Professions,4,Health Sciences,53826,333552,2,10,2024-01-23T15:27:16,2026-09-22T03:01:44
T13892,Aquatic life and conservation,1104,Aquatic Science,11,Agricultural and Biological Sciences,1,Life Sciences,53802,127148,6,10,2024-01-23T15:27:20,2026-09-22T03:01:44
T12093,Greenhouse Technology and Climate Control,1110,Plant Science,11,Agricultural and Biological Sciences,1,Life Sciences,53791,368754,89,10,2024-01-23T15:27:13,2026-09-22T03:01:44
T11134,Breast Lesions and Carcinomas,2734,Pathology and Forensic Medicine,27,Medicine,4,Health Sciences,53777,547197,22,10,2024-01-23T15:27:09,2026-09-22T03:01:44
T11845,Cancer therapeutics and mechanisms,1312,Molecular Biology,13,"Biochemistry, Genetics and Molecular Biology",1,Life Sciences,53748,1073755,134,10,2024-01-23T15:27:12,2026-09-22T03:01:44
T12396,Advanced Differential Equations and Dynamical Systems,2608,Geometry and Topology,26,Mathematics,3,Physical Sciences,53730,448080,10,10,2024-01-23T15:27:14,2026-09-22T03:01:44
T11436,Entomopathogenic Microorganisms in Pest Control,1109,Insect Science,11,Agricultural and Biological Sciences,1,Life Sciences,53660,486374,13,10,2024-01-23T15:27:10,2026-09-22T03:01:44
T10592,Fusion materials and technologies,2505,Materials Chemistry,25,Materials Science,3,Physical Sciences,53613,615074,68,10,2024-01-23T15:27:07,2026-09-22T03:01:44
T12537,Flow Measurement and Analysis,2211,Mechanics of Materials,22,Engineering,3,Physical Sciences,53596,199801,28,10,2024-01-23T15:27:14,2026-09-22T03:01:44
T12855,Peanut Plant Research Studies,1110,Plant Science,11,Agricultural and Biological Sciences,1,Life Sciences,53446,193361,89,10,2024-01-23T15:27:16,2026-09-22T03:01:44
T11264,Coffee research and impacts,2736,Pharmacology,27,Medicine,4,Health Sciences,53414,612224,21,10,2024-01-23T15:27:10,2026-09-22T03:01:44
T11702,Parasitic Diseases Research and Treatment,2725,Infectious Diseases,27,Medicine,4,Health Sciences,53378,476184,20,10,2024-01-23T15:27:11,2026-09-22T03:01:44
T11804,Quantum many-body systems,3107,"Atomic and Molecular Physics, and Optics",31,Physics and Astronomy,3,Physical Sciences,53378,760163,36,10,2024-01-23T15:27:11,2026-09-22T03:01:44
T13413,Cultural and Historical Studies,1213,Visual Arts and Performing Arts,12,Arts and Humanities,2,Social Sciences,53374,11407,16,10,2024-01-23T15:27:18,2026-09-22T03:01:44
T11877,Iron oxide chemistry and applications,2105,"Renewable Energy, Sustainability and the Environment",21,Energy,3,Physical Sciences,53347,1094812,21,10,2024-01-23T15:27:12,2026-09-22T03:01:44
T11526,Innovative Teaching Methods,3304,Education,33,Social Sciences,2,Social Sciences,53300,419059,136,10,2024-01-23T15:27:10,2026-09-22T03:01:44
T11346,Mast cells and histamine,2403,Immunology,24,Immunology and Microbiology,1,Life Sciences,53277,1076368,25,10,2024-01-23T15:27:10,2026-09-22T03:01:44
T10244,Chaos control and synchronization,3109,Statistical and Nonlinear Physics,31,Physics and Astronomy,3,Physical Sciences,53275,759465,15,10,2024-01-23T15:27:05,2026-09-22T03:01:44
T13885,Geophysics and Sensor Technology,2212,Ocean Engineering,22,Engineering,3,Physical Sciences,53275,367708,22,10,2024-01-23T15:27:20,2026-09-22T03:01:44
T10070,Political Conflict and Governance,3312,Sociology and Political Science,33,Social Sciences,2,Social Sciences,53251,842880,223,10,2024-01-23T15:27:05,2026-09-22T03:01:44
T11500,Evacuation and Crowd Dynamics,2212,Ocean Engineering,22,Engineering,3,Physical Sciences,53218,450750,22,10,2024-01-23T15:27:10,2026-09-22T03:01:44
T10900,Listeria monocytogenes in Food Safety,1305,Biotechnology,13,"Biochemistry, Genetics and Molecular Biology",1,Life Sciences,53197,921120,7,10,2024-01-23T15:27:08,2026-09-22T03:01:44
T11173,Neurofibromatosis and Schwannoma Cases,2728,Neurology,27,Medicine,4,Health Sciences,53142,622044,21,10,2024-01-23T15:27:09,2026-09-22T03:01:44
T11737,Advanced Materials and Mechanics,2210,Mechanical Engineering,22,Engineering,3,Physical Sciences,53093,743363,78,10,2024-01-23T15:27:11,2026-09-22T03:01:44
T12785,Hong Kong and Taiwan Politics,3312,Sociology and Political Science,33,Social Sciences,2,Social Sciences,53093,130665,223,10,2024-01-23T15:27:15,2026-09-22T03:01:44
T11418,Plant Micronutrient Interactions and Effects,1110,Plant Science,11,Agricultural and Biological Sciences,1,Life Sciences,53087,1039556,89,10,2024-01-23T15:27:10,2026-09-22T03:01:44
T12461,Narrative Theory and Analysis,1208,Literature and Literary Theory,12,Arts and Humanities,2,Social Sciences,53051,159292,52,10,2024-01-23T15:27:14,2026-09-22T03:01:44
T14432,Freedom of Expression and Defamation,3308,Law,33,Social Sciences,2,Social Sciences,53034,33625,39,10,2024-01-23T15:27:22,2026-09-22T03:01:44
T10761,Vehicular Ad Hoc Networks (VANETs),2208,Electrical and Electronic Engineering,22,Engineering,3,Physical Sciences,53018,645720,116,10,2024-01-23T15:27:08,2026-09-22T03:01:44
T13234,advanced mathematical theories,2610,Mathematical Physics,26,Mathematics,3,Physical Sciences,53008,433349,11,10,2024-01-23T15:27:17,2026-09-22T03:01:44
T13781,Coleoptera: Cerambycidae studies,1105,"Ecology, Evolution, Behavior and Systematics",11,Agricultural and Biological Sciences,1,Life Sciences,53008,24737,32,10,2024-01-23T15:27:19,2026-09-22T03:01:44
T11193,Adenosine and Purinergic Signaling,1314,Physiology,13,"Biochemistry, Genetics and Molecular Biology",1,Life Sciences,52985,1382978,3,10,2024-01-23T15:27:09,2026-09-22T03:01:44
T11533,Melanoma and MAPK Pathways,1312,Molecular Biology,13,"Biochemistry, Genetics and Molecular Biology",1,Life Sciences,52981,1141269,134,10,2024-01-23T15:27:10,2026-09-22T03:01:44
T11292,Pediatric Pain Management Techniques,2735,"Pediatrics, Perinatology and Child Health",27,Medicine,4,Health Sciences,52949,706794,19,10,2024-01-23T15:27:10,2026-09-22T03:01:44
T13386,Educational Methods and Teacher Development,1710,Information Systems,17,Computer Science,3,Physical Sciences,52940,78900,77,10,2024-01-23T15:27:18,2026-09-22T03:01:44
T12668,Yeasts and Rust Fungi Studies,1312,Molecular Biology,13,"Biochemistry, Genetics and Molecular Biology",1,Life Sciences,52922,274134,134,10,2024-01-23T15:27:15,2026-09-22T03:01:44
T12673,Microbial Metabolism and Applications,1305,Biotechnology,13,"Biochemistry, Genetics and Molecular Biology",1,Life Sciences,52884,378397,7,10,2024-01-23T15:27:15,2026-09-22T03:01:44
T10925,Spinal Cord Injury Research,2734,Pathology and Forensic Medicine,27,Medicine,4,Health Sciences,52880,1048901,22,10,2024-01-23T15:27:08,2026-09-22T03:01:44
T12520,Psychology of Moral and Emotional Judgment,2805,Cognitive Neuroscience,28,Neuroscience,1,Life Sciences,52879,969422,27,10,2024-01-23T15:27:14,2026-09-22T03:01:44
T12140,Renal and related cancers,1312,Molecular Biology,13,"Biochemistry, Genetics and Molecular Biology",1,Life Sciences,52824,928543,134,10,2024-01-23T15:27:13,2026-09-22T03:01:44
T11063,Rough Sets and Fuzzy Logic,1703,Computational Theory and Mathematics,17,Computer Science,3,Physical Sciences,52818,653356,23,10,2024-01-23T15:27:09,2026-09-22T03:01:44
T11123,Obsessive-Compulsive Spectrum Disorders,3203,Clinical Psychology,32,Psychology,2,Social Sciences,52800,1046628,37,10,2024-01-23T15:27:09,2026-09-22T03:01:44
T12023,Cholinesterase and Neurodegenerative Diseases,2736,Pharmacology,27,Medicine,4,Health Sciences,52781,1028829,21,10,2024-01-23T15:27:12,2026-09-22T03:01:44
T11656,Turtle Biology and Conservation,2309,Nature and Landscape Conservation,23,Environmental Science,3,Physical Sciences,52770,512143,11,10,2024-01-23T15:27:11,2026-09-22T03:01:44
T11492,Academic integrity and plagiarism,3311,Safety Research,33,Social Sciences,2,Social Sciences,52765,273684,18,10,2024-01-23T15:27:10,2026-09-22T03:01:44
T11078,Inflammasome and immune disorders,1312,Molecular Biology,13,"Biochemistry, Genetics and Molecular Biology",1,Life Sciences,52751,1579299,134,10,2024-01-23T15:27:09,2026-09-22T03:01:44
T12336,Insect Utilization and Effects,1109,Insect Science,11,Agricultural and Biological Sciences,1,Life Sciences,52730,573939,13,10,2024-01-23T15:27:14,2026-09-22T03:01:44
T10845,Advanced Causal Inference Techniques,2613,Statistics and Probability,26,Mathematics,3,Physical Sciences,52721,1124150,19,10,2024-01-23T15:27:08,2026-09-22T03:01:44
T13736,Steroid Chemistry and Biochemistry,1312,Molecular Biology,13,"Biochemistry, Genetics and Molecular Biology",1,Life Sciences,52657,335510,134,10,2024-01-23T15:27:19,2026-09-22T03:01:44
T12221,Cybersecurity and Cyber Warfare Studies,3320,Political Science and International Relations,33,Social Sciences,2,Social Sciences,52622,181823,117,10,2024-01-23T15:27:13,2026-09-22T03:01:44
T12103,Cancer Risks and Factors,2730,Oncology,27,Medicine,4,Health Sciences,52611,730348,33,10,2024-01-23T15:27:13,2026-09-22T03:01:44
T13285,Local Governance and Development,3305,"Geography, Planning and Development",33,Social Sciences,2,Social Sciences,52598,71435,14,10,2024-01-23T15:27:17,2026-09-22T03:01:44
T11664,Fiber-reinforced polymer composites,2210,Mechanical Engineering,22,Engineering,3,Physical Sciences,52581,557349,78,10,2024-01-23T15:27:11,2026-09-22T03:01:44
T12418,Respiratory and Cough-Related Research,2740,Pulmonary and Respiratory Medicine,27,Medicine,4,Health Sciences,52581,367663,51,10,2024-01-23T15:27:14,2026-09-22T03:01:44
T11167,Hair Growth and Disorders,2748,Urology,27,Medicine,4,Health Sciences,52580,675904,4,10,2024-01-23T15:27:09,2026-09-22T03:01:44
T11479,Smart Cities and Technologies,2214,Media Technology,22,Engineering,3,Physical Sciences,52551,395492,11,10,2024-01-23T15:27:10,2026-09-22T03:01:44
T11348,Celiac Disease Research and Management,2715,Gastroenterology,27,Medicine,4,Health Sciences,52549,777375,4,10,2024-01-23T15:27:10,2026-09-22T03:01:44
T10808,Electric and Hybrid Vehicle Technologies,2203,Automotive Engineering,22,Engineering,3,Physical Sciences,52519,327752,11,10,2024-01-23T15:27:08,2026-09-22T03:01:44
T11946,Antenna Design and Optimization,2202,Aerospace Engineering,22,Engineering,3,Physical Sciences,52498,342356,43,10,2024-01-23T15:27:12,2026-09-22T03:01:44
T11562,Facial Trauma and Fracture Management,2746,Surgery,27,Medicine,4,Health Sciences,52494,406837,95,10,2024-01-23T15:27:11,2026-09-22T03:01:44
T13013,Free Radicals and Antioxidants,1605,Organic Chemistry,16,Chemistry,3,Physical Sciences,52492,1298515,60,10,2024-01-23T15:27:16,2026-09-22T03:01:44
T14124,"Food, Nutrition, and Cultural Practices",1106,Food Science,11,Agricultural and Biological Sciences,1,Life Sciences,52461,37156,31,10,2024-01-23T15:27:21,2026-09-22T03:01:44
T10977,Optical Imaging and Spectroscopy Techniques,2741,"Radiology, Nuclear Medicine and Imaging",27,Medicine,4,Health Sciences,52457,797786,29,10,2024-01-23T15:27:08,2026-09-22T03:01:44
T12518,Diverticular Disease and Complications,2746,Surgery,27,Medicine,4,Health Sciences,52413,341896,95,10,2024-01-23T15:27:14,2026-09-22T03:01:44
T12724,Water-Energy-Food Nexus Studies,2312,Water Science and Technology,23,Environmental Science,3,Physical Sciences,52413,463838,23,10,2024-01-23T15:27:15,2026-09-22T03:01:44
T13867,Economic Growth and Development,1710,Information Systems,17,Computer Science,3,Physical Sciences,52399,297264,77,10,2024-01-23T15:27:20,2026-09-22T03:01:44
T11799,"Adhesion, Friction, and Surface Interactions",2211,Mechanics of Materials,22,Engineering,3,Physical Sciences,52391,772533,28,10,2024-01-23T15:27:11,2026-09-22T03:01:44
T12227,Environmental and Social Impact Assessments,2308,"Management, Monitoring, Policy and Law",23,Environmental Science,3,Physical Sciences,52320,328256,33,10,2024-01-23T15:27:13,2026-09-22T03:01:44
T13953,Digital Imaging in Medicine,2739,"Public Health, Environmental and Occupational Health",27,Medicine,4,Health Sciences,52278,100739,53,10,2024-01-23T15:27:20,2026-09-22T03:01:44
T11030,Scoliosis diagnosis and treatment,2746,Surgery,27,Medicine,4,Health Sciences,52259,697340,95,10,2024-01-23T15:27:09,2026-09-22T03:01:44
T12632,Visual Culture and Art Theory,1213,Visual Arts and Performing Arts,12,Arts and Humanities,2,Social Sciences,52207,202751,16,10,2024-01-23T15:27:15,2026-09-22T03:01:44
T14070,Knowledge Societies in the 21st Century,3317,Demography,33,Social Sciences,2,Social Sciences,52187,33321,26,10,2024-01-23T15:27:21,2026-09-22T03:01:44
T10737,Health Literacy and Information Accessibility,3600,General Health Professions,36,Health Professions,4,Health Sciences,52143,779522,49,10,2024-01-23T15:27:07,2026-09-22T03:01:44
T11092,Spondyloarthritis Studies and Treatments,2745,Rheumatology,27,Medicine,4,Health Sciences,52075,734180,23,10,2024-01-23T15:27:09,2026-09-22T03:01:44
T11094,Face Recognition and Perception,2805,Cognitive Neuroscience,28,Neuroscience,1,Life Sciences,52063,1177768,27,10,2024-01-23T15:27:09,2026-09-22T03:01:44
T12593,Communication in Education and Healthcare,3207,Social Psychology,32,Psychology,2,Social Sciences,52043,510848,51,10,2024-01-23T15:27:15,2026-09-22T03:01:44
T11278,Calcium Carbonate Crystallization and Inhibition,2502,Biomaterials,25,Materials Science,3,Physical Sciences,52025,808833,12,10,2024-01-23T15:27:10,2026-09-22T03:01:44
T11128,Transition Metal Oxide Nanomaterials,2507,Polymers and Plastics,25,Materials Science,3,Physical Sciences,52023,928746,13,10,2024-01-23T15:27:09,2026-09-22T03:01:44
T13727,Linguistic and Sociocultural Studies,3310,Linguistics and Language,33,Social Sciences,2,Social Sciences,52010,55129,5,10,2024-01-23T15:27:19,2026-09-22T03:01:44
T14427,Environmental Monitoring and Data Management,1907,Geology,19,Earth and Planetary Sciences,3,Physical Sciences,52005,35325,4,10,2024-01-23T15:27:22,2026-09-22T03:01:44
T14226,"Migration, Racism, and Human Rights",3306,Health,33,Social Sciences,2,Social Sciences,51999,45696,13,10,2024-01-23T15:27:21,2026-09-22T03:01:44
T12335,"Sexuality, Behavior, and Technology",3203,Clinical Psychology,32,Psychology,2,Social Sciences,51978,466726,37,10,2024-01-23T15:27:14,2026-09-22T03:01:44
T12226,Neuroblastoma Research and Treatments,2728,Neurology,27,Medicine,4,Health Sciences,51947,728261,21,10,2024-01-23T15:27:13,2026-09-22T03:01:44
T11797,graph theory and CDMA systems,2208,Electrical and Electronic Engineering,22,Engineering,3,Physical Sciences,51907,487012,116,10,2024-01-23T15:27:11,2026-09-22T03:01:44
T10956,Fullerene Chemistry and Applications,1605,Organic Chemistry,16,Chemistry,3,Physical Sciences,51886,1057851,60,10,2024-01-23T15:27:08,2026-09-22T03:01:44
T11672,Recycling and utilization of industrial and municipal waste in materials production,2215,Building and Construction,22,Engineering,3,Physical Sciences,51874,429241,21,10,2024-01-23T15:27:11,2026-09-22T03:01:44
T11597,"Neutrophil, Myeloperoxidase and Oxidative Mechanisms",2403,Immunology,24,Immunology and Microbiology,1,Life Sciences,51873,1443665,25,10,2024-01-23T15:27:11,2026-09-22T03:01:44
T13023,Synthesis of Organic Compounds,2736,Pharmacology,27,Medicine,4,Health Sciences,51746,317339,21,10,2024-01-23T15:27:16,2026-09-22T03:01:44
T11398,Hand Gesture Recognition Systems,1709,Human-Computer Interaction,17,Computer Science,3,Physical Sciences,51727,448944,7,10,2024-01-23T15:27:10,2026-09-22T03:01:44
T12314,Nuts composition and effects,2916,Nutrition and Dietetics,29,Nursing,4,Health Sciences,51692,293319,16,10,2024-01-23T15:27:13,2026-09-22T03:01:44
T11579,Cardiovascular and Diving-Related Complications,2740,Pulmonary and Respiratory Medicine,27,Medicine,4,Health Sciences,51674,405832,51,10,2024-01-23T15:27:11,2026-09-22T03:01:44
T11628,Myeloproliferative Neoplasms: Diagnosis and Treatment,2716,Genetics,27,Medicine,4,Health Sciences,51644,524480,8,10,2024-01-23T15:27:11,2026-09-22T03:01:44
T10694,Menopause: Health Impacts and Treatments,2712,"Endocrinology, Diabetes and Metabolism",27,Medicine,4,Health Sciences,51643,964397,17,10,2024-01-23T15:27:07,2026-09-22T03:01:44
T11623,Hyperglycemia and glycemic control in critically ill and hospitalized patients,2712,"Endocrinology, Diabetes and Metabolism",27,Medicine,4,Health Sciences,51629,599039,17,10,2024-01-23T15:27:11,2026-09-22T03:01:44
T12246,Chronic Disease Management Strategies,2713,Epidemiology,27,Medicine,4,Health Sciences,51607,623647,41,10,2024-01-23T15:27:13,2026-09-22T03:01:44
T13163,Organizational Learning and Leadership,1407,Organizational Behavior and Human Resource Management,14,"Business, Management and Accounting",2,Social Sciences,51568,518184,29,10,2024-01-23T15:27:17,2026-09-22T03:01:44
T11002,Indoor Air Quality and Microbial Exposure,2307,"Health, Toxicology and Mutagenesis",23,Environmental Science,3,Physical Sciences,51548,636762,15,10,2024-01-23T15:27:09,2026-09-22T03:01:44
T13071,Digital Storytelling and Education,3616,Speech and Hearing,36,Health Professions,4,Health Sciences,51545,248085,9,10,2024-01-23T15:27:16,2026-09-22T03:01:44
T14324,Insects and Parasite Interactions,2307,"Health, Toxicology and Mutagenesis",23,Environmental Science,3,Physical Sciences,51518,163677,15,10,2024-01-23T15:27:22,2026-09-22T03:01:44
T11254,Fluid Dynamics and Vibration Analysis,2206,Computational Mechanics,22,Engineering,3,Physical Sciences,51510,749465,29,10,2024-01-23T15:27:10,2026-09-22T03:01:44
T11865,Anorectal Disease Treatments and Outcomes,2746,Surgery,27,Medicine,4,Health Sciences,51506,388316,95,10,2024-01-23T15:27:12,2026-09-22T03:01:44
T14041,Central European Literary Studies,3314,Anthropology,33,Social Sciences,2,Social Sciences,51502,11202,24,10,2024-01-23T15:27:21,2026-09-22T03:01:44
T11637,Advanced Semiconductor Detectors and Materials,2208,Electrical and Electronic Engineering,22,Engineering,3,Physical Sciences,51455,448009,116,10,2024-01-23T15:27:11,2026-09-22T03:01:44
T11581,Viral Infections and Outbreaks Research,2725,Infectious Diseases,27,Medicine,4,Health Sciences,51430,630018,20,10,2024-01-23T15:27:11,2026-09-22T03:01:44
T10828,Biometric Identification and Security,1711,Signal Processing,17,Computer Science,3,Physical Sciences,51425,547586,9,10,2024-01-23T15:27:08,2026-09-22T03:01:44
T10726,Career Development and Diversity,3311,Safety Research,33,Social Sciences,2,Social Sciences,51400,635526,18,10,2024-01-23T15:27:07,2026-09-22T03:01:44
T13369,European and Russian Geopolitical Military Strategies,3320,Political Science and International Relations,33,Social Sciences,2,Social Sciences,51352,75718,117,10,2024-01-23T15:27:18,2026-09-22T03:01:44
T11392,Energy Harvesting in Wireless Networks,2208,Electrical and Electronic Engineering,22,Engineering,3,Physical Sciences,51350,605204,116,10,2024-01-23T15:27:10,2026-09-22T03:01:44
T12182,Evolution and Science Education,1207,History and Philosophy of Science,12,Arts and Humanities,2,Social Sciences,51298,442949,18,10,2024-01-23T15:27:13,2026-09-22T03:01:44
T12460,Pediatric Hepatobiliary Diseases and Treatments,2746,Surgery,27,Medicine,4,Health Sciences,51292,408419,95,10,2024-01-23T15:27:14,2026-09-22T03:01:44
T12517,Seventeenth-Century Political and Philosophical Thought,1211,Philosophy,12,Arts and Humanities,2,Social Sciences,51283,240889,48,10,2024-01-23T15:27:14,2026-09-22T03:01:44
T10693,Blood transfusion and management,2704,Biochemistry,27,Medicine,4,Health Sciences,51274,776430,2,10,2024-01-23T15:27:07,2026-09-22T03:01:44
T11412,Genetic and Kidney Cyst Diseases,1311,Genetics,13,"Biochemistry, Genetics and Molecular Biology",1,Life Sciences,51259,833589,39,10,2024-01-23T15:27:10,2026-09-22T03:01:44
T12161,Plant Surface Properties and Treatments,1110,Plant Science,11,Agricultural and Biological Sciences,1,Life Sciences,51224,452656,89,10,2024-01-23T15:27:13,2026-09-22T03:01:44
T13900,Contemporary and Historical Greek Studies,3312,Sociology and Political Science,33,Social Sciences,2,Social Sciences,51211,59690,223,10,2024-01-23T15:27:20,2026-09-22T03:01:44
T12729,Tree Root and Stability Studies,2210,Mechanical Engineering,22,Engineering,3,Physical Sciences,51190,348106,78,10,2024-01-23T15:27:15,2026-09-22T03:01:44
T12516,Advanced Mathematical Theories and Applications,3109,Statistical and Nonlinear Physics,31,Physics and Astronomy,3,Physical Sciences,51162,222884,15,10,2024-01-23T15:27:14,2026-09-22T03:01:44
T14464,Community Development and Social Impact,2003,Finance,20,"Economics, Econometrics and Finance",2,Social Sciences,51148,209333,15,10,2024-01-23T15:27:22,2026-09-22T03:01:44
T11119,Urban Stormwater Management Solutions,2305,Environmental Engineering,23,Environmental Science,3,Physical Sciences,51136,540027,18,10,2024-01-23T15:27:09,2026-09-22T03:01:44
T11987,COVID-19 Impact on Reproduction,2729,Obstetrics and Gynecology,27,Medicine,4,Health Sciences,51126,355069,7,10,2024-01-23T15:27:12,2026-09-22T03:01:44
T13784,Jewish Identity and Society,3317,Demography,33,Social Sciences,2,Social Sciences,51116,103318,26,10,2024-01-23T15:27:19,2026-09-22T03:01:44
T10948,Advanced Combinatorial Mathematics,2607,Discrete Mathematics and Combinatorics,26,Mathematics,3,Physical Sciences,51111,321041,3,10,2024-01-23T15:27:08,2026-09-22T03:01:44
T11751,Lattice Boltzmann Simulation Studies,2206,Computational Mechanics,22,Engineering,3,Physical Sciences,51038,809263,29,10,2024-01-23T15:27:11,2026-09-22T03:01:44
T14215,Chemical and Environmental Engineering Research,1710,Information Systems,17,Computer Science,3,Physical Sciences,51020,76852,77,10,2024-01-23T15:27:21,2026-09-22T03:01:44
T12081,Aerodynamics and Fluid Dynamics Research,2202,Aerospace Engineering,22,Engineering,3,Physical Sciences,51002,249143,43,10,2024-01-23T15:27:13,2026-09-22T03:01:44
T13589,Literary and Cultural Studies,3312,Sociology and Political Science,33,Social Sciences,2,Social Sciences,50957,48968,223,10,2024-01-23T15:27:19,2026-09-22T03:01:44
T11104,"Memory, Trauma, and Commemoration",3207,Social Psychology,32,Psychology,2,Social Sciences,50951,263131,51,10,2024-01-23T15:27:09,2026-09-22T03:01:44
T12389,Infrared Target Detection Methodologies,2202,Aerospace Engineering,22,Engineering,3,Physical Sciences,50950,242302,43,10,2024-01-23T15:27:14,2026-09-22T03:01:44
T12370,Advances in Cucurbitaceae Research,1311,Genetics,13,"Biochemistry, Genetics and Molecular Biology",1,Life Sciences,50935,212082,39,10,2024-01-23T15:27:14,2026-09-22T03:01:44
T11611,Cyclopropane Reaction Mechanisms,1605,Organic Chemistry,16,Chemistry,3,Physical Sciences,50932,855519,60,10,2024-01-23T15:27:11,2026-09-22T03:01:44
T12360,Plant-derived Lignans Synthesis and Bioactivity,1312,Molecular Biology,13,"Biochemistry, Genetics and Molecular Biology",1,Life Sciences,50892,191297,134,10,2024-01-23T15:27:14,2026-09-22T03:01:44
T10752,Terahertz technology and applications,2208,Electrical and Electronic Engineering,22,Engineering,3,Physical Sciences,50887,628156,116,10,2024-01-23T15:27:08,2026-09-22T03:01:44
T13808,Construction Engineering and Safety,2205,Civil and Structural Engineering,22,Engineering,3,Physical Sciences,50845,64209,41,10,2024-01-23T15:27:20,2026-09-22T03:01:44
T12984,Transport and Logistics Innovations,2209,Industrial and Manufacturing Engineering,22,Engineering,3,Physical Sciences,50836,39446,16,10,2024-01-23T15:27:16,2026-09-22T03:01:44
T11679,Craniofacial Disorders and Treatments,1311,Genetics,13,"Biochemistry, Genetics and Molecular Biology",1,Life Sciences,50827,522523,39,10,2024-01-23T15:27:11,2026-09-22T03:01:44
T12677,Sports Dynamics and Biomechanics,2204,Biomedical Engineering,22,Engineering,3,Physical Sciences,50804,145757,71,10,2024-01-23T15:27:15,2026-09-22T03:01:44
T14300,Legal and Social Philosophy,3312,Sociology and Political Science,33,Social Sciences,2,Social Sciences,50792,25462,223,10,2024-01-23T15:27:22,2026-09-22T03:01:44
T12895,Environmental law and policy,3308,Law,33,Social Sciences,2,Social Sciences,50790,132872,39,10,2024-01-23T15:27:16,2026-09-22T03:01:44
T12027,Social Media in Health Education,3306,Health,33,Social Sciences,2,Social Sciences,50788,280988,13,10,2024-01-23T15:27:12,2026-09-22T03:01:44
T12682,Smart Materials for Construction,2310,Pollution,23,Environmental Science,3,Physical Sciences,50788,364087,10,10,2024-01-23T15:27:15,2026-09-22T03:01:44
T11923,Mine drainage and remediation techniques,2304,Environmental Chemistry,23,Environmental Science,3,Physical Sciences,50779,566628,10,10,2024-01-23T15:27:12,2026-09-22T03:01:44
T10611,Organic Light-Emitting Diodes Research,2208,Electrical and Electronic Engineering,22,Engineering,3,Physical Sciences,50778,1410521,116,10,2024-01-23T15:27:07,2026-09-22T03:01:44
T10937,"Telomeres, Telomerase, and Senescence",2737,Physiology,27,Medicine,4,Health Sciences,50776,1555563,29,10,2024-01-23T15:27:08,2026-09-22T03:01:44
T11782,Magnetic Properties of Alloys,2504,"Electronic, Optical and Magnetic Materials",25,Materials Science,3,Physical Sciences,50772,494020,16,10,2024-01-23T15:27:11,2026-09-22T03:01:44
T10812,Human Pose and Action Recognition,1707,Computer Vision and Pattern Recognition,17,Computer Science,3,Physical Sciences,50752,1035392,34,10,2024-01-23T15:27:08,2026-09-22T03:01:44
T10933,Real-Time Systems Scheduling,1708,Hardware and Architecture,17,Computer Science,3,Physical Sciences,50744,478177,7,10,2024-01-23T15:27:08,2026-09-22T03:01:44
T11922,Cardiovascular Effects of Exercise,2705,Cardiology and Cardiovascular Medicine,27,Medicine,4,Health Sciences,50731,627588,28,10,2024-01-23T15:27:12,2026-09-22T03:01:44
T11172,Dermatologic Treatments and Research,2708,Dermatology,27,Medicine,4,Health Sciences,50717,573688,12,10,2024-01-23T15:27:09,2026-09-22T03:01:44
T11596,Constraint Satisfaction and Optimization,1705,Computer Networks and Communications,17,Computer Science,3,Physical Sciences,50709,464080,42,10,2024-01-23T15:27:11,2026-09-22T03:01:44
T10567,Vehicle Routing Optimization Methods,2209,Industrial and Manufacturing Engineering,22,Engineering,3,Physical Sciences,50671,879911,16,10,2024-01-23T15:27:07,2026-09-22T03:01:44
T12766,Interdisciplinary Research and Collaboration,1802,Information Systems and Management,18,Decision Sciences,2,Social Sciences,50650,322346,14,10,2024-01-23T15:27:15,2026-09-22T03:01:44
T14365,Leaf Properties and Growth Measurement,1110,Plant Science,11,Agricultural and Biological Sciences,1,Life Sciences,50607,258052,89,10,2024-01-23T15:27:22,2026-09-22T03:01:44
T12589,Differential Equations and Boundary Problems,2604,Applied Mathematics,26,Mathematics,3,Physical Sciences,50601,348404,16,10,2024-01-23T15:27:15,2026-09-22T03:01:44
T10944,Turbomachinery Performance and Optimization,2202,Aerospace Engineering,22,Engineering,3,Physical Sciences,50544,392526,43,10,2024-01-23T15:27:08,2026-09-22T03:01:44
T13951,Fluid dynamics and aerodynamics studies,2206,Computational Mechanics,22,Engineering,3,Physical Sciences,50538,173581,29,10,2024-01-23T15:27:20,2026-09-22T03:01:44
T11701,Space Satellite Systems and Control,2202,Aerospace Engineering,22,Engineering,3,Physical Sciences,50528,230077,43,10,2024-01-23T15:27:11,2026-09-22T03:01:44
T14233,Diverse Topics in Contemporary Research,3316,Cultural Studies,33,Social Sciences,2,Social Sciences,50525,35612,37,10,2024-01-23T15:27:21,2026-09-22T03:01:44
T10690,Vibration Control and Rheological Fluids,2205,Civil and Structural Engineering,22,Engineering,3,Physical Sciences,50523,710237,41,10,2024-01-23T15:27:07,2026-09-22T03:01:44
T13655,Canadian Policy and Governance,3320,Political Science and International Relations,33,Social Sciences,2,Social Sciences,50522,65821,117,10,2024-01-23T15:27:19,2026-09-22T03:01:44
T10810,Polymer composites and self-healing,2507,Polymers and Plastics,25,Materials Science,3,Physical Sciences,50495,1113171,13,10,2024-01-23T15:27:08,2026-09-22T03:01:44
T12934,Plant and fungal interactions,1105,"Ecology, Evolution, Behavior and Systematics",11,Agricultural and Biological Sciences,1,Life Sciences,50471,393782,32,10,2024-01-23T15:27:16,2026-09-22T03:01:44
T14143,Economic and Technological Innovation,2002,Economics and Econometrics,20,"Economics, Econometrics and Finance",2,Social Sciences,50413,181393,78,10,2024-01-23T15:27:21,2026-09-22T03:01:44
T12512,History of Colonial Brazil,3314,Anthropology,33,Social Sciences,2,Social Sciences,50402,45574,24,10,2024-01-23T15:27:14,2026-09-22T03:01:44
T10719,3D Shape Modeling and Analysis,2206,Computational Mechanics,22,Engineering,3,Physical Sciences,50387,639405,29,10,2024-01-23T15:27:07,2026-09-22T03:01:44
T11883,Embodied and Extended Cognition,2805,Cognitive Neuroscience,28,Neuroscience,1,Life Sciences,50332,312292,27,10,2024-01-23T15:27:12,2026-09-22T03:01:44
T10922,Magnetic Properties and Synthesis of Ferrites,2505,Materials Chemistry,25,Materials Science,3,Physical Sciences,50296,909968,68,10,2024-01-23T15:27:08,2026-09-22T03:01:44
T12090,Language and cultural evolution,3316,Cultural Studies,33,Social Sciences,2,Social Sciences,50290,572944,37,10,2024-01-23T15:27:13,2026-09-22T03:01:44
T10957,Photodynamic Therapy Research Studies,2740,Pulmonary and Respiratory Medicine,27,Medicine,4,Health Sciences,50278,887973,51,10,2024-01-23T15:27:08,2026-09-22T03:01:44
T12981,Conservation Techniques and Studies,1206,Conservation,12,Arts and Humanities,2,Social Sciences,50161,149207,5,10,2024-01-23T15:27:16,2026-09-22T03:01:44
T11169,Silicon Nanostructures and Photoluminescence,2505,Materials Chemistry,25,Materials Science,3,Physical Sciences,50157,680704,68,10,2024-01-23T15:27:09,2026-09-22T03:01:44
T12711,Immigration and Intercultural Education,3316,Cultural Studies,33,Social Sciences,2,Social Sciences,50156,51828,37,10,2024-01-23T15:27:15,2026-09-22T03:01:44
T11237,Plant Gene Expression Analysis,1312,Molecular Biology,13,"Biochemistry, Genetics and Molecular Biology",1,Life Sciences,50142,1049625,134,10,2024-01-23T15:27:09,2026-09-22T03:01:44
T11280,Hemophilia Treatment and Research,2720,Hematology,27,Medicine,4,Health Sciences,50106,596873,11,10,2024-01-23T15:27:10,2026-09-22T03:01:44
T12298,Phytochemicals and Medicinal Plants,2707,Complementary and alternative medicine,27,Medicine,4,Health Sciences,50098,280911,19,10,2024-01-23T15:27:13,2026-09-22T03:01:44
T14396,Healthcare Regulation,3605,Health Information Management,36,Health Professions,4,Health Sciences,50092,32745,11,10,2024-01-23T15:27:22,2026-09-22T03:01:44
T13552,Advanced Materials Characterization Techniques,2204,Biomedical Engineering,22,Engineering,3,Physical Sciences,50039,489369,71,10,2024-01-23T15:27:18,2026-09-22T03:01:44
T11238,Simulation-Based Education in Healthcare,2737,Physiology,27,Medicine,4,Health Sciences,49949,483858,29,10,2024-01-23T15:27:09,2026-09-22T03:01:44
T13667,French Literature and Criticism,1208,Literature and Literary Theory,12,Arts and Humanities,2,Social Sciences,49947,52336,52,10,2024-01-23T15:27:19,2026-09-22T03:01:44
T10879,Robotic Locomotion and Control,2204,Biomedical Engineering,22,Engineering,3,Physical Sciences,49922,547395,71,10,2024-01-23T15:27:08,2026-09-22T03:01:44
T13059,"Religion, Ecology, and Ethics",3312,Sociology and Political Science,33,Social Sciences,2,Social Sciences,49880,242017,223,10,2024-01-23T15:27:16,2026-09-22T03:01:44
T11055,Cardiac and Coronary Surgery Techniques,2746,Surgery,27,Medicine,4,Health Sciences,49868,647978,95,10,2024-01-23T15:27:09,2026-09-22T03:01:44
T12544,Working Capital and Financial Performance,1402,Accounting,14,"Business, Management and Accounting",2,Social Sciences,49826,179229,21,10,2024-01-23T15:27:14,2026-09-22T03:01:44
T13599,Architecture and Cultural Influences,1204,Archeology,12,Arts and Humanities,2,Social Sciences,49822,98695,19,10,2024-01-23T15:27:19,2026-09-22T03:01:44
T14192,"Literature, Film, and Journalism Analysis",1208,Literature and Literary Theory,12,Arts and Humanities,2,Social Sciences,49819,59869,52,10,2024-01-23T15:27:21,2026-09-22T03:01:44
T12261,Statistical Mechanics and Entropy,3109,Statistical and Nonlinear Physics,31,Physics and Astronomy,3,Physical Sciences,49801,564331,15,10,2024-01-23T15:27:13,2026-09-22T03:01:44
T12030,S100 Proteins and Annexins,1312,Molecular Biology,13,"Biochemistry, Genetics and Molecular Biology",1,Life Sciences,49785,851220,134,10,2024-01-23T15:27:12,2026-09-22T03:01:44
T11338,Advancements in Photolithography Techniques,2208,Electrical and Electronic Engineering,22,Engineering,3,Physical Sciences,49774,299177,116,10,2024-01-23T15:27:10,2026-09-22T03:01:44
T12848,Psychological Testing and Assessment,3202,Applied Psychology,32,Psychology,2,Social Sciences,49744,467637,6,10,2024-01-23T15:27:15,2026-09-22T03:01:44
T11545,Advanced Banach Space Theory,2610,Mathematical Physics,26,Mathematics,3,Physical Sciences,49715,375926,11,10,2024-01-23T15:27:11,2026-09-22T03:01:44
T11440,Click Chemistry and Applications,1605,Organic Chemistry,16,Chemistry,3,Physical Sciences,49699,1097595,60,10,2024-01-23T15:27:10,2026-09-22T03:01:44
T11023,Prosthetics and Rehabilitation Robotics,2204,Biomedical Engineering,22,Engineering,3,Physical Sciences,49665,518839,71,10,2024-01-23T15:27:09,2026-09-22T03:01:44
T13513,Urban and sociocultural dynamics,3322,Urban Studies,33,Social Sciences,2,Social Sciences,49626,47848,18,10,2024-01-23T15:27:18,2026-09-22T03:01:44
T10742,Peer-to-Peer Network Technologies,1705,Computer Networks and Communications,17,Computer Science,3,Physical Sciences,49598,508779,42,10,2024-01-23T15:27:07,2026-09-22T03:01:44
T13217,Pigment Synthesis and Properties,1604,Inorganic Chemistry,16,Chemistry,3,Physical Sciences,49531,208598,11,10,2024-01-23T15:27:17,2026-09-22T03:01:44
T14129,Economic and Business Studies,2002,Economics and Econometrics,20,"Economics, Econometrics and Finance",2,Social Sciences,49523,21495,78,10,2024-01-23T15:27:21,2026-09-22T03:01:44
T10470,Usability and User Interface Design,1709,Human-Computer Interaction,17,Computer Science,3,Physical Sciences,49505,520063,7,10,2024-01-23T15:27:06,2026-09-22T03:01:44
T12702,Brain Tumor Detection and Classification,2808,Neurology,28,Neuroscience,1,Life Sciences,49490,385123,9,10,2024-01-23T15:27:15,2026-09-22T03:01:44
T14497,Social Issues and Policies in Latin America,3308,Law,33,Social Sciences,2,Social Sciences,49486,25769,39,10,2024-01-23T15:27:22,2026-09-22T03:01:44
T14302,European Politics and Security,3320,Political Science and International Relations,33,Social Sciences,2,Social Sciences,49484,79797,117,10,2024-01-23T15:27:22,2026-09-22T03:01:44
T10918,Memory Processes and Influences,2805,Cognitive Neuroscience,28,Neuroscience,1,Life Sciences,49450,1257705,27,10,2024-01-23T15:27:08,2026-09-22T03:01:44
T14144,Neurological Disease Mechanisms and Treatments,2808,Neurology,28,Neuroscience,1,Life Sciences,49432,290278,9,10,2024-01-23T15:27:21,2026-09-22T03:01:44
T11992,CCD and CMOS Imaging Sensors,2208,Electrical and Electronic Engineering,22,Engineering,3,Physical Sciences,49408,302956,116,10,2024-01-23T15:27:12,2026-09-22T03:01:44
T11219,Bone Metabolism and Diseases,1312,Molecular Biology,13,"Biochemistry, Genetics and Molecular Biology",1,Life Sciences,49395,1278520,134,10,2024-01-23T15:27:09,2026-09-22T03:01:44
T14408,Coastal Management and Development,2308,"Management, Monitoring, Policy and Law",23,Environmental Science,3,Physical Sciences,49380,54169,33,10,2024-01-23T15:27:22,2026-09-22T03:01:44
T11443,Advanced Statistical Process Monitoring,1804,"Statistics, Probability and Uncertainty",18,Decision Sciences,2,Social Sciences,49370,542551,8,10,2024-01-23T15:27:10,2026-09-22T03:01:44
T13016,Innovative Educational Technologies,1710,Information Systems,17,Computer Science,3,Physical Sciences,49343,46671,77,10,2024-01-23T15:27:16,2026-09-22T03:01:44
T12420,Silicone and Siloxane Chemistry,2505,Materials Chemistry,25,Materials Science,3,Physical Sciences,49317,480844,68,10,2024-01-23T15:27:14,2026-09-22T03:01:44
T12366,"Philosophy, Ethics, and Existentialism",1211,Philosophy,12,Arts and Humanities,2,Social Sciences,49287,239139,48,10,2024-01-23T15:27:14,2026-09-22T03:01:44
T11572,Information Technology Governance and Strategy,1404,Management Information Systems,14,"Business, Management and Accounting",2,Social Sciences,49248,412288,15,10,2024-01-23T15:27:11,2026-09-22T03:01:44
T10952,PI3K/AKT/mTOR signaling in cancer,1312,Molecular Biology,13,"Biochemistry, Genetics and Molecular Biology",1,Life Sciences,49226,1572694,134,10,2024-01-23T15:27:08,2026-09-22T03:01:44
T13531,Surface and Thin Film Phenomena,3107,"Atomic and Molecular Physics, and Optics",31,Physics and Astronomy,3,Physical Sciences,49225,933569,36,10,2024-01-23T15:27:18,2026-09-22T03:01:44
T13684,Political Dynamics in Latin America,3320,Political Science and International Relations,33,Social Sciences,2,Social Sciences,49195,24832,117,10,2024-01-23T15:27:19,2026-09-22T03:01:44
T12976,Magnetic and Electromagnetic Effects,1314,Physiology,13,"Biochemistry, Genetics and Molecular Biology",1,Life Sciences,49185,382347,3,10,2024-01-23T15:27:16,2026-09-22T03:01:44
T13145,Crime and Detective Fiction Studies,1208,Literature and Literary Theory,12,Arts and Humanities,2,Social Sciences,49122,66296,52,10,2024-01-23T15:27:17,2026-09-22T03:01:44
T11040,Personality Traits and Psychology,3203,Clinical Psychology,32,Psychology,2,Social Sciences,49120,1204736,37,10,2024-01-23T15:27:09,2026-09-22T03:01:44
T13155,Digital Communication and Language,1709,Human-Computer Interaction,17,Computer Science,3,Physical Sciences,49095,286858,7,10,2024-01-23T15:27:17,2026-09-22T03:01:44
T11255,Microfluidic and Bio-sensing Technologies,2204,Biomedical Engineering,22,Engineering,3,Physical Sciences,49087,930357,71,10,2024-01-23T15:27:10,2026-09-22T03:01:44
T14325,Diverse Specialized Academic Research,2002,Economics and Econometrics,20,"Economics, Econometrics and Finance",2,Social Sciences,49016,32453,78,10,2024-01-23T15:27:22,2026-09-22T03:01:44
T11439,Video Analysis and Summarization,1707,Computer Vision and Pattern Recognition,17,Computer Science,3,Physical Sciences,48988,334551,34,10,2024-01-23T15:27:10,2026-09-22T03:01:44
T11731,Global Health and Surgery,2739,"Public Health, Environmental and Occupational Health",27,Medicine,4,Health Sciences,48945,246465,53,10,2024-01-23T15:27:11,2026-09-22T03:01:44
T10789,Interactive and Immersive Displays,1709,Human-Computer Interaction,17,Computer Science,3,Physical Sciences,48940,470726,7,10,2024-01-23T15:27:08,2026-09-22T03:01:44
T11985,Marine Toxins and Detection Methods,2304,Environmental Chemistry,23,Environmental Science,3,Physical Sciences,48925,572699,10,10,2024-01-23T15:27:12,2026-09-22T03:01:44
T13909,Environmental Quality and Pollution,2303,Ecology,23,Environmental Science,3,Physical Sciences,48908,71135,32,10,2024-01-23T15:27:20,2026-09-22T03:01:44
T13277,"Media, Religion, Digital Communication",1211,Philosophy,12,Arts and Humanities,2,Social Sciences,48864,160287,48,10,2024-01-23T15:27:17,2026-09-22T03:01:44
T12494,Alcoholism and Thiamine Deficiency,2728,Neurology,27,Medicine,4,Health Sciences,48859,430988,21,10,2024-01-23T15:27:14,2026-09-22T03:01:44
T11408,Advanced Optical Imaging Technologies,2214,Media Technology,22,Engineering,3,Physical Sciences,48855,332766,11,10,2024-01-23T15:27:10,2026-09-22T03:01:44
T10801,Synthetic Aperture Radar (SAR) Applications and Techniques,2202,Aerospace Engineering,22,Engineering,3,Physical Sciences,48853,603338,43,10,2024-01-23T15:27:08,2026-09-22T03:01:44
T10548,Catalytic Cross-Coupling Reactions,1605,Organic Chemistry,16,Chemistry,3,Physical Sciences,48834,1312341,60,10,2024-01-23T15:27:07,2026-09-22T03:01:44
T11887,Quasicrystal Structures and Properties,2505,Materials Chemistry,25,Materials Science,3,Physical Sciences,48800,335064,68,10,2024-01-23T15:27:12,2026-09-22T03:01:44
T11763,Intracerebral and Subarachnoid Hemorrhage Research,2728,Neurology,27,Medicine,4,Health Sciences,48797,594896,21,10,2024-01-23T15:27:11,2026-09-22T03:01:44
T11229,Genetics and Plant Breeding,1110,Plant Science,11,Agricultural and Biological Sciences,1,Life Sciences,48788,536593,89,10,2024-01-23T15:27:09,2026-09-22T03:01:44
T13278,Economic and Business Development Strategies,2002,Economics and Econometrics,20,"Economics, Econometrics and Finance",2,Social Sciences,48785,67617,78,10,2024-01-23T15:27:17,2026-09-22T03:01:44
T13815,Islamic Thought and Society Studies,1212,Religious studies,12,Arts and Humanities,2,Social Sciences,48778,19905,14,10,2024-01-23T15:27:20,2026-09-22T03:01:44
T13924,Internet of Things and Social Network Interactions,1705,Computer Networks and Communications,17,Computer Science,3,Physical Sciences,48774,19638,42,10,2024-01-23T15:27:20,2026-09-22T03:01:44
T10827,Patient-Provider Communication in Healthcare,3600,General Health Professions,36,Health Professions,4,Health Sciences,48768,930248,49,10,2024-01-23T15:27:08,2026-09-22T03:01:44
T12350,Particle Dynamics in Fluid Flows,2212,Ocean Engineering,22,Engineering,3,Physical Sciences,48741,634003,22,10,2024-01-23T15:27:14,2026-09-22T03:01:44
T11496,Credit Risk and Financial Regulations,2003,Finance,20,"Economics, Econometrics and Finance",2,Social Sciences,48678,414084,15,10,2024-01-23T15:27:10,2026-09-22T03:01:44
T13325,Dye analysis and toxicity,1602,Analytical Chemistry,16,Chemistry,3,Physical Sciences,48649,411658,6,10,2024-01-23T15:27:18,2026-09-22T03:01:44
T14452,Mexican Socioeconomic and Environmental Dynamics,2308,"Management, Monitoring, Policy and Law",23,Environmental Science,3,Physical Sciences,48631,46439,33,10,2024-01-23T15:27:22,2026-09-22T03:01:44
T14428,Coal and Coke Industries Research,2103,Fuel Technology,21,Energy,3,Physical Sciences,48621,112287,0,10,2024-01-23T15:27:22,2026-09-22T03:01:44
T11818,Nicotinic Acetylcholine Receptors Study,1312,Molecular Biology,13,"Biochemistry, Genetics and Molecular Biology",1,Life Sciences,48597,1179814,134,10,2024-01-23T15:27:12,2026-09-22T03:01:44
T10840,High Temperature Alloys and Creep,2210,Mechanical Engineering,22,Engineering,3,Physical Sciences,48566,648356,78,10,2024-01-23T15:27:08,2026-09-22T03:01:44
T12304,Radiative Heat Transfer Studies,2206,Computational Mechanics,22,Engineering,3,Physical Sciences,48562,325858,29,10,2024-01-23T15:27:13,2026-09-22T03:01:44
T13078,Political and Social Dynamics in Chile and Latin America,3312,Sociology and Political Science,33,Social Sciences,2,Social Sciences,48518,109308,223,10,2024-01-23T15:27:16,2026-09-22T03:01:44
T14275,Historical Medical Research and Treatments,2741,"Radiology, Nuclear Medicine and Imaging",27,Medicine,4,Health Sciences,48517,133672,29,10,2024-01-23T15:27:21,2026-09-22T03:01:44
T11705,Gambling Behavior and Treatments,3203,Clinical Psychology,32,Psychology,2,Social Sciences,48506,537227,37,10,2024-01-23T15:27:11,2026-09-22T03:01:44
T10454,Optimal Power Flow Distribution,2208,Electrical and Electronic Engineering,22,Engineering,3,Physical Sciences,48504,704128,116,10,2024-01-23T15:27:06,2026-09-22T03:01:44
T13773,International Labor and Employment Law,3320,Political Science and International Relations,33,Social Sciences,2,Social Sciences,48503,82746,117,10,2024-01-23T15:27:19,2026-09-22T03:01:44
T11480,Connexins and lens biology,1312,Molecular Biology,13,"Biochemistry, Genetics and Molecular Biology",1,Life Sciences,48501,1085840,134,10,2024-01-23T15:27:10,2026-09-22T03:01:44
T12950,Educational Environments and Student Outcomes,3304,Education,33,Social Sciences,2,Social Sciences,48459,252500,136,10,2024-01-23T15:27:16,2026-09-22T03:01:44
T11863,"Gender, Security, and Conflict",3318,Gender Studies,33,Social Sciences,2,Social Sciences,48443,279290,20,10,2024-01-23T15:27:12,2026-09-22T03:01:44
T12936,"Conflict, Peace, and Violence in Colombia",3312,Sociology and Political Science,33,Social Sciences,2,Social Sciences,48411,47744,223,10,2024-01-23T15:27:16,2026-09-22T03:01:44
T11383,Advanced Antenna and Metasurface Technologies,2202,Aerospace Engineering,22,Engineering,3,Physical Sciences,48404,469437,43,10,2024-01-23T15:27:10,2026-09-22T03:01:44
T11225,Geothermal Energy Systems and Applications,2105,"Renewable Energy, Sustainability and the Environment",21,Energy,3,Physical Sciences,48400,427616,21,10,2024-01-23T15:27:09,2026-09-22T03:01:44
T11426,Genetically Modified Organisms Research,1110,Plant Science,11,Agricultural and Biological Sciences,1,Life Sciences,48378,406081,89,10,2024-01-23T15:27:10,2026-09-22T03:01:44
T10573,Power Quality and Harmonics,2208,Electrical and Electronic Engineering,22,Engineering,3,Physical Sciences,48316,421722,116,10,2024-01-23T15:27:07,2026-09-22T03:01:44
T12109,"Race, Identity, and Education in Brazil",3312,Sociology and Political Science,33,Social Sciences,2,Social Sciences,48300,45555,223,10,2024-01-23T15:27:13,2026-09-22T03:01:44
T11486,Micro and Nano Robotics,3104,Condensed Matter Physics,31,Physics and Astronomy,3,Physical Sciences,48296,899301,7,10,2024-01-23T15:27:10,2026-09-22T03:01:44
T11819,Data-Driven Disease Surveillance,2713,Epidemiology,27,Medicine,4,Health Sciences,48287,387335,41,10,2024-01-23T15:27:12,2026-09-22T03:01:44
T12602,Medical Education and Admissions,2739,"Public Health, Environmental and Occupational Health",27,Medicine,4,Health Sciences,48282,179345,53,10,2024-01-23T15:27:15,2026-09-22T03:01:44
T12441,Porphyrin Metabolism and Disorders,1312,Molecular Biology,13,"Biochemistry, Genetics and Molecular Biology",1,Life Sciences,48227,661131,134,10,2024-01-23T15:27:14,2026-09-22T03:01:44
T11402,Vascular Malformations Diagnosis and Treatment,2728,Neurology,27,Medicine,4,Health Sciences,48193,569137,21,10,2024-01-23T15:27:10,2026-09-22T03:01:44
T13785,Aquatic and Environmental Studies,1904,Earth-Surface Processes,19,Earth and Planetary Sciences,3,Physical Sciences,48182,208719,5,10,2024-01-23T15:27:19,2026-09-22T03:01:44
T13074,Global Financial Regulation and Crises,2003,Finance,20,"Economics, Econometrics and Finance",2,Social Sciences,48146,136940,15,10,2024-01-23T15:27:16,2026-09-22T03:01:44
T12955,Atherosclerosis and Cardiovascular Diseases,2403,Immunology,24,Immunology and Microbiology,1,Life Sciences,48143,971328,25,10,2024-01-23T15:27:16,2026-09-22T03:01:44
T12776,Electrohydrodynamics and Fluid Dynamics,2208,Electrical and Electronic Engineering,22,Engineering,3,Physical Sciences,48132,533531,116,10,2024-01-23T15:27:15,2026-09-22T03:01:44
T14034,Musicians’ Health and Performance,2742,Rehabilitation,27,Medicine,4,Health Sciences,48108,87666,6,10,2024-01-23T15:27:20,2026-09-22T03:01:44
T10864,Fluid Dynamics and Mixing,2204,Biomedical Engineering,22,Engineering,3,Physical Sciences,48101,688947,71,10,2024-01-23T15:27:08,2026-09-22T03:01:44
T12953,Critical Realism in Sociology,3312,Sociology and Political Science,33,Social Sciences,2,Social Sciences,48097,359082,223,10,2024-01-23T15:27:16,2026-09-22T03:01:44
T11014,Regional Economics and Spatial Analysis,2002,Economics and Econometrics,20,"Economics, Econometrics and Finance",2,Social Sciences,48091,662195,78,10,2024-01-23T15:27:09,2026-09-22T03:01:44
T14347,Big Data and Digital Economy,1710,Information Systems,17,Computer Science,3,Physical Sciences,48073,43135,77,10,2024-01-23T15:27:22,2026-09-22T03:01:44
T11638,Cardiac tumors and thrombi,2705,Cardiology and Cardiovascular Medicine,27,Medicine,4,Health Sciences,48032,302799,28,10,2024-01-23T15:27:11,2026-09-22T03:01:44
T11557,Lubricants and Their Additives,2210,Mechanical Engineering,22,Engineering,3,Physical Sciences,48023,414944,78,10,2024-01-23T15:27:11,2026-09-22T03:01:44
T13228,Socioeconomic Development in Asia,3312,Sociology and Political Science,33,Social Sciences,2,Social Sciences,48012,193805,223,10,2024-01-23T15:27:17,2026-09-22T03:01:44
T12230,Cardiovascular Issues in Pregnancy,2705,Cardiology and Cardiovascular Medicine,27,Medicine,4,Health Sciences,48000,356497,28,10,2024-01-23T15:27:13,2026-09-22T03:01:44
T11393,Biosensors and Analytical Detection,2204,Biomedical Engineering,22,Engineering,3,Physical Sciences,47990,897027,71,10,2024-01-23T15:27:10,2026-09-22T03:01:44
T13173,Gender Studies in Language,3318,Gender Studies,33,Social Sciences,2,Social Sciences,47988,240071,20,10,2024-01-23T15:27:17,2026-09-22T03:01:44
T11918,Forecasting Techniques and Applications,1803,Management Science and Operations Research,18,Decision Sciences,2,Social Sciences,47984,634559,33,10,2024-01-23T15:27:12,2026-09-22T03:01:44
T13289,Infant Health and Development,3611,Pharmacy,36,Health Professions,4,Health Sciences,47957,399974,4,10,2024-01-23T15:27:17,2026-09-22T03:01:44
T12690,Cross-Border Cooperation and Integration,3320,Political Science and International Relations,33,Social Sciences,2,Social Sciences,47956,135363,117,10,2024-01-23T15:27:15,2026-09-22T03:01:44
T11553,Acne and Rosacea Treatments and Effects,2708,Dermatology,27,Medicine,4,Health Sciences,47945,468168,12,10,2024-01-23T15:27:11,2026-09-22T03:01:44
T12841,Echinoderm biology and ecology,1104,Aquatic Science,11,Agricultural and Biological Sciences,1,Life Sciences,47907,254129,6,10,2024-01-23T15:27:15,2026-09-22T03:01:44
T11268,Light effects on plants,1110,Plant Science,11,Agricultural and Biological Sciences,1,Life Sciences,47890,1066740,89,10,2024-01-23T15:27:10,2026-09-22T03:01:44
T11722,Patient Satisfaction in Healthcare,3600,General Health Professions,36,Health Professions,4,Health Sciences,47888,498798,49,10,2024-01-23T15:27:11,2026-09-22T03:01:44
T11373,Sleep and Work-Related Fatigue,3205,Experimental and Cognitive Psychology,32,Psychology,2,Social Sciences,47848,627675,23,10,2024-01-23T15:27:10,2026-09-22T03:01:44
T11307,Domain Adaptation and Few-Shot Learning,1702,Artificial Intelligence,17,Computer Science,3,Physical Sciences,47767,1021692,76,10,2024-01-23T15:27:10,2026-09-22T03:01:44
T11101,Online Learning Methods and Innovations,3304,Education,33,Social Sciences,2,Social Sciences,47748,34823,136,10,2024-01-23T15:27:09,2026-09-22T03:01:44
T12603,NMR spectroscopy and applications,3106,Nuclear and High Energy Physics,31,Physics and Astronomy,3,Physical Sciences,47730,844734,12,10,2024-01-23T15:27:15,2026-09-22T03:01:44
T11202,Cavitation Phenomena in Pumps,2211,Mechanics of Materials,22,Engineering,3,Physical Sciences,47627,332311,28,10,2024-01-23T15:27:09,2026-09-22T03:01:44
T12558,Wittgensteinian philosophy and applications,1211,Philosophy,12,Arts and Humanities,2,Social Sciences,47617,288957,48,10,2024-01-23T15:27:14,2026-09-22T03:01:44
T11335,Prion Diseases and Protein Misfolding,1312,Molecular Biology,13,"Biochemistry, Genetics and Molecular Biology",1,Life Sciences,47612,1003433,134,10,2024-01-23T15:27:10,2026-09-22T03:01:44
T11861,Thermal Regulation in Medicine,2706,Critical Care and Intensive Care Medicine,27,Medicine,4,Health Sciences,47603,471690,4,10,2024-01-23T15:27:12,2026-09-22T03:01:44
T11953,"Neuroethics, Human Enhancement, Biomedical Innovations",2805,Cognitive Neuroscience,28,Neuroscience,1,Life Sciences,47601,290347,27,10,2024-01-23T15:27:12,2026-09-22T03:01:44
T12205,Time Series Analysis and Forecasting,1711,Signal Processing,17,Computer Science,3,Physical Sciences,47491,662521,9,10,2024-01-23T15:27:13,2026-09-22T03:01:44
T11031,Game Theory and Applications,1803,Management Science and Operations Research,18,Decision Sciences,2,Social Sciences,47488,681673,33,10,2024-01-23T15:27:09,2026-09-22T03:01:44
T12949,South Asian Studies and Diaspora,1211,Philosophy,12,Arts and Humanities,2,Social Sciences,47458,56259,48,10,2024-01-23T15:27:16,2026-09-22T03:01:44
T12995,Urban Development and Cultural Heritage,3322,Urban Studies,33,Social Sciences,2,Social Sciences,47409,27592,18,10,2024-01-23T15:27:16,2026-09-22T03:01:44
T10920,Advanced Drug Delivery Systems,3003,Pharmaceutical Science,30,"Pharmacology, Toxicology and Pharmaceutics",1,Life Sciences,47376,1131353,4,10,2024-01-23T15:27:08,2026-09-22T03:01:44
T10970,Team Dynamics and Performance,3207,Social Psychology,32,Psychology,2,Social Sciences,47370,923326,51,10,2024-01-23T15:27:08,2026-09-22T03:01:44
T11142,Advanced Glycation End Products research,1308,Clinical Biochemistry,13,"Biochemistry, Genetics and Molecular Biology",1,Life Sciences,47346,1257472,3,10,2024-01-23T15:27:09,2026-09-22T03:01:44
T12475,Plant Parasitism and Resistance,1110,Plant Science,11,Agricultural and Biological Sciences,1,Life Sciences,47326,761527,89,10,2024-01-23T15:27:14,2026-09-22T03:01:44
T12870,Seedling growth and survival studies,2309,Nature and Landscape Conservation,23,Environmental Science,3,Physical Sciences,47302,245031,11,10,2024-01-23T15:27:16,2026-09-22T03:01:44
T12274,Electrostatics and Colloid Interactions,1606,Physical and Theoretical Chemistry,16,Chemistry,3,Physical Sciences,47298,932967,7,10,2024-01-23T15:27:13,2026-09-22T03:01:44
T11150,Endoplasmic Reticulum Stress and Disease,1307,Cell Biology,13,"Biochemistry, Genetics and Molecular Biology",1,Life Sciences,47296,1571852,16,10,2024-01-23T15:27:09,2026-09-22T03:01:44
T13832,Advanced Decision-Making Techniques,1710,Information Systems,17,Computer Science,3,Physical Sciences,47290,81918,77,10,2024-01-23T15:27:20,2026-09-22T03:01:44
T11847,Recycled Aggregate Concrete Performance,2215,Building and Construction,22,Engineering,3,Physical Sciences,47286,610165,21,10,2024-01-23T15:27:12,2026-09-22T03:01:44
T11411,Tea Polyphenols and Effects,2734,Pathology and Forensic Medicine,27,Medicine,4,Health Sciences,47273,921391,22,10,2024-01-23T15:27:10,2026-09-22T03:01:44
T11555,Methodologies in Health Research and Practice,3605,Health Information Management,36,Health Professions,4,Health Sciences,47256,31528,11,10,2024-01-23T15:27:11,2026-09-22T03:01:44
T14463,Diverse Scientific Research Studies,3600,General Health Professions,36,Health Professions,4,Health Sciences,47234,108050,49,10,2024-01-23T15:27:22,2026-09-22T03:01:44
T12974,Modernist Literature and Criticism,1208,Literature and Literary Theory,12,Arts and Humanities,2,Social Sciences,47233,109347,52,10,2024-01-23T15:27:16,2026-09-22T03:01:44
T11604,Ship Hydrodynamics and Maneuverability,2212,Ocean Engineering,22,Engineering,3,Physical Sciences,47230,200395,22,10,2024-01-23T15:27:11,2026-09-22T03:01:44
T11647,Workplace Violence and Bullying,3312,Sociology and Political Science,33,Social Sciences,2,Social Sciences,47229,457833,223,10,2024-01-23T15:27:11,2026-09-22T03:01:44
T10800,Forensic Toxicology and Drug Analysis,3005,Toxicology,30,"Pharmacology, Toxicology and Pharmaceutics",1,Life Sciences,47183,688615,3,10,2024-01-23T15:27:08,2026-09-22T03:01:44
T11917,"Coagulation, Bradykinin, Polyphosphates, and Angioedema",2716,Genetics,27,Medicine,4,Health Sciences,47167,767960,8,10,2024-01-23T15:27:12,2026-09-22T03:01:44
T10865,Shape Memory Alloy Transformations,2505,Materials Chemistry,25,Materials Science,3,Physical Sciences,47145,711084,68,10,2024-01-23T15:27:08,2026-09-22T03:01:44
T12969,Economic and Social Development,3312,Sociology and Political Science,33,Social Sciences,2,Social Sciences,47120,46900,223,10,2024-01-23T15:27:16,2026-09-22T03:01:44
T12411,Shoulder and Clavicle Injuries,2713,Epidemiology,27,Medicine,4,Health Sciences,47113,341737,41,10,2024-01-23T15:27:14,2026-09-22T03:01:44
T13795,"Language, Communication, and Linguistic Studies",3315,Communication,33,Social Sciences,2,Social Sciences,47099,70084,15,10,2024-01-23T15:27:19,2026-09-22T03:01:44
T11682,Advanced Condensed Matter Physics,3104,Condensed Matter Physics,31,Physics and Astronomy,3,Physical Sciences,47094,803092,7,10,2024-01-23T15:27:11,2026-09-22T03:01:44
T11318,Phytoestrogen effects and research,2734,Pathology and Forensic Medicine,27,Medicine,4,Health Sciences,47059,815824,22,10,2024-01-23T15:27:10,2026-09-22T03:01:44
T12777,"Philosophy, History, and Historiography",1202,History,12,Arts and Humanities,2,Social Sciences,47053,156915,43,10,2024-01-23T15:27:15,2026-09-22T03:01:44
T11046,Geotechnical Engineering and Analysis,2213,"Safety, Risk, Reliability and Quality",22,Engineering,3,Physical Sciences,47051,501600,11,10,2024-01-23T15:27:09,2026-09-22T03:01:44
T12145,Dental Anxiety and Anesthesia Techniques,3504,Oral Surgery,35,Dentistry,4,Health Sciences,47025,315149,4,10,2024-01-23T15:27:13,2026-09-22T03:01:44
T13008,Agricultural Practices and Plant Genetics,1110,Plant Science,11,Agricultural and Biological Sciences,1,Life Sciences,47024,100277,89,10,2024-01-23T15:27:16,2026-09-22T03:01:44
T13897,Historical Economic and Legal Thought,3320,Political Science and International Relations,33,Social Sciences,2,Social Sciences,47019,63031,117,10,2024-01-23T15:27:20,2026-09-22T03:01:44
T11837,Iron and Steelmaking Processes,2210,Mechanical Engineering,22,Engineering,3,Physical Sciences,46988,250098,78,10,2024-01-23T15:27:12,2026-09-22T03:01:44
T11915,Pickering emulsions and particle stabilization,2505,Materials Chemistry,25,Materials Science,3,Physical Sciences,46972,934210,68,10,2024-01-23T15:27:12,2026-09-22T03:01:44
T10239,Urban Planning and Governance,3322,Urban Studies,33,Social Sciences,2,Social Sciences,46957,418795,18,10,2024-01-23T15:27:05,2026-09-22T03:01:44
T11191,Mathematical functions and polynomials,2604,Applied Mathematics,26,Mathematics,3,Physical Sciences,46952,470653,16,10,2024-01-23T15:27:09,2026-09-22T03:01:44
T14237,Historical and Political Studies,3320,Political Science and International Relations,33,Social Sciences,2,Social Sciences,46922,7153,117,10,2024-01-23T15:27:21,2026-09-22T03:01:44
T12919,Blood disorders and treatments,1311,Genetics,13,"Biochemistry, Genetics and Molecular Biology",1,Life Sciences,46910,318596,39,10,2024-01-23T15:27:16,2026-09-22T03:01:44
T12443,Delphi Technique in Research,3312,Sociology and Political Science,33,Social Sciences,2,Social Sciences,46885,435726,223,10,2024-01-23T15:27:14,2026-09-22T03:01:44
T11005,Radiation Effects in Electronics,2208,Electrical and Electronic Engineering,22,Engineering,3,Physical Sciences,46868,398348,116,10,2024-01-23T15:27:09,2026-09-22T03:01:44
T12362,Tribology and Wear Analysis,2211,Mechanics of Materials,22,Engineering,3,Physical Sciences,46864,450595,28,10,2024-01-23T15:27:14,2026-09-22T03:01:44
T10891,Radar Systems and Signal Processing,2202,Aerospace Engineering,22,Engineering,3,Physical Sciences,46863,470984,43,10,2024-01-23T15:27:08,2026-09-22T03:01:44
T13414,Radioactive Decay and Measurement Techniques,3108,Radiation,31,Physics and Astronomy,3,Physical Sciences,46844,185954,5,10,2024-01-23T15:27:18,2026-09-22T03:01:44
T12873,"Nutrition, Health and Food Behavior",2916,Nutrition and Dietetics,29,Nursing,4,Health Sciences,46812,110632,16,10,2024-01-23T15:27:16,2026-09-22T03:01:44
T13605,"Homicide, Infanticide, and Child Abuse",3312,Sociology and Political Science,33,Social Sciences,2,Social Sciences,46791,199292,223,10,2024-01-23T15:27:19,2026-09-22T03:01:44
T10951,Cryptographic Implementations and Security,1702,Artificial Intelligence,17,Computer Science,3,Physical Sciences,46759,540696,76,10,2024-01-23T15:27:08,2026-09-22T03:01:44
T12196,Community Health and Development,3600,General Health Professions,36,Health Professions,4,Health Sciences,46757,1040735,49,10,2024-01-23T15:27:13,2026-09-22T03:01:44
T12057,Consumer Attitudes and Food Labeling,2739,"Public Health, Environmental and Occupational Health",27,Medicine,4,Health Sciences,46750,434448,53,10,2024-01-23T15:27:12,2026-09-22T03:01:44
T11352,Masonry and Concrete Structural Analysis,2205,Civil and Structural Engineering,22,Engineering,3,Physical Sciences,46737,314563,41,10,2024-01-23T15:27:10,2026-09-22T03:01:44
T13787,"Globalization, Historical Perspectives, and International Relations",3312,Sociology and Political Science,33,Social Sciences,2,Social Sciences,46701,14393,223,10,2024-01-23T15:27:19,2026-09-22T03:01:44
T11828,Corneal Surgery and Treatments,2741,"Radiology, Nuclear Medicine and Imaging",27,Medicine,4,Health Sciences,46678,595953,29,10,2024-01-23T15:27:12,2026-09-22T03:01:44
T11939,Public-Private Partnership Projects,1408,Strategy and Management,14,"Business, Management and Accounting",2,Social Sciences,46630,277867,41,10,2024-01-23T15:27:12,2026-09-22T03:01:44
T11977,Technology Use by Older Adults,3317,Demography,33,Social Sciences,2,Social Sciences,46629,346789,26,10,2024-01-23T15:27:12,2026-09-22T03:01:44
T12756,Plant Toxicity and Pharmacological Properties,1312,Molecular Biology,13,"Biochemistry, Genetics and Molecular Biology",1,Life Sciences,46615,232290,134,10,2024-01-23T15:27:15,2026-09-22T03:01:44
T11758,Organic and Molecular Conductors Research,2504,"Electronic, Optical and Magnetic Materials",25,Materials Science,3,Physical Sciences,46593,560706,16,10,2024-01-23T15:27:11,2026-09-22T03:01:44
T11933,Mining and Resource Management,2215,Building and Construction,22,Engineering,3,Physical Sciences,46588,353356,21,10,2024-01-23T15:27:12,2026-09-22T03:01:44
T11812,Nasal Surgery and Airway Studies,2746,Surgery,27,Medicine,4,Health Sciences,46539,330298,95,10,2024-01-23T15:27:11,2026-09-22T03:01:44
T14079,Mathematics Education and Programs,2611,Modeling and Simulation,26,Mathematics,3,Physical Sciences,46535,63355,5,10,2024-01-23T15:27:21,2026-09-22T03:01:44
T13213,Mechanical Failure Analysis and Simulation,2210,Mechanical Engineering,22,Engineering,3,Physical Sciences,46489,69933,78,10,2024-01-23T15:27:17,2026-09-22T03:01:44
T13601,Urban Transport Systems Analysis,2205,Civil and Structural Engineering,22,Engineering,3,Physical Sciences,46489,42893,41,10,2024-01-23T15:27:19,2026-09-22T03:01:44
T11690,Advanced battery technologies research,2208,Electrical and Electronic Engineering,22,Engineering,3,Physical Sciences,46471,1497243,116,10,2024-01-23T15:27:11,2026-09-22T03:01:44
T12215,Phytochemical Studies and Bioactivities,1312,Molecular Biology,13,"Biochemistry, Genetics and Molecular Biology",1,Life Sciences,46438,247348,134,10,2024-01-23T15:27:13,2026-09-22T03:01:44
T11476,Graph theory and applications,2608,Geometry and Topology,26,Mathematics,3,Physical Sciences,46366,408357,10,10,2024-01-23T15:27:10,2026-09-22T03:01:44
T13769,Fusion and Plasma Physics Studies,3109,Statistical and Nonlinear Physics,31,Physics and Astronomy,3,Physical Sciences,46332,61083,15,10,2024-01-23T15:27:19,2026-09-22T03:01:44
T13321,"Radio, Podcasts, and Digital Media",3315,Communication,33,Social Sciences,2,Social Sciences,46320,64155,15,10,2024-01-23T15:27:18,2026-09-22T03:01:44
T13375,Integrated Water Resources Management,2312,Water Science and Technology,23,Environmental Science,3,Physical Sciences,46308,81857,23,10,2024-01-23T15:27:18,2026-09-22T03:01:44
T12733,Vector-Borne Animal Diseases,1105,"Ecology, Evolution, Behavior and Systematics",11,Agricultural and Biological Sciences,1,Life Sciences,46306,339898,32,10,2024-01-23T15:27:15,2026-09-22T03:01:44
T11678,Healthcare Decision-Making and Restraints,3203,Clinical Psychology,32,Psychology,2,Social Sciences,46286,399401,37,10,2024-01-23T15:27:11,2026-09-22T03:01:44
T12369,Pneumocystis jirovecii pneumonia detection and treatment,2713,Epidemiology,27,Medicine,4,Health Sciences,46276,530946,41,10,2024-01-23T15:27:14,2026-09-22T03:01:44
T14117,Integrated Circuits and Semiconductor Failure Analysis,2208,Electrical and Electronic Engineering,22,Engineering,3,Physical Sciences,46250,268536,116,10,2024-01-23T15:27:21,2026-09-22T03:01:44
T11991,Soft tissue tumor case studies,2745,Rheumatology,27,Medicine,4,Health Sciences,46234,366001,23,10,2024-01-23T15:27:12,2026-09-22T03:01:44
T13131,Collaborative Teaching and Inclusion,3304,Education,33,Social Sciences,2,Social Sciences,46218,308037,136,10,2024-01-23T15:27:17,2026-09-22T03:01:44
T11133,UAV Applications and Optimization,2202,Aerospace Engineering,22,Engineering,3,Physical Sciences,46212,493861,43,10,2024-01-23T15:27:09,2026-09-22T03:01:44
T11019,Image Enhancement Techniques,1707,Computer Vision and Pattern Recognition,17,Computer Science,3,Physical Sciences,46205,670244,34,10,2024-01-23T15:27:09,2026-09-22T03:01:44
T13752,Mechanics and Biomechanics Studies,2204,Biomedical Engineering,22,Engineering,3,Physical Sciences,46169,144848,71,10,2024-01-23T15:27:19,2026-09-22T03:01:44
T12902,Public Policy and Governance,3320,Political Science and International Relations,33,Social Sciences,2,Social Sciences,46161,51033,117,10,2024-01-23T15:27:16,2026-09-22T03:01:44
T11524,Advanced Aircraft Design and Technologies,2306,Global and Planetary Change,23,Environmental Science,3,Physical Sciences,46146,232277,29,10,2024-01-23T15:27:10,2026-09-22T03:01:44
T14135,Cancer and biochemical research,1312,Molecular Biology,13,"Biochemistry, Genetics and Molecular Biology",1,Life Sciences,46137,182516,134,10,2024-01-23T15:27:21,2026-09-22T03:01:44
T13464,Higher Education and Sustainability,3304,Education,33,Social Sciences,2,Social Sciences,46136,46249,136,10,2024-01-23T15:27:18,2026-09-22T03:01:44
T10547,"Education, Achievement, and Giftedness",3205,Experimental and Cognitive Psychology,32,Psychology,2,Social Sciences,46130,811751,23,10,2024-01-23T15:27:07,2026-09-22T03:01:44
T11571,Sarcoidosis and Beryllium Toxicity Research,2737,Physiology,27,Medicine,4,Health Sciences,46130,478769,29,10,2024-01-23T15:27:11,2026-09-22T03:01:44
T10886,Multiferroics and related materials,2504,"Electronic, Optical and Magnetic Materials",25,Materials Science,3,Physical Sciences,46115,927559,16,10,2024-01-23T15:27:08,2026-09-22T03:01:44
T11539,Survey Methodology and Nonresponse,3312,Sociology and Political Science,33,Social Sciences,2,Social Sciences,46104,623646,223,10,2024-01-23T15:27:11,2026-09-22T03:01:44
T13498,Economic Development and Digital Transformation,2000,"General Economics, Econometrics and Finance",20,"Economics, Econometrics and Finance",2,Social Sciences,46090,207486,11,10,2024-01-23T15:27:18,2026-09-22T03:01:44
T12749,"Race, Genetics, and Society",1311,Genetics,13,"Biochemistry, Genetics and Molecular Biology",1,Life Sciences,46078,266706,39,10,2024-01-23T15:27:15,2026-09-22T03:01:44
T13869,Ocular and Laser Science Research,2731,Ophthalmology,27,Medicine,4,Health Sciences,46067,192883,11,10,2024-01-23T15:27:20,2026-09-22T03:01:44
T13065,Mining Techniques and Economics,2207,Control and Systems Engineering,22,Engineering,3,Physical Sciences,46055,129438,43,10,2024-01-23T15:27:16,2026-09-22T03:01:44
T12276,Risk Management in Financial Firms,1402,Accounting,14,"Business, Management and Accounting",2,Social Sciences,46027,267580,21,10,2024-01-23T15:27:13,2026-09-22T03:01:44
T11082,Spacecraft Dynamics and Control,2202,Aerospace Engineering,22,Engineering,3,Physical Sciences,45993,336059,43,10,2024-01-23T15:27:09,2026-09-22T03:01:44
T11087,Solidification and crystal growth phenomena,2505,Materials Chemistry,25,Materials Science,3,Physical Sciences,45984,629291,68,10,2024-01-23T15:27:09,2026-09-22T03:01:44
T11724,Inflammatory Myopathies and Dermatomyositis,2713,Epidemiology,27,Medicine,4,Health Sciences,45918,511258,41,10,2024-01-23T15:27:11,2026-09-22T03:01:44
T13547,Economic and Industrial Development,2002,Economics and Econometrics,20,"Economics, Econometrics and Finance",2,Social Sciences,45886,10753,78,10,2024-01-23T15:27:18,2026-09-22T03:01:44
T13931,Philosophy and Historical Thought,1211,Philosophy,12,Arts and Humanities,2,Social Sciences,45858,61711,48,10,2024-01-23T15:27:20,2026-09-22T03:01:44
T14312,Historical Studies in Central America,1202,History,12,Arts and Humanities,2,Social Sciences,45852,25512,43,10,2024-01-23T15:27:22,2026-09-22T03:01:44
T12402,Travel-related health issues,2739,"Public Health, Environmental and Occupational Health",27,Medicine,4,Health Sciences,45792,204072,53,10,2024-01-23T15:27:14,2026-09-22T03:01:44
T13950,Collembola Taxonomy and Ecology Studies,1105,"Ecology, Evolution, Behavior and Systematics",11,Agricultural and Biological Sciences,1,Life Sciences,45737,81035,32,10,2024-01-23T15:27:20,2026-09-22T03:01:44
T11431,Action Observation and Synchronization,3207,Social Psychology,32,Psychology,2,Social Sciences,45731,1111860,51,10,2024-01-23T15:27:10,2026-09-22T03:01:44
T13034,Information Systems Education and Curriculum Development,1710,Information Systems,17,Computer Science,3,Physical Sciences,45709,77916,77,10,2024-01-23T15:27:16,2026-09-22T03:01:44
T12656,"Climate Change, Adaptation, Migration",3312,Sociology and Political Science,33,Social Sciences,2,Social Sciences,45617,409292,223,10,2024-01-23T15:27:15,2026-09-22T03:01:44
T11860,"HIV, Drug Use, Sexual Risk",2713,Epidemiology,27,Medicine,4,Health Sciences,45590,561620,41,10,2024-01-23T15:27:12,2026-09-22T03:01:44
T14071,Healthcare during COVID-19 Pandemic,1710,Information Systems,17,Computer Science,3,Physical Sciences,45587,42021,77,10,2024-01-23T15:27:21,2026-09-22T03:01:44
T13084,Education during COVID-19 pandemic,3304,Education,33,Social Sciences,2,Social Sciences,45569,34230,136,10,2024-01-23T15:27:16,2026-09-22T03:01:44
T12015,Photoacoustic and Ultrasonic Imaging,2204,Biomedical Engineering,22,Engineering,3,Physical Sciences,45532,556820,71,10,2024-01-23T15:27:12,2026-09-22T03:01:44
T11735,Peripheral Neuropathies and Disorders,2728,Neurology,27,Medicine,4,Health Sciences,45505,520579,21,10,2024-01-23T15:27:11,2026-09-22T03:01:44
T11390,Seaweed-derived Bioactive Compounds,1104,Aquatic Science,11,Agricultural and Biological Sciences,1,Life Sciences,45490,763613,6,10,2024-01-23T15:27:10,2026-09-22T03:01:44
T10741,Video Coding and Compression Technologies,1711,Signal Processing,17,Computer Science,3,Physical Sciences,45467,367070,9,10,2024-01-23T15:27:07,2026-09-22T03:01:44
T11616,Autoimmune and Inflammatory Disorders Research,2720,Hematology,27,Medicine,4,Health Sciences,45420,586954,11,10,2024-01-23T15:27:11,2026-09-22T03:01:44
T11573,Risk Perception and Management,3312,Sociology and Political Science,33,Social Sciences,2,Social Sciences,45378,538764,223,10,2024-01-23T15:27:11,2026-09-22T03:01:44
T10899,Advanced Operator Algebra Research,2610,Mathematical Physics,26,Mathematics,3,Physical Sciences,45352,401356,11,10,2024-01-23T15:27:08,2026-09-22T03:01:44
T13355,Marketing and Advertising Strategies,1406,Marketing,14,"Business, Management and Accounting",2,Social Sciences,45351,187233,14,10,2024-01-23T15:27:18,2026-09-22T03:01:44
T11231,Microbial Fuel Cells and Bioremediation,2305,Environmental Engineering,23,Environmental Science,3,Physical Sciences,45331,1274926,18,10,2024-01-23T15:27:09,2026-09-22T03:01:44
T12296,Autopsy Techniques and Outcomes,2741,"Radiology, Nuclear Medicine and Imaging",27,Medicine,4,Health Sciences,45319,269023,29,10,2024-01-23T15:27:13,2026-09-22T03:01:44
T12163,Aerosol Filtration and Electrostatic Precipitation,2208,Electrical and Electronic Engineering,22,Engineering,3,Physical Sciences,45312,308499,116,10,2024-01-23T15:27:13,2026-09-22T03:01:44
T12587,Gestational Trophoblastic Disease Studies,2739,"Public Health, Environmental and Occupational Health",27,Medicine,4,Health Sciences,45261,215839,53,10,2024-01-23T15:27:15,2026-09-22T03:01:44
T11760,Plant responses to elevated CO2,1110,Plant Science,11,Agricultural and Biological Sciences,1,Life Sciences,45255,1214315,89,10,2024-01-23T15:27:11,2026-09-22T03:01:44
T13216,Artistic and Creative Research,1213,Visual Arts and Performing Arts,12,Arts and Humanities,2,Social Sciences,45236,63549,16,10,2024-01-23T15:27:17,2026-09-22T03:01:44
T11900,Fungal Plant Pathogen Control,1105,"Ecology, Evolution, Behavior and Systematics",11,Agricultural and Biological Sciences,1,Life Sciences,45192,316530,32,10,2024-01-23T15:27:12,2026-09-22T03:01:44
T12735,Blood donation and transfusion practices,1405,Management of Technology and Innovation,14,"Business, Management and Accounting",2,Social Sciences,45189,204295,15,10,2024-01-23T15:27:15,2026-09-22T03:01:44
T13929,Educational Outcomes and Influences,3304,Education,33,Social Sciences,2,Social Sciences,45161,66684,136,10,2024-01-23T15:27:20,2026-09-22T03:01:44
T12538,Eosinophilic Esophagitis,2746,Surgery,27,Medicine,4,Health Sciences,45157,343681,95,10,2024-01-23T15:27:14,2026-09-22T03:01:44
T11707,Gaze Tracking and Assistive Technology,1709,Human-Computer Interaction,17,Computer Science,3,Physical Sciences,45155,405809,7,10,2024-01-23T15:27:11,2026-09-22T03:01:44
T11969,Fluoride Effects and Removal,2312,Water Science and Technology,23,Environmental Science,3,Physical Sciences,45148,488843,23,10,2024-01-23T15:27:12,2026-09-22T03:01:44
T11548,Sexual Assault and Victimization Studies,3318,Gender Studies,33,Social Sciences,2,Social Sciences,45143,554866,20,10,2024-01-23T15:27:11,2026-09-22T03:01:44
T12599,Retinal and Optic Conditions,2731,Ophthalmology,27,Medicine,4,Health Sciences,45134,265810,11,10,2024-01-23T15:27:15,2026-09-22T03:01:44
T14498,Educational Technology in Learning,1710,Information Systems,17,Computer Science,3,Physical Sciences,45133,28482,77,10,2024-01-23T15:27:22,2026-09-22T03:01:44
T12052,Polish socio-economic development,2002,Economics and Econometrics,20,"Economics, Econometrics and Finance",2,Social Sciences,45131,44481,78,10,2024-01-23T15:27:12,2026-09-22T03:01:44
T11681,Nosocomial Infections in ICU,2706,Critical Care and Intensive Care Medicine,27,Medicine,4,Health Sciences,45130,619123,4,10,2024-01-23T15:27:11,2026-09-22T03:01:44
T12732,Agriculture and Farm Safety,1110,Plant Science,11,Agricultural and Biological Sciences,1,Life Sciences,45127,158324,89,10,2024-01-23T15:27:15,2026-09-22T03:01:44
T12583,Food Waste Reduction and Sustainability,1106,Food Science,11,Agricultural and Biological Sciences,1,Life Sciences,45116,357826,31,10,2024-01-23T15:27:14,2026-09-22T03:01:44
T10848,Advanced Multi-Objective Optimization Algorithms,1703,Computational Theory and Mathematics,17,Computer Science,3,Physical Sciences,45106,1051376,23,10,2024-01-23T15:27:08,2026-09-22T03:01:44
T12463,Amoebic Infections and Treatments,2725,Infectious Diseases,27,Medicine,4,Health Sciences,45074,325088,20,10,2024-01-23T15:27:14,2026-09-22T03:01:44
T13096,Family and Matrimonial Law,3308,Law,33,Social Sciences,2,Social Sciences,45053,10013,39,10,2024-01-23T15:27:17,2026-09-22T03:01:44
T11115,Topology Optimization in Engineering,2205,Civil and Structural Engineering,22,Engineering,3,Physical Sciences,45045,574637,41,10,2024-01-23T15:27:09,2026-09-22T03:01:44
T12472,Plant responses to water stress,1110,Plant Science,11,Agricultural and Biological Sciences,1,Life Sciences,45001,611848,89,10,2024-01-23T15:27:14,2026-09-22T03:01:44
T10504,Sensorless Control of Electric Motors,2208,Electrical and Electronic Engineering,22,Engineering,3,Physical Sciences,44954,419772,116,10,2024-01-23T15:27:06,2026-09-22T03:01:44
T11602,Magnetic Bearings and Levitation Dynamics,2207,Control and Systems Engineering,22,Engineering,3,Physical Sciences,44952,266289,43,10,2024-01-23T15:27:11,2026-09-22T03:01:44
T13362,Slime Mold and Myxomycetes Research,2204,Biomedical Engineering,22,Engineering,3,Physical Sciences,44876,230963,71,10,2024-01-23T15:27:18,2026-09-22T03:01:44
T12790,Nursing Diagnosis and Documentation,2910,"Issues, ethics and legal aspects",29,Nursing,4,Health Sciences,44847,210138,1,10,2024-01-23T15:27:15,2026-09-22T03:01:44
T11856,Thermography and Photoacoustic Techniques,2211,Mechanics of Materials,22,Engineering,3,Physical Sciences,44832,378555,28,10,2024-01-23T15:27:12,2026-09-22T03:01:44
T11885,MRI in cancer diagnosis,2741,"Radiology, Nuclear Medicine and Imaging",27,Medicine,4,Health Sciences,44820,562322,29,10,2024-01-23T15:27:12,2026-09-22T03:01:44
T14185,"Research, Science, and Academia",1802,Information Systems and Management,18,Decision Sciences,2,Social Sciences,44784,127739,14,10,2024-01-23T15:27:21,2026-09-22T03:01:44
T12644,Wildlife-Road Interactions and Conservation,2303,Ecology,23,Environmental Science,3,Physical Sciences,44783,335783,32,10,2024-01-23T15:27:15,2026-09-22T03:01:44
T12262,Hate Speech and Cyberbullying Detection,1702,Artificial Intelligence,17,Computer Science,3,Physical Sciences,44760,299551,76,10,2024-01-23T15:27:13,2026-09-22T03:01:44
T12240,Nanomaterials for catalytic reactions,1605,Organic Chemistry,16,Chemistry,3,Physical Sciences,44747,959799,60,10,2024-01-23T15:27:13,2026-09-22T03:01:44
T12260,Educational Technology and Pedagogy,1702,Artificial Intelligence,17,Computer Science,3,Physical Sciences,44735,37109,76,10,2024-01-23T15:27:13,2026-09-22T03:01:44
T11200,Electrodeposition and Electroless Coatings,2208,Electrical and Electronic Engineering,22,Engineering,3,Physical Sciences,44726,446306,116,10,2024-01-23T15:27:09,2026-09-22T03:01:44
T13910,Computational and Text Analysis Methods,3300,General Social Sciences,33,Social Sciences,2,Social Sciences,44688,155322,15,10,2024-01-23T15:27:20,2026-09-22T03:01:44
T12228,Coordination Chemistry and Organometallics,1605,Organic Chemistry,16,Chemistry,3,Physical Sciences,44685,568813,60,10,2024-01-23T15:27:13,2026-09-22T03:01:44
T11827,Polyomavirus and related diseases,2730,Oncology,27,Medicine,4,Health Sciences,44655,740337,33,10,2024-01-23T15:27:12,2026-09-22T03:01:44
T11102,HVDC Systems and Fault Protection,2208,Electrical and Electronic Engineering,22,Engineering,3,Physical Sciences,44625,446526,116,10,2024-01-23T15:27:09,2026-09-22T03:01:44
T12823,Adolescent and Pediatric Healthcare,3616,Speech and Hearing,36,Health Professions,4,Health Sciences,44587,320355,9,10,2024-01-23T15:27:15,2026-09-22T03:01:44
T11844,Lipid metabolism and biosynthesis,1303,Biochemistry,13,"Biochemistry, Genetics and Molecular Biology",1,Life Sciences,44572,1151016,6,10,2024-01-23T15:27:12,2026-09-22T03:01:44
T12046,MXene and MAX Phase Materials,2505,Materials Chemistry,25,Materials Science,3,Physical Sciences,44563,1318949,68,10,2024-01-23T15:27:12,2026-09-22T03:01:44
T10851,Optical Wireless Communication Technologies,2208,Electrical and Electronic Engineering,22,Engineering,3,Physical Sciences,44525,473984,116,10,2024-01-23T15:27:08,2026-09-22T03:01:44
T12294,Agricultural Science and Fertilization,1111,Soil Science,11,Agricultural and Biological Sciences,1,Life Sciences,44521,233832,11,10,2024-01-23T15:27:13,2026-09-22T03:01:44
T12096,Ectopic Pregnancy Diagnosis and Management,2739,"Public Health, Environmental and Occupational Health",27,Medicine,4,Health Sciences,44509,303838,53,10,2024-01-23T15:27:13,2026-09-22T03:01:44
T13702,Machine Learning in Healthcare,1702,Artificial Intelligence,17,Computer Science,3,Physical Sciences,44501,351896,76,10,2024-01-23T15:27:19,2026-09-22T03:01:44
T12089,Intestinal and Peritoneal Adhesions,2746,Surgery,27,Medicine,4,Health Sciences,44487,332735,95,10,2024-01-23T15:27:13,2026-09-22T03:01:44
T11980,Human Mobility and Location-Based Analysis,3313,Transportation,33,Social Sciences,2,Social Sciences,44473,512342,8,10,2024-01-23T15:27:12,2026-09-22T03:01:44
T14301,Educational methodologies and cognitive development,3204,Developmental and Educational Psychology,32,Psychology,2,Social Sciences,44466,16822,19,10,2024-01-23T15:27:22,2026-09-22T03:01:44
T11455,Microbial Inactivation Methods,1305,Biotechnology,13,"Biochemistry, Genetics and Molecular Biology",1,Life Sciences,44454,919036,7,10,2024-01-23T15:27:10,2026-09-22T03:01:44
T11958,Dental Erosion and Treatment,3505,Orthodontics,35,Dentistry,4,Health Sciences,44454,430643,2,10,2024-01-23T15:27:12,2026-09-22T03:01:44
T14158,Optical Systems and Laser Technology,2208,Electrical and Electronic Engineering,22,Engineering,3,Physical Sciences,44436,55298,116,10,2024-01-23T15:27:21,2026-09-22T03:01:44
T11444,Electromagnetic Compatibility and Noise Suppression,2208,Electrical and Electronic Engineering,22,Engineering,3,Physical Sciences,44427,299628,116,10,2024-01-23T15:27:10,2026-09-22T03:01:44
T11114,Service and Product Innovation,1406,Marketing,14,"Business, Management and Accounting",2,Social Sciences,44426,626241,14,10,2024-01-23T15:27:09,2026-09-22T03:01:44
T12400,Neurogenetic and Muscular Disorders Research,2716,Genetics,27,Medicine,4,Health Sciences,44423,473515,8,10,2024-01-23T15:27:14,2026-09-22T03:01:44
T11781,Wastewater Treatment and Reuse,2311,Waste Management and Disposal,23,Environmental Science,3,Physical Sciences,44293,397468,8,10,2024-01-23T15:27:11,2026-09-22T03:01:44
T13462,Spanish Philosophy and Literature,1211,Philosophy,12,Arts and Humanities,2,Social Sciences,44288,16171,48,10,2024-01-23T15:27:18,2026-09-22T03:01:44
T12703,Oil Palm Production and Sustainability,2303,Ecology,23,Environmental Science,3,Physical Sciences,44279,212608,32,10,2024-01-23T15:27:15,2026-09-22T03:01:44
T14473,Social and Economic Development in India,3312,Sociology and Political Science,33,Social Sciences,2,Social Sciences,44261,128465,223,10,2024-01-23T15:27:22,2026-09-22T03:01:44
T13083,Advanced Text Analysis Techniques,1702,Artificial Intelligence,17,Computer Science,3,Physical Sciences,44229,479864,76,10,2024-01-23T15:27:16,2026-09-22T03:01:44
T11025,Nonlinear Optical Materials Research,2504,"Electronic, Optical and Magnetic Materials",25,Materials Science,3,Physical Sciences,44224,680928,16,10,2024-01-23T15:27:09,2026-09-22T03:01:44
T13811,Earth Systems and Cosmic Evolution,1902,Atmospheric Science,19,Earth and Planetary Sciences,3,Physical Sciences,44223,216087,12,10,2024-01-23T15:27:20,2026-09-22T03:01:44
T13979,Communication and COVID-19 Impact,3315,Communication,33,Social Sciences,2,Social Sciences,44210,47701,15,10,2024-01-23T15:27:20,2026-09-22T03:01:44
T13076,"Torture, Ethics, and Law",3312,Sociology and Political Science,33,Social Sciences,2,Social Sciences,44208,133766,223,10,2024-01-23T15:27:16,2026-09-22T03:01:44
T10868,Soft Robotics and Applications,2204,Biomedical Engineering,22,Engineering,3,Physical Sciences,44206,528029,71,10,2024-01-23T15:27:08,2026-09-22T03:01:44
T13730,"Martial Arts: Techniques, Psychology, and Education",3311,Safety Research,33,Social Sciences,2,Social Sciences,44180,50462,18,10,2024-01-23T15:27:19,2026-09-22T03:01:44
T14064,Organizational and Employee Performance,1702,Artificial Intelligence,17,Computer Science,3,Physical Sciences,44167,144135,76,10,2024-01-23T15:27:21,2026-09-22T03:01:44
T10798,Crystallography and molecular interactions,1606,Physical and Theoretical Chemistry,16,Chemistry,3,Physical Sciences,44156,1252569,7,10,2024-01-23T15:27:08,2026-09-22T03:01:44
T14510,Medical Imaging and Analysis,2204,Biomedical Engineering,22,Engineering,3,Physical Sciences,44123,190224,71,10,2024-01-23T15:27:22,2026-09-22T03:01:44
T12162,Cellular Automata and Applications,1703,Computational Theory and Mathematics,17,Computer Science,3,Physical Sciences,44102,380375,23,10,2024-01-23T15:27:13,2026-09-22T03:01:44
T11655,HIV-related health complications and treatments,2711,Emergency Medicine,27,Medicine,4,Health Sciences,44094,603328,10,10,2024-01-23T15:27:11,2026-09-22T03:01:44
T11258,Breast Implant and Reconstruction,2746,Surgery,27,Medicine,4,Health Sciences,44081,491287,95,10,2024-01-23T15:27:10,2026-09-22T03:01:44
T12204,African Education and Politics,3304,Education,33,Social Sciences,2,Social Sciences,44074,76757,136,10,2024-01-23T15:27:13,2026-09-22T03:01:44
T10938,Phase Change Materials Research,2210,Mechanical Engineering,22,Engineering,3,Physical Sciences,44025,1113165,78,10,2024-01-23T15:27:08,2026-09-22T03:01:44
T11738,Ultrasound in Clinical Applications,2706,Critical Care and Intensive Care Medicine,27,Medicine,4,Health Sciences,44001,381055,4,10,2024-01-23T15:27:11,2026-09-22T03:01:44
T13272,Psychological Treatments and Assessments,3203,Clinical Psychology,32,Psychology,2,Social Sciences,43970,118065,37,10,2024-01-23T15:27:17,2026-09-22T03:01:44
T12114,Sensory Analysis and Statistical Methods,1106,Food Science,11,Agricultural and Biological Sciences,1,Life Sciences,43944,716947,31,10,2024-01-23T15:27:13,2026-09-22T03:01:44
T14345,Scientific Research and Philosophical Inquiry,1710,Information Systems,17,Computer Science,3,Physical Sciences,43923,112892,77,10,2024-01-23T15:27:22,2026-09-22T03:01:44
T11696,Conflict Management and Negotiation,3312,Sociology and Political Science,33,Social Sciences,2,Social Sciences,43888,366697,223,10,2024-01-23T15:27:11,2026-09-22T03:01:44
T12256,Facilities and Workplace Management,3207,Social Psychology,32,Psychology,2,Social Sciences,43887,152080,51,10,2024-01-23T15:27:13,2026-09-22T03:01:44
T11378,Gastrointestinal Bleeding Diagnosis and Treatment,2715,Gastroenterology,27,Medicine,4,Health Sciences,43859,421665,4,10,2024-01-23T15:27:10,2026-09-22T03:01:44
T13960,"Dietetics, Nutrition, and Education",3605,Health Information Management,36,Health Professions,4,Health Sciences,43851,98153,11,10,2024-01-23T15:27:20,2026-09-22T03:01:44
T11424,Security and Verification in Computing,1702,Artificial Intelligence,17,Computer Science,3,Physical Sciences,43832,462845,76,10,2024-01-23T15:27:10,2026-09-22T03:01:44
T13689,Underground infrastructure and sustainability,2215,Building and Construction,22,Engineering,3,Physical Sciences,43830,76865,21,10,2024-01-23T15:27:19,2026-09-22T03:01:44
T13111,Nursing care and research,3611,Pharmacy,36,Health Professions,4,Health Sciences,43774,36910,4,10,2024-01-23T15:27:17,2026-09-22T03:01:44
T11954,Energy Efficiency and Management,2105,"Renewable Energy, Sustainability and the Environment",21,Energy,3,Physical Sciences,43759,263046,21,10,2024-01-23T15:27:12,2026-09-22T03:01:44
T11481,Sulfur Compounds in Biology,1303,Biochemistry,13,"Biochemistry, Genetics and Molecular Biology",1,Life Sciences,43755,1114339,6,10,2024-01-23T15:27:10,2026-09-22T03:01:44
T12154,Pelvic and Acetabular Injuries,2746,Surgery,27,Medicine,4,Health Sciences,43718,352160,95,10,2024-01-23T15:27:13,2026-09-22T03:01:44
T12536,Topological and Geometric Data Analysis,1703,Computational Theory and Mathematics,17,Computer Science,3,Physical Sciences,43664,274963,23,10,2024-01-23T15:27:14,2026-09-22T03:01:44
T12687,Public Administration in Developing Nations,3320,Political Science and International Relations,33,Social Sciences,2,Social Sciences,43633,73217,117,10,2024-01-23T15:27:15,2026-09-22T03:01:44
T14160,Water management and technologies,1105,"Ecology, Evolution, Behavior and Systematics",11,Agricultural and Biological Sciences,1,Life Sciences,43590,72318,32,10,2024-01-23T15:27:21,2026-09-22T03:01:44
T11849,Intellectual Capital and Performance Analysis,1408,Strategy and Management,14,"Business, Management and Accounting",2,Social Sciences,43555,461794,41,10,2024-01-23T15:27:12,2026-09-22T03:01:44
T11332,"Genomics, phytochemicals, and oxidative stress",1312,Molecular Biology,13,"Biochemistry, Genetics and Molecular Biology",1,Life Sciences,43542,1478838,134,10,2024-01-23T15:27:10,2026-09-22T03:01:44
T13206,Neonatal skin health care,3616,Speech and Hearing,36,Health Professions,4,Health Sciences,43507,127489,9,10,2024-01-23T15:27:17,2026-09-22T03:01:44
T13358,Livestock Management and Performance Improvement,1102,Agronomy and Crop Science,11,Agricultural and Biological Sciences,1,Life Sciences,43502,93226,10,10,2024-01-23T15:27:18,2026-09-21T03:01:53
T11874,Structural Response to Dynamic Loads,2205,Civil and Structural Engineering,22,Engineering,3,Physical Sciences,43481,381113,41,10,2024-01-23T15:27:12,2026-09-22T03:01:44
T11478,Caching and Content Delivery,1705,Computer Networks and Communications,17,Computer Science,3,Physical Sciences,43464,562972,42,10,2024-01-23T15:27:10,2026-09-22T03:01:44
T13699,Public Spaces through Art,3322,Urban Studies,33,Social Sciences,2,Social Sciences,43435,96953,18,10,2024-01-23T15:27:19,2026-09-22T03:01:44
T12224,Nanofabrication and Lithography Techniques,2204,Biomedical Engineering,22,Engineering,3,Physical Sciences,43400,436018,71,10,2024-01-23T15:27:13,2026-09-22T03:01:44
T13555,"Healthcare cost, quality, practices",3600,General Health Professions,36,Health Professions,4,Health Sciences,43389,269619,49,10,2024-01-23T15:27:19,2026-09-22T03:01:44
T13966,Neurological and metabolic disorders,2712,"Endocrinology, Diabetes and Metabolism",27,Medicine,4,Health Sciences,43329,237177,17,10,2024-01-23T15:27:20,2026-09-22T03:01:44
T11136,Enzyme-mediated dye degradation,1110,Plant Science,11,Agricultural and Biological Sciences,1,Life Sciences,43320,1043712,89,10,2024-01-23T15:27:09,2026-09-22T03:01:44
T11811,Cutaneous lymphoproliferative disorders research,2708,Dermatology,27,Medicine,4,Health Sciences,43256,439643,12,10,2024-01-23T15:27:11,2026-09-22T03:01:44
T13721,Political Science Research and Education,3320,Political Science and International Relations,33,Social Sciences,2,Social Sciences,43159,140798,117,10,2024-01-23T15:27:19,2026-09-22T03:01:44
T13284,Psychology Research and Bibliometrics,3205,Experimental and Cognitive Psychology,32,Psychology,2,Social Sciences,43153,58572,23,10,2024-01-23T15:27:17,2026-09-22T03:01:44
T13164,Quality and Management Systems,1408,Strategy and Management,14,"Business, Management and Accounting",2,Social Sciences,43117,146941,41,10,2024-01-23T15:27:17,2026-09-22T03:01:44
T13955,Evaluation Methods in Various Fields,2302,Ecological Modeling,23,Environmental Science,3,Physical Sciences,43096,42540,2,10,2024-01-23T15:27:20,2026-09-22T03:01:44
T12751,Leadership and Management in Organizations,1408,Strategy and Management,14,"Business, Management and Accounting",2,Social Sciences,43094,265561,41,10,2024-01-23T15:27:15,2026-09-22T03:01:44
T13151,Business Strategies and Innovation,1408,Strategy and Management,14,"Business, Management and Accounting",2,Social Sciences,43090,153882,41,10,2024-01-23T15:27:17,2026-09-22T03:01:44
T14045,"Health, Education, and Physical Culture",3207,Social Psychology,32,Psychology,2,Social Sciences,42979,19675,51,10,2024-01-23T15:27:21,2026-09-22T03:01:44
T11124,Protein purification and stability,1312,Molecular Biology,13,"Biochemistry, Genetics and Molecular Biology",1,Life Sciences,42910,789500,134,10,2024-01-23T15:27:09,2026-09-22T03:01:44
T10119,Sustainability and Climate Change Governance,2306,Global and Planetary Change,23,Environmental Science,3,Physical Sciences,42880,603095,29,10,2024-01-23T15:27:05,2026-09-22T03:01:44
T14391,"Forest, Soil, and Plant Ecology in China",3304,Education,33,Social Sciences,2,Social Sciences,42878,49641,136,10,2024-01-23T15:27:22,2026-09-22T03:01:44
T12252,Mechanical stress and fatigue analysis,2211,Mechanics of Materials,22,Engineering,3,Physical Sciences,42850,343685,28,10,2024-01-23T15:27:13,2026-09-22T03:01:44
T12220,Quantum Electrodynamics and Casimir Effect,3107,"Atomic and Molecular Physics, and Optics",31,Physics and Astronomy,3,Physical Sciences,42822,478210,36,10,2024-01-23T15:27:13,2026-09-22T03:01:44
T13357,Property Rights and Legal Doctrine,3308,Law,33,Social Sciences,2,Social Sciences,42790,74635,39,10,2024-01-23T15:27:18,2026-09-22T03:01:44
T11240,Luminescence and Fluorescent Materials,2505,Materials Chemistry,25,Materials Science,3,Physical Sciences,42786,1335031,68,10,2024-01-23T15:27:09,2026-09-22T03:01:44
T11487,Automotive and Human Injury Biomechanics,2740,Pulmonary and Respiratory Medicine,27,Medicine,4,Health Sciences,42769,285472,51,10,2024-01-23T15:27:10,2026-09-22T03:01:44
T11648,"Diaspora, migration, transnational identity",3317,Demography,33,Social Sciences,2,Social Sciences,42763,222656,26,10,2024-01-23T15:27:11,2026-09-22T03:01:44
T12343,Geography Education and Pedagogy,3305,"Geography, Planning and Development",33,Social Sciences,2,Social Sciences,42762,129054,14,10,2024-01-23T15:27:14,2026-09-22T03:01:44
T11998,Youth Development and Social Support,3311,Safety Research,33,Social Sciences,2,Social Sciences,42749,540162,18,10,2024-01-23T15:27:12,2026-09-22T03:01:44
T11263,Electromagnetic Simulation and Numerical Methods,2208,Electrical and Electronic Engineering,22,Engineering,3,Physical Sciences,42745,492959,116,10,2024-01-23T15:27:10,2026-09-22T03:01:44
T11204,Ion Channels and Receptors,2809,Sensory Systems,28,Neuroscience,1,Life Sciences,42738,926885,2,10,2024-01-23T15:27:09,2026-09-22T03:01:44
T11149,Veterinary Oncology Research,2740,Pulmonary and Respiratory Medicine,27,Medicine,4,Health Sciences,42708,410798,51,10,2024-01-23T15:27:09,2026-09-22T03:01:44
T11795,Humor Studies and Applications,3207,Social Psychology,32,Psychology,2,Social Sciences,42704,290892,51,10,2024-01-23T15:27:11,2026-09-22T03:01:44
T12965,Wildlife Conservation and Criminology Analyses,2309,Nature and Landscape Conservation,23,Environmental Science,3,Physical Sciences,42665,215807,11,10,2024-01-23T15:27:16,2026-09-22T03:01:44
T11620,Medication Adherence and Compliance,2714,Family Practice,27,Medicine,4,Health Sciences,42661,570823,1,10,2024-01-23T15:27:11,2026-09-22T03:01:44
T13253,Chemical Reactions and Mechanisms,1606,Physical and Theoretical Chemistry,16,Chemistry,3,Physical Sciences,42653,287199,7,10,2024-01-23T15:27:17,2026-09-22T03:01:44
T12316,Oil Spill Detection and Mitigation,2310,Pollution,23,Environmental Science,3,Physical Sciences,42617,256392,10,10,2024-01-23T15:27:13,2026-09-22T03:01:44
T11600,Brain Metastases and Treatment,2740,Pulmonary and Respiratory Medicine,27,Medicine,4,Health Sciences,42610,573009,51,10,2024-01-23T15:27:11,2026-09-22T03:01:44
T11976,Capital Investment and Risk Analysis,2003,Finance,20,"Economics, Econometrics and Finance",2,Social Sciences,42592,432035,15,10,2024-01-23T15:27:12,2026-09-22T03:01:44
T14094,Italy: Economic History and Contemporary Issues,2002,Economics and Econometrics,20,"Economics, Econometrics and Finance",2,Social Sciences,42493,175341,78,10,2024-01-23T15:27:21,2026-09-22T03:01:44
T13957,Corporate Governance and Financial Management,1408,Strategy and Management,14,"Business, Management and Accounting",2,Social Sciences,42492,89632,41,10,2024-01-23T15:27:20,2026-09-22T03:01:44
T10707,Cellular and Composite Structures,2210,Mechanical Engineering,22,Engineering,3,Physical Sciences,42490,864918,78,10,2024-01-23T15:27:07,2026-09-22T03:01:44
T12609,Latin American socio-political dynamics,3312,Sociology and Political Science,33,Social Sciences,2,Social Sciences,42475,61164,223,10,2024-01-23T15:27:15,2026-09-22T03:01:44
T10927,Access Control and Trust,3312,Sociology and Political Science,33,Social Sciences,2,Social Sciences,42470,334240,223,10,2024-01-23T15:27:08,2026-09-22T03:01:44
T12610,RNA regulation and disease,1312,Molecular Biology,13,"Biochemistry, Genetics and Molecular Biology",1,Life Sciences,42465,622837,134,10,2024-01-23T15:27:15,2026-09-22T03:01:44
T11624,Constructed Wetlands for Wastewater Treatment,2311,Waste Management and Disposal,23,Environmental Science,3,Physical Sciences,42430,513709,8,10,2024-01-23T15:27:11,2026-09-22T03:01:44
T11899,"Brucella: diagnosis, epidemiology, treatment",3404,Small Animals,34,Veterinary,4,Health Sciences,42412,373684,9,10,2024-01-23T15:27:12,2026-09-22T03:01:44
T12458,Organometallic Compounds Synthesis and Characterization,1605,Organic Chemistry,16,Chemistry,3,Physical Sciences,42368,413746,60,10,2024-01-23T15:27:14,2026-09-22T03:01:44
T11618,Cholesterol and Lipid Metabolism,2746,Surgery,27,Medicine,4,Health Sciences,42345,1229580,95,10,2024-01-23T15:27:11,2026-09-22T03:01:44
T13925,Offshore Engineering and Technologies,2212,Ocean Engineering,22,Engineering,3,Physical Sciences,42327,91625,22,10,2024-01-23T15:27:20,2026-09-22T03:01:44
T10960,Hypothalamic control of reproductive hormones,2743,Reproductive Medicine,27,Medicine,4,Health Sciences,42321,894544,7,10,2024-01-23T15:27:08,2026-09-22T03:01:44
T11928,Genetic Syndromes and Imprinting,1311,Genetics,13,"Biochemistry, Genetics and Molecular Biology",1,Life Sciences,42309,732181,39,10,2024-01-23T15:27:12,2026-09-22T03:01:44
T11322,Facial Rejuvenation and Surgery Techniques,2708,Dermatology,27,Medicine,4,Health Sciences,42280,378337,12,10,2024-01-23T15:27:10,2026-09-22T03:01:44
T14089,Nanotechnology research and applications,2204,Biomedical Engineering,22,Engineering,3,Physical Sciences,42263,197992,71,10,2024-01-23T15:27:21,2026-09-22T03:01:44
T11493,Water Treatment and Disinfection,2307,"Health, Toxicology and Mutagenesis",23,Environmental Science,3,Physical Sciences,42254,706219,15,10,2024-01-23T15:27:10,2026-09-22T03:01:44
T11009,Catalysis for Biomass Conversion,2204,Biomedical Engineering,22,Engineering,3,Physical Sciences,42231,1147830,71,10,2024-01-23T15:27:09,2026-09-22T03:01:44
T11972,Chromium effects and bioremediation,2307,"Health, Toxicology and Mutagenesis",23,Environmental Science,3,Physical Sciences,42216,614793,15,10,2024-01-23T15:27:12,2026-09-22T03:01:44
T11298,Synthesis and Properties of Aromatic Compounds,1605,Organic Chemistry,16,Chemistry,3,Physical Sciences,42214,683607,60,10,2024-01-23T15:27:10,2026-09-22T03:01:44
T12070,Writing and Handwriting Education,3304,Education,33,Social Sciences,2,Social Sciences,42205,297885,136,10,2024-01-23T15:27:12,2026-09-22T03:01:44
T13340,Palliative and Oncologic Care,2739,"Public Health, Environmental and Occupational Health",27,Medicine,4,Health Sciences,42195,61438,53,10,2024-01-23T15:27:18,2026-09-22T03:01:44
T10859,Polymer Surface Interaction Studies,2508,"Surfaces, Coatings and Films",25,Materials Science,3,Physical Sciences,42175,1376237,3,10,2024-01-23T15:27:08,2026-09-22T03:01:44
T13756,International Environmental Law and Policies,2308,"Management, Monitoring, Policy and Law",23,Environmental Science,3,Physical Sciences,42133,77893,33,10,2024-01-23T15:27:19,2026-09-22T03:01:44
T12287,Fibroblast Growth Factor Research,1312,Molecular Biology,13,"Biochemistry, Genetics and Molecular Biology",1,Life Sciences,42129,739178,134,10,2024-01-23T15:27:13,2026-09-22T03:01:44
T12920,Healthcare and Environmental Waste Management,2739,"Public Health, Environmental and Occupational Health",27,Medicine,4,Health Sciences,42117,200509,53,10,2024-01-23T15:27:16,2026-09-22T03:01:44
T12083,Karst Systems and Hydrogeology,1904,Earth-Surface Processes,19,Earth and Planetary Sciences,3,Physical Sciences,42116,239137,5,10,2024-01-23T15:27:13,2026-09-22T03:01:44
T12112,Ammonia Synthesis and Nitrogen Reduction,1503,Catalysis,15,Chemical Engineering,3,Physical Sciences,42108,930301,3,10,2024-01-23T15:27:13,2026-09-22T03:01:44
T14085,Student Stress and Coping,3204,Developmental and Educational Psychology,32,Psychology,2,Social Sciences,42098,33934,19,10,2024-01-23T15:27:21,2026-09-22T03:01:44
T11003,Disability Rights and Representation,3311,Safety Research,33,Social Sciences,2,Social Sciences,42080,285044,18,10,2024-01-23T15:27:09,2026-09-22T03:01:44
T11518,Cervical and Thoracic Myelopathy,2746,Surgery,27,Medicine,4,Health Sciences,42067,529040,95,10,2024-01-23T15:27:10,2026-09-22T03:01:44
T11866,Reconstructive Facial Surgery Techniques,2746,Surgery,27,Medicine,4,Health Sciences,42063,256181,95,10,2024-01-23T15:27:12,2026-09-22T03:01:44
T12856,Transgenic Plants and Applications,1305,Biotechnology,13,"Biochemistry, Genetics and Molecular Biology",1,Life Sciences,42060,522718,7,10,2024-01-23T15:27:16,2026-09-22T03:01:44
T13069,Cocoa and Sweet Potato Agronomy,1108,Horticulture,11,Agricultural and Biological Sciences,1,Life Sciences,42059,162796,0,10,2024-01-23T15:27:16,2026-09-22T03:01:44
T11697,Numerical Methods and Algorithms,1703,Computational Theory and Mathematics,17,Computer Science,3,Physical Sciences,42022,384583,23,10,2024-01-23T15:27:11,2026-09-22T03:01:44
T13683,"Architecture, Art, Education",1213,Visual Arts and Performing Arts,12,Arts and Humanities,2,Social Sciences,41992,21735,16,10,2024-01-23T15:27:19,2026-09-22T03:01:44
T13490,Aquatic Ecosystems and Biodiversity,2303,Ecology,23,Environmental Science,3,Physical Sciences,41986,226060,32,10,2024-01-23T15:27:18,2026-09-22T03:01:44
T12372,Art Therapy and Mental Health,1206,Conservation,12,Arts and Humanities,2,Social Sciences,41974,181547,5,10,2024-01-23T15:27:14,2026-09-22T03:01:44
T11000,Infection Control in Healthcare,2725,Infectious Diseases,27,Medicine,4,Health Sciences,41954,416438,20,10,2024-01-23T15:27:09,2026-09-22T03:01:44
T11501,TGF-β signaling in diseases,1312,Molecular Biology,13,"Biochemistry, Genetics and Molecular Biology",1,Life Sciences,41942,1194429,134,10,2024-01-23T15:27:10,2026-09-22T03:01:44
T13045,Industrial Engineering and Technologies,2210,Mechanical Engineering,22,Engineering,3,Physical Sciences,41906,60078,78,10,2024-01-23T15:27:16,2026-09-22T03:01:44
T14151,Literary Analysis and Cultural Studies,1207,History and Philosophy of Science,12,Arts and Humanities,2,Social Sciences,41892,7389,18,10,2024-01-23T15:27:21,2026-09-22T03:01:44
T12032,Multisensory perception and integration,3205,Experimental and Cognitive Psychology,32,Psychology,2,Social Sciences,41873,733384,23,10,2024-01-23T15:27:12,2026-09-22T03:01:44
T12207,Assistive Technology in Communication and Mobility,3609,Occupational Therapy,36,Health Professions,4,Health Sciences,41861,248763,7,10,2024-01-23T15:27:13,2026-09-22T03:01:44
T13956,Sociopolitical Dynamics in Nepal,3317,Demography,33,Social Sciences,2,Social Sciences,41851,42200,26,10,2024-01-23T15:27:20,2026-09-22T03:01:44
T14214,Space Exploration and Technology,2202,Aerospace Engineering,22,Engineering,3,Physical Sciences,41842,67081,43,10,2024-01-23T15:27:21,2026-09-22T03:01:44
T13540,Animal Diversity and Health Studies,1106,Food Science,11,Agricultural and Biological Sciences,1,Life Sciences,41824,199821,31,10,2024-01-23T15:27:18,2026-09-22T03:01:44
T12635,African studies and sociopolitical issues,3312,Sociology and Political Science,33,Social Sciences,2,Social Sciences,41819,169878,223,10,2024-01-23T15:27:15,2026-09-22T03:01:44
T12328,Autoimmune and Inflammatory Disorders,2713,Epidemiology,27,Medicine,4,Health Sciences,41781,236239,41,10,2024-01-23T15:27:13,2026-09-22T03:01:44
T12519,Cybercrime and Law Enforcement Studies,1710,Information Systems,17,Computer Science,3,Physical Sciences,41776,170619,77,10,2024-01-23T15:27:14,2026-09-22T03:01:44
T12985,Maritime Security and History,3313,Transportation,33,Social Sciences,2,Social Sciences,41757,82562,8,10,2024-01-23T15:27:16,2026-09-22T03:01:44
T14458,Education and Work Dynamics,3317,Demography,33,Social Sciences,2,Social Sciences,41734,15431,26,10,2024-01-23T15:27:22,2026-09-22T03:01:44
T11929,Cerebral Venous Sinus Thrombosis,2728,Neurology,27,Medicine,4,Health Sciences,41723,381608,21,10,2024-01-23T15:27:12,2026-09-22T03:01:44
T11671,Fuzzy and Soft Set Theory,1803,Management Science and Operations Research,18,Decision Sciences,2,Social Sciences,41713,250953,33,10,2024-01-23T15:27:11,2026-09-22T03:01:44
T10929,Wnt/β-catenin signaling in development and cancer,1312,Molecular Biology,13,"Biochemistry, Genetics and Molecular Biology",1,Life Sciences,41666,1726449,134,10,2024-01-23T15:27:08,2026-09-22T03:01:44
T11633,Prenatal Substance Exposure Effects,2735,"Pediatrics, Perinatology and Child Health",27,Medicine,4,Health Sciences,41645,735880,19,10,2024-01-23T15:27:11,2026-09-22T03:01:44
T13057,Asian Industrial and Economic Development,3320,Political Science and International Relations,33,Social Sciences,2,Social Sciences,41635,220515,117,10,2024-01-23T15:27:16,2026-09-22T03:01:44
T10650,Food Drying and Modeling,1106,Food Science,11,Agricultural and Biological Sciences,1,Life Sciences,41613,508446,31,10,2024-01-23T15:27:07,2026-09-22T03:01:44
T11569,Optical Coherence Tomography Applications,2204,Biomedical Engineering,22,Engineering,3,Physical Sciences,41594,486406,71,10,2024-01-23T15:27:11,2026-09-22T03:01:44
T13583,Jury Decision Making Processes,3308,Law,33,Social Sciences,2,Social Sciences,41587,115795,39,10,2024-01-23T15:27:19,2026-09-22T03:01:44
T11582,Nanopore and Nanochannel Transport Studies,2204,Biomedical Engineering,22,Engineering,3,Physical Sciences,41580,771158,71,10,2024-01-23T15:27:11,2026-09-22T03:01:44
T12957,"War, Ethics, and Justification",1211,Philosophy,12,Arts and Humanities,2,Social Sciences,41574,153668,48,10,2024-01-23T15:27:16,2026-09-22T03:01:44
T11554,Vascular Procedures and Complications,2740,Pulmonary and Respiratory Medicine,27,Medicine,4,Health Sciences,41557,344329,51,10,2024-01-23T15:27:11,2026-09-22T03:01:44
T12116,Dermatological diseases and infestations,2725,Infectious Diseases,27,Medicine,4,Health Sciences,41556,250596,20,10,2024-01-23T15:27:13,2026-09-22T03:01:44
T10817,Multicomponent Synthesis of Heterocycles,1605,Organic Chemistry,16,Chemistry,3,Physical Sciences,41505,587197,60,10,2024-01-23T15:27:08,2026-09-22T03:01:44
T12634,Ureteral procedures and complications,2729,Obstetrics and Gynecology,27,Medicine,4,Health Sciences,41493,220242,7,10,2024-01-23T15:27:15,2026-09-22T03:01:44
T11921,Electroconvulsive Therapy Studies,2738,Psychiatry and Mental health,27,Medicine,4,Health Sciences,41488,401979,15,10,2024-01-23T15:27:12,2026-09-22T03:01:44
T11834,Liver Diseases and Immunity,2721,Hepatology,27,Medicine,4,Health Sciences,41483,569184,5,10,2024-01-23T15:27:12,2026-09-22T03:01:44
T13190,Engineering and Environmental Studies,2212,Ocean Engineering,22,Engineering,3,Physical Sciences,41432,61092,22,10,2024-01-23T15:27:17,2026-09-22T03:01:44
T11961,Neonatal and Maternal Infections,2739,"Public Health, Environmental and Occupational Health",27,Medicine,4,Health Sciences,41429,487122,53,10,2024-01-23T15:27:12,2026-09-22T03:01:44
T11419,Supramolecular Self-Assembly in Materials,2502,Biomaterials,25,Materials Science,3,Physical Sciences,41372,1079949,12,10,2024-01-23T15:27:10,2026-09-22T03:01:44
T11661,Copper Interconnects and Reliability,2504,"Electronic, Optical and Magnetic Materials",25,Materials Science,3,Physical Sciences,41367,345763,16,10,2024-01-23T15:27:11,2026-09-22T03:01:44
T13210,Historical Turkish Studies,3320,Political Science and International Relations,33,Social Sciences,2,Social Sciences,41356,25179,117,10,2024-01-23T15:27:17,2026-09-22T03:01:44
T11823,Natural Resources and Economic Development,2000,"General Economics, Econometrics and Finance",20,"Economics, Econometrics and Finance",2,Social Sciences,41338,338123,11,10,2024-01-23T15:27:12,2026-09-22T03:01:44
T12425,Industrial Gas Emission Control,2210,Mechanical Engineering,22,Engineering,3,Physical Sciences,41322,254044,78,10,2024-01-23T15:27:14,2026-09-22T03:01:44
T11427,Elbow and Forearm Trauma Treatment,2742,Rehabilitation,27,Medicine,4,Health Sciences,41275,430427,6,10,2024-01-23T15:27:10,2026-09-22T03:01:44
T11654,Advanced Mathematical Physics Problems,2610,Mathematical Physics,26,Mathematics,3,Physical Sciences,41275,527911,11,10,2024-01-23T15:27:11,2026-09-22T03:01:44
T13570,Historical Education Studies Worldwide,3304,Education,33,Social Sciences,2,Social Sciences,41268,68946,136,10,2024-01-23T15:27:19,2026-09-22T03:01:44
T12712,Myofascial pain diagnosis and treatment,1307,Cell Biology,13,"Biochemistry, Genetics and Molecular Biology",1,Life Sciences,41253,237168,16,10,2024-01-23T15:27:15,2026-09-22T03:01:44
T13408,Corporate Law and Human Rights,1407,Organizational Behavior and Human Resource Management,14,"Business, Management and Accounting",2,Social Sciences,41245,113682,29,10,2024-01-23T15:27:18,2026-09-22T03:01:44
T12779,Public Procurement and Policy,1408,Strategy and Management,14,"Business, Management and Accounting",2,Social Sciences,41225,170695,41,10,2024-01-23T15:27:15,2026-09-22T03:01:44
T13896,Health Services Management and Policy,3600,General Health Professions,36,Health Professions,4,Health Sciences,41222,47092,49,10,2024-01-23T15:27:20,2026-09-22T03:01:44
T14349,Global Political and Economic Relations,3320,Political Science and International Relations,33,Social Sciences,2,Social Sciences,41207,25461,117,10,2024-01-23T15:27:22,2026-09-22T03:01:44
T13094,Mining and Gasification Technologies,2210,Mechanical Engineering,22,Engineering,3,Physical Sciences,41168,95198,78,10,2024-01-23T15:27:17,2026-09-22T03:01:44
T13093,Electric Power Systems and Control,2208,Electrical and Electronic Engineering,22,Engineering,3,Physical Sciences,41134,91065,116,10,2024-01-23T15:27:17,2026-09-22T03:01:44
T11644,Spam and Phishing Detection,1710,Information Systems,17,Computer Science,3,Physical Sciences,41128,399772,77,10,2024-01-23T15:27:11,2026-09-22T03:01:44
T11315,Phase-change materials and chalcogenides,2505,Materials Chemistry,25,Materials Science,3,Physical Sciences,41102,550254,68,10,2024-01-23T15:27:10,2026-09-22T03:01:44
T11593,Carbon dioxide utilization in catalysis,1508,Process Chemistry and Technology,15,Chemical Engineering,3,Physical Sciences,41017,979242,1,10,2024-01-23T15:27:11,2026-09-22T03:01:44
T10940,Navier-Stokes equation solutions,2604,Applied Mathematics,26,Mathematics,3,Physical Sciences,40967,459519,16,10,2024-01-23T15:27:08,2026-09-22T03:01:44
T11239,Social Capital and Networks,3312,Sociology and Political Science,33,Social Sciences,2,Social Sciences,40914,828690,223,10,2024-01-23T15:27:09,2026-09-22T03:01:44
T14282,"Security, Politics, and Digital Transformation",3320,Political Science and International Relations,33,Social Sciences,2,Social Sciences,40898,27986,117,10,2024-01-23T15:27:22,2026-09-22T03:01:44
T13493,Optical and Acousto-Optic Technologies,3107,"Atomic and Molecular Physics, and Optics",31,Physics and Astronomy,3,Physical Sciences,40880,283825,36,10,2024-01-23T15:27:18,2026-09-22T03:01:44
T12903,Globalization and Cultural Identity,3312,Sociology and Political Science,33,Social Sciences,2,Social Sciences,40869,544073,223,10,2024-01-23T15:27:16,2026-09-22T03:01:44
T14203,"Education, Safety, and Science Studies",3311,Safety Research,33,Social Sciences,2,Social Sciences,40855,30247,18,10,2024-01-23T15:27:21,2026-09-22T03:01:44
T12493,"Memory, violence, and history",3207,Social Psychology,32,Psychology,2,Social Sciences,40825,35685,51,10,2024-01-23T15:27:14,2026-09-22T03:01:44
T14004,History and Cultural Heritage,3316,Cultural Studies,33,Social Sciences,2,Social Sciences,40816,12540,37,10,2024-01-23T15:27:20,2026-09-22T03:01:44
T14310,Botany and Geology in Latin America and Caribbean,1105,"Ecology, Evolution, Behavior and Systematics",11,Agricultural and Biological Sciences,1,Life Sciences,40773,106412,32,10,2024-01-23T15:27:22,2026-09-22T03:01:44
T14329,Science and Climate Studies,2306,Global and Planetary Change,23,Environmental Science,3,Physical Sciences,40748,144096,29,10,2024-01-23T15:27:22,2026-09-22T03:01:44
T14397,Legal and Policy Analysis in Indonesia,3308,Law,33,Social Sciences,2,Social Sciences,40731,35829,39,10,2024-01-23T15:27:22,2026-09-22T03:01:44
T13768,Oral and gingival health research,3611,Pharmacy,36,Health Professions,4,Health Sciences,40708,196588,4,10,2024-01-23T15:27:19,2026-09-22T03:01:44
T14128,Metallurgical and Alloy Processes,2500,General Materials Science,25,Materials Science,3,Physical Sciences,40702,237639,2,10,2024-01-23T15:27:21,2026-09-22T03:01:44
T11826,Ocular Infections and Treatments,2731,Ophthalmology,27,Medicine,4,Health Sciences,40690,421091,11,10,2024-01-23T15:27:12,2026-09-22T03:01:44
T12591,Inclusive Education and Diversity,3304,Education,33,Social Sciences,2,Social Sciences,40652,30415,136,10,2024-01-23T15:27:15,2026-09-22T03:01:44
T11914,PARP inhibition in cancer therapy,2730,Oncology,27,Medicine,4,Health Sciences,40624,670043,33,10,2024-01-23T15:27:12,2026-09-22T03:01:44
T12716,Congenital Anomalies and Fetal Surgery,2746,Surgery,27,Medicine,4,Health Sciences,40594,276511,95,10,2024-01-23T15:27:15,2026-09-22T03:01:44
T12924,Dermatological and Skeletal Disorders,1311,Genetics,13,"Biochemistry, Genetics and Molecular Biology",1,Life Sciences,40584,195188,39,10,2024-01-23T15:27:16,2026-09-22T03:01:44
T13333,American Political and Social Dynamics,1202,History,12,Arts and Humanities,2,Social Sciences,40565,100849,43,10,2024-01-23T15:27:18,2026-09-22T03:01:44
T12937,Chemotherapy-related skin toxicity,2708,Dermatology,27,Medicine,4,Health Sciences,40554,140532,12,10,2024-01-23T15:27:16,2026-09-22T03:01:44
T11822,Analytic and geometric function theory,2608,Geometry and Topology,26,Mathematics,3,Physical Sciences,40547,252529,10,10,2024-01-23T15:27:12,2026-09-22T03:01:44
T11105,Advanced Image Processing Techniques,1707,Computer Vision and Pattern Recognition,17,Computer Science,3,Physical Sciences,40535,698147,34,10,2024-01-23T15:27:09,2026-09-22T03:01:44
T12663,Body Image and Dysmorphia Studies,3203,Clinical Psychology,32,Psychology,2,Social Sciences,40521,262457,37,10,2024-01-23T15:27:15,2026-09-22T03:01:44
T13291,Political Theory and Democracy,3320,Political Science and International Relations,33,Social Sciences,2,Social Sciences,40515,34148,117,10,2024-01-23T15:27:17,2026-09-22T03:01:44
T11932,Wireless Body Area Networks,2204,Biomedical Engineering,22,Engineering,3,Physical Sciences,40513,328153,71,10,2024-01-23T15:27:12,2026-09-22T03:01:44
T13544,Women's cancer prevention and management,2739,"Public Health, Environmental and Occupational Health",27,Medicine,4,Health Sciences,40488,40413,53,10,2024-01-23T15:27:18,2026-09-22T03:01:44
T12535,Machine Learning and Data Classification,1702,Artificial Intelligence,17,Computer Science,3,Physical Sciences,40473,713770,76,10,2024-01-23T15:27:14,2026-09-22T03:01:44
T11143,High Entropy Alloys Studies,2210,Mechanical Engineering,22,Engineering,3,Physical Sciences,40466,1076691,78,10,2024-01-23T15:27:09,2026-09-22T03:01:44
T13682,Engineering Education and Pedagogy,2216,Architecture,22,Engineering,3,Physical Sciences,40463,103371,3,10,2024-01-23T15:27:19,2026-09-22T03:01:44
T12530,Bioactive Natural Diterpenoids Research,1312,Molecular Biology,13,"Biochemistry, Genetics and Molecular Biology",1,Life Sciences,40448,141283,134,10,2024-01-23T15:27:14,2026-09-22T03:01:44
T12185,Regulation and Compliance Studies,1408,Strategy and Management,14,"Business, Management and Accounting",2,Social Sciences,40427,285626,41,10,2024-01-23T15:27:13,2026-09-22T03:01:44
T13072,Contemporary Christian Leadership and Education,1212,Religious studies,12,Arts and Humanities,2,Social Sciences,40414,55942,14,10,2024-01-23T15:27:16,2026-09-22T03:01:44
T13801,Urban Arborization and Environmental Studies,2308,"Management, Monitoring, Policy and Law",23,Environmental Science,3,Physical Sciences,40286,10550,33,10,2024-01-23T15:27:20,2026-09-22T03:01:44
T12940,Structural Engineering and Materials Analysis,2205,Civil and Structural Engineering,22,Engineering,3,Physical Sciences,40253,32293,41,10,2024-01-23T15:27:16,2026-09-22T03:01:44
T11428,Advanced Mathematical Identities,2602,Algebra and Number Theory,26,Mathematics,3,Physical Sciences,40252,324498,4,10,2024-01-23T15:27:10,2026-09-22T03:01:44
T12253,Urban Agriculture and Sustainability,1110,Plant Science,11,Agricultural and Biological Sciences,1,Life Sciences,40227,255204,89,10,2024-01-23T15:27:13,2026-09-22T03:01:44
T11966,Silk-based biomaterials and applications,2502,Biomaterials,25,Materials Science,3,Physical Sciences,40201,724739,12,10,2024-01-23T15:27:12,2026-09-22T03:01:44
T13308,Cybernetics and Technology in Society,1207,History and Philosophy of Science,12,Arts and Humanities,2,Social Sciences,40201,73156,18,10,2024-01-23T15:27:17,2026-09-22T03:01:44
T12338,Digital literacy in education,1710,Information Systems,17,Computer Science,3,Physical Sciences,40156,202924,77,10,2024-01-23T15:27:14,2026-09-22T03:01:44
T12459,Nerve Injury and Rehabilitation,2746,Surgery,27,Medicine,4,Health Sciences,40154,340325,95,10,2024-01-23T15:27:14,2026-09-22T03:01:44
T13632,Marriage and Sexual Relationships,3312,Sociology and Political Science,33,Social Sciences,2,Social Sciences,40122,108574,223,10,2024-01-23T15:27:19,2026-09-22T03:01:44
T11250,Wave and Wind Energy Systems,2212,Ocean Engineering,22,Engineering,3,Physical Sciences,40120,370160,22,10,2024-01-23T15:27:09,2026-09-22T03:01:44
T11145,Epoxy Resin Curing Processes,2210,Mechanical Engineering,22,Engineering,3,Physical Sciences,40112,554260,78,10,2024-01-23T15:27:09,2026-09-22T03:01:44
T11905,Veterinary Pharmacology and Anesthesia,3404,Small Animals,34,Veterinary,4,Health Sciences,40102,410321,9,10,2024-01-23T15:27:12,2026-09-22T03:01:44
T11469,Lymphatic System and Diseases,2730,Oncology,27,Medicine,4,Health Sciences,40097,679973,33,10,2024-01-23T15:27:10,2026-09-22T03:01:44
T11598,Internet Traffic Analysis and Secure E-voting,1702,Artificial Intelligence,17,Computer Science,3,Physical Sciences,40090,378962,76,10,2024-01-23T15:27:11,2026-09-22T03:01:44
T12869,Occupational Health and Burnout,3609,Occupational Therapy,36,Health Professions,4,Health Sciences,40058,95852,7,10,2024-01-23T15:27:16,2026-09-22T03:01:44
T14384,Ophthalmology and Visual Health Research,2731,Ophthalmology,27,Medicine,4,Health Sciences,40041,105606,11,10,2024-01-23T15:27:22,2026-09-22T03:01:44
T12150,Intestinal Malrotation and Obstruction Disorders,2746,Surgery,27,Medicine,4,Health Sciences,40016,227781,95,10,2024-01-23T15:27:13,2026-09-22T03:01:44
T10990,Infection Control and Ventilation,2740,Pulmonary and Respiratory Medicine,27,Medicine,4,Health Sciences,39999,576419,51,10,2024-01-23T15:27:09,2026-09-22T03:01:44
T13522,Cardiovascular Health and Risk Factors,2705,Cardiology and Cardiovascular Medicine,27,Medicine,4,Health Sciences,39989,281941,28,10,2024-01-23T15:27:18,2026-09-22T03:01:44
T14062,Migration and Exile Studies,3312,Sociology and Political Science,33,Social Sciences,2,Social Sciences,39955,7564,223,10,2024-01-23T15:27:21,2026-09-22T03:01:44
T11749,Iterative Learning Control Systems,2207,Control and Systems Engineering,22,Engineering,3,Physical Sciences,39932,366018,43,10,2024-01-23T15:27:11,2026-09-22T03:01:44
T11625,Abdominal vascular conditions and treatments,2746,Surgery,27,Medicine,4,Health Sciences,39931,299753,95,10,2024-01-23T15:27:11,2026-09-22T03:01:44
T11233,Advanced Adaptive Filtering Techniques,2206,Computational Mechanics,22,Engineering,3,Physical Sciences,39924,408887,29,10,2024-01-23T15:27:09,2026-09-22T03:01:44
T13433,Short Stories in Global Literature,1208,Literature and Literary Theory,12,Arts and Humanities,2,Social Sciences,39921,51346,52,10,2024-01-23T15:27:18,2026-09-22T03:01:44
T11382,Fluid Dynamics and Heat Transfer,2206,Computational Mechanics,22,Engineering,3,Physical Sciences,39881,600452,29,10,2024-01-23T15:27:10,2026-09-22T03:01:44
T12574,Clinical Reasoning and Diagnostic Skills,2714,Family Practice,27,Medicine,4,Health Sciences,39868,389321,1,10,2024-01-23T15:27:14,2026-09-22T03:01:44
T13628,Agricultural Productivity and Crop Improvement,1102,Agronomy and Crop Science,11,Agricultural and Biological Sciences,1,Life Sciences,39863,59498,10,10,2024-01-23T15:27:19,2026-09-22T03:01:44
T11360,Flame retardant materials and properties,2507,Polymers and Plastics,25,Materials Science,3,Physical Sciences,39799,697438,13,10,2024-01-23T15:27:10,2026-09-22T03:01:44
T13744,Financial Literacy and Behavior,1402,Accounting,14,"Business, Management and Accounting",2,Social Sciences,39783,54954,21,10,2024-01-23T15:27:19,2026-09-22T03:01:44
T11403,Invertebrate Immune Response Mechanisms,2403,Immunology,24,Immunology and Microbiology,1,Life Sciences,39772,871546,25,10,2024-01-23T15:27:10,2026-09-22T03:01:44
T12255,Biosimilars and Bioanalytical Methods,2403,Immunology,24,Immunology and Microbiology,1,Life Sciences,39750,265408,25,10,2024-01-23T15:27:13,2026-09-22T03:01:44
T13548,Environmental and biological studies,2303,Ecology,23,Environmental Science,3,Physical Sciences,39738,78061,32,10,2024-01-23T15:27:18,2026-09-22T03:01:44
T11767,Poxvirus research and outbreaks,2406,Virology,24,Immunology and Microbiology,1,Life Sciences,39717,470420,2,10,2024-01-23T15:27:11,2026-09-22T03:01:44
T11938,ERP Systems Implementation and Impact,1404,Management Information Systems,14,"Business, Management and Accounting",2,Social Sciences,39683,258026,15,10,2024-01-23T15:27:12,2026-09-22T03:01:44
T12478,Wikis in Education and Collaboration,3315,Communication,33,Social Sciences,2,Social Sciences,39640,206355,15,10,2024-01-23T15:27:14,2026-09-22T03:01:44
T13204,Competitive and Knowledge Intelligence,1408,Strategy and Management,14,"Business, Management and Accounting",2,Social Sciences,39618,268036,41,10,2024-01-23T15:27:17,2026-09-22T03:01:44
T11793,"Recreation, Leisure, Wilderness Management",3207,Social Psychology,32,Psychology,2,Social Sciences,39606,314930,51,10,2024-01-23T15:27:11,2026-09-22T03:01:44
T10709,Social Robot Interaction and HRI,3207,Social Psychology,32,Psychology,2,Social Sciences,39591,387156,51,10,2024-01-23T15:27:07,2026-09-22T03:01:44
T12209,Bone and Joint Diseases,2732,Orthopedics and Sports Medicine,27,Medicine,4,Health Sciences,39585,419637,6,10,2024-01-23T15:27:13,2026-09-22T03:01:44
T11670,Pressure Ulcer Prevention and Management,3609,Occupational Therapy,36,Health Professions,4,Health Sciences,39579,309488,7,10,2024-01-23T15:27:11,2026-09-22T03:01:44
T11653,Financial Distress and Bankruptcy Prediction,1402,Accounting,14,"Business, Management and Accounting",2,Social Sciences,39575,270759,21,10,2024-01-23T15:27:11,2026-09-22T03:01:44
T10972,Power Systems Fault Detection,2207,Control and Systems Engineering,22,Engineering,3,Physical Sciences,39569,347749,43,10,2024-01-23T15:27:08,2026-09-22T03:01:44
T14505,Natural Products and Applications,1100,General Agricultural and Biological Sciences,11,Agricultural and Biological Sciences,1,Life Sciences,39516,56221,19,10,2024-01-23T15:27:22,2026-09-22T03:01:44
T10568,Thermodynamic and Exergetic Analyses of Power and Cooling Systems,2210,Mechanical Engineering,22,Engineering,3,Physical Sciences,39500,595709,78,10,2024-01-23T15:27:07,2026-09-22T03:01:44
T12708,Economic and Financial Impacts of Cancer,2002,Economics and Econometrics,20,"Economics, Econometrics and Finance",2,Social Sciences,39430,252190,78,10,2024-01-23T15:27:15,2026-09-22T03:01:44
T12806,Ocean Acidification Effects and Responses,1910,Oceanography,19,Earth and Planetary Sciences,3,Physical Sciences,39406,556806,8,10,2024-01-23T15:27:15,2026-09-22T03:01:44
T12263,Peacebuilding and International Security,3312,Sociology and Political Science,33,Social Sciences,2,Social Sciences,39385,230665,223,10,2024-01-23T15:27:13,2026-09-22T03:01:44
T13860,Arts and Performance Studies,1213,Visual Arts and Performing Arts,12,Arts and Humanities,2,Social Sciences,39368,14307,16,10,2024-01-23T15:27:20,2026-09-22T03:01:44
T13305,Teacher Professional Development and Motivation,3304,Education,33,Social Sciences,2,Social Sciences,39367,248192,136,10,2024-01-23T15:27:17,2026-09-22T03:01:44
T11840,Pain Management and Treatment,2703,Anesthesiology and Pain Medicine,27,Medicine,4,Health Sciences,39350,426934,3,10,2024-01-23T15:27:12,2026-09-22T03:01:44
T12258,"Perfectionism, Procrastination, Anxiety Studies",3203,Clinical Psychology,32,Psychology,2,Social Sciences,39321,385318,37,10,2024-01-23T15:27:13,2026-09-22T03:01:44
T11821,Odor and Emission Control Technologies,1508,Process Chemistry and Technology,15,Chemical Engineering,3,Physical Sciences,39301,409981,1,10,2024-01-23T15:27:12,2026-09-22T03:01:44
T10286,Information Retrieval and Search Behavior,1710,Information Systems,17,Computer Science,3,Physical Sciences,39295,392833,77,10,2024-01-23T15:27:05,2026-09-22T03:01:44
T12581,Engineering Structural Analysis Methods,2210,Mechanical Engineering,22,Engineering,3,Physical Sciences,39287,90349,78,10,2024-01-23T15:27:14,2026-09-22T03:01:44
T12301,Facial Nerve Paralysis Treatment and Research,2728,Neurology,27,Medicine,4,Health Sciences,39276,282997,21,10,2024-01-23T15:27:13,2026-09-22T03:01:44
T12939,Polish Law and Legal System,3320,Political Science and International Relations,33,Social Sciences,2,Social Sciences,39252,37420,117,10,2024-01-23T15:27:16,2026-09-22T03:01:44
T13100,Comparative Animal Anatomy Studies,2748,Urology,27,Medicine,4,Health Sciences,39241,132592,4,10,2024-01-23T15:27:17,2026-09-22T03:01:44
T11835,Sustainability in Higher Education,3304,Education,33,Social Sciences,2,Social Sciences,39240,242098,136,10,2024-01-23T15:27:12,2026-09-22T03:01:44
T12214,Media Influence and Health,1208,Literature and Literary Theory,12,Arts and Humanities,2,Social Sciences,39212,513763,52,10,2024-01-23T15:27:13,2026-09-22T03:01:44
T12651,Halal products and consumer behavior,3312,Sociology and Political Science,33,Social Sciences,2,Social Sciences,39210,155503,223,10,2024-01-23T15:27:15,2026-09-22T03:01:44
T14179,Waste Management and Recycling,2311,Waste Management and Disposal,23,Environmental Science,3,Physical Sciences,39199,53480,8,10,2024-01-23T15:27:21,2026-09-22T03:01:44
T14022,Cultural and Religious Practices in Indonesia,3316,Cultural Studies,33,Social Sciences,2,Social Sciences,39186,47658,37,10,2024-01-23T15:27:20,2026-09-22T03:01:44
T10986,RFID technology advancements,2214,Media Technology,22,Engineering,3,Physical Sciences,39169,309442,11,10,2024-01-23T15:27:09,2026-09-22T03:01:44
T11652,Imbalanced Data Classification Techniques,1702,Artificial Intelligence,17,Computer Science,3,Physical Sciences,39154,612683,76,10,2024-01-23T15:27:11,2026-09-22T03:01:44
T11848,Heme Oxygenase-1 and Carbon Monoxide,1312,Molecular Biology,13,"Biochemistry, Genetics and Molecular Biology",1,Life Sciences,39148,847345,134,10,2024-01-23T15:27:12,2026-09-22T03:01:44
T11024,Information Systems Theories and Implementation,3312,Sociology and Political Science,33,Social Sciences,2,Social Sciences,39139,671945,223,10,2024-01-23T15:27:09,2026-09-22T03:01:44
T13356,Early Modern Women Writers,1212,Religious studies,12,Arts and Humanities,2,Social Sciences,39139,31708,14,10,2024-01-23T15:27:18,2026-09-22T03:01:44
T12293,Dam Engineering and Safety,2205,Civil and Structural Engineering,22,Engineering,3,Physical Sciences,39102,212709,41,10,2024-01-23T15:27:13,2026-09-22T03:01:44
T12133,Pragmatism in Philosophy and Education,1211,Philosophy,12,Arts and Humanities,2,Social Sciences,39083,304759,48,10,2024-01-23T15:27:13,2026-09-22T03:01:44
T14426,"Religion, Gender, and Enlightenment",1212,Religious studies,12,Arts and Humanities,2,Social Sciences,39075,66382,14,10,2024-01-23T15:27:22,2026-09-22T03:01:44
T11916,Legionella and Acanthamoeba research,1310,Endocrinology,13,"Biochemistry, Genetics and Molecular Biology",1,Life Sciences,39064,516858,6,10,2024-01-23T15:27:12,2026-09-22T03:01:44
T12498,Latin American Cultural Politics,3314,Anthropology,33,Social Sciences,2,Social Sciences,39027,66210,24,10,2024-01-23T15:27:14,2026-09-22T03:01:44
T12805,Cognitive Science and Mapping,1702,Artificial Intelligence,17,Computer Science,3,Physical Sciences,39015,741187,76,10,2024-01-23T15:27:15,2026-09-22T03:01:44
T11458,Advanced Wireless Communication Technologies,2208,Electrical and Electronic Engineering,22,Engineering,3,Physical Sciences,38999,619887,116,10,2024-01-23T15:27:10,2026-09-22T03:01:44
T11001,Renin-Angiotensin System Studies,2705,Cardiology and Cardiovascular Medicine,27,Medicine,4,Health Sciences,38987,937554,28,10,2024-01-23T15:27:09,2026-09-22T03:01:44
T12941,Embedded Systems and FPGA Design,2207,Control and Systems Engineering,22,Engineering,3,Physical Sciences,38966,27562,43,10,2024-01-23T15:27:16,2026-09-22T03:01:44
T12468,Radiation Effects and Dosimetry,1106,Food Science,11,Agricultural and Biological Sciences,1,Life Sciences,38930,253265,31,10,2024-01-23T15:27:14,2026-09-22T03:01:44
T12034,Digital and Cyber Forensics,1710,Information Systems,17,Computer Science,3,Physical Sciences,38876,139072,77,10,2024-01-23T15:27:12,2026-09-22T03:01:44
T14078,Multiple and Secondary Primary Cancers,2713,Epidemiology,27,Medicine,4,Health Sciences,38846,190873,41,10,2024-01-23T15:27:21,2026-09-22T03:01:44
T11708,Photochromic and Fluorescence Chemistry,2505,Materials Chemistry,25,Materials Science,3,Physical Sciences,38844,713875,68,10,2024-01-23T15:27:11,2026-09-22T03:01:44
T13044,Biofield Effects and Biophysics,2737,Physiology,27,Medicine,4,Health Sciences,38842,177863,29,10,2024-01-23T15:27:16,2026-09-22T03:01:44
T11341,Boron and Carbon Nanomaterials Research,2505,Materials Chemistry,25,Materials Science,3,Physical Sciences,38835,508305,68,10,2024-01-23T15:27:10,2026-09-22T03:01:44
T12322,Animal health and immunology,3404,Small Animals,34,Veterinary,4,Health Sciences,38821,315914,9,10,2024-01-23T15:27:13,2026-09-22T03:01:44
T11034,Digital Filter Design and Implementation,1711,Signal Processing,17,Computer Science,3,Physical Sciences,38811,339772,9,10,2024-01-23T15:27:09,2026-09-22T03:01:44
T13098,Conferences and Exhibitions Management,3312,Sociology and Political Science,33,Social Sciences,2,Social Sciences,38758,77660,223,10,2024-01-23T15:27:17,2026-09-22T03:01:44
T11362,Membrane Separation and Gas Transport,2210,Mechanical Engineering,22,Engineering,3,Physical Sciences,38754,942626,78,10,2024-01-23T15:27:10,2026-09-22T03:01:44
T11039,Evaluation of Teaching Practices,3304,Education,33,Social Sciences,2,Social Sciences,38747,472121,136,10,2024-01-23T15:27:09,2026-09-22T03:01:44
T12178,Bird parasitology and diseases,2405,Parasitology,24,Immunology and Microbiology,1,Life Sciences,38737,300823,6,10,2024-01-23T15:27:13,2026-09-22T03:01:44
T13226,Appreciative Inquiry and Organizational Change,1407,Organizational Behavior and Human Resource Management,14,"Business, Management and Accounting",2,Social Sciences,38735,41995,29,10,2024-01-23T15:27:17,2026-09-22T03:01:44
T12650,Aesthetic Perception and Analysis,2805,Cognitive Neuroscience,28,Neuroscience,1,Life Sciences,38731,299734,27,10,2024-01-23T15:27:15,2026-09-22T03:01:44
T12598,Cardiac Structural Anomalies and Repair,2746,Surgery,27,Medicine,4,Health Sciences,38674,289604,95,10,2024-01-23T15:27:15,2026-09-22T03:01:44
T11575,Nonlinear Photonic Systems,3109,Statistical and Nonlinear Physics,31,Physics and Astronomy,3,Physical Sciences,38661,449300,15,10,2024-01-23T15:27:11,2026-09-22T03:01:44
T13114,Image Processing Techniques and Applications,2214,Media Technology,22,Engineering,3,Physical Sciences,38661,235955,11,10,2024-01-23T15:27:17,2026-09-22T03:01:44
T12008,Solar-Powered Water Purification Methods,2105,"Renewable Energy, Sustainability and the Environment",21,Energy,3,Physical Sciences,38639,754412,21,10,2024-01-23T15:27:12,2026-09-22T03:01:44
T11513,stochastic dynamics and bifurcation,3109,Statistical and Nonlinear Physics,31,Physics and Astronomy,3,Physical Sciences,38631,559924,15,10,2024-01-23T15:27:10,2026-09-22T03:01:44
T13312,Mechanical and Thermal Properties Analysis,2210,Mechanical Engineering,22,Engineering,3,Physical Sciences,38618,122185,78,10,2024-01-23T15:27:17,2026-09-22T03:01:44
T12540,Cyclone Separators and Fluid Dynamics,2206,Computational Mechanics,22,Engineering,3,Physical Sciences,38607,197188,29,10,2024-01-23T15:27:14,2026-09-22T03:01:44
T12351,Geometry and complex manifolds,2608,Geometry and Topology,26,Mathematics,3,Physical Sciences,38606,301844,10,10,2024-01-23T15:27:14,2026-09-22T03:01:44
T11158,Wireless Networks and Protocols,1705,Computer Networks and Communications,17,Computer Science,3,Physical Sciences,38591,419482,42,10,2024-01-23T15:27:09,2026-09-22T03:01:44
T13916,Environmental Policies and Emissions,2310,Pollution,23,Environmental Science,3,Physical Sciences,38567,92367,10,10,2024-01-23T15:27:20,2026-09-22T03:01:44
T12292,Graph Theory and Algorithms,1707,Computer Vision and Pattern Recognition,17,Computer Science,3,Physical Sciences,38537,256367,34,10,2024-01-23T15:27:13,2026-09-22T03:01:44
T12405,Characterization and Applications of Magnetic Nanoparticles,2204,Biomedical Engineering,22,Engineering,3,Physical Sciences,38509,425268,71,10,2024-01-23T15:27:14,2026-09-22T03:01:44
T11275,Composting and Vermicomposting Techniques,1111,Soil Science,11,Agricultural and Biological Sciences,1,Life Sciences,38484,516078,11,10,2024-01-23T15:27:10,2026-09-22T03:01:44
T12412,Enzyme function and inhibition,1312,Molecular Biology,13,"Biochemistry, Genetics and Molecular Biology",1,Life Sciences,38484,1193752,134,10,2024-01-23T15:27:14,2026-09-22T03:01:44
T14231,New Zealand Economic and Social Studies,2002,Economics and Econometrics,20,"Economics, Econometrics and Finance",2,Social Sciences,38480,55686,78,10,2024-01-23T15:27:21,2026-09-22T03:01:44
T12291,Pericarditis and Cardiac Tamponade,2705,Cardiology and Cardiovascular Medicine,27,Medicine,4,Health Sciences,38468,228314,28,10,2024-01-23T15:27:13,2026-09-22T03:01:44
T14412,Marine and Coastal Research,2212,Ocean Engineering,22,Engineering,3,Physical Sciences,38468,30036,22,10,2024-01-23T15:27:22,2026-09-22T03:01:44
T13009,Agroforestry and silvopastoral systems,1107,Forestry,11,Agricultural and Biological Sciences,1,Life Sciences,38467,177300,6,10,2024-01-23T15:27:16,2026-09-22T03:01:44
T12392,Sharing Economy and Platforms,1406,Marketing,14,"Business, Management and Accounting",2,Social Sciences,38443,330646,14,10,2024-01-23T15:27:14,2026-09-22T03:01:44
T11558,Composite Material Mechanics,2211,Mechanics of Materials,22,Engineering,3,Physical Sciences,38433,744426,28,10,2024-01-23T15:27:11,2026-09-22T03:01:44
T12110,Bone and Dental Protein Studies,2745,Rheumatology,27,Medicine,4,Health Sciences,38338,667701,23,10,2024-01-23T15:27:13,2026-09-22T03:01:44
T10720,Complexity and Algorithms in Graphs,1703,Computational Theory and Mathematics,17,Computer Science,3,Physical Sciences,38318,540572,23,10,2024-01-23T15:27:07,2026-09-22T03:01:44
T14112,"Economic, financial, and policy analysis",2000,"General Economics, Econometrics and Finance",20,"Economics, Econometrics and Finance",2,Social Sciences,38300,143834,11,10,2024-01-23T15:27:21,2026-09-22T03:01:44
T12560,Nuclear Engineering Thermal-Hydraulics,2202,Aerospace Engineering,22,Engineering,3,Physical Sciences,38295,177149,43,10,2024-01-23T15:27:14,2026-09-22T03:01:44
T13948,Gender and Women's Rights,3320,Political Science and International Relations,33,Social Sciences,2,Social Sciences,38291,50085,117,10,2024-01-23T15:27:20,2026-09-22T03:01:44
T12600,Eosinophilic Disorders and Syndromes,2745,Rheumatology,27,Medicine,4,Health Sciences,38259,327525,23,10,2024-01-23T15:27:15,2026-09-22T03:01:44
T11945,Heat Transfer Mechanisms,2210,Mechanical Engineering,22,Engineering,3,Physical Sciences,38213,502934,78,10,2024-01-23T15:27:12,2026-09-22T03:01:44
T13936,Physical Education and Gymnastics,3304,Education,33,Social Sciences,2,Social Sciences,38209,33374,136,10,2024-01-23T15:27:20,2026-09-22T03:01:44
T12354,Innovations in Educational Methods,3304,Education,33,Social Sciences,2,Social Sciences,38200,172177,136,10,2024-01-23T15:27:14,2026-09-22T03:01:44
T12588,Electronic and Structural Properties of Oxides,2505,Materials Chemistry,25,Materials Science,3,Physical Sciences,38199,694672,68,10,2024-01-23T15:27:15,2026-09-22T03:01:44
T13899,Agricultural Systems and Practices,1105,"Ecology, Evolution, Behavior and Systematics",11,Agricultural and Biological Sciences,1,Life Sciences,38193,106415,32,10,2024-01-23T15:27:20,2026-09-22T03:01:44
T13252,Sex and Gender in Healthcare,2739,"Public Health, Environmental and Occupational Health",27,Medicine,4,Health Sciences,38171,277991,53,10,2024-01-23T15:27:17,2026-09-22T03:01:44
T12566,Nitrogen and Sulfur Effects on Brassica,1312,Molecular Biology,13,"Biochemistry, Genetics and Molecular Biology",1,Life Sciences,38133,244944,134,10,2024-01-23T15:27:14,2026-09-22T03:01:44
T10637,Advanced Clustering Algorithms Research,1702,Artificial Intelligence,17,Computer Science,3,Physical Sciences,38095,665155,76,10,2024-01-23T15:27:07,2026-09-22T03:01:44
T14255,European Law and Migration,3308,Law,33,Social Sciences,2,Social Sciences,38085,18668,39,10,2024-01-23T15:27:21,2026-09-22T03:01:44
T12838,Photovoltaic Systems and Sustainability,2305,Environmental Engineering,23,Environmental Science,3,Physical Sciences,38067,225754,18,10,2024-01-23T15:27:15,2026-09-22T03:01:44
T11451,Advanced Machining and Optimization Techniques,2208,Electrical and Electronic Engineering,22,Engineering,3,Physical Sciences,38038,396227,116,10,2024-01-23T15:27:10,2026-09-22T03:01:44
T12054,Menstrual Health and Disorders,2739,"Public Health, Environmental and Occupational Health",27,Medicine,4,Health Sciences,38008,381090,53,10,2024-01-23T15:27:12,2026-09-22T03:01:44
T13405,Educational Assessment and Improvement,1802,Information Systems and Management,18,Decision Sciences,2,Social Sciences,38004,282029,14,10,2024-01-23T15:27:18,2026-09-22T03:01:44
T14485,Language Acquisition and Education,3204,Developmental and Educational Psychology,32,Psychology,2,Social Sciences,37997,14003,19,10,2024-01-23T15:27:22,2026-09-22T03:01:44
T11910,Foreign Body Medical Cases,2741,"Radiology, Nuclear Medicine and Imaging",27,Medicine,4,Health Sciences,37996,181616,29,10,2024-01-23T15:27:12,2026-09-22T03:01:44
T12744,Medical Device Sterilization and Disinfection,2404,Microbiology,24,Immunology and Microbiology,1,Life Sciences,37973,149791,5,10,2024-01-23T15:27:15,2026-09-22T03:01:44
T11829,Mathematical Biology Tumor Growth,2611,Modeling and Simulation,26,Mathematics,3,Physical Sciences,37958,435779,5,10,2024-01-23T15:27:12,2026-09-22T03:01:44
T11038,Advanced SAR Imaging Techniques,2202,Aerospace Engineering,22,Engineering,3,Physical Sciences,37953,316025,43,10,2024-01-23T15:27:09,2026-09-22T03:01:44
T12104,Protein Tyrosine Phosphatases,1312,Molecular Biology,13,"Biochemistry, Genetics and Molecular Biology",1,Life Sciences,37942,667338,134,10,2024-01-23T15:27:13,2026-09-22T03:01:44
T11756,Mentoring and Academic Development,3207,Social Psychology,32,Psychology,2,Social Sciences,37932,330400,51,10,2024-01-23T15:27:11,2026-09-22T03:01:44
T12849,Parvovirus B19 Infection Studies,2725,Infectious Diseases,27,Medicine,4,Health Sciences,37895,290928,20,10,2024-01-23T15:27:16,2026-09-22T03:01:44
T13400,Mathematical and Theoretical Analysis,2610,Mathematical Physics,26,Mathematics,3,Physical Sciences,37894,258945,11,10,2024-01-23T15:27:18,2026-09-22T03:01:44
T13024,Literary Theory and Cultural Hermeneutics,1208,Literature and Literary Theory,12,Arts and Humanities,2,Social Sciences,37878,34007,52,10,2024-01-23T15:27:16,2026-09-22T03:01:44
T11973,Plant chemical constituents analysis,1110,Plant Science,11,Agricultural and Biological Sciences,1,Life Sciences,37860,181166,89,10,2024-01-23T15:27:12,2026-09-22T03:01:44
T11736,Histone Deacetylase Inhibitors Research,1312,Molecular Biology,13,"Biochemistry, Genetics and Molecular Biology",1,Life Sciences,37844,889446,134,10,2024-01-23T15:27:11,2026-09-22T03:01:44
T13603,Corporate Social Responsibility and Sustainability,1407,Organizational Behavior and Human Resource Management,14,"Business, Management and Accounting",2,Social Sciences,37840,32754,29,10,2024-01-23T15:27:19,2026-09-22T03:01:44
T14499,Livestock Farming and Management,1102,Agronomy and Crop Science,11,Agricultural and Biological Sciences,1,Life Sciences,37834,56643,10,10,2024-01-23T15:27:22,2026-09-22T03:01:44
T13365,Medical and Biological Ozone Research,2736,Pharmacology,27,Medicine,4,Health Sciences,37830,153498,21,10,2024-01-23T15:27:18,2026-09-22T03:01:44
T12251,Synthesis and Catalytic Reactions,1605,Organic Chemistry,16,Chemistry,3,Physical Sciences,37809,590475,60,10,2024-01-23T15:27:13,2026-09-22T03:01:44
T12117,Muscle and Compartmental Disorders,2746,Surgery,27,Medicine,4,Health Sciences,37792,329640,95,10,2024-01-23T15:27:13,2026-09-22T03:01:44
T13668,Agricultural and Rural Development Research,1107,Forestry,11,Agricultural and Biological Sciences,1,Life Sciences,37782,41437,6,10,2024-01-23T15:27:19,2026-09-22T03:01:44
T12507,"Utopian, Dystopian, and Speculative Fiction",1211,Philosophy,12,Arts and Humanities,2,Social Sciences,37766,102876,48,10,2024-01-23T15:27:14,2026-09-22T03:01:44
T12688,Microbial metabolism and enzyme function,1312,Molecular Biology,13,"Biochemistry, Genetics and Molecular Biology",1,Life Sciences,37765,487137,134,10,2024-01-23T15:27:15,2026-09-22T03:01:44
T12355,Genetic and rare skin diseases.,1311,Genetics,13,"Biochemistry, Genetics and Molecular Biology",1,Life Sciences,37746,231429,39,10,2024-01-23T15:27:14,2026-09-22T03:01:44
T12710,Engineering and Agricultural Innovations,1104,Aquatic Science,11,Agricultural and Biological Sciences,1,Life Sciences,37719,24637,6,10,2024-01-23T15:27:15,2026-09-22T03:01:44
T14277,Social Skills and Education,3304,Education,33,Social Sciences,2,Social Sciences,37678,24304,136,10,2024-01-23T15:27:22,2026-09-22T03:01:44
T12546,Smart Parking Systems Research,2215,Building and Construction,22,Engineering,3,Physical Sciences,37640,152839,21,10,2024-01-23T15:27:14,2026-09-22T03:01:44
T12694,"Categorization, perception, and language",3205,Experimental and Cognitive Psychology,32,Psychology,2,Social Sciences,37618,440522,23,10,2024-01-23T15:27:15,2026-09-22T03:01:44
T13814,Cultural and political discourse analysis,3310,Linguistics and Language,33,Social Sciences,2,Social Sciences,37605,49873,5,10,2024-01-23T15:27:20,2026-09-22T03:01:44
T12238,Green IT and Sustainability,2208,Electrical and Electronic Engineering,22,Engineering,3,Physical Sciences,37600,262124,116,10,2024-01-23T15:27:13,2026-09-22T03:01:44
T11784,CO2 Reduction Techniques and Catalysts,2105,"Renewable Energy, Sustainability and the Environment",21,Energy,3,Physical Sciences,37556,1276571,21,10,2024-01-23T15:27:11,2026-09-22T03:01:44
T12223,Leptospirosis research and findings,2405,Parasitology,24,Immunology and Microbiology,1,Life Sciences,37520,286578,6,10,2024-01-23T15:27:13,2026-09-22T03:01:44
T12576,vaccines and immunoinformatics approaches,1312,Molecular Biology,13,"Biochemistry, Genetics and Molecular Biology",1,Life Sciences,37473,345233,134,10,2024-01-23T15:27:14,2026-09-22T03:01:44
T12626,"Cancer, Stress, Anesthesia, and Immune Response",2738,Psychiatry and Mental health,27,Medicine,4,Health Sciences,37473,379877,15,10,2024-01-23T15:27:15,2026-09-22T03:01:44
T13117,Health Education and Validation,3304,Education,33,Social Sciences,2,Social Sciences,37471,142166,136,10,2024-01-23T15:27:17,2026-09-22T03:01:44
T12085,Collagen: Extraction and Characterization,2502,Biomaterials,25,Materials Science,3,Physical Sciences,37455,614146,12,10,2024-01-23T15:27:13,2026-09-22T03:01:44
T14297,Plant-Derived Bioactive Compounds,1605,Organic Chemistry,16,Chemistry,3,Physical Sciences,37415,93210,60,10,2024-01-23T15:27:22,2026-09-22T03:01:44
T13157,Cancer-related gene regulation,1312,Molecular Biology,13,"Biochemistry, Genetics and Molecular Biology",1,Life Sciences,37360,698559,134,10,2024-01-23T15:27:17,2026-09-22T03:01:44
T11080,Surgical site infection prevention,2746,Surgery,27,Medicine,4,Health Sciences,37352,537742,95,10,2024-01-23T15:27:09,2026-09-22T03:01:44
T12025,Hepatitis Viruses Studies and Epidemiology,2721,Hepatology,27,Medicine,4,Health Sciences,37351,427358,5,10,2024-01-23T15:27:12,2026-09-22T03:01:44
T13468,Educational Research and Science Teaching,1100,General Agricultural and Biological Sciences,11,Agricultural and Biological Sciences,1,Life Sciences,37309,45541,19,10,2024-01-23T15:27:18,2026-09-22T03:01:44
T12036,Argentine historical studies,3316,Cultural Studies,33,Social Sciences,2,Social Sciences,37240,33584,37,10,2024-01-23T15:27:12,2026-09-22T03:01:44
T12407,Plant Growth Enhancement Techniques,1110,Plant Science,11,Agricultural and Biological Sciences,1,Life Sciences,37219,271882,89,10,2024-01-23T15:27:14,2026-09-22T03:01:44
T12611,Neural Networks and Reservoir Computing,1702,Artificial Intelligence,17,Computer Science,3,Physical Sciences,37214,306825,76,10,2024-01-23T15:27:15,2026-09-22T03:01:44
T13310,Subtitles and Audiovisual Media,1203,Language and Linguistics,12,Arts and Humanities,2,Social Sciences,37207,116544,19,10,2024-01-23T15:27:17,2026-09-22T03:01:44
T12867,Advanced Biosensing Techniques and Applications,1312,Molecular Biology,13,"Biochemistry, Genetics and Molecular Biology",1,Life Sciences,37189,343825,134,10,2024-01-23T15:27:16,2026-09-22T03:01:44
T13478,Agricultural Development and Management,1100,General Agricultural and Biological Sciences,11,Agricultural and Biological Sciences,1,Life Sciences,37180,67056,19,10,2024-01-23T15:27:18,2026-09-22T03:01:44
T12208,Occupational exposure and asthma,2739,"Public Health, Environmental and Occupational Health",27,Medicine,4,Health Sciences,37173,297884,53,10,2024-01-23T15:27:13,2026-09-22T03:01:44
T13545,Philosophical and Theoretical Analysis,1211,Philosophy,12,Arts and Humanities,2,Social Sciences,37152,48496,48,10,2024-01-23T15:27:18,2026-09-22T03:01:44
T12621,Hemispheric Asymmetry in Neuroscience,2805,Cognitive Neuroscience,28,Neuroscience,1,Life Sciences,37144,722222,27,10,2024-01-23T15:27:15,2026-09-22T03:01:44
T12138,Occupational Health and Performance,3609,Occupational Therapy,36,Health Professions,4,Health Sciences,37139,306659,7,10,2024-01-23T15:27:13,2026-09-22T03:01:44
T11777,Fixed Point Theorems Analysis,2608,Geometry and Topology,26,Mathematics,3,Physical Sciences,37130,290898,10,10,2024-01-23T15:27:11,2026-09-22T03:01:44
T13326,Biochemical and Structural Characterization,1312,Molecular Biology,13,"Biochemistry, Genetics and Molecular Biology",1,Life Sciences,37114,417011,134,10,2024-01-23T15:27:18,2026-09-22T03:01:44
T12543,Groundwater and Watershed Analysis,2305,Environmental Engineering,23,Environmental Science,3,Physical Sciences,37104,267340,18,10,2024-01-23T15:27:14,2026-09-22T03:01:44
T13301,Cultural Studies and Interdisciplinary Research,1211,Philosophy,12,Arts and Humanities,2,Social Sciences,37097,60511,48,10,2024-01-23T15:27:17,2026-09-22T03:01:44
T12391,Artificial Immune Systems Applications,2204,Biomedical Engineering,22,Engineering,3,Physical Sciences,37083,141537,71,10,2024-01-23T15:27:14,2026-09-22T03:01:44
T11830,Point processes and geometric inequalities,2604,Applied Mathematics,26,Mathematics,3,Physical Sciences,37080,374934,16,10,2024-01-23T15:27:12,2026-09-22T03:01:44
T13566,Global Educational Reforms and Inequalities,3317,Demography,33,Social Sciences,2,Social Sciences,37080,129992,26,10,2024-01-23T15:27:19,2026-09-22T03:01:44
T13240,Bioeconomy and Sustainability Development,1100,General Agricultural and Biological Sciences,11,Agricultural and Biological Sciences,1,Life Sciences,37065,193513,19,10,2024-01-23T15:27:17,2026-09-22T03:01:44
T12074,Membrane-based Ion Separation Techniques,2204,Biomedical Engineering,22,Engineering,3,Physical Sciences,37008,591188,71,10,2024-01-23T15:27:13,2026-09-22T03:01:44
T14481,Renewable Energy and Sustainability,2105,"Renewable Energy, Sustainability and the Environment",21,Energy,3,Physical Sciences,36989,26751,21,10,2024-01-23T15:27:22,2026-09-22T03:01:44
T14445,Transportation Safety and Impact Analysis,2205,Civil and Structural Engineering,22,Engineering,3,Physical Sciences,36904,79841,41,10,2024-01-23T15:27:22,2026-09-22T03:01:44
T12349,Food Chemistry and Fat Analysis,1106,Food Science,11,Agricultural and Biological Sciences,1,Life Sciences,36898,404145,31,10,2024-01-23T15:27:14,2026-09-22T03:01:44
T12102,Fire effects on concrete materials,2205,Civil and Structural Engineering,22,Engineering,3,Physical Sciences,36871,317016,41,10,2024-01-23T15:27:13,2026-09-22T03:01:44
T13713,Diverse Perspectives in Modern Studies,2002,Economics and Econometrics,20,"Economics, Econometrics and Finance",2,Social Sciences,36856,5611,78,10,2024-01-23T15:27:19,2026-09-22T03:01:44
T13181,Economic and Technological Systems Analysis,1405,Management of Technology and Innovation,14,"Business, Management and Accounting",2,Social Sciences,36817,64119,15,10,2024-01-23T15:27:17,2026-09-22T03:01:44
T14356,Organizational Leadership and Management Strategies,1408,Strategy and Management,14,"Business, Management and Accounting",2,Social Sciences,36792,321537,41,10,2024-01-23T15:27:22,2026-09-22T03:01:44
T13116,Heat Transfer and Numerical Methods,2206,Computational Mechanics,22,Engineering,3,Physical Sciences,36746,96816,29,10,2024-01-23T15:27:17,2026-09-22T03:01:44
T12884,Educational Assessment and Pedagogy,3304,Education,33,Social Sciences,2,Social Sciences,36745,178533,136,10,2024-01-23T15:27:16,2026-09-22T03:01:44
T12290,Human Motion and Animation,2207,Control and Systems Engineering,22,Engineering,3,Physical Sciences,36740,249956,43,10,2024-01-23T15:27:13,2026-09-22T03:01:44
T10727,Ultrasound Imaging and Elastography,2741,"Radiology, Nuclear Medicine and Imaging",27,Medicine,4,Health Sciences,36699,477837,29,10,2024-01-23T15:27:07,2026-09-22T03:01:44
T12172,Neutropenia and Cancer Infections,2730,Oncology,27,Medicine,4,Health Sciences,36664,416556,33,10,2024-01-23T15:27:13,2026-09-22T03:01:44
T12875,Thermal Expansion and Ionic Conductivity,2505,Materials Chemistry,25,Materials Science,3,Physical Sciences,36627,166515,68,10,2024-01-23T15:27:16,2026-09-22T03:01:44
T12313,Emotions and Moral Behavior,3207,Social Psychology,32,Psychology,2,Social Sciences,36618,738573,51,10,2024-01-23T15:27:13,2026-09-22T03:01:44
T13822,Indigenous Health and Education,3600,General Health Professions,36,Health Professions,4,Health Sciences,36609,60913,49,10,2024-01-23T15:27:20,2026-09-22T03:01:44
T14479,Freezing and Crystallization Processes,2211,Mechanics of Materials,22,Engineering,3,Physical Sciences,36602,223081,28,10,2024-01-23T15:27:22,2026-09-22T03:01:44
T11170,Biomimetic flight and propulsion mechanisms,2202,Aerospace Engineering,22,Engineering,3,Physical Sciences,36594,442641,43,10,2024-01-23T15:27:09,2026-09-22T03:01:44
T11299,Problem and Project Based Learning,3304,Education,33,Social Sciences,2,Social Sciences,36591,297569,136,10,2024-01-23T15:27:10,2026-09-22T03:01:44
T13839,"Tourism, Volunteerism, and Development",3317,Demography,33,Social Sciences,2,Social Sciences,36500,212245,26,10,2024-01-23T15:27:20,2026-09-22T03:01:44
T14201,Data Analysis and Archiving,3312,Sociology and Political Science,33,Social Sciences,2,Social Sciences,36485,96812,223,10,2024-01-23T15:27:21,2026-09-22T03:01:44
T12334,Lung Cancer Research Studies,2730,Oncology,27,Medicine,4,Health Sciences,36464,413052,33,10,2024-01-23T15:27:14,2026-09-22T03:01:44
T14289,"Anthropology: Ethics, History, Culture",3314,Anthropology,33,Social Sciences,2,Social Sciences,36426,295377,24,10,2024-01-23T15:27:22,2026-09-22T03:01:44
T13600,Science Education and Perceptions,3204,Developmental and Educational Psychology,32,Psychology,2,Social Sciences,36424,163950,19,10,2024-01-23T15:27:19,2026-09-22T03:01:44
T12620,Signaling Pathways in Disease,1312,Molecular Biology,13,"Biochemistry, Genetics and Molecular Biology",1,Life Sciences,36402,996371,134,10,2024-01-23T15:27:15,2026-09-22T03:01:44
T13001,Restraint-Related Deaths,2711,Emergency Medicine,27,Medicine,4,Health Sciences,36380,150338,10,10,2024-01-23T15:27:16,2026-09-22T03:01:44
T13383,Tumors and Oncological Cases,2734,Pathology and Forensic Medicine,27,Medicine,4,Health Sciences,36372,215850,22,10,2024-01-23T15:27:18,2026-09-22T03:01:44
T12268,Deception detection and forensic psychology,3207,Social Psychology,32,Psychology,2,Social Sciences,36357,389491,51,10,2024-01-23T15:27:13,2026-09-22T03:01:44
T13140,Materials Engineering and Processing,2210,Mechanical Engineering,22,Engineering,3,Physical Sciences,36356,105070,78,10,2024-01-23T15:27:17,2026-09-22T03:01:44
T12134,Insect symbiosis and bacterial influences,1109,Insect Science,11,Agricultural and Biological Sciences,1,Life Sciences,36347,736468,13,10,2024-01-23T15:27:13,2026-09-22T03:01:44
T12515,Gender and Technology in Education,3318,Gender Studies,33,Social Sciences,2,Social Sciences,36341,281058,20,10,2024-01-23T15:27:14,2026-09-22T03:01:44
T12087,Natural Compound Pharmacology Studies,1110,Plant Science,11,Agricultural and Biological Sciences,1,Life Sciences,36300,273266,89,10,2024-01-23T15:27:13,2026-09-22T03:01:44
T12627,Graphene and Nanomaterials Applications,2204,Biomedical Engineering,22,Engineering,3,Physical Sciences,36260,870353,71,10,2024-01-23T15:27:15,2026-09-22T03:01:44
T12105,Hygrothermal properties of building materials,2215,Building and Construction,22,Engineering,3,Physical Sciences,36256,188948,21,10,2024-01-23T15:27:13,2026-09-22T03:01:44
T14076,Material Properties and Failure Mechanisms,2505,Materials Chemistry,25,Materials Science,3,Physical Sciences,36238,153392,68,10,2024-01-23T15:27:21,2026-09-22T03:01:44
T12423,Software Reliability and Analysis Research,1712,Software,17,Computer Science,3,Physical Sciences,36231,320998,4,10,2024-01-23T15:27:14,2026-09-22T03:01:44
T11331,Fecal contamination and water quality,2312,Water Science and Technology,23,Environmental Science,3,Physical Sciences,36163,316908,23,10,2024-01-23T15:27:10,2026-09-22T03:01:44
T11224,Electromagnetic wave absorption materials,2504,"Electronic, Optical and Magnetic Materials",25,Materials Science,3,Physical Sciences,36156,1140384,16,10,2024-01-23T15:27:09,2026-09-22T03:01:44
T11490,Hydrological Forecasting Using AI,2305,Environmental Engineering,23,Environmental Science,3,Physical Sciences,36150,472019,18,10,2024-01-23T15:27:10,2026-09-22T03:01:44
T11728,Thyroid and Parathyroid Surgery,2746,Surgery,27,Medicine,4,Health Sciences,36142,347919,95,10,2024-01-23T15:27:11,2026-09-22T03:01:44
T13032,COVID-19 Prevention and Impact,3312,Sociology and Political Science,33,Social Sciences,2,Social Sciences,36138,82776,223,10,2024-01-23T15:27:16,2026-09-22T03:01:44
T12780,Heavy Metal Pollution Remediation,2312,Water Science and Technology,23,Environmental Science,3,Physical Sciences,36108,36682,23,10,2024-01-23T15:27:15,2026-09-22T03:01:44
T11417,Advancements in PLL and VCO Technologies,2208,Electrical and Electronic Engineering,22,Engineering,3,Physical Sciences,36077,267917,116,10,2024-01-23T15:27:10,2026-09-22T03:01:44
T11319,Curcumin's Biomedical Applications,1313,Molecular Medicine,13,"Biochemistry, Genetics and Molecular Biology",1,Life Sciences,36068,822523,2,10,2024-01-23T15:27:10,2026-09-22T03:01:44
T11441,Organoboron and organosilicon chemistry,1605,Organic Chemistry,16,Chemistry,3,Physical Sciences,36027,759095,60,10,2024-01-23T15:27:10,2026-09-22T03:01:44
T12970,"Names, Identity, and Discrimination Research",3312,Sociology and Political Science,33,Social Sciences,2,Social Sciences,36012,181097,223,10,2024-01-23T15:27:16,2026-09-22T03:01:44
T13293,Engineering and Test Systems,2207,Control and Systems Engineering,22,Engineering,3,Physical Sciences,36004,49971,43,10,2024-01-23T15:27:17,2026-09-22T03:01:44
T11249,Wireless Power Transfer Systems,2208,Electrical and Electronic Engineering,22,Engineering,3,Physical Sciences,36001,401846,116,10,2024-01-23T15:27:09,2026-09-22T03:01:44
T11284,Coal Properties and Utilization,2212,Ocean Engineering,22,Engineering,3,Physical Sciences,35983,496978,22,10,2024-01-23T15:27:10,2026-09-22T03:01:44
T11409,Advanced Wireless Network Optimization,2208,Electrical and Electronic Engineering,22,Engineering,3,Physical Sciences,35954,345441,116,10,2024-01-23T15:27:10,2026-09-22T03:01:44
T12160,African cultural and philosophical studies,3304,Education,33,Social Sciences,2,Social Sciences,35942,242115,136,10,2024-01-23T15:27:13,2026-09-22T03:01:44
T13855,Aerospace Engineering and Control Systems,2202,Aerospace Engineering,22,Engineering,3,Physical Sciences,35920,203166,43,10,2024-01-23T15:27:20,2026-09-22T03:01:44
T12072,Machine Learning and Algorithms,1702,Artificial Intelligence,17,Computer Science,3,Physical Sciences,35919,665635,76,10,2024-01-23T15:27:12,2026-09-22T03:01:44
T11798,Optimal Experimental Design Methods,1803,Management Science and Operations Research,18,Decision Sciences,2,Social Sciences,35904,754390,33,10,2024-01-23T15:27:11,2026-09-22T03:01:44
T10579,Cognitive Radio Networks and Spectrum Sensing,1705,Computer Networks and Communications,17,Computer Science,3,Physical Sciences,35896,450957,42,10,2024-01-23T15:27:07,2026-09-22T03:01:44
T13427,Latin American Literature Analysis,1208,Literature and Literary Theory,12,Arts and Humanities,2,Social Sciences,35856,6932,52,10,2024-01-23T15:27:18,2026-09-22T03:01:44
T11765,Circular RNAs in diseases,1312,Molecular Biology,13,"Biochemistry, Genetics and Molecular Biology",1,Life Sciences,35812,650388,134,10,2024-01-23T15:27:11,2026-09-22T03:01:44
T12553,Psychedelics and Drug Studies,3203,Clinical Psychology,32,Psychology,2,Social Sciences,35809,424496,37,10,2024-01-23T15:27:14,2026-09-22T03:01:44
T13139,Polish Legal and Social Issues,3308,Law,33,Social Sciences,2,Social Sciences,35797,27623,39,10,2024-01-23T15:27:17,2026-09-22T03:01:44
T10936,Millimeter-Wave Propagation and Modeling,2208,Electrical and Electronic Engineering,22,Engineering,3,Physical Sciences,35794,458888,116,10,2024-01-23T15:27:08,2026-09-22T03:01:44
T12828,Plant Genetic and Mutation Studies,1110,Plant Science,11,Agricultural and Biological Sciences,1,Life Sciences,35792,337834,89,10,2024-01-23T15:27:15,2026-09-22T03:01:44
T13485,Marine and Coastal Ecosystems,2303,Ecology,23,Environmental Science,3,Physical Sciences,35790,66253,32,10,2024-01-23T15:27:18,2026-09-22T03:01:44
T13276,University-Industry-Government Innovation Models,1405,Management of Technology and Innovation,14,"Business, Management and Accounting",2,Social Sciences,35786,280297,15,10,2024-01-23T15:27:17,2026-09-22T03:01:44
T11675,Open Source Software Innovations,1706,Computer Science Applications,17,Computer Science,3,Physical Sciences,35764,446477,9,10,2024-01-23T15:27:11,2026-09-22T03:01:44
T12378,Accounting Education and Careers,1402,Accounting,14,"Business, Management and Accounting",2,Social Sciences,35719,118877,21,10,2024-01-23T15:27:14,2026-09-22T03:01:44
T11800,User Authentication and Security Systems,1710,Information Systems,17,Computer Science,3,Physical Sciences,35715,339176,77,10,2024-01-23T15:27:11,2026-09-22T03:01:44
T12141,Fluid Dynamics and Thin Films,2206,Computational Mechanics,22,Engineering,3,Physical Sciences,35704,482161,29,10,2024-01-23T15:27:13,2026-09-22T03:01:44
T12265,Gun Ownership and Violence Research,3306,Health,33,Social Sciences,2,Social Sciences,35697,243917,13,10,2024-01-23T15:27:13,2026-09-22T03:01:44
T12333,Abdominal Surgery and Complications,2740,Pulmonary and Respiratory Medicine,27,Medicine,4,Health Sciences,35691,269035,51,10,2024-01-23T15:27:14,2026-09-22T03:01:44
T12367,Dental Trauma and Treatments,3604,Emergency Medical Services,36,Health Professions,4,Health Sciences,35687,259367,6,10,2024-01-23T15:27:14,2026-09-22T03:01:44
T13501,Legal Issues in Turkey,3320,Political Science and International Relations,33,Social Sciences,2,Social Sciences,35661,14460,117,10,2024-01-23T15:27:18,2026-09-22T03:01:44
T12189,Sulfur-Based Synthesis Techniques,1605,Organic Chemistry,16,Chemistry,3,Physical Sciences,35635,582208,60,10,2024-01-23T15:27:13,2026-09-22T03:01:44
T13261,Elasticity and Wave Propagation,2211,Mechanics of Materials,22,Engineering,3,Physical Sciences,35607,301576,28,10,2024-01-23T15:27:17,2026-09-22T03:01:44
T11051,Sirtuins and Resveratrol in Medicine,2717,Geriatrics and Gerontology,27,Medicine,4,Health Sciences,35567,1143560,2,10,2024-01-23T15:27:09,2026-09-22T03:01:44
T11550,Text and Document Classification Technologies,1702,Artificial Intelligence,17,Computer Science,3,Physical Sciences,35560,462799,76,10,2024-01-23T15:27:11,2026-09-22T03:01:44
T13572,German Security and Defense Policies,3320,Political Science and International Relations,33,Social Sciences,2,Social Sciences,35547,13750,117,10,2024-01-23T15:27:19,2026-09-22T03:01:44
T12058,Allelopathy and phytotoxic interactions,1110,Plant Science,11,Agricultural and Biological Sciences,1,Life Sciences,35545,416124,89,10,2024-01-23T15:27:12,2026-09-22T03:01:44
T13306,Geography and Education Methods,3312,Sociology and Political Science,33,Social Sciences,2,Social Sciences,35541,21329,223,10,2024-01-23T15:27:17,2026-09-22T03:01:44
T12829,Advanced Breast Cancer Therapies,2740,Pulmonary and Respiratory Medicine,27,Medicine,4,Health Sciences,35524,251966,51,10,2024-01-23T15:27:15,2026-09-22T03:01:44
T11532,Chemokine receptors and signaling,2730,Oncology,27,Medicine,4,Health Sciences,35519,989884,33,10,2024-01-23T15:27:10,2026-09-22T03:01:44
T12302,Advanced Nanomaterials in Catalysis,2505,Materials Chemistry,25,Materials Science,3,Physical Sciences,35504,809900,68,10,2024-01-23T15:27:13,2026-09-22T03:01:44
T12746,Sustainable Industrial Ecology,2209,Industrial and Manufacturing Engineering,22,Engineering,3,Physical Sciences,35492,171974,16,10,2024-01-23T15:27:15,2026-09-22T03:01:44
T11895,Social and Cultural Dynamics,3312,Sociology and Political Science,33,Social Sciences,2,Social Sciences,35445,678616,223,10,2024-01-23T15:27:12,2026-09-22T03:01:44
T12462,Elder Abuse and Neglect,3317,Demography,33,Social Sciences,2,Social Sciences,35413,182410,26,10,2024-01-23T15:27:14,2026-09-22T03:01:44
T13243,Innovation in Digital Healthcare Systems,3605,Health Information Management,36,Health Professions,4,Health Sciences,35344,21813,11,10,2024-01-23T15:27:17,2026-09-22T03:01:44
T12898,Induction Heating and Inverter Technology,2210,Mechanical Engineering,22,Engineering,3,Physical Sciences,35333,140630,78,10,2024-01-23T15:27:16,2026-09-22T03:01:44
T11833,Spinal Dysraphism and Malformations,2739,"Public Health, Environmental and Occupational Health",27,Medicine,4,Health Sciences,35329,381408,53,10,2024-01-23T15:27:12,2026-09-22T03:01:44
T14250,Energy and Environmental Systems,3313,Transportation,33,Social Sciences,2,Social Sciences,35311,29555,8,10,2024-01-23T15:27:21,2026-09-22T03:01:44
T13343,Turkish Urban and Social Issues,3322,Urban Studies,33,Social Sciences,2,Social Sciences,35305,17790,18,10,2024-01-23T15:27:18,2026-09-22T03:01:44
T11580,Veterinary Medicine and Surgery,3404,Small Animals,34,Veterinary,4,Health Sciences,35253,261468,9,10,2024-01-23T15:27:11,2026-09-22T03:01:44
T11983,"Identity, Memory, and Therapy",3204,Developmental and Educational Psychology,32,Psychology,2,Social Sciences,35227,581202,19,10,2024-01-23T15:27:12,2026-09-22T03:01:44
T12009,Hedgehog Signaling Pathway Studies,1312,Molecular Biology,13,"Biochemistry, Genetics and Molecular Biology",1,Life Sciences,35217,838828,134,10,2024-01-23T15:27:12,2026-09-22T03:01:44
T13007,Economic Sanctions and International Relations,2002,Economics and Econometrics,20,"Economics, Econometrics and Finance",2,Social Sciences,35152,109604,78,10,2024-01-23T15:27:16,2026-09-22T03:01:44
T14142,Multicultural Socio-Legal Studies,3312,Sociology and Political Science,33,Social Sciences,2,Social Sciences,35149,103739,223,10,2024-01-23T15:27:21,2026-09-22T03:01:44
T11049,Advanced Harmonic Analysis Research,2604,Applied Mathematics,26,Mathematics,3,Physical Sciences,35142,370541,16,10,2024-01-23T15:27:09,2026-09-22T03:01:44
T11522,VLSI and FPGA Design Techniques,2208,Electrical and Electronic Engineering,22,Engineering,3,Physical Sciences,35103,382781,116,10,2024-01-23T15:27:10,2026-09-22T03:01:44
T12597,Fire Detection and Safety Systems,2213,"Safety, Risk, Reliability and Quality",22,Engineering,3,Physical Sciences,35088,140030,11,10,2024-01-23T15:27:15,2026-09-22T03:01:44
T12297,Otolaryngology and Infectious Diseases,2725,Infectious Diseases,27,Medicine,4,Health Sciences,35065,191425,20,10,2024-01-23T15:27:13,2026-09-22T03:01:44
T11766,Iron-based superconductors research,2504,"Electronic, Optical and Magnetic Materials",25,Materials Science,3,Physical Sciences,35054,515226,16,10,2024-01-23T15:27:11,2026-09-22T03:01:44
T11125,Petri Nets in System Modeling,1703,Computational Theory and Mathematics,17,Computer Science,3,Physical Sciences,35026,405510,23,10,2024-01-23T15:27:09,2026-09-22T03:01:44
T13697,Biliary and Gastrointestinal Fistulas,2740,Pulmonary and Respiratory Medicine,27,Medicine,4,Health Sciences,35026,104149,51,10,2024-01-23T15:27:19,2026-09-22T03:01:44
T12988,Sociology and Education in Brazil,3312,Sociology and Political Science,33,Social Sciences,2,Social Sciences,34980,11390,223,10,2024-01-23T15:27:16,2026-09-22T03:01:44
T11944,Participatory Visual Research Methods,3312,Sociology and Political Science,33,Social Sciences,2,Social Sciences,34976,300842,223,10,2024-01-23T15:27:12,2026-09-22T03:01:44
T12055,Boron Compounds in Chemistry,2741,"Radiology, Nuclear Medicine and Imaging",27,Medicine,4,Health Sciences,34962,392926,29,10,2024-01-23T15:27:12,2026-09-22T03:01:44
T13472,Brazilian History and Foreign Policy,2002,Economics and Econometrics,20,"Economics, Econometrics and Finance",2,Social Sciences,34953,22478,78,10,2024-01-23T15:27:18,2026-09-22T03:01:44
T11535,Chemotherapy-induced cardiotoxicity and mitigation,2705,Cardiology and Cardiovascular Medicine,27,Medicine,4,Health Sciences,34932,655351,28,10,2024-01-23T15:27:10,2026-09-22T03:01:44
T12108,Management of metastatic bone disease,2746,Surgery,27,Medicine,4,Health Sciences,34928,379797,95,10,2024-01-23T15:27:13,2026-09-22T03:01:44
T11626,Metalloenzymes and iron-sulfur proteins,2105,"Renewable Energy, Sustainability and the Environment",21,Energy,3,Physical Sciences,34896,744285,21,10,2024-01-23T15:27:11,2026-09-22T03:01:44
T13990,Engine and Fuel Emissions,2203,Automotive Engineering,22,Engineering,3,Physical Sciences,34868,36877,11,10,2024-01-23T15:27:20,2026-09-22T03:01:44
T12086,Structural Integrity and Reliability Analysis,2210,Mechanical Engineering,22,Engineering,3,Physical Sciences,34852,194618,78,10,2024-01-23T15:27:13,2026-09-22T03:01:44
T11329,Limits and Structures in Graph Theory,2607,Discrete Mathematics and Combinatorics,26,Mathematics,3,Physical Sciences,34851,273341,3,10,2024-01-23T15:27:10,2026-09-22T03:01:44
T12187,Glutathione Transferases and Polymorphisms,1312,Molecular Biology,13,"Biochemistry, Genetics and Molecular Biology",1,Life Sciences,34850,726332,134,10,2024-01-23T15:27:13,2026-09-22T03:01:44
T13339,Landscape and Cultural Studies,1204,Archeology,12,Arts and Humanities,2,Social Sciences,34801,34305,19,10,2024-01-23T15:27:18,2026-09-22T03:01:44
T11943,Pharmacovigilance and Adverse Drug Reactions,3005,Toxicology,30,"Pharmacology, Toxicology and Pharmaceutics",1,Life Sciences,34795,318352,3,10,2024-01-23T15:27:12,2026-09-22T03:01:44
T12451,Smart Grid and Power Systems,2208,Electrical and Electronic Engineering,22,Engineering,3,Physical Sciences,34791,44654,116,10,2024-01-23T15:27:14,2026-09-22T03:01:44
T12715,Pregnancy-related medical research,2739,"Public Health, Environmental and Occupational Health",27,Medicine,4,Health Sciences,34774,296131,53,10,2024-01-23T15:27:15,2026-09-22T03:01:44
T11442,Titanium Alloys Microstructure and Properties,2505,Materials Chemistry,25,Materials Science,3,Physical Sciences,34741,528595,68,10,2024-01-23T15:27:10,2026-09-22T03:01:44
T12382,History of Education Research in Brazil,1202,History,12,Arts and Humanities,2,Social Sciences,34722,18843,43,10,2024-01-23T15:27:14,2026-09-22T03:01:44
T11997,Free Will and Agency,2805,Cognitive Neuroscience,28,Neuroscience,1,Life Sciences,34706,300922,27,10,2024-01-23T15:27:12,2026-09-22T03:01:44
T13138,Legal and Constitutional Studies,2002,Economics and Econometrics,20,"Economics, Econometrics and Finance",2,Social Sciences,34702,127455,78,10,2024-01-23T15:27:17,2026-09-22T03:01:44
T12604,Glycogen Storage Diseases and Myoclonus,2745,Rheumatology,27,Medicine,4,Health Sciences,34657,337412,23,10,2024-01-23T15:27:15,2026-09-22T03:01:44
T12503,Social Acceptance of Renewable Energy,3312,Sociology and Political Science,33,Social Sciences,2,Social Sciences,34595,344688,223,10,2024-01-23T15:27:14,2026-09-22T03:01:44
T12763,ATP Synthase and ATPases Research,1312,Molecular Biology,13,"Biochemistry, Genetics and Molecular Biology",1,Life Sciences,34595,622041,134,10,2024-01-23T15:27:15,2026-09-22T03:01:44
T11952,Landfill Environmental Impact Studies,2311,Waste Management and Disposal,23,Environmental Science,3,Physical Sciences,34592,279115,8,10,2024-01-23T15:27:12,2026-09-22T03:01:44
T14353,Wireless Sensor Networks for Data Analysis,1705,Computer Networks and Communications,17,Computer Science,3,Physical Sciences,34577,18175,42,10,2024-01-23T15:27:22,2026-09-22T03:01:44
T11614,Cloud Data Security Solutions,1710,Information Systems,17,Computer Science,3,Physical Sciences,34571,245660,77,10,2024-01-23T15:27:11,2026-09-22T03:01:44
T13338,Pharmacological Effects and Assays,1103,Animal Science and Zoology,11,Agricultural and Biological Sciences,1,Life Sciences,34550,392245,7,10,2024-01-23T15:27:18,2026-09-22T03:01:44
T11413,Risk and Portfolio Optimization,1803,Management Science and Operations Research,18,Decision Sciences,2,Social Sciences,34543,396684,33,10,2024-01-23T15:27:10,2026-09-22T03:01:44
T13851,"Law, AI, and Intellectual Property",1702,Artificial Intelligence,17,Computer Science,3,Physical Sciences,34534,64919,76,10,2024-01-23T15:27:20,2026-09-22T03:01:44
T11272,Nanowire Synthesis and Applications,2204,Biomedical Engineering,22,Engineering,3,Physical Sciences,34468,663250,71,10,2024-01-23T15:27:10,2026-09-22T03:01:44
T12595,Romani and Gypsy Studies,3600,General Health Professions,36,Health Professions,4,Health Sciences,34454,99569,49,10,2024-01-23T15:27:15,2026-09-22T03:01:44
T12309,solar cell performance optimization,2208,Electrical and Electronic Engineering,22,Engineering,3,Physical Sciences,34438,287774,116,10,2024-01-23T15:27:13,2026-09-22T03:01:44
T12699,Electromagnetic Launch and Propulsion Technology,2202,Aerospace Engineering,22,Engineering,3,Physical Sciences,34414,109705,43,10,2024-01-23T15:27:15,2026-09-22T03:01:44
T11754,SARS-CoV-2 detection and testing,2725,Infectious Diseases,27,Medicine,4,Health Sciences,34301,454441,20,10,2024-01-23T15:27:11,2026-09-22T03:01:44
T12194,Cultural Competency in Health Care,3312,Sociology and Political Science,33,Social Sciences,2,Social Sciences,34295,340081,223,10,2024-01-23T15:27:13,2026-09-22T03:01:44
T11773,Healthcare Operations and Scheduling Optimization,3604,Emergency Medical Services,36,Health Professions,4,Health Sciences,34285,264124,6,10,2024-01-23T15:27:11,2026-09-22T03:01:44
T13863,Cultural History and Identity Formation,1202,History,12,Arts and Humanities,2,Social Sciences,34285,52381,43,10,2024-01-23T15:27:20,2026-09-22T03:01:44
T14516,English Language Learning and Teaching,1710,Information Systems,17,Computer Science,3,Physical Sciences,34281,65160,77,10,2024-01-23T15:27:22,2026-09-22T03:01:44
T11685,Zebrafish Biomedical Research Applications,1307,Cell Biology,13,"Biochemistry, Genetics and Molecular Biology",1,Life Sciences,34255,781659,16,10,2024-01-23T15:27:11,2026-09-22T03:01:44
T12866,Urologic and reproductive health conditions,2745,Rheumatology,27,Medicine,4,Health Sciences,34195,214058,23,10,2024-01-23T15:27:16,2026-09-22T03:01:44
T11591,NF-κB Signaling Pathways,1306,Cancer Research,13,"Biochemistry, Genetics and Molecular Biology",1,Life Sciences,34181,1438490,12,10,2024-01-23T15:27:11,2026-09-22T03:01:44
T14381,"Psychiatry, Mental Health, Neuroscience",1702,Artificial Intelligence,17,Computer Science,3,Physical Sciences,34173,19022,76,10,2024-01-23T15:27:22,2026-09-22T03:01:44
T10578,Supramolecular Chemistry and Complexes,1605,Organic Chemistry,16,Chemistry,3,Physical Sciences,34169,918469,60,10,2024-01-23T15:27:07,2026-09-22T03:01:44
T11729,Product Development and Customization,1405,Management of Technology and Innovation,14,"Business, Management and Accounting",2,Social Sciences,34144,367748,15,10,2024-01-23T15:27:11,2026-09-22T03:01:44
T12481,Digital Accessibility for Disabilities,3307,Human Factors and Ergonomics,33,Social Sciences,2,Social Sciences,34129,122377,2,10,2024-01-23T15:27:14,2026-09-22T03:01:44
T13058,Soil and Land Suitability Analysis,2308,"Management, Monitoring, Policy and Law",23,Environmental Science,3,Physical Sciences,34078,234668,33,10,2024-01-23T15:27:16,2026-09-22T03:01:44
T13872,Vocational and Entrepreneurial Education,3304,Education,33,Social Sciences,2,Social Sciences,34077,63062,136,10,2024-01-23T15:27:20,2026-09-22T03:01:44
T14033,Education in Rural Contexts,3304,Education,33,Social Sciences,2,Social Sciences,33989,36856,136,10,2024-01-23T15:27:20,2026-09-22T03:01:44
T12175,Social Representations and Identity,3207,Social Psychology,32,Psychology,2,Social Sciences,33972,481248,51,10,2024-01-23T15:27:13,2026-09-22T03:01:44
T14265,Social and Behavioral Studies,3306,Health,33,Social Sciences,2,Social Sciences,33931,20780,13,10,2024-01-23T15:27:21,2026-09-22T03:01:44
T12745,Dietary Effects on Health,2737,Physiology,27,Medicine,4,Health Sciences,33913,360324,29,10,2024-01-23T15:27:15,2026-09-22T03:01:44
T13454,Phenothiazines and Benzothiazines Synthesis and Activities,1312,Molecular Biology,13,"Biochemistry, Genetics and Molecular Biology",1,Life Sciences,33906,239178,134,10,2024-01-23T15:27:18,2026-09-22T03:01:44
T12991,Phytase and its Applications,1110,Plant Science,11,Agricultural and Biological Sciences,1,Life Sciences,33881,566914,89,10,2024-01-23T15:27:16,2026-09-22T03:01:44
T11962,Cardiac Fibrosis and Remodeling,2705,Cardiology and Cardiovascular Medicine,27,Medicine,4,Health Sciences,33866,613066,28,10,2024-01-23T15:27:12,2026-09-22T03:01:44
T14095,"Literature, Musicology, and Cultural Analysis",3304,Education,33,Social Sciences,2,Social Sciences,33834,9123,136,10,2024-01-23T15:27:21,2026-09-22T03:01:44
T12020,Enhanced Recovery After Surgery,2746,Surgery,27,Medicine,4,Health Sciences,33828,390445,95,10,2024-01-23T15:27:12,2026-09-22T03:01:44
T11308,Sphingolipid Metabolism and Signaling,1312,Molecular Biology,13,"Biochemistry, Genetics and Molecular Biology",1,Life Sciences,33821,1024106,134,10,2024-01-23T15:27:10,2026-09-22T03:01:44
T11534,Erythropoietin and Anemia Treatment,2720,Hematology,27,Medicine,4,Health Sciences,33788,606540,11,10,2024-01-23T15:27:10,2026-09-22T03:01:44
T12356,Bioactive Compounds and Antitumor Agents,3005,Toxicology,30,"Pharmacology, Toxicology and Pharmaceutics",1,Life Sciences,33781,452060,3,10,2024-01-23T15:27:14,2026-09-22T03:01:44
T11603,Dust and Plasma Wave Phenomena,3107,"Atomic and Molecular Physics, and Optics",31,Physics and Astronomy,3,Physical Sciences,33754,404588,36,10,2024-01-23T15:27:11,2026-09-22T03:01:44
T12570,Photopolymerization techniques and applications,1605,Organic Chemistry,16,Chemistry,3,Physical Sciences,33750,373478,60,10,2024-01-23T15:27:14,2026-09-22T03:01:44
T12321,Insect Pheromone Research and Control,1109,Insect Science,11,Agricultural and Biological Sciences,1,Life Sciences,33695,242324,13,10,2024-01-23T15:27:13,2026-09-22T03:01:44
T13848,Ottoman and Turkish Studies,1202,History,12,Arts and Humanities,2,Social Sciences,33655,22901,43,10,2024-01-23T15:27:20,2026-09-22T03:01:44
T11716,Random Matrices and Applications,2613,Statistics and Probability,26,Mathematics,3,Physical Sciences,33601,384966,19,10,2024-01-23T15:27:11,2026-09-22T03:01:44
T11747,Metal-Catalyzed Oxygenation Mechanisms,1604,Inorganic Chemistry,16,Chemistry,3,Physical Sciences,33588,764387,11,10,2024-01-23T15:27:11,2026-09-22T03:01:44
T13669,China's Global Influence and Migration,3314,Anthropology,33,Social Sciences,2,Social Sciences,33586,29341,24,10,2024-01-23T15:27:19,2026-09-22T03:01:44
T11872,Barrier Structure and Function Studies,2808,Neurology,28,Neuroscience,1,Life Sciences,33576,1202159,9,10,2024-01-23T15:27:12,2026-09-22T03:01:44
T14195,Linguistic and Cultural Studies,1110,Plant Science,11,Agricultural and Biological Sciences,1,Life Sciences,33574,5454,89,10,2024-01-23T15:27:21,2026-09-22T03:01:44
T12059,Berberine and alkaloids research,2736,Pharmacology,27,Medicine,4,Health Sciences,33567,335337,21,10,2024-01-23T15:27:12,2026-09-22T03:01:44
T12195,Aerogels and thermal insulation,1607,Spectroscopy,16,Chemistry,3,Physical Sciences,33504,506483,11,10,2024-01-23T15:27:13,2026-09-22T03:01:44
T12062,Approximation Theory and Sequence Spaces,2613,Statistics and Probability,26,Mathematics,3,Physical Sciences,33491,229272,19,10,2024-01-23T15:27:12,2026-09-22T03:01:44
T12534,Protein Degradation and Inhibitors,1312,Molecular Biology,13,"Biochemistry, Genetics and Molecular Biology",1,Life Sciences,33438,591720,134,10,2024-01-23T15:27:14,2026-09-22T03:01:44
T14410,Safety and Risk Management,1407,Organizational Behavior and Human Resource Management,14,"Business, Management and Accounting",2,Social Sciences,33393,21675,29,10,2024-01-23T15:27:22,2026-09-22T03:01:44
T14236,Educational Tools and Methods,3311,Safety Research,33,Social Sciences,2,Social Sciences,33389,51611,18,10,2024-01-23T15:27:21,2026-09-22T03:01:44
T12347,Ginger and Zingiberaceae research,3004,Pharmacology,30,"Pharmacology, Toxicology and Pharmaceutics",1,Life Sciences,33380,292209,14,10,2024-01-23T15:27:14,2026-09-22T03:01:44
T11785,Nausea and vomiting management,2746,Surgery,27,Medicine,4,Health Sciences,33367,401433,95,10,2024-01-23T15:27:11,2026-09-22T03:01:44
T14394,Cognitive Science and Education Research,2805,Cognitive Neuroscience,28,Neuroscience,1,Life Sciences,33364,359224,27,10,2024-01-23T15:27:22,2026-09-22T03:01:44
T12249,Veterinary Orthopedics and Neurology,3404,Small Animals,34,Veterinary,4,Health Sciences,33327,296375,9,10,2024-01-23T15:27:13,2026-09-22T03:01:44
T12080,Injection Molding Process and Properties,2210,Mechanical Engineering,22,Engineering,3,Physical Sciences,33273,190801,78,10,2024-01-23T15:27:13,2026-09-22T03:01:44
T13092,Environmental Chemistry and Analysis,2304,Environmental Chemistry,23,Environmental Science,3,Physical Sciences,33270,242105,10,10,2024-01-23T15:27:17,2026-09-22T03:01:44
T11342,Carbon and Quantum Dots Applications,2505,Materials Chemistry,25,Materials Science,3,Physical Sciences,33260,1224572,68,10,2024-01-23T15:27:10,2026-09-22T03:01:44
T12725,transportation and logistics systems,3313,Transportation,33,Social Sciences,2,Social Sciences,33230,32935,8,10,2024-01-23T15:27:15,2026-09-22T03:01:44
T14267,Technology in Education and Healthcare,3304,Education,33,Social Sciences,2,Social Sciences,33209,5478,136,10,2024-01-23T15:27:21,2026-09-22T03:01:44
T12822,Turfgrass Adaptation and Management,2304,Environmental Chemistry,23,Environmental Science,3,Physical Sciences,33200,231364,10,10,2024-01-23T15:27:15,2026-09-22T03:01:44
T13820,SAS software applications and methods,2204,Biomedical Engineering,22,Engineering,3,Physical Sciences,33166,100351,71,10,2024-01-23T15:27:20,2026-09-22T03:01:44
T11687,Teleoperation and Haptic Systems,2210,Mechanical Engineering,22,Engineering,3,Physical Sciences,33156,273976,78,10,2024-01-23T15:27:11,2026-09-22T03:01:44
T13474,Autobiographical and Biographical Writing,1208,Literature and Literary Theory,12,Arts and Humanities,2,Social Sciences,33152,54176,52,10,2024-01-23T15:27:18,2026-09-22T03:01:44
T13886,Operations Management Techniques,1803,Management Science and Operations Research,18,Decision Sciences,2,Social Sciences,33137,125077,33,10,2024-01-23T15:27:20,2026-09-22T03:01:44
T14387,Environmental Engineering and Cultural Studies,1710,Information Systems,17,Computer Science,3,Physical Sciences,33104,28066,77,10,2024-01-23T15:27:22,2026-09-22T03:01:44
T13109,Theological Perspectives and Practices,3312,Sociology and Political Science,33,Social Sciences,2,Social Sciences,33088,46401,223,10,2024-01-23T15:27:17,2026-09-22T03:01:44
T11230,Innovative Energy Harvesting Technologies,2210,Mechanical Engineering,22,Engineering,3,Physical Sciences,33070,510488,78,10,2024-01-23T15:27:09,2026-09-22T03:01:44
T13141,Statistical Methods and Applications,2613,Statistics and Probability,26,Mathematics,3,Physical Sciences,33056,419543,19,10,2024-01-23T15:27:17,2026-09-22T03:01:44
T10652,Racial and Ethnic Identity Research,3312,Sociology and Political Science,33,Social Sciences,2,Social Sciences,33044,784082,223,10,2024-01-23T15:27:07,2026-09-22T03:01:44
T14371,Hume's philosophy and hair distribution,3300,General Social Sciences,33,Social Sciences,2,Social Sciences,33029,33946,15,10,2024-01-23T15:27:22,2026-09-22T03:01:44
T12700,Doping in Sports,3312,Sociology and Political Science,33,Social Sciences,2,Social Sciences,33003,95200,223,10,2024-01-23T15:27:15,2026-09-22T03:01:44
T14241,Evasion and Academic Success Factors,3317,Demography,33,Social Sciences,2,Social Sciences,32962,14344,26,10,2024-01-23T15:27:21,2026-09-22T03:01:44
T11869,Per- and polyfluoroalkyl substances research,2304,Environmental Chemistry,23,Environmental Science,3,Physical Sciences,32952,899229,10,10,2024-01-23T15:27:12,2026-09-22T03:01:44
T12485,"Optimism, Hope, and Well-being",3202,Applied Psychology,32,Psychology,2,Social Sciences,32940,612287,6,10,2024-01-23T15:27:14,2026-09-22T03:01:44
T12064,Intraperitoneal and Appendiceal Malignancies,2746,Surgery,27,Medicine,4,Health Sciences,32911,318844,95,10,2024-01-23T15:27:12,2026-09-22T03:01:44
T11516,Visual and Cognitive Learning Processes,3205,Experimental and Cognitive Psychology,32,Psychology,2,Social Sciences,32840,769622,23,10,2024-01-23T15:27:10,2026-09-22T03:01:44
T14146,Earthquake and Tsunami Effects,2205,Civil and Structural Engineering,22,Engineering,3,Physical Sciences,32791,55649,41,10,2024-01-23T15:27:21,2026-09-22T03:01:44
T11659,Advanced Image Fusion Techniques,2214,Media Technology,22,Engineering,3,Physical Sciences,32788,458392,11,10,2024-01-23T15:27:11,2026-09-22T03:01:44
T12235,Child Abuse and Related Trauma,2735,"Pediatrics, Perinatology and Child Health",27,Medicine,4,Health Sciences,32785,231105,19,10,2024-01-23T15:27:13,2026-09-22T03:01:44
T11506,Children's Rights and Participation,3312,Sociology and Political Science,33,Social Sciences,2,Social Sciences,32779,310097,223,10,2024-01-23T15:27:10,2026-09-22T03:01:44
T12497,Traditional and Medicinal Uses of Annonaceae,1303,Biochemistry,13,"Biochemistry, Genetics and Molecular Biology",1,Life Sciences,32746,302236,6,10,2024-01-23T15:27:14,2026-09-22T03:01:44
T11908,Protein Interaction Studies and Fluorescence Analysis,1312,Molecular Biology,13,"Biochemistry, Genetics and Molecular Biology",1,Life Sciences,32709,772544,134,10,2024-01-23T15:27:12,2026-09-22T03:01:44
T12056,Markov Chains and Monte Carlo Methods,2613,Statistics and Probability,26,Mathematics,3,Physical Sciences,32693,437374,19,10,2024-01-23T15:27:12,2026-09-22T03:01:44
T11615,Control and Dynamics of Mobile Robots,2207,Control and Systems Engineering,22,Engineering,3,Physical Sciences,32671,303347,43,10,2024-01-23T15:27:11,2026-09-22T03:01:44
T12225,Political Influence and Corporate Strategies,1408,Strategy and Management,14,"Business, Management and Accounting",2,Social Sciences,32666,391628,41,10,2024-01-23T15:27:13,2026-09-22T03:01:44
T12456,Geotourism and Geoheritage Conservation,1907,Geology,19,Earth and Planetary Sciences,3,Physical Sciences,32656,90514,4,10,2024-01-23T15:27:14,2026-09-22T03:01:44
T14517,Diverse Historical and Scientific Studies,1207,History and Philosophy of Science,12,Arts and Humanities,2,Social Sciences,32629,17826,18,10,2024-01-23T15:27:22,2026-09-22T03:01:44
T12488,Mental Health via Writing,3207,Social Psychology,32,Psychology,2,Social Sciences,32610,215375,51,10,2024-01-23T15:27:14,2026-09-22T03:01:44
T12486,Food Supply Chain Traceability,1106,Food Science,11,Agricultural and Biological Sciences,1,Life Sciences,32551,168665,31,10,2024-01-23T15:27:14,2026-09-22T03:01:44
T13633,Public Health and Social Inequalities,3306,Health,33,Social Sciences,2,Social Sciences,32551,40549,13,10,2024-01-23T15:27:19,2026-09-22T03:01:44
T11165,Image and Video Quality Assessment,1707,Computer Vision and Pattern Recognition,17,Computer Science,3,Physical Sciences,32519,483836,34,10,2024-01-23T15:27:09,2026-09-22T03:01:44
T12342,Vascular anomalies and interventions,2746,Surgery,27,Medicine,4,Health Sciences,32500,173913,95,10,2024-01-23T15:27:14,2026-09-22T03:01:44
T12018,Coronary Artery Anomalies,2740,Pulmonary and Respiratory Medicine,27,Medicine,4,Health Sciences,32495,229199,51,10,2024-01-23T15:27:12,2026-09-22T03:01:44
T13733,Moravian Church and William Blake,1208,Literature and Literary Theory,12,Arts and Humanities,2,Social Sciences,32468,35731,52,10,2024-01-23T15:27:19,2026-09-22T03:01:44
T11720,Probability and Risk Models,1803,Management Science and Operations Research,18,Decision Sciences,2,Social Sciences,32431,327990,33,10,2024-01-23T15:27:11,2026-09-22T03:01:44
T11907,Copper-based nanomaterials and applications,2505,Materials Chemistry,25,Materials Science,3,Physical Sciences,32431,613025,68,10,2024-01-23T15:27:12,2026-09-22T03:01:44
T12660,Plant Disease Management Techniques,1110,Plant Science,11,Agricultural and Biological Sciences,1,Life Sciences,32416,206764,89,10,2024-01-23T15:27:15,2026-09-22T03:01:44
T12340,Anodic Oxide Films and Nanostructures,2505,Materials Chemistry,25,Materials Science,3,Physical Sciences,32378,404421,68,10,2024-01-23T15:27:14,2026-09-22T03:01:44
T13128,Chromatography in Natural Products,1602,Analytical Chemistry,16,Chemistry,3,Physical Sciences,32349,227744,6,10,2024-01-23T15:27:17,2026-09-22T03:01:44
T13919,Medicinal plant effects and applications,2707,Complementary and alternative medicine,27,Medicine,4,Health Sciences,32316,122933,19,10,2024-01-23T15:27:20,2026-09-22T03:01:44
T13110,Colorectal and Anal Carcinomas,2746,Surgery,27,Medicine,4,Health Sciences,32214,240571,95,10,2024-01-23T15:27:17,2026-09-22T03:01:44
T11576,IgG4-Related and Inflammatory Diseases,2745,Rheumatology,27,Medicine,4,Health Sciences,32213,357582,23,10,2024-01-23T15:27:11,2026-09-22T03:01:44
T12075,Sodium Intake and Health,2916,Nutrition and Dietetics,29,Nursing,4,Health Sciences,32195,462997,16,10,2024-01-23T15:27:13,2026-09-22T03:01:44
T12173,Body Contouring and Surgery,2746,Surgery,27,Medicine,4,Health Sciences,32148,248513,95,10,2024-01-23T15:27:13,2026-09-22T03:01:44
T12198,Oral health in cancer treatment,2740,Pulmonary and Respiratory Medicine,27,Medicine,4,Health Sciences,32148,329207,51,10,2024-01-23T15:27:13,2026-09-22T03:01:44
T14072,Immunotoxicology and immune responses,2403,Immunology,24,Immunology and Microbiology,1,Life Sciences,32126,189943,25,10,2024-01-23T15:27:21,2026-09-22T03:01:44
T14234,Data Privacy and Cybersecurity,3308,Law,33,Social Sciences,2,Social Sciences,32081,6999,39,10,2024-01-23T15:27:21,2026-09-22T03:01:44
T10740,Wind Turbine Control Systems,2208,Electrical and Electronic Engineering,22,Engineering,3,Physical Sciences,32063,382587,116,10,2024-01-23T15:27:07,2026-09-22T03:01:44
T13947,Media Discourse and Social  Analysis,3312,Sociology and Political Science,33,Social Sciences,2,Social Sciences,32016,9516,223,10,2024-01-23T15:27:20,2026-09-22T03:01:44
T14287,Music Education and Analysis,3304,Education,33,Social Sciences,2,Social Sciences,32001,17442,136,10,2024-01-23T15:27:22,2026-09-22T03:01:44
T12992,Metastasis and carcinoma case studies,2740,Pulmonary and Respiratory Medicine,27,Medicine,4,Health Sciences,31979,146715,51,10,2024-01-23T15:27:16,2026-09-22T03:01:44
T12672,Phagocytosis and Immune Regulation,2403,Immunology,24,Immunology and Microbiology,1,Life Sciences,31951,687577,25,10,2024-01-23T15:27:15,2026-09-22T03:01:44
T12158,Guidance and Control Systems,2202,Aerospace Engineering,22,Engineering,3,Physical Sciences,31938,235504,43,10,2024-01-23T15:27:13,2026-09-22T03:01:44
T14113,Global Socioeconomic and Political Dynamics,2002,Economics and Econometrics,20,"Economics, Econometrics and Finance",2,Social Sciences,31927,50826,78,10,2024-01-23T15:27:21,2026-09-22T03:01:44
T12691,Coccidia and coccidiosis research,1103,Animal Science and Zoology,11,Agricultural and Biological Sciences,1,Life Sciences,31889,266360,7,10,2024-01-23T15:27:15,2026-09-22T03:01:44
T13952,Information Technology and Learning,3304,Education,33,Social Sciences,2,Social Sciences,31884,22205,136,10,2024-01-23T15:27:20,2026-09-22T03:01:44
T13304,Synthesis and Reactivity of Sulfur-Containing Compounds,1605,Organic Chemistry,16,Chemistry,3,Physical Sciences,31870,141471,60,10,2024-01-23T15:27:17,2026-09-22T03:01:44
T12968,Research on scale insects,1109,Insect Science,11,Agricultural and Biological Sciences,1,Life Sciences,31859,86232,13,10,2024-01-23T15:27:16,2026-09-22T03:01:44
T11210,Mathematical Analysis and Transform Methods,2604,Applied Mathematics,26,Mathematics,3,Physical Sciences,31820,335291,16,10,2024-01-23T15:27:09,2026-09-22T03:01:44
T13525,Cambodian History and Society,3312,Sociology and Political Science,33,Social Sciences,2,Social Sciences,31781,104780,223,10,2024-01-23T15:27:18,2026-09-22T03:01:44
T13659,Ombudsman and Human Rights,3312,Sociology and Political Science,33,Social Sciences,2,Social Sciences,31772,29140,223,10,2024-01-23T15:27:19,2026-09-22T03:01:44
T13385,Infectious Diseases and Mycology,3404,Small Animals,34,Veterinary,4,Health Sciences,31735,184660,9,10,2024-01-23T15:27:18,2026-09-22T03:01:44
T12607,Personal Information Management and User Behavior,1802,Information Systems and Management,18,Decision Sciences,2,Social Sciences,31605,271777,14,10,2024-01-23T15:27:15,2026-09-22T03:01:44
T12218,Coal and Its By-products,1906,Geochemistry and Petrology,19,Earth and Planetary Sciences,3,Physical Sciences,31573,443915,5,10,2024-01-23T15:27:13,2026-09-22T03:01:44
T12896,Sustainable Agricultural Systems Analysis,2304,Environmental Chemistry,23,Environmental Science,3,Physical Sciences,31572,141998,10,10,2024-01-23T15:27:16,2026-09-22T03:01:44
T12874,Digital Imaging for Blood Diseases,1707,Computer Vision and Pattern Recognition,17,Computer Science,3,Physical Sciences,31548,170715,34,10,2024-01-23T15:27:16,2026-09-22T03:01:44
T11774,Adsorption and Cooling Systems,2210,Mechanical Engineering,22,Engineering,3,Physical Sciences,31547,357197,78,10,2024-01-23T15:27:11,2026-09-22T03:01:44
T12891,Medicinal Plants and Neuroprotection,2707,Complementary and alternative medicine,27,Medicine,4,Health Sciences,31528,269919,19,10,2024-01-23T15:27:16,2026-09-22T03:01:44
T13055,Global Security and Public Health,3312,Sociology and Political Science,33,Social Sciences,2,Social Sciences,31523,184619,223,10,2024-01-23T15:27:16,2026-09-22T03:01:44
T12894,Date Palm Research Studies,1110,Plant Science,11,Agricultural and Biological Sciences,1,Life Sciences,31500,151828,89,10,2024-01-23T15:27:16,2026-09-22T03:01:44
T13905,Telecommunications and Broadcasting Technologies,2214,Media Technology,22,Engineering,3,Physical Sciences,31460,63269,11,10,2024-01-23T15:27:20,2026-09-22T03:01:44
T13999,Digital Rights Management and Security,1710,Information Systems,17,Computer Science,3,Physical Sciences,31444,56141,77,10,2024-01-23T15:27:20,2026-09-22T03:01:44
T14403,Educational Challenges and Innovations,1710,Information Systems,17,Computer Science,3,Physical Sciences,31426,156504,77,10,2024-01-23T15:27:22,2026-09-22T03:01:44
T13626,Educational and Organizational Development,1407,Organizational Behavior and Human Resource Management,14,"Business, Management and Accounting",2,Social Sciences,31366,8551,29,10,2024-01-23T15:27:19,2026-09-22T03:01:44
T13557,Environmental and sustainability education,2308,"Management, Monitoring, Policy and Law",23,Environmental Science,3,Physical Sciences,31319,16288,33,10,2024-01-23T15:27:19,2026-09-22T03:01:44
T12932,Powder Metallurgy Techniques and Materials,2210,Mechanical Engineering,22,Engineering,3,Physical Sciences,31309,174586,78,10,2024-01-23T15:27:16,2026-09-22T03:01:44
T12211,Aluminum toxicity and tolerance in plants and animals,1110,Plant Science,11,Agricultural and Biological Sciences,1,Life Sciences,31289,567844,89,10,2024-01-23T15:27:13,2026-09-22T03:01:44
T13430,Lipid metabolism and disorders,2705,Cardiology and Cardiovascular Medicine,27,Medicine,4,Health Sciences,31285,359586,28,10,2024-01-23T15:27:18,2026-09-22T03:01:44
T13569,Microscopic Colitis,2713,Epidemiology,27,Medicine,4,Health Sciences,31201,203838,41,10,2024-01-23T15:27:19,2026-09-22T03:01:44
T14420,Advanced Research in Systems and Signal Processing,2207,Control and Systems Engineering,22,Engineering,3,Physical Sciences,31157,161890,43,10,2024-01-23T15:27:22,2026-09-22T03:01:44
T12649,Alkaloids: synthesis and pharmacology,3004,Pharmacology,30,"Pharmacology, Toxicology and Pharmaceutics",1,Life Sciences,31156,270995,14,10,2024-01-23T15:27:15,2026-09-22T03:01:44
T11384,Critical Race Theory in Education,3312,Sociology and Political Science,33,Social Sciences,2,Social Sciences,31150,393058,223,10,2024-01-23T15:27:10,2026-09-22T03:01:44
T11896,Opportunistic and Delay-Tolerant Networks,1705,Computer Networks and Communications,17,Computer Science,3,Physical Sciences,31089,310777,42,10,2024-01-23T15:27:12,2026-09-22T03:01:44
T12888,Military Strategy and Technology,2207,Control and Systems Engineering,22,Engineering,3,Physical Sciences,31070,34836,43,10,2024-01-23T15:27:16,2026-09-22T03:01:44
T12201,Agricultural Engineering and Mechanization,2210,Mechanical Engineering,22,Engineering,3,Physical Sciences,31033,108415,78,10,2024-01-23T15:27:13,2026-09-22T03:01:44
T11911,Spatial and Panel Data Analysis,2002,Economics and Econometrics,20,"Economics, Econometrics and Finance",2,Social Sciences,30971,822129,78,10,2024-01-23T15:27:12,2026-09-22T03:01:44
T13604,"Adsorption, diffusion, and thermodynamic properties of materials",1607,Spectroscopy,16,Chemistry,3,Physical Sciences,30960,250220,11,10,2024-01-23T15:27:19,2026-09-22T03:01:44
T12061,Axon Guidance and Neuronal Signaling,2804,Cellular and Molecular Neuroscience,28,Neuroscience,1,Life Sciences,30921,982101,12,10,2024-01-23T15:27:12,2026-09-22T03:01:44
T13584,Coal Combustion and Slurry Processing,2210,Mechanical Engineering,22,Engineering,3,Physical Sciences,30908,96649,78,10,2024-01-23T15:27:19,2026-09-22T03:01:44
T14436,Employee Performance and Leadership,1407,Organizational Behavior and Human Resource Management,14,"Business, Management and Accounting",2,Social Sciences,30855,67047,29,10,2024-01-23T15:27:22,2026-09-22T03:01:44
T12288,Optimization and Search Problems,1705,Computer Networks and Communications,17,Computer Science,3,Physical Sciences,30846,368316,42,10,2024-01-23T15:27:13,2026-09-22T03:01:44
T14320,Optics and Image Analysis,1404,Management Information Systems,14,"Business, Management and Accounting",2,Social Sciences,30835,116024,15,10,2024-01-23T15:27:22,2026-09-22T03:01:44
T14390,Real estate and construction management,2216,Architecture,22,Engineering,3,Physical Sciences,30835,9126,3,10,2024-01-23T15:27:22,2026-09-22T03:01:44
T13079,Heavy Metals in Plants,1602,Analytical Chemistry,16,Chemistry,3,Physical Sciences,30816,216420,6,10,2024-01-23T15:27:16,2026-09-22T03:01:44
T14508,Vocational Education and Training,3304,Education,33,Social Sciences,2,Social Sciences,30805,19084,136,10,2024-01-23T15:27:22,2026-09-22T03:01:44
T12661,Iterative Methods for Nonlinear Equations,2612,Numerical Analysis,26,Mathematics,3,Physical Sciences,30802,312736,4,10,2024-01-23T15:27:15,2026-09-22T03:01:44
T12726,Philosophical and Cultural Analysis,1211,Philosophy,12,Arts and Humanities,2,Social Sciences,30789,12962,48,10,2024-01-23T15:27:15,2026-09-22T03:01:44
T12315,Older Adults Driving Studies,3612,"Physical Therapy, Sports Therapy and Rehabilitation",36,Health Professions,4,Health Sciences,30760,227703,6,10,2024-01-23T15:27:13,2026-09-22T03:01:44
T12506,Nuclear materials and radiation effects,2505,Materials Chemistry,25,Materials Science,3,Physical Sciences,30750,387433,68,10,2024-01-23T15:27:14,2026-09-22T03:01:44
T12384,Customer churn and segmentation,1406,Marketing,14,"Business, Management and Accounting",2,Social Sciences,30701,149438,14,10,2024-01-23T15:27:14,2026-09-22T03:01:44
T13654,Urban Planning and Landscape Design,2308,"Management, Monitoring, Policy and Law",23,Environmental Science,3,Physical Sciences,30686,64452,33,10,2024-01-23T15:27:19,2026-09-22T03:01:44
T11081,Advanced Control Systems Design,2207,Control and Systems Engineering,22,Engineering,3,Physical Sciences,30673,342467,43,10,2024-01-23T15:27:09,2026-09-22T03:01:44
T13864,Indigenous Cultures and History,3314,Anthropology,33,Social Sciences,2,Social Sciences,30594,70853,24,10,2024-01-23T15:27:20,2026-09-22T03:01:44
T14048,Silkworms and Sericulture Research,1109,Insect Science,11,Agricultural and Biological Sciences,1,Life Sciences,30593,86660,13,10,2024-01-23T15:27:21,2026-09-22T03:01:44
T14416,"Health, Technology, Consumer Behavior",3605,Health Information Management,36,Health Professions,4,Health Sciences,30572,6769,11,10,2024-01-23T15:27:22,2026-09-22T03:01:44
T13643,Artificial Intelligence in Law,3320,Political Science and International Relations,33,Social Sciences,2,Social Sciences,30567,80256,117,10,2024-01-23T15:27:19,2026-09-22T03:01:44
T14230,Occupational and Professional Licensing Regulation,2002,Economics and Econometrics,20,"Economics, Econometrics and Finance",2,Social Sciences,30553,65821,78,10,2024-01-23T15:27:21,2026-09-22T03:01:44
T12490,Software Engineering and Design Patterns,3303,Development,33,Social Sciences,2,Social Sciences,30548,94872,7,10,2024-01-23T15:27:14,2026-09-22T03:01:44
T12800,Musculoskeletal synovial abnormalities and treatments,2745,Rheumatology,27,Medicine,4,Health Sciences,30492,219046,23,10,2024-01-23T15:27:15,2026-09-22T03:01:44
T12584,Hospitality and Tourism Education,1409,"Tourism, Leisure and Hospitality Management",14,"Business, Management and Accounting",2,Social Sciences,30490,122132,1,10,2024-01-23T15:27:15,2026-09-22T03:01:44
T11686,Dendrimers and Hyperbranched Polymers,2507,Polymers and Plastics,25,Materials Science,3,Physical Sciences,30485,755502,13,10,2024-01-23T15:27:11,2026-09-22T03:01:44
T12278,Vascular Tumors and Angiosarcomas,2730,Oncology,27,Medicine,4,Health Sciences,30407,272280,33,10,2024-01-23T15:27:13,2026-09-22T03:01:44
T12352,Heparin-Induced Thrombocytopenia and Thrombosis,2746,Surgery,27,Medicine,4,Health Sciences,30398,281457,95,10,2024-01-23T15:27:14,2026-09-22T03:01:44
T12433,Skin Diseases and Diabetes,2708,Dermatology,27,Medicine,4,Health Sciences,30362,159379,12,10,2024-01-23T15:27:14,2026-09-22T03:01:44
T14125,"Education, Sociology, Communication Studies",3316,Cultural Studies,33,Social Sciences,2,Social Sciences,30334,68478,37,10,2024-01-23T15:27:21,2026-09-22T03:01:44
T14344,Pathogenesis and Treatment of Hiccups,2737,Physiology,27,Medicine,4,Health Sciences,30284,51522,29,10,2024-01-23T15:27:22,2026-09-22T03:01:44
T12625,Sympathectomy and Hyperhidrosis Treatments,2737,Physiology,27,Medicine,4,Health Sciences,30261,183067,29,10,2024-01-23T15:27:15,2026-09-22T03:01:44
T14494,American Literature and Culture,1202,History,12,Arts and Humanities,2,Social Sciences,30232,61780,43,10,2024-01-23T15:27:22,2026-09-22T03:01:44
T11889,Ginseng Biological Effects and Applications,1312,Molecular Biology,13,"Biochemistry, Genetics and Molecular Biology",1,Life Sciences,30222,427846,134,10,2024-01-23T15:27:12,2026-09-22T03:01:44
T13685,Material Science and Thermodynamics,2210,Mechanical Engineering,22,Engineering,3,Physical Sciences,30210,130317,78,10,2024-01-23T15:27:19,2026-09-22T03:01:44
T13646,Qur’anic Interpretation Studies,3304,Education,33,Social Sciences,2,Social Sciences,30178,14149,136,10,2024-01-23T15:27:19,2026-09-22T03:01:44
T12065,Hippo pathway signaling and YAP/TAZ,1307,Cell Biology,13,"Biochemistry, Genetics and Molecular Biology",1,Life Sciences,30176,982132,16,10,2024-01-23T15:27:12,2026-09-22T03:01:44
T12531,Values and Moral Education,3304,Education,33,Social Sciences,2,Social Sciences,30174,95674,136,10,2024-01-23T15:27:14,2026-09-22T03:01:44
T11941,Power System Reliability and Maintenance,2213,"Safety, Risk, Reliability and Quality",22,Engineering,3,Physical Sciences,30163,255673,11,10,2024-01-23T15:27:12,2026-09-22T03:01:44
T13448,Indigenous Cultures and Socio-Education,3316,Cultural Studies,33,Social Sciences,2,Social Sciences,30145,63026,37,10,2024-01-23T15:27:18,2026-09-22T03:01:44
T12419,Phonocardiography and Auscultation Techniques,2740,Pulmonary and Respiratory Medicine,27,Medicine,4,Health Sciences,30076,215838,51,10,2024-01-23T15:27:14,2026-09-22T03:01:44
T12685,Phytochemical compounds biological activities,1312,Molecular Biology,13,"Biochemistry, Genetics and Molecular Biology",1,Life Sciences,29936,278517,134,10,2024-01-23T15:27:15,2026-09-22T03:01:44
T11466,Innovative Education and Learning Practices,3307,Human Factors and Ergonomics,33,Social Sciences,2,Social Sciences,29874,382057,2,10,2024-01-23T15:27:10,2026-09-22T03:01:44
T13423,Social Policies and Healthcare Reform,3600,General Health Professions,36,Health Professions,4,Health Sciences,29867,18483,49,10,2024-01-23T15:27:18,2026-09-22T03:01:44
T12900,Organ and Tissue Transplantation Research,2747,Transplantation,27,Medicine,4,Health Sciences,29844,176299,1,10,2024-01-23T15:27:16,2026-09-22T03:01:44
T12876,Potassium and Related Disorders,2740,Pulmonary and Respiratory Medicine,27,Medicine,4,Health Sciences,29832,209596,51,10,2024-01-23T15:27:16,2026-09-22T03:01:44
T11807,Infrastructure Resilience and Vulnerability Analysis,2205,Civil and Structural Engineering,22,Engineering,3,Physical Sciences,29813,310370,41,10,2024-01-23T15:27:11,2026-09-22T03:01:44
T12259,Environmental Justice and Health Disparities,3312,Sociology and Political Science,33,Social Sciences,2,Social Sciences,29792,295859,223,10,2024-01-23T15:27:13,2026-09-22T03:01:44
T14290,Education Methods and Practices,3304,Education,33,Social Sciences,2,Social Sciences,29776,123871,136,10,2024-01-23T15:27:22,2026-09-22T03:01:44
T13153,Rousseau and Enlightenment Thought,1211,Philosophy,12,Arts and Humanities,2,Social Sciences,29735,37581,48,10,2024-01-23T15:27:17,2026-09-22T03:01:44
T12742,Sunflower and Safflower Cultivation,1110,Plant Science,11,Agricultural and Biological Sciences,1,Life Sciences,29720,147400,89,10,2024-01-23T15:27:15,2026-09-22T03:01:44
T11627,Autoimmune Neurological Disorders and Treatments,2728,Neurology,27,Medicine,4,Health Sciences,29702,375125,21,10,2024-01-23T15:27:11,2026-09-22T03:01:44
T12199,Vascular Anomalies and Treatments,2716,Genetics,27,Medicine,4,Health Sciences,29659,234188,8,10,2024-01-23T15:27:13,2026-09-22T03:01:44
T11564,Mathematical Inequalities and Applications,2604,Applied Mathematics,26,Mathematics,3,Physical Sciences,29614,244092,16,10,2024-01-23T15:27:11,2026-09-22T03:01:44
T14036,Literary and Philosophical Studies,3320,Political Science and International Relations,33,Social Sciences,2,Social Sciences,29607,9052,117,10,2024-01-23T15:27:20,2026-09-22T03:01:44
T12659,Innovation Diffusion and Forecasting,1803,Management Science and Operations Research,18,Decision Sciences,2,Social Sciences,29579,512124,33,10,2024-01-23T15:27:15,2026-09-22T03:01:44
T12038,Covalent Organic Framework Applications,2505,Materials Chemistry,25,Materials Science,3,Physical Sciences,29543,1020548,68,10,2024-01-23T15:27:12,2026-09-22T03:01:44
T12719,Aerospace Engineering and Energy Systems,2202,Aerospace Engineering,22,Engineering,3,Physical Sciences,29539,122449,43,10,2024-01-23T15:27:15,2026-09-22T03:01:44
T12280,Magnesium in Health and Disease,2916,Nutrition and Dietetics,29,Nursing,4,Health Sciences,29508,424289,16,10,2024-01-23T15:27:13,2026-09-22T03:01:44
T12802,Competency Development and Evaluation,3207,Social Psychology,32,Psychology,2,Social Sciences,29498,127044,51,10,2024-01-23T15:27:15,2026-09-22T03:01:44
T14040,Problem Solving Skills Development,3616,Speech and Hearing,36,Health Professions,4,Health Sciences,29498,122493,9,10,2024-01-23T15:27:21,2026-09-22T03:01:44
T13209,Cold Fusion and Nuclear Reactions,1906,Geochemistry and Petrology,19,Earth and Planetary Sciences,3,Physical Sciences,29470,60964,5,10,2024-01-23T15:27:17,2026-09-22T03:01:44
T14513,"Leadership, Courage, and Heroism Studies",3207,Social Psychology,32,Psychology,2,Social Sciences,29458,133876,51,10,2024-01-23T15:27:22,2026-09-22T03:01:44
T13847,Literature Analysis and Criticism,2735,"Pediatrics, Perinatology and Child Health",27,Medicine,4,Health Sciences,29445,27488,19,10,2024-01-23T15:27:20,2026-09-22T03:01:44
T12270,Microwave-Assisted Synthesis and Applications,1605,Organic Chemistry,16,Chemistry,3,Physical Sciences,29407,305372,60,10,2024-01-23T15:27:13,2026-09-22T03:01:44
T12077,Vacuum and Plasma Arcs,3107,"Atomic and Molecular Physics, and Optics",31,Physics and Astronomy,3,Physical Sciences,29390,184405,36,10,2024-01-23T15:27:13,2026-09-22T03:01:44
T13411,Labor Market and Education,2002,Economics and Econometrics,20,"Economics, Econometrics and Finance",2,Social Sciences,29381,20306,78,10,2024-01-23T15:27:18,2026-09-21T03:01:53
T14433,Post-Communist Economic and Political Transition,3320,Political Science and International Relations,33,Social Sciences,2,Social Sciences,29376,90495,117,10,2024-01-23T15:27:22,2026-09-22T03:01:44
T12622,Neurosurgical Procedures and Complications,2728,Neurology,27,Medicine,4,Health Sciences,29362,237556,21,10,2024-01-23T15:27:15,2026-09-22T03:01:44
T14292,"Migration, Policy, and Dickens Studies",3317,Demography,33,Social Sciences,2,Social Sciences,29346,31167,26,10,2024-01-23T15:27:22,2026-09-22T03:01:44
T11015,Down syndrome and intellectual disability research,2739,"Public Health, Environmental and Occupational Health",27,Medicine,4,Health Sciences,29344,403604,53,10,2024-01-23T15:27:09,2026-09-22T03:01:44
T13319,Film in Education and Therapy,3605,Health Information Management,36,Health Professions,4,Health Sciences,29327,40388,11,10,2024-01-23T15:27:18,2026-09-22T03:01:44
T12312,"Culture, Economy, and Development Studies",3317,Demography,33,Social Sciences,2,Social Sciences,29312,505656,26,10,2024-01-23T15:27:13,2026-09-22T03:01:44
T13302,Amazonian Archaeology and Ethnohistory,1202,History,12,Arts and Humanities,2,Social Sciences,29298,112625,43,10,2024-01-23T15:27:17,2026-09-22T03:01:44
T13645,Thermodynamic and Structural Properties of Metals and Alloys,2210,Mechanical Engineering,22,Engineering,3,Physical Sciences,29287,304936,78,10,2024-01-23T15:27:19,2026-09-22T03:01:44
T11321,Error Correcting Code Techniques,1705,Computer Networks and Communications,17,Computer Science,3,Physical Sciences,29254,367618,42,10,2024-01-23T15:27:10,2026-09-22T03:01:44
T12819,Environmental Philosophy and Ethics,2309,Nature and Landscape Conservation,23,Environmental Science,3,Physical Sciences,29214,216194,11,10,2024-01-23T15:27:15,2026-09-22T03:01:44
T11517,Advanced optical system design,2204,Biomedical Engineering,22,Engineering,3,Physical Sciences,29123,134825,71,10,2024-01-23T15:27:10,2026-09-22T03:01:44
T13329,Joseph Conrad and Literature,1208,Literature and Literary Theory,12,Arts and Humanities,2,Social Sciences,29101,51396,52,10,2024-01-23T15:27:18,2026-09-22T03:01:44
T12759,Vehicle Noise and Vibration Control,2203,Automotive Engineering,22,Engineering,3,Physical Sciences,29095,98570,11,10,2024-01-23T15:27:15,2026-09-22T03:01:44
T12469,"Chaos, Complexity, and Education",1703,Computational Theory and Mathematics,17,Computer Science,3,Physical Sciences,29094,127400,23,10,2024-01-23T15:27:14,2026-09-22T03:01:44
T12549,Image and Object Detection Techniques,1707,Computer Vision and Pattern Recognition,17,Computer Science,3,Physical Sciences,29089,308132,34,10,2024-01-23T15:27:14,2026-09-22T03:01:44
T11842,Ultrasound and Cavitation Phenomena,2505,Materials Chemistry,25,Materials Science,3,Physical Sciences,29028,490257,68,10,2024-01-23T15:27:12,2026-09-22T03:01:44
T12346,Phytochemistry and biological activity of medicinal plants,1110,Plant Science,11,Agricultural and Biological Sciences,1,Life Sciences,29025,243166,89,10,2024-01-23T15:27:14,2026-09-22T03:01:44
T12948,Inclusion and Disability in Education and Sport,3312,Sociology and Political Science,33,Social Sciences,2,Social Sciences,28997,180915,223,10,2024-01-23T15:27:16,2026-09-22T03:01:44
T13235,Management Theory and Practice,1407,Organizational Behavior and Human Resource Management,14,"Business, Management and Accounting",2,Social Sciences,28997,247996,29,10,2024-01-23T15:27:17,2026-09-22T03:01:44
T12049,Tuberous Sclerosis Complex Research,2737,Physiology,27,Medicine,4,Health Sciences,28983,364219,29,10,2024-01-23T15:27:12,2026-09-22T03:01:44
T11892,Kawasaki Disease and Coronary Complications,2746,Surgery,27,Medicine,4,Health Sciences,28964,338975,95,10,2024-01-23T15:27:12,2026-09-22T03:01:44
T13060,Adventure Sports and Sensation Seeking,3207,Social Psychology,32,Psychology,2,Social Sciences,28963,177270,51,10,2024-01-23T15:27:16,2026-09-22T03:01:44
T11543,Employee Performance and Motivation,1407,Organizational Behavior and Human Resource Management,14,"Business, Management and Accounting",2,Social Sciences,28876,78996,29,10,2024-01-23T15:27:11,2026-09-22T03:01:44
T11096,Aeroelasticity and Vibration Control,2202,Aerospace Engineering,22,Engineering,3,Physical Sciences,28873,235430,43,10,2024-01-23T15:27:09,2026-09-22T03:01:44
T13865,Nationalism and Cultural Identity,3305,"Geography, Planning and Development",33,Social Sciences,2,Social Sciences,28847,11004,14,10,2024-01-23T15:27:20,2026-09-22T03:01:44
T13449,Organizational Management and Change,1407,Organizational Behavior and Human Resource Management,14,"Business, Management and Accounting",2,Social Sciences,28846,7164,29,10,2024-01-23T15:27:18,2026-09-22T03:01:44
T14323,"Agriculture, Water, and Health",2312,Water Science and Technology,23,Environmental Science,3,Physical Sciences,28796,20525,23,10,2024-01-23T15:27:22,2026-09-22T03:01:44
T14260,Impact of AI and Big Data on Business and Society,1803,Management Science and Operations Research,18,Decision Sciences,2,Social Sciences,28741,103095,33,10,2024-01-23T15:27:21,2026-09-22T03:01:44
T11347,Neural Networks Stability and Synchronization,1705,Computer Networks and Communications,17,Computer Science,3,Physical Sciences,28723,537056,42,10,2024-01-23T15:27:10,2026-09-22T03:01:44
T13107,Congenital limb and hand anomalies,1309,Developmental Biology,13,"Biochemistry, Genetics and Molecular Biology",1,Life Sciences,28695,181870,1,10,2024-01-23T15:27:17,2026-09-22T03:01:44
T13988,Public Administration and Governance,3320,Political Science and International Relations,33,Social Sciences,2,Social Sciences,28673,22640,117,10,2024-01-23T15:27:20,2026-09-22T03:01:44
T11612,Stochastic Gradient Optimization Techniques,1702,Artificial Intelligence,17,Computer Science,3,Physical Sciences,28660,352745,76,10,2024-01-23T15:27:11,2026-09-22T03:01:44
T12877,Social Issues in Poland,3300,General Social Sciences,33,Social Sciences,2,Social Sciences,28653,28133,15,10,2024-01-23T15:27:16,2026-09-21T03:01:53
T14424,Economic Analysis and Policy,2002,Economics and Econometrics,20,"Economics, Econometrics and Finance",2,Social Sciences,28607,21646,78,10,2024-01-23T15:27:22,2026-09-22T03:01:44
T12782,Assembly Line Balancing Optimization,2209,Industrial and Manufacturing Engineering,22,Engineering,3,Physical Sciences,28570,157119,16,10,2024-01-23T15:27:15,2026-09-22T03:01:44
T13928,Advanced Sensor Technologies Research,2204,Biomedical Engineering,22,Engineering,3,Physical Sciences,28542,109888,71,10,2024-01-23T15:27:20,2026-09-22T03:01:44
T12812,Meromorphic and Entire Functions,2604,Applied Mathematics,26,Mathematics,3,Physical Sciences,28494,166811,16,10,2024-01-23T15:27:15,2026-09-22T03:01:44
T12789,Planarian Biology and Electrostimulation,1312,Molecular Biology,13,"Biochemistry, Genetics and Molecular Biology",1,Life Sciences,28426,258204,134,10,2024-01-23T15:27:15,2026-09-22T03:01:44
T12152,Concrete Properties and Behavior,2205,Civil and Structural Engineering,22,Engineering,3,Physical Sciences,28414,181727,41,10,2024-01-23T15:27:13,2026-09-22T03:01:44
T14053,Dengue and Mosquito Control Research,3312,Sociology and Political Science,33,Social Sciences,2,Social Sciences,28414,45680,223,10,2024-01-23T15:27:21,2026-09-22T03:01:44
T14106,Environmental and Sediment Control,2308,"Management, Monitoring, Policy and Law",23,Environmental Science,3,Physical Sciences,28382,32105,33,10,2024-01-23T15:27:21,2026-09-22T03:01:44
T11607,Microwave and Dielectric Measurement Techniques,2208,Electrical and Electronic Engineering,22,Engineering,3,Physical Sciences,28342,250047,116,10,2024-01-23T15:27:11,2026-09-22T03:01:44
T13530,Climate Change and Environmental Impact,2306,Global and Planetary Change,23,Environmental Science,3,Physical Sciences,28318,174887,29,10,2024-01-23T15:27:18,2026-09-22T03:01:44
T11909,Histiocytic Disorders and Treatments,2737,Physiology,27,Medicine,4,Health Sciences,28308,269001,29,10,2024-01-23T15:27:12,2026-09-22T03:01:44
T11778,Electrical and Bioimpedance Tomography,2208,Electrical and Electronic Engineering,22,Engineering,3,Physical Sciences,28286,318295,116,10,2024-01-23T15:27:11,2026-09-22T03:01:44
T13220,Plant and Fungal Interactions Research,1310,Endocrinology,13,"Biochemistry, Genetics and Molecular Biology",1,Life Sciences,28275,217981,6,10,2024-01-23T15:27:17,2026-09-22T03:01:44
T12774,Bauxite Residue and Utilization,2210,Mechanical Engineering,22,Engineering,3,Physical Sciences,28233,213897,78,10,2024-01-23T15:27:15,2026-09-22T03:01:44
T14035,"Literature, Culture, and Aesthetics",1209,Museology,12,Arts and Humanities,2,Social Sciences,28232,12080,8,10,2024-01-23T15:27:20,2026-09-22T03:01:44
T12193,Trigeminal Neuralgia and Treatments,2734,Pathology and Forensic Medicine,27,Medicine,4,Health Sciences,28184,270668,22,10,2024-01-23T15:27:13,2026-09-22T03:01:44
T12737,Electrical Fault Detection and Protection,2208,Electrical and Electronic Engineering,22,Engineering,3,Physical Sciences,28182,83663,116,10,2024-01-23T15:27:15,2026-09-22T03:01:44
T13475,Digital Transformation in Law,2000,"General Economics, Econometrics and Finance",20,"Economics, Econometrics and Finance",2,Social Sciences,28111,24620,11,10,2024-01-23T15:27:18,2026-09-22T03:01:44
T13187,Diffusion and Search Dynamics,1312,Molecular Biology,13,"Biochemistry, Genetics and Molecular Biology",1,Life Sciences,28105,249171,134,10,2024-01-23T15:27:17,2026-09-22T03:01:44
T13803,Organizational Strategy and Culture,1407,Organizational Behavior and Human Resource Management,14,"Business, Management and Accounting",2,Social Sciences,28098,101360,29,10,2024-01-23T15:27:20,2026-09-22T03:01:44
T12832,Biocrusts and Microbial Ecology,1105,"Ecology, Evolution, Behavior and Systematics",11,Agricultural and Biological Sciences,1,Life Sciences,28058,425209,32,10,2024-01-23T15:27:15,2026-09-22T03:01:44
T12415,Employer Branding and e-HRM,1407,Organizational Behavior and Human Resource Management,14,"Business, Management and Accounting",2,Social Sciences,27997,165903,29,10,2024-01-23T15:27:14,2026-09-22T03:01:44
T12689,Silymarin and Mushroom Poisoning,2740,Pulmonary and Respiratory Medicine,27,Medicine,4,Health Sciences,27984,184970,51,10,2024-01-23T15:27:15,2026-09-22T03:01:44
T12200,Heusler alloys: electronic and magnetic properties,2504,"Electronic, Optical and Magnetic Materials",25,Materials Science,3,Physical Sciences,27966,257032,16,10,2024-01-23T15:27:13,2026-09-22T03:01:44
T12078,Environmental remediation with nanomaterials,2204,Biomedical Engineering,22,Engineering,3,Physical Sciences,27951,603777,71,10,2024-01-23T15:27:13,2026-09-22T03:01:44
T12642,Polymer-Based Agricultural Enhancements,2204,Biomedical Engineering,22,Engineering,3,Physical Sciences,27905,237145,71,10,2024-01-23T15:27:15,2026-09-22T03:01:44
T12048,Microencapsulation and Drying Processes,1106,Food Science,11,Agricultural and Biological Sciences,1,Life Sciences,27887,513045,31,10,2024-01-23T15:27:12,2026-09-22T03:01:44
T13000,World Systems and Global Transformations,3320,Political Science and International Relations,33,Social Sciences,2,Social Sciences,27821,288879,117,10,2024-01-23T15:27:16,2026-09-22T03:01:44
T14119,Agricultural and Environmental Management,3317,Demography,33,Social Sciences,2,Social Sciences,27746,47624,26,10,2024-01-23T15:27:21,2026-09-22T03:01:44
T13673,Library Science and Information,1710,Information Systems,17,Computer Science,3,Physical Sciences,27721,21893,77,10,2024-01-23T15:27:19,2026-09-22T03:01:44
T13203,Environmental Changes in China,2306,Global and Planetary Change,23,Environmental Science,3,Physical Sciences,27715,56380,29,10,2024-01-23T15:27:17,2026-09-22T03:01:44
T13271,Ukrainian Legal and Forensic Studies,3320,Political Science and International Relations,33,Social Sciences,2,Social Sciences,27688,14095,117,10,2024-01-23T15:27:17,2026-09-22T03:01:44
T12769,Stoma care and complications,2746,Surgery,27,Medicine,4,Health Sciences,27681,146420,95,10,2024-01-23T15:27:15,2026-09-22T03:01:44
T11608,Dielectric materials and actuators,2204,Biomedical Engineering,22,Engineering,3,Physical Sciences,27672,523633,71,10,2024-01-23T15:27:11,2026-09-22T03:01:44
T14148,Kierkegaardian Philosophy and Influence,1211,Philosophy,12,Arts and Humanities,2,Social Sciences,27672,36592,48,10,2024-01-23T15:27:21,2026-09-22T03:01:44
T13384,Regional Economic Development and Innovation,1408,Strategy and Management,14,"Business, Management and Accounting",2,Social Sciences,27633,18738,41,10,2024-01-23T15:27:18,2026-09-22T03:01:44
T14500,Advanced Mathematical Theories,2610,Mathematical Physics,26,Mathematics,3,Physical Sciences,27629,276705,11,10,2024-01-23T15:27:22,2026-09-22T03:01:44
T12721,Moringa oleifera research and applications,1110,Plant Science,11,Agricultural and Biological Sciences,1,Life Sciences,27614,246609,89,10,2024-01-23T15:27:15,2026-09-22T03:01:44
T12053,Minimally Invasive Surgical Techniques,2746,Surgery,27,Medicine,4,Health Sciences,27589,272217,95,10,2024-01-23T15:27:12,2026-09-22T03:01:44
T13248,Healthcare Technology and Patient Monitoring,2746,Surgery,27,Medicine,4,Health Sciences,27587,133279,95,10,2024-01-23T15:27:17,2026-09-22T03:01:44
T13221,Biological Activity of Diterpenoids and Biflavonoids,1312,Molecular Biology,13,"Biochemistry, Genetics and Molecular Biology",1,Life Sciences,27568,169557,134,10,2024-01-23T15:27:17,2026-09-22T03:01:44
T12380,Authorship Attribution and Profiling,1702,Artificial Intelligence,17,Computer Science,3,Physical Sciences,27507,130986,76,10,2024-01-23T15:27:14,2026-09-22T03:01:44
T13377,Ecosystem dynamics and resilience,2306,Global and Planetary Change,23,Environmental Science,3,Physical Sciences,27505,448815,29,10,2024-01-23T15:27:18,2026-09-22T03:01:44
T13453,Alkaline Phosphatase Research Studies,2712,"Endocrinology, Diabetes and Metabolism",27,Medicine,4,Health Sciences,27484,347471,17,10,2024-01-23T15:27:18,2026-09-22T03:01:44
T13341,Belt Conveyor Systems Engineering,2210,Mechanical Engineering,22,Engineering,3,Physical Sciences,27479,41680,78,10,2024-01-23T15:27:18,2026-09-22T03:01:44
T13080,Advanced Differential Geometry Research,3103,Astronomy and Astrophysics,31,Physics and Astronomy,3,Physical Sciences,27472,186956,20,10,2024-01-23T15:27:16,2026-09-22T03:01:44
T12237,Congenital gastrointestinal and neural anomalies,2746,Surgery,27,Medicine,4,Health Sciences,27445,322476,95,10,2024-01-23T15:27:13,2026-09-22T03:01:44
T14502,High-Voltage Power Transmission Systems,2208,Electrical and Electronic Engineering,22,Engineering,3,Physical Sciences,27435,46533,116,10,2024-01-23T15:27:22,2026-09-21T03:01:53
T13903,Innovative Educational Techniques,3304,Education,33,Social Sciences,2,Social Sciences,27410,14907,136,10,2024-01-23T15:27:20,2026-09-22T03:01:44
T13048,Patient Dignity and Privacy,2739,"Public Health, Environmental and Occupational Health",27,Medicine,4,Health Sciences,27408,116173,53,10,2024-01-23T15:27:16,2026-09-22T03:01:44
T12915,Biochemical Acid Research Studies,1303,Biochemistry,13,"Biochemistry, Genetics and Molecular Biology",1,Life Sciences,27398,437623,6,10,2024-01-23T15:27:16,2026-09-22T03:01:44
T12331,Hereditary Neurological Disorders,2804,Cellular and Molecular Neuroscience,28,Neuroscience,1,Life Sciences,27371,372842,12,10,2024-01-23T15:27:14,2026-09-22T03:01:44
T13849,Enterobacteriaceae and Cronobacter Research,1310,Endocrinology,13,"Biochemistry, Genetics and Molecular Biology",1,Life Sciences,27367,197858,6,10,2024-01-23T15:27:20,2026-09-22T03:01:44
T14011,Elevator Systems and Control,2207,Control and Systems Engineering,22,Engineering,3,Physical Sciences,27355,55491,43,10,2024-01-23T15:27:20,2026-09-22T03:01:44
T10964,Wireless Communication Security Techniques,2208,Electrical and Electronic Engineering,22,Engineering,3,Physical Sciences,27326,426270,116,5,2024-01-23T15:27:08,2026-09-22T03:01:44
T14136,Education and Military Integration,3304,Education,33,Social Sciences,2,Social Sciences,27309,52182,136,10,2024-01-23T15:27:21,2026-09-22T03:01:44
T13104,Chemical and Physical Properties of Materials,2505,Materials Chemistry,25,Materials Science,3,Physical Sciences,27254,92691,68,10,2024-01-23T15:27:17,2026-09-22T03:01:44
T12311,Political Theology and Sovereignty,3312,Sociology and Political Science,33,Social Sciences,2,Social Sciences,27246,122716,223,10,2024-01-23T15:27:13,2026-09-22T03:01:44
T13295,Safety Systems Engineering in Autonomy,2213,"Safety, Risk, Reliability and Quality",22,Engineering,3,Physical Sciences,27235,70506,11,10,2024-01-23T15:27:17,2026-09-22T03:01:44
T14512,Technology and Human Factors in Education and Health,2739,"Public Health, Environmental and Occupational Health",27,Medicine,4,Health Sciences,27210,81918,53,10,2024-01-23T15:27:22,2026-09-22T03:01:44
T12344,Silicon Effects in Agriculture,1110,Plant Science,11,Agricultural and Biological Sciences,1,Life Sciences,27207,363852,89,10,2024-01-23T15:27:14,2026-09-22T03:01:44
T12946,Fractal and DNA sequence analysis,1312,Molecular Biology,13,"Biochemistry, Genetics and Molecular Biology",1,Life Sciences,27205,198585,134,10,2024-01-23T15:27:16,2026-09-22T03:01:44
T13121,Radio Wave Propagation Studies,2202,Aerospace Engineering,22,Engineering,3,Physical Sciences,27202,118134,43,10,2024-01-23T15:27:17,2026-09-22T03:01:44
T13828,Natural Products and Biological Research,2746,Surgery,27,Medicine,4,Health Sciences,27188,103301,95,10,2024-01-23T15:27:20,2026-09-22T03:01:44
T11832,Doctoral Education Challenges and Solutions,3600,General Health Professions,36,Health Professions,4,Health Sciences,27187,161373,49,10,2024-01-23T15:27:12,2026-09-22T03:01:44
T11248,Advanced Power Amplifier Design,2208,Electrical and Electronic Engineering,22,Engineering,3,Physical Sciences,27177,224254,116,10,2024-01-23T15:27:09,2026-09-22T03:01:44
T13542,"Grit, Self-Efficacy, and Motivation",3207,Social Psychology,32,Psychology,2,Social Sciences,27171,166208,51,10,2024-01-23T15:27:18,2026-09-22T03:01:44
T13476,Indonesian Election Politics and Participation,3320,Political Science and International Relations,33,Social Sciences,2,Social Sciences,27165,27818,117,10,2024-01-23T15:27:18,2026-09-22T03:01:44
T11940,Layered Double Hydroxides Synthesis and Applications,2505,Materials Chemistry,25,Materials Science,3,Physical Sciences,27135,687341,68,10,2024-01-23T15:27:12,2026-09-22T03:01:44
T13875,Legal Studies and Reforms,3320,Political Science and International Relations,33,Social Sciences,2,Social Sciences,27134,9939,117,10,2024-01-23T15:27:20,2026-09-22T03:01:44
T13824,National Identity and Symbolism,3312,Sociology and Political Science,33,Social Sciences,2,Social Sciences,27132,11305,223,10,2024-01-23T15:27:20,2026-09-22T03:01:44
T13231,"History, Culture, and Diplomacy",1202,History,12,Arts and Humanities,2,Social Sciences,27073,28767,43,10,2024-01-23T15:27:17,2026-09-22T03:01:44
T13225,Polish-Jewish Holocaust Memory Studies,1211,Philosophy,12,Arts and Humanities,2,Social Sciences,27069,21364,48,10,2024-01-23T15:27:17,2026-09-22T03:01:44
T11605,Visual Attention and Saliency Detection,1707,Computer Vision and Pattern Recognition,17,Computer Science,3,Physical Sciences,27049,556593,34,10,2024-01-23T15:27:11,2026-09-22T03:01:44
T14055,Consumer Packaging Perceptions and Trends,1406,Marketing,14,"Business, Management and Accounting",2,Social Sciences,27048,69152,14,10,2024-01-23T15:27:21,2026-09-22T03:01:44
T14280,Big Data Technologies and Applications,1802,Information Systems and Management,18,Decision Sciences,2,Social Sciences,27008,127042,14,10,2024-01-23T15:27:22,2026-09-22T03:01:44
T12709,Optimization and Mathematical Programming,2207,Control and Systems Engineering,22,Engineering,3,Physical Sciences,26980,415156,43,10,2024-01-23T15:27:15,2026-09-22T03:01:44
T14046,Bach Studies and Logistics Development,1208,Literature and Literary Theory,12,Arts and Humanities,2,Social Sciences,26937,12303,52,10,2024-01-23T15:27:21,2026-09-22T03:01:44
T14503,"Globalization, Economics, and Policies",2002,Economics and Econometrics,20,"Economics, Econometrics and Finance",2,Social Sciences,26918,95227,78,10,2024-01-23T15:27:22,2026-09-22T03:01:44
T13541,IoT-based Control Systems,1706,Computer Science Applications,17,Computer Science,3,Physical Sciences,26910,32458,9,10,2024-01-23T15:27:18,2026-09-22T03:01:44
T12923,Digital Image Processing Techniques,1707,Computer Vision and Pattern Recognition,17,Computer Science,3,Physical Sciences,26867,321664,34,10,2024-01-23T15:27:16,2026-09-22T03:01:44
T13578,Stonefly species taxonomy and ecology,2212,Ocean Engineering,22,Engineering,3,Physical Sciences,26858,10839,22,10,2024-01-23T15:27:19,2026-09-21T03:01:53
T13467,Drug-Induced Ocular Toxicity,2731,Ophthalmology,27,Medicine,4,Health Sciences,26846,138389,11,10,2024-01-23T15:27:18,2026-09-22T03:01:44
T13549,Minority Rights and Languages,3320,Political Science and International Relations,33,Social Sciences,2,Social Sciences,26835,22049,117,10,2024-01-23T15:27:18,2026-09-22T03:01:44
T12631,Head and Neck Anomalies,2746,Surgery,27,Medicine,4,Health Sciences,26810,166490,95,10,2024-01-23T15:27:15,2026-09-22T03:01:44
T12541,Graph Labeling and Dimension Problems,1703,Computational Theory and Mathematics,17,Computer Science,3,Physical Sciences,26804,153923,23,10,2024-01-23T15:27:14,2026-09-22T03:01:44
T12695,Urinary and Genital Oncology Studies,2746,Surgery,27,Medicine,4,Health Sciences,26777,156994,95,10,2024-01-23T15:27:15,2026-09-22T03:01:44
T14435,Information Retrieval and Data Mining,1710,Information Systems,17,Computer Science,3,Physical Sciences,26776,52003,77,10,2024-01-23T15:27:22,2026-09-22T03:01:44
T12738,Corporate Identity and Reputation,1408,Strategy and Management,14,"Business, Management and Accounting",2,Social Sciences,26758,212028,41,10,2024-01-23T15:27:15,2026-09-22T03:01:44
T14438,Advanced Scientific Research Methods,1106,Food Science,11,Agricultural and Biological Sciences,1,Life Sciences,26713,128147,31,10,2024-01-23T15:27:22,2026-09-22T03:01:44
T13487,Statistical and numerical algorithms,2604,Applied Mathematics,26,Mathematics,3,Physical Sciences,26697,405698,16,10,2024-01-23T15:27:18,2026-09-22T03:01:44
T12318,Quinazolinone synthesis and applications,1605,Organic Chemistry,16,Chemistry,3,Physical Sciences,26696,286667,60,10,2024-01-23T15:27:13,2026-09-22T03:01:44
T13208,Synthesis of heterocyclic compounds,1605,Organic Chemistry,16,Chemistry,3,Physical Sciences,26683,167807,60,10,2024-01-23T15:27:17,2026-09-22T03:01:44
T13620,Education for Peace and Conflict Resolution,3312,Sociology and Political Science,33,Social Sciences,2,Social Sciences,26663,17898,223,10,2024-01-23T15:27:19,2026-09-22T03:01:44
T13242,Male Reproductive Health Studies,3600,General Health Professions,36,Health Professions,4,Health Sciences,26658,82632,49,10,2024-01-23T15:27:17,2026-09-22T03:01:44
T12406,IoT and GPS-based Vehicle Safety Systems,2210,Mechanical Engineering,22,Engineering,3,Physical Sciences,26604,50630,78,10,2024-01-23T15:27:14,2026-09-22T03:01:44
T13720,Benford’s Law and Fraud Detection,2613,Statistics and Probability,26,Mathematics,3,Physical Sciences,26583,50794,19,10,2024-01-23T15:27:19,2026-09-22T03:01:44
T14042,Technology and Security Systems,1710,Information Systems,17,Computer Science,3,Physical Sciences,26539,18867,77,10,2024-01-23T15:27:21,2026-09-21T03:01:53
T12295,"Foucault, Power, and Ethics",3312,Sociology and Political Science,33,Social Sciences,2,Social Sciences,26529,393445,223,10,2024-01-23T15:27:13,2026-09-22T03:01:44
T14007,Indigenous and Place-Based Education,3304,Education,33,Social Sciences,2,Social Sciences,26524,118651,136,10,2024-01-23T15:27:20,2026-09-22T03:01:44
T13477,Sustainable Design and Development,2215,Building and Construction,22,Engineering,3,Physical Sciences,26520,31016,21,10,2024-01-23T15:27:18,2026-09-22T03:01:44
T12608,Spatial Neglect and Hemispheric Dysfunction,2805,Cognitive Neuroscience,28,Neuroscience,1,Life Sciences,26518,516976,27,10,2024-01-23T15:27:15,2026-09-22T03:01:44
T13081,Digital Education and Society,1710,Information Systems,17,Computer Science,3,Physical Sciences,26510,46344,77,10,2024-01-23T15:27:16,2026-09-22T03:01:44
T13038,Internet of Things and AI,1710,Information Systems,17,Computer Science,3,Physical Sciences,26504,118393,77,10,2024-01-23T15:27:16,2026-09-22T03:01:44
T12149,Nanocluster Synthesis and Applications,2505,Materials Chemistry,25,Materials Science,3,Physical Sciences,26502,805416,68,10,2024-01-23T15:27:13,2026-09-22T03:01:44
T13317,"Media, Communication, and Education",3315,Communication,33,Social Sciences,2,Social Sciences,26477,221450,15,10,2024-01-23T15:27:18,2026-09-22T03:01:44
T13366,Accounting Theory and Financial Reporting,1402,Accounting,14,"Business, Management and Accounting",2,Social Sciences,26410,32717,21,10,2024-01-23T15:27:18,2026-09-22T03:01:44
T12582,Flavonoids in Medical Research,2736,Pharmacology,27,Medicine,4,Health Sciences,26401,245877,21,10,2024-01-23T15:27:14,2026-09-22T03:01:44
T14200,"Medical, Sociocultural, and Biopolitical Studies",3320,Political Science and International Relations,33,Social Sciences,2,Social Sciences,26314,2134,117,10,2024-01-23T15:27:21,2026-09-22T03:01:44
T11502,Facility Location and Emergency Management,1407,Organizational Behavior and Human Resource Management,14,"Business, Management and Accounting",2,Social Sciences,26295,402610,29,10,2024-01-23T15:27:10,2026-09-22T03:01:44
T13535,Wireless Sensor Networks and IoT,2207,Control and Systems Engineering,22,Engineering,3,Physical Sciences,26210,21702,43,10,2024-01-23T15:27:18,2026-09-22T03:01:44
T12410,Structural and Chemical Analysis of Organic and Inorganic Compounds,1605,Organic Chemistry,16,Chemistry,3,Physical Sciences,26189,70412,60,10,2024-01-23T15:27:14,2026-09-22T03:01:44
T14213,Global Politics and Economy,2002,Economics and Econometrics,20,"Economics, Econometrics and Finance",2,Social Sciences,26183,17850,78,10,2024-01-23T15:27:21,2026-09-22T03:01:44
T13159,Structural mechanics and materials,2505,Materials Chemistry,25,Materials Science,3,Physical Sciences,26179,69618,68,10,2024-01-23T15:27:17,2026-09-22T03:01:44
T13481,Neurological diseases and metabolism,2808,Neurology,28,Neuroscience,1,Life Sciences,26166,284234,9,10,2024-01-23T15:27:18,2026-09-22T03:01:44
T12655,Female Genital Mutilation/Cutting Issues,2739,"Public Health, Environmental and Occupational Health",27,Medicine,4,Health Sciences,26165,130068,53,10,2024-01-23T15:27:15,2026-09-22T03:01:44
T12796,Dermatological and COVID-19 studies,2708,Dermatology,27,Medicine,4,Health Sciences,26157,146888,12,10,2024-01-23T15:27:15,2026-09-22T03:01:44
T13037,Piperaceae Chemical and Biological Studies,3004,Pharmacology,30,"Pharmacology, Toxicology and Pharmaceutics",1,Life Sciences,26121,163396,14,10,2024-01-23T15:27:16,2026-09-22T03:01:44
T13422,Phytochemistry and biological activities of Ficus species,1110,Plant Science,11,Agricultural and Biological Sciences,1,Life Sciences,26095,107938,89,10,2024-01-23T15:27:18,2026-09-22T03:01:44
T11897,Digital Holography and Microscopy,3107,"Atomic and Molecular Physics, and Optics",31,Physics and Astronomy,3,Physical Sciences,26091,274321,36,10,2024-01-23T15:27:12,2026-09-22T03:01:44
T12284,Emotional Labor in Professions,3312,Sociology and Political Science,33,Social Sciences,2,Social Sciences,26085,287361,223,10,2024-01-23T15:27:13,2026-09-22T03:01:44
T13263,Building energy efficiency and sustainability,2215,Building and Construction,22,Engineering,3,Physical Sciences,26080,17356,21,10,2024-01-23T15:27:17,2026-09-21T03:01:53
T13286,Modeling and Simulation Systems,1703,Computational Theory and Mathematics,17,Computer Science,3,Physical Sciences,26074,71592,23,10,2024-01-23T15:27:17,2026-09-22T03:01:44
T13965,Laser and Thermal Forming Techniques,2206,Computational Mechanics,22,Engineering,3,Physical Sciences,26011,77775,29,10,2024-01-23T15:27:20,2026-09-22T03:01:44
T13843,African Sexualities and LGBTQ+ Issues,3312,Sociology and Political Science,33,Social Sciences,2,Social Sciences,25965,165280,223,10,2024-01-23T15:27:20,2026-09-22T03:01:44
T12850,Field-Flow Fractionation Techniques,2206,Computational Mechanics,22,Engineering,3,Physical Sciences,25958,232965,29,10,2024-01-23T15:27:16,2026-09-22T03:01:44
T12997,Outdoor and Experiential Education,3207,Social Psychology,32,Psychology,2,Social Sciences,25932,142316,51,10,2024-01-23T15:27:16,2026-09-22T03:01:44
T14417,Central Asia Education and Culture,3320,Political Science and International Relations,33,Social Sciences,2,Social Sciences,25920,15306,117,10,2024-01-23T15:27:22,2026-09-22T03:01:44
T12136,Vanadium and Halogenation Chemistry,1604,Inorganic Chemistry,16,Chemistry,3,Physical Sciences,25917,411700,11,10,2024-01-23T15:27:13,2026-09-22T03:01:44
T13765,Social Science and Policy Research,3300,General Social Sciences,33,Social Sciences,2,Social Sciences,25917,62535,15,10,2024-01-23T15:27:19,2026-09-22T03:01:44
T12069,Commutative Algebra and Its Applications,2602,Algebra and Number Theory,26,Mathematics,3,Physical Sciences,25900,213075,4,10,2024-01-23T15:27:12,2026-09-22T03:01:44
T12139,Advanced Thermodynamic Systems and Engines,2210,Mechanical Engineering,22,Engineering,3,Physical Sciences,25885,170105,78,10,2024-01-23T15:27:13,2026-09-22T03:01:44
T13492,"Science, Technology, and Education in Latin America",3317,Demography,33,Social Sciences,2,Social Sciences,25870,24912,26,10,2024-01-23T15:27:18,2026-09-22T03:01:44
T11693,Cryptography and Residue Arithmetic,1710,Information Systems,17,Computer Science,3,Physical Sciences,25861,217470,77,10,2024-01-23T15:27:11,2026-09-22T03:01:44
T11884,Redox biology and oxidative stress,1312,Molecular Biology,13,"Biochemistry, Genetics and Molecular Biology",1,Life Sciences,25860,893469,134,10,2024-01-23T15:27:12,2026-09-22T03:01:44
T14093,Global Health and Epidemiology,3605,Health Information Management,36,Health Professions,4,Health Sciences,25856,62646,11,10,2024-01-23T15:27:21,2026-09-22T03:01:44
T14331,Medicinal Plant Pharmacodynamics Research,3004,Pharmacology,30,"Pharmacology, Toxicology and Pharmaceutics",1,Life Sciences,25794,89506,14,10,2024-01-23T15:27:22,2026-09-22T03:01:44
T12508,Functional Equations Stability Results,2604,Applied Mathematics,26,Mathematics,3,Physical Sciences,25787,222886,16,10,2024-01-23T15:27:14,2026-09-22T03:01:44
T13778,Comparative and World Literature,1208,Literature and Literary Theory,12,Arts and Humanities,2,Social Sciences,25766,17877,52,10,2024-01-23T15:27:19,2026-09-22T03:01:44
T12212,CNS Lymphoma Diagnosis and Treatment,2728,Neurology,27,Medicine,4,Health Sciences,25757,245359,21,10,2024-01-23T15:27:13,2026-09-22T03:01:44
T13517,Environmental and Industrial Safety,2305,Environmental Engineering,23,Environmental Science,3,Physical Sciences,25721,42103,18,10,2024-01-23T15:27:18,2026-09-22T03:01:44
T13299,Educational Leadership and Administration,3304,Education,33,Social Sciences,2,Social Sciences,25696,57713,136,10,2024-01-23T15:27:17,2026-09-22T03:01:44
T11996,Random lasers and scattering media,3102,Acoustics and Ultrasonics,31,Physics and Astronomy,3,Physical Sciences,25654,370911,0,10,2024-01-23T15:27:12,2026-09-22T03:01:44
T11820,Learning Styles and Cognitive Differences,3204,Developmental and Educational Psychology,32,Psychology,2,Social Sciences,25632,243280,19,10,2024-01-23T15:27:12,2026-09-22T03:01:44
T12174,Hospital Admissions and Outcomes,2711,Emergency Medicine,27,Medicine,4,Health Sciences,25630,225796,10,10,2024-01-23T15:27:13,2026-09-22T03:01:44
T14217,American Literature and Humor Studies,1208,Literature and Literary Theory,12,Arts and Humanities,2,Social Sciences,25599,36035,52,10,2024-01-23T15:27:21,2026-09-22T03:01:44
T12216,Network Time Synchronization Technologies,1705,Computer Networks and Communications,17,Computer Science,3,Physical Sciences,25583,172194,42,10,2024-01-23T15:27:13,2026-09-22T03:01:44
T13821,Coaching Methods and Impact,3202,Applied Psychology,32,Psychology,2,Social Sciences,25553,106928,6,10,2024-01-23T15:27:20,2026-09-22T03:01:44
T14415,Biomedical Research and Pathophysiology,2734,Pathology and Forensic Medicine,27,Medicine,4,Health Sciences,25519,207738,22,10,2024-01-23T15:27:22,2026-09-22T03:01:44
T12272,Cardiovascular Conditions and Treatments,2741,"Radiology, Nuclear Medicine and Imaging",27,Medicine,4,Health Sciences,25516,266523,29,10,2024-01-23T15:27:13,2026-09-22T03:01:44
T13354,Genetics and Physical Performance,1311,Genetics,13,"Biochemistry, Genetics and Molecular Biology",1,Life Sciences,25509,173246,39,10,2024-01-23T15:27:18,2026-09-22T03:01:44
T11873,PAPR reduction in OFDM,2208,Electrical and Electronic Engineering,22,Engineering,3,Physical Sciences,25492,213442,116,10,2024-01-23T15:27:12,2026-09-22T03:01:44
T13588,Regional resilience and development,2002,Economics and Econometrics,20,"Economics, Econometrics and Finance",2,Social Sciences,25485,123951,78,10,2024-01-23T15:27:19,2026-09-22T03:01:44
T12393,Workplace Spirituality and Leadership,3317,Demography,33,Social Sciences,2,Social Sciences,25464,209655,26,10,2024-01-23T15:27:14,2026-09-22T03:01:44
T13799,Media and Communication Studies,3315,Communication,33,Social Sciences,2,Social Sciences,25446,8259,15,10,2024-01-23T15:27:20,2026-09-22T03:01:44
T12442,Thermal Radiation and Cooling Technologies,2205,Civil and Structural Engineering,22,Engineering,3,Physical Sciences,25423,460083,41,10,2024-01-23T15:27:14,2026-09-22T03:01:44
T13380,Sound Studies and Aurality,3205,Experimental and Cognitive Psychology,32,Psychology,2,Social Sciences,25367,31318,23,10,2024-01-23T15:27:18,2026-09-22T03:01:44
T13146,Sustainable Finance and Green Bonds,2003,Finance,20,"Economics, Econometrics and Finance",2,Social Sciences,25343,87672,15,10,2024-01-23T15:27:17,2026-09-22T03:01:44
T13983,Cybersecurity and Information Systems,1705,Computer Networks and Communications,17,Computer Science,3,Physical Sciences,25338,34881,42,10,2024-01-23T15:27:20,2026-09-22T03:01:44
T12665,Bamboo properties and applications,1110,Plant Science,11,Agricultural and Biological Sciences,1,Life Sciences,25320,159380,89,10,2024-01-23T15:27:15,2026-09-22T03:01:44
T12474,Education Discipline and Inequality,3304,Education,33,Social Sciences,2,Social Sciences,25318,258785,136,10,2024-01-23T15:27:14,2026-09-22T03:01:44
T13361,Coconut Research and Applications,1604,Inorganic Chemistry,16,Chemistry,3,Physical Sciences,25282,123618,11,10,2024-01-23T15:27:18,2026-09-22T03:01:44
T14421,Educational Philosophies and Pedagogies,3304,Education,33,Social Sciences,2,Social Sciences,25281,32667,136,10,2024-01-23T15:27:22,2026-09-22T03:01:44
T11788,Nonlinear Optical Materials Studies,2204,Biomedical Engineering,22,Engineering,3,Physical Sciences,25242,479428,71,10,2024-01-23T15:27:11,2026-09-22T03:01:44
T13526,14-3-3 protein interactions,1312,Molecular Biology,13,"Biochemistry, Genetics and Molecular Biology",1,Life Sciences,25240,297410,134,10,2024-01-23T15:27:18,2026-09-22T03:01:44
T11523,Nanomaterials and Printing Technologies,2208,Electrical and Electronic Engineering,22,Engineering,3,Physical Sciences,25203,388030,116,10,2024-01-23T15:27:10,2026-09-22T03:01:44
T12387,Galectins and Cancer Biology,2403,Immunology,24,Immunology and Microbiology,1,Life Sciences,25187,514682,25,10,2024-01-23T15:27:14,2026-09-22T03:01:44
T12007,Plasma and Flow Control in Aerodynamics,2202,Aerospace Engineering,22,Engineering,3,Physical Sciences,25160,157965,43,10,2024-01-23T15:27:12,2026-09-22T03:01:44
T12466,Near-Field Optical Microscopy,2204,Biomedical Engineering,22,Engineering,3,Physical Sciences,25118,329485,71,10,2024-01-23T15:27:14,2026-09-22T03:01:44
T14096,Advancements in Materials Engineering,2210,Mechanical Engineering,22,Engineering,3,Physical Sciences,25108,28644,78,10,2024-01-23T15:27:21,2026-09-22T03:01:44
T10871,Catalytic Alkyne Reactions,1605,Organic Chemistry,16,Chemistry,3,Physical Sciences,25098,653157,60,10,2024-01-23T15:27:08,2026-09-22T03:01:44
T12684,Stuttering Research and Treatment,3203,Clinical Psychology,32,Psychology,2,Social Sciences,25078,217484,37,10,2024-01-23T15:27:15,2026-09-22T03:01:44
T12707,Vehicle License Plate Recognition,2214,Media Technology,22,Engineering,3,Physical Sciences,25055,113898,11,10,2024-01-23T15:27:15,2026-09-22T03:01:44
T11947,Molten salt chemistry and electrochemical processes,1507,Fluid Flow and Transfer Processes,15,Chemical Engineering,3,Physical Sciences,25006,181551,3,10,2024-01-23T15:27:12,2026-09-22T03:01:44
T13895,Educational Leadership and Innovation,3304,Education,33,Social Sciences,2,Social Sciences,25006,43448,136,10,2024-01-23T15:27:20,2026-09-22T03:01:44
T12846,Ginkgo biloba and Cashew Applications,2707,Complementary and alternative medicine,27,Medicine,4,Health Sciences,24979,235106,19,10,2024-01-23T15:27:15,2026-09-22T03:01:44
T13410,Immune responses and vaccinations,2403,Immunology,24,Immunology and Microbiology,1,Life Sciences,24960,262278,25,10,2024-01-23T15:27:18,2026-09-22T03:01:44
T14171,"Education, Law, and Society",3320,Political Science and International Relations,33,Social Sciences,2,Social Sciences,24939,7731,117,10,2024-01-23T15:27:21,2026-09-22T03:01:44
T12357,Digital Media Forensic Detection,1707,Computer Vision and Pattern Recognition,17,Computer Science,3,Physical Sciences,24924,276608,34,10,2024-01-23T15:27:14,2026-09-22T03:01:44
T12730,"Weber, Simmel, Sociological Theory",3312,Sociology and Political Science,33,Social Sciences,2,Social Sciences,24858,185623,223,10,2024-01-23T15:27:15,2026-09-22T03:01:44
T13348,Pancasila Values in Education,3304,Education,33,Social Sciences,2,Social Sciences,24851,14644,136,10,2024-01-23T15:27:18,2026-09-22T03:01:44
T12980,Family Caregiving in Mental Illness,3203,Clinical Psychology,32,Psychology,2,Social Sciences,24830,232626,37,10,2024-01-23T15:27:16,2026-09-22T03:01:44
T13004,Vitamin K Research Studies,2916,Nutrition and Dietetics,29,Nursing,4,Health Sciences,24805,315093,16,10,2024-01-23T15:27:16,2026-09-22T03:01:44
T14367,Logistics and Infrastructure Analysis,1107,Forestry,11,Agricultural and Biological Sciences,1,Life Sciences,24720,27411,6,10,2024-01-23T15:27:22,2026-09-22T03:01:44
T12082,Takotsubo Cardiomyopathy and Associated Phenomena,2705,Cardiology and Cardiovascular Medicine,27,Medicine,4,Health Sciences,24676,196213,28,10,2024-01-23T15:27:13,2026-09-22T03:01:44
T12615,Climate Change and Geoengineering,2306,Global and Planetary Change,23,Environmental Science,3,Physical Sciences,24653,236052,29,10,2024-01-23T15:27:15,2026-09-22T03:01:44
T13813,Oral and Craniofacial Lesions,3616,Speech and Hearing,36,Health Professions,4,Health Sciences,24625,80190,9,10,2024-01-23T15:27:20,2026-09-22T03:01:44
T11188,Coagulation and Flocculation Studies,2312,Water Science and Technology,23,Environmental Science,3,Physical Sciences,24615,370422,23,10,2024-01-23T15:27:09,2026-09-22T03:01:44
T13335,Pharmacological Effects of Medicinal Plants,2736,Pharmacology,27,Medicine,4,Health Sciences,24587,142141,21,10,2024-01-23T15:27:18,2026-09-22T03:01:44
T14294,Impulse Buying and Technology Impacts,2002,Economics and Econometrics,20,"Economics, Econometrics and Finance",2,Social Sciences,24561,25175,78,10,2024-01-23T15:27:22,2026-09-22T03:01:44
T12401,Scheduling and Timetabling Solutions,1803,Management Science and Operations Research,18,Decision Sciences,2,Social Sciences,24523,184955,33,10,2024-01-23T15:27:14,2026-09-22T03:01:44
T13479,Food Science and Nutritional Studies,2916,Nutrition and Dietetics,29,Nursing,4,Health Sciences,24512,78673,16,10,2024-01-23T15:27:18,2026-09-22T03:01:44
T13165,Agricultural safety and regulations,1106,Food Science,11,Agricultural and Biological Sciences,1,Life Sciences,24494,111724,31,10,2024-01-23T15:27:17,2026-09-22T03:01:44
T12183,Teratomas and Epidermoid Cysts,2746,Surgery,27,Medicine,4,Health Sciences,24487,158084,95,10,2024-01-23T15:27:13,2026-09-22T03:01:44
T10931,Direction-of-Arrival Estimation Techniques,1711,Signal Processing,17,Computer Science,3,Physical Sciences,24466,339658,9,10,2024-01-23T15:27:08,2026-09-22T03:01:44
T13442,Geochemistry and Geochronology of Asian Mineral Deposits,2002,Economics and Econometrics,20,"Economics, Econometrics and Finance",2,Social Sciences,24458,86321,78,10,2024-01-23T15:27:18,2026-09-22T03:01:44
T12143,Place Attachment and Urban Studies,3312,Sociology and Political Science,33,Social Sciences,2,Social Sciences,24443,208176,223,10,2024-01-23T15:27:13,2026-09-22T03:01:44
T12989,Ocular Disorders and Treatments,1311,Genetics,13,"Biochemistry, Genetics and Molecular Biology",1,Life Sciences,24417,150503,39,10,2024-01-23T15:27:16,2026-09-22T03:01:44
T13428,Anarchism and Radical Politics,3312,Sociology and Political Science,33,Social Sciences,2,Social Sciences,24412,88478,223,10,2024-01-23T15:27:18,2026-09-22T03:01:44
T12088,Intergenerational and Educational Inequality Studies,3312,Sociology and Political Science,33,Social Sciences,2,Social Sciences,24388,370393,223,10,2024-01-23T15:27:13,2026-09-22T03:01:44
T12176,Optimization and Packing Problems,2209,Industrial and Manufacturing Engineering,22,Engineering,3,Physical Sciences,24359,327646,16,10,2024-01-23T15:27:13,2026-09-22T03:01:44
T11471,Block Copolymer Self-Assembly,2505,Materials Chemistry,25,Materials Science,3,Physical Sciences,24335,546527,68,10,2024-01-23T15:27:10,2026-09-22T03:01:44
T13397,Hallucinations in medical conditions,2805,Cognitive Neuroscience,28,Neuroscience,1,Life Sciences,24286,96909,27,10,2024-01-23T15:27:18,2026-09-22T03:01:44
T13201,Infectious Encephalopathies and Encephalitis,2725,Infectious Diseases,27,Medicine,4,Health Sciences,24278,161013,20,10,2024-01-23T15:27:17,2026-09-22T03:01:44
T13841,Psychology of Social Influence,3312,Sociology and Political Science,33,Social Sciences,2,Social Sciences,24278,450061,223,10,2024-01-23T15:27:20,2026-09-22T03:01:44
T14207,Higher Education Practises and Engagement,3304,Education,33,Social Sciences,2,Social Sciences,24224,131875,136,10,2024-01-23T15:27:21,2026-09-22T03:01:44
T13207,Youth Substance Use and School Attendance,3304,Education,33,Social Sciences,2,Social Sciences,24208,138280,136,10,2024-01-23T15:27:17,2026-09-22T03:01:44
T11498,Security in Wireless Sensor Networks,1705,Computer Networks and Communications,17,Computer Science,3,Physical Sciences,24174,271515,42,10,2024-01-23T15:27:10,2026-09-22T03:01:44
T12696,Icing and De-icing Technologies,2202,Aerospace Engineering,22,Engineering,3,Physical Sciences,24156,166683,43,10,2024-01-23T15:27:15,2026-09-22T03:01:44
T12484,Retinopathy of Prematurity Studies,2741,"Radiology, Nuclear Medicine and Imaging",27,Medicine,4,Health Sciences,24120,276002,29,10,2024-01-23T15:27:14,2026-09-22T03:01:44
T13378,Agricultural Development and Policies,1102,Agronomy and Crop Science,11,Agricultural and Biological Sciences,1,Life Sciences,24115,28946,10,10,2024-01-23T15:27:18,2026-09-22T03:01:44
T12303,Tensor decomposition and applications,2605,Computational Mathematics,26,Mathematics,3,Physical Sciences,24103,290194,0,10,2024-01-23T15:27:13,2026-09-22T03:01:44
T13047,Pharmacological Receptor Mechanisms and Effects,1312,Molecular Biology,13,"Biochemistry, Genetics and Molecular Biology",1,Life Sciences,24074,321366,134,10,2024-01-23T15:27:16,2026-09-22T03:01:44
T13063,Education and experiences of immigrants and refugees,3304,Education,33,Social Sciences,2,Social Sciences,24073,81028,136,10,2024-01-23T15:27:16,2026-09-22T03:01:44
T13039,Magnesium Oxide Properties and Applications,2505,Materials Chemistry,25,Materials Science,3,Physical Sciences,24066,218012,68,10,2024-01-23T15:27:16,2026-09-22T03:01:44
T13812,AI and HR Technologies,1407,Organizational Behavior and Human Resource Management,14,"Business, Management and Accounting",2,Social Sciences,24052,66651,29,10,2024-01-23T15:27:20,2026-09-22T03:01:44
T13576,"Cyprus History, Politics, Society",3312,Sociology and Political Science,33,Social Sciences,2,Social Sciences,24046,40425,223,10,2024-01-23T15:27:19,2026-09-22T03:01:44
T12808,Ferroelectric and Negative Capacitance Devices,2208,Electrical and Electronic Engineering,22,Engineering,3,Physical Sciences,24024,215971,116,10,2024-01-23T15:27:15,2026-09-22T03:01:44
T12404,Mathematical Approximation and Integration,2612,Numerical Analysis,26,Mathematics,3,Physical Sciences,24010,237733,4,10,2024-01-23T15:27:14,2026-09-22T03:01:44
T13527,Transportation Systems and Logistics,2205,Civil and Structural Engineering,22,Engineering,3,Physical Sciences,24003,38408,41,10,2024-01-23T15:27:18,2026-09-22T03:01:44
T14206,Animal Law and Welfare,3308,Law,33,Social Sciences,2,Social Sciences,23979,7753,39,10,2024-01-23T15:27:21,2026-09-22T03:01:44
T13446,"Antioxidants, Aging, Portulaca oleracea",2804,Cellular and Molecular Neuroscience,28,Neuroscience,1,Life Sciences,23952,72376,12,10,2024-01-23T15:27:18,2026-09-22T03:01:44
T11504,Advanced Authentication Protocols Security,1705,Computer Networks and Communications,17,Computer Science,3,Physical Sciences,23944,293758,42,10,2024-01-23T15:27:10,2026-09-22T03:01:44
T12000,Systems Engineering Methodologies and Applications,2207,Control and Systems Engineering,22,Engineering,3,Physical Sciences,23924,128671,43,10,2024-01-23T15:27:12,2026-09-22T03:01:44
T12521,Death Anxiety and Social Exclusion,3207,Social Psychology,32,Psychology,2,Social Sciences,23910,406434,51,10,2024-01-23T15:27:14,2026-09-22T03:01:44
T13371,Military Defense Systems Analysis,2202,Aerospace Engineering,22,Engineering,3,Physical Sciences,23909,58928,43,10,2024-01-23T15:27:18,2026-09-22T03:01:44
T12814,Gaussian Processes and Bayesian Inference,1702,Artificial Intelligence,17,Computer Science,3,Physical Sciences,23829,346235,76,10,2024-01-23T15:27:15,2026-09-22T03:01:44
T14126,Intramuscular injections and effects,2711,Emergency Medicine,27,Medicine,4,Health Sciences,23796,77227,10,10,2024-01-23T15:27:21,2026-09-22T03:01:44
T13416,Educational Theory and Curriculum Studies,3312,Sociology and Political Science,33,Social Sciences,2,Social Sciences,23789,100267,223,10,2024-01-23T15:27:18,2026-09-22T03:01:44
T12772,Control and Stability of Dynamical Systems,2207,Control and Systems Engineering,22,Engineering,3,Physical Sciences,23699,221951,43,10,2024-01-23T15:27:15,2026-09-22T03:01:44
T13725,Pineapple and bromelain studies,1312,Molecular Biology,13,"Biochemistry, Genetics and Molecular Biology",1,Life Sciences,23649,109015,134,10,2024-01-23T15:27:19,2026-09-22T03:01:44
T13700,Gender Studies and Social Issues,3318,Gender Studies,33,Social Sciences,2,Social Sciences,23594,16862,20,10,2024-01-23T15:27:19,2026-09-22T03:01:44
T14097,Chemistry Education and Research,3304,Education,33,Social Sciences,2,Social Sciences,23549,15006,136,10,2024-01-23T15:27:21,2026-09-22T03:01:44
T12966,Russian Literature and Bakhtin Studies,3304,Education,33,Social Sciences,2,Social Sciences,23546,91516,136,10,2024-01-23T15:27:16,2026-09-22T03:01:44
T12612,Strong Light-Matter Interactions,3107,"Atomic and Molecular Physics, and Optics",31,Physics and Astronomy,3,Physical Sciences,23508,366725,36,10,2024-01-23T15:27:15,2026-09-22T03:01:44
T13336,Religious Freedom and Discrimination,3308,Law,33,Social Sciences,2,Social Sciences,23504,33117,39,10,2024-01-23T15:27:18,2026-09-22T03:01:44
T14454,Polymer Science and Applications,2210,Mechanical Engineering,22,Engineering,3,Physical Sciences,23476,35427,78,10,2024-01-23T15:27:22,2026-09-22T03:01:44
T13904,Artificial Intelligence Applications,1702,Artificial Intelligence,17,Computer Science,3,Physical Sciences,23475,39462,76,10,2024-01-23T15:27:20,2026-09-22T03:01:44
T13230,Synthesis and Reactivity of Heterocycles,1605,Organic Chemistry,16,Chemistry,3,Physical Sciences,23465,144286,60,10,2024-01-23T15:27:17,2026-09-22T03:01:44
T13090,Medicinal Plant Extracts Effects,2707,Complementary and alternative medicine,27,Medicine,4,Health Sciences,23455,118023,19,10,2024-01-23T15:27:17,2026-09-22T03:01:44
T13571,"Corporeality, Perception, and Education",1200,General Arts and Humanities,12,Arts and Humanities,2,Social Sciences,23448,2908,3,10,2024-01-23T15:27:19,2026-09-22T03:01:44
T11646,Nonlocal and gradient elasticity in micro/nano structures,2505,Materials Chemistry,25,Materials Science,3,Physical Sciences,23445,529518,68,10,2024-01-23T15:27:11,2026-09-22T03:01:44
T12452,Electrowetting and Microfluidic Technologies,2208,Electrical and Electronic Engineering,22,Engineering,3,Physical Sciences,23424,269882,116,10,2024-01-23T15:27:14,2026-09-22T03:01:44
T13790,Waste Management and Environmental Impact,2210,Mechanical Engineering,22,Engineering,3,Physical Sciences,23380,15063,78,10,2024-01-23T15:27:19,2026-09-22T03:01:44
T14177,Water Resources and Management,2303,Ecology,23,Environmental Science,3,Physical Sciences,23376,37233,32,10,2024-01-23T15:27:21,2026-09-22T03:01:44
T14351,Statistical and Computational Modeling,1702,Artificial Intelligence,17,Computer Science,3,Physical Sciences,23349,171026,76,10,2024-01-23T15:27:22,2026-09-22T03:01:44
T12778,History of Medicine and Tropical Health,1202,History,12,Arts and Humanities,2,Social Sciences,23329,38767,43,10,2024-01-23T15:27:15,2026-09-22T03:01:44
T13630,Agriculture Market Analysis Ukraine,1100,General Agricultural and Biological Sciences,11,Agricultural and Biological Sciences,1,Life Sciences,23328,24349,19,10,2024-01-23T15:27:19,2026-09-22T03:01:44
T13959,"Swearing, Euphemism, Multilingualism",3315,Communication,33,Social Sciences,2,Social Sciences,23322,64777,15,10,2024-01-23T15:27:20,2026-09-22T03:01:44
T14170,Classical Studies and Philology,1203,Language and Linguistics,12,Arts and Humanities,2,Social Sciences,23296,27742,19,10,2024-01-23T15:27:21,2026-09-22T03:01:44
T13718,Media Influence and Politics,3312,Sociology and Political Science,33,Social Sciences,2,Social Sciences,23282,228218,223,10,2024-01-23T15:27:19,2026-09-22T03:01:44
T14370,"Economic, Social, and Health Studies",2002,Economics and Econometrics,20,"Economics, Econometrics and Finance",2,Social Sciences,23249,40166,78,10,2024-01-23T15:27:22,2026-09-22T03:01:44
T12683,Studies on Chitinases and Chitosanases,1312,Molecular Biology,13,"Biochemistry, Genetics and Molecular Biology",1,Life Sciences,23246,340269,134,10,2024-01-23T15:27:15,2026-09-22T03:01:44
T11739,Microwave Imaging and Scattering Analysis,2204,Biomedical Engineering,22,Engineering,3,Physical Sciences,23184,257805,71,10,2024-01-23T15:27:11,2026-09-22T03:01:44
T13313,Dupuytren's Contracture and Treatments,2745,Rheumatology,27,Medicine,4,Health Sciences,23176,112377,23,10,2024-01-23T15:27:17,2026-09-22T03:01:44
T12887,Educational Strategies and Epistemologies,3204,Developmental and Educational Psychology,32,Psychology,2,Social Sciences,23142,372020,19,10,2024-01-23T15:27:16,2026-09-22T03:01:44
T13805,Adolescent Health and Behaviors,3600,General Health Professions,36,Health Professions,4,Health Sciences,23113,29212,49,10,2024-01-23T15:27:20,2026-09-22T03:01:44
T12533,Aldose Reductase and Taurine,1307,Cell Biology,13,"Biochemistry, Genetics and Molecular Biology",1,Life Sciences,23079,453852,16,10,2024-01-23T15:27:14,2026-09-22T03:01:44
T11565,Thermoelastic and Magnetoelastic Phenomena,2211,Mechanics of Materials,22,Engineering,3,Physical Sciences,23073,298007,28,10,2024-01-23T15:27:11,2026-09-22T03:01:44
T13874,Information Architecture and Usability,1710,Information Systems,17,Computer Science,3,Physical Sciences,23026,44626,77,10,2024-01-23T15:27:20,2026-09-22T03:01:44
T12197,Brake Systems and Friction Analysis,2203,Automotive Engineering,22,Engineering,3,Physical Sciences,23024,173143,11,10,2024-01-23T15:27:13,2026-09-22T03:01:44
T13671,Philosophy and Phenomenology Studies,3300,General Social Sciences,33,Social Sciences,2,Social Sciences,22996,3012,15,10,2024-01-23T15:27:19,2026-09-22T03:01:44
T13214,Powdery Mildew Fungal Diseases,1110,Plant Science,11,Agricultural and Biological Sciences,1,Life Sciences,22984,103058,89,10,2024-01-23T15:27:17,2026-09-22T03:01:44
T12793,Caveolin-1 and cellular processes,1307,Cell Biology,13,"Biochemistry, Genetics and Molecular Biology",1,Life Sciences,22938,634539,16,10,2024-01-23T15:27:15,2026-09-22T03:01:44
T13971,Synthesis and Biological Activity,1306,Cancer Research,13,"Biochemistry, Genetics and Molecular Biology",1,Life Sciences,22934,134947,12,10,2024-01-23T15:27:20,2026-09-22T03:01:44
T13779,Cancer Mechanisms and Therapy,2734,Pathology and Forensic Medicine,27,Medicine,4,Health Sciences,22928,230734,22,10,2024-01-23T15:27:19,2026-09-22T03:01:44
T11704,Mobile Crowdsensing and Crowdsourcing,1706,Computer Science Applications,17,Computer Science,3,Physical Sciences,22861,356078,9,10,2024-01-23T15:27:11,2026-09-22T03:01:44
T13908,Scientific and Historical Analyses,1211,Philosophy,12,Arts and Humanities,2,Social Sciences,22861,15660,48,10,2024-01-23T15:27:20,2026-09-22T03:01:44
T12889,"Psychoanalysis, Philosophy, and Politics",3203,Clinical Psychology,32,Psychology,2,Social Sciences,22841,160478,37,10,2024-01-23T15:27:16,2026-09-22T03:01:44
T13878,Case Reports on Hematomas,2746,Surgery,27,Medicine,4,Health Sciences,22836,56242,95,10,2024-01-23T15:27:20,2026-09-22T03:01:44
T12580,Vagus Nerve Stimulation Research,2808,Neurology,28,Neuroscience,1,Life Sciences,22834,310503,9,10,2024-01-23T15:27:14,2026-09-22T03:01:44
T13764,Political theory and Gramsci,3312,Sociology and Political Science,33,Social Sciences,2,Social Sciences,22785,222788,223,10,2024-01-23T15:27:19,2026-09-22T03:01:44
T14060,Education and Communication Studies,3304,Education,33,Social Sciences,2,Social Sciences,22710,54909,136,10,2024-01-23T15:27:21,2026-09-22T03:01:44
T12628,Polymer Foaming and Composites,2507,Polymers and Plastics,25,Materials Science,3,Physical Sciences,22701,225235,13,10,2024-01-23T15:27:15,2026-09-22T03:01:44
T14429,Global Political and Social Dynamics,3320,Political Science and International Relations,33,Social Sciences,2,Social Sciences,22653,104820,117,10,2024-01-23T15:27:22,2026-09-22T03:01:44
T13119,Philosophy and Social Theory,3312,Sociology and Political Science,33,Social Sciences,2,Social Sciences,22647,7663,223,10,2024-01-23T15:27:17,2026-09-22T03:01:44
T13776,Phytochemical and Pharmacological Studies,2707,Complementary and alternative medicine,27,Medicine,4,Health Sciences,22604,111080,19,10,2024-01-23T15:27:19,2026-09-22T03:01:44
T14304,Transport Systems and Technology,2210,Mechanical Engineering,22,Engineering,3,Physical Sciences,22586,47821,78,10,2024-01-23T15:27:22,2026-09-22T03:01:44
T13852,Seismic and Structural Analysis of Tall Buildings,2205,Civil and Structural Engineering,22,Engineering,3,Physical Sciences,22581,46753,41,10,2024-01-23T15:27:20,2026-09-22T03:01:44
T12839,Emile Durkheim and Sociology,3312,Sociology and Political Science,33,Social Sciences,2,Social Sciences,22565,58515,223,10,2024-01-23T15:27:15,2026-09-22T03:01:44
T12654,Xenotransplantation and immune response,2746,Surgery,27,Medicine,4,Health Sciences,22557,273054,95,10,2024-01-23T15:27:15,2026-09-22T03:01:44
T12528,"IL-33, ST2, and ILC Pathways",2403,Immunology,24,Immunology and Microbiology,1,Life Sciences,22516,590688,25,10,2024-01-23T15:27:14,2026-09-22T03:01:44
T14227,Educational Practices and Challenges,3304,Education,33,Social Sciences,2,Social Sciences,22485,42414,136,10,2024-01-23T15:27:21,2026-09-22T03:01:44
T13661,Reformed Theology and Governance,1211,Philosophy,12,Arts and Humanities,2,Social Sciences,22462,9131,48,10,2024-01-23T15:27:19,2026-09-22T03:01:44
T13709,Education in Diverse Contexts,3304,Education,33,Social Sciences,2,Social Sciences,22457,44528,136,10,2024-01-23T15:27:19,2026-09-22T03:01:44
T12210,Policy Transfer and Learning,3320,Political Science and International Relations,33,Social Sciences,2,Social Sciences,22396,268893,117,10,2024-01-23T15:27:13,2026-09-22T03:01:44
T12122,Physical Unclonable Functions (PUFs) and Hardware Security,1708,Hardware and Architecture,17,Computer Science,3,Physical Sciences,22364,237471,7,10,2024-01-23T15:27:13,2026-09-22T03:01:44
T14373,Securities Regulation and Market Practices,1406,Marketing,14,"Business, Management and Accounting",2,Social Sciences,22364,78040,14,10,2024-01-23T15:27:22,2026-09-22T03:01:44
T12962,Nephrotoxicity and Medicinal Plants,2741,"Radiology, Nuclear Medicine and Imaging",27,Medicine,4,Health Sciences,22229,154409,29,10,2024-01-23T15:27:16,2026-09-22T03:01:44
T12181,Agricultural and Biological Research,1106,Food Science,11,Agricultural and Biological Sciences,1,Life Sciences,22214,22400,31,10,2024-01-23T15:27:13,2026-09-22T03:01:44
T14056,Safety Warnings and Signage,3207,Social Psychology,32,Psychology,2,Social Sciences,22213,108842,51,10,2024-01-23T15:27:21,2026-09-22T03:01:44
T12135,Fuzzy Systems and Optimization,2613,Statistics and Probability,26,Mathematics,3,Physical Sciences,22171,282937,19,10,2024-01-23T15:27:13,2026-09-22T03:01:44
T13403,Higher Education in Latin America,3304,Education,33,Social Sciences,2,Social Sciences,22169,8062,136,10,2024-01-23T15:27:18,2026-09-22T03:01:44
T12434,Phosphodiesterase function and regulation,1312,Molecular Biology,13,"Biochemistry, Genetics and Molecular Biology",1,Life Sciences,22164,447913,134,10,2024-01-23T15:27:14,2026-09-22T03:01:44
T13980,Alexander von Humboldt Studies,2404,Microbiology,24,Immunology and Microbiology,1,Life Sciences,22156,29740,5,10,2024-01-23T15:27:20,2026-09-22T03:01:44
T14488,Chemical and Physical Studies,1304,Biophysics,13,"Biochemistry, Genetics and Molecular Biology",1,Life Sciences,22123,80800,5,10,2024-01-23T15:27:22,2026-09-22T03:01:44
T13930,Diverse Education and Engineering Focus,3304,Education,33,Social Sciences,2,Social Sciences,22087,31776,136,10,2024-01-23T15:27:20,2026-09-22T03:01:44
T12063,Heat and Mass Transfer in Porous Media,2206,Computational Mechanics,22,Engineering,3,Physical Sciences,22082,386817,29,10,2024-01-23T15:27:12,2026-09-22T03:01:44
T12916,COVID-19 impact on air quality,2306,Global and Planetary Change,23,Environmental Science,3,Physical Sciences,22055,150847,29,10,2024-01-23T15:27:16,2026-09-22T03:01:44
T12269,Effects of Vibration on Health,2732,Orthopedics and Sports Medicine,27,Medicine,4,Health Sciences,22038,207817,6,10,2024-01-23T15:27:13,2026-09-22T03:01:44
T12526,Antimicrobial agents and applications,1605,Organic Chemistry,16,Chemistry,3,Physical Sciences,22006,327089,60,10,2024-01-23T15:27:14,2026-09-22T03:01:44
T12723,Hannah Arendt's Political Philosophy,3320,Political Science and International Relations,33,Social Sciences,2,Social Sciences,22004,123543,117,10,2024-01-23T15:27:15,2026-09-22T03:01:44
T13989,Labour Market and Migration,3318,Gender Studies,33,Social Sciences,2,Social Sciences,21957,27069,20,10,2024-01-23T15:27:20,2026-09-22T03:01:44
T12155,Microwave Dielectric Ceramics Synthesis,2208,Electrical and Electronic Engineering,22,Engineering,3,Physical Sciences,21956,268615,116,10,2024-01-23T15:27:13,2026-09-22T03:01:44
T13014,Peace and Human Rights Education,3312,Sociology and Political Science,33,Social Sciences,2,Social Sciences,21895,66964,223,10,2024-01-23T15:27:16,2026-09-22T03:01:44
T12529,Ga2O3 and related materials,2504,"Electronic, Optical and Magnetic Materials",25,Materials Science,3,Physical Sciences,21884,378846,16,10,2024-01-23T15:27:14,2026-09-22T03:01:44
T13264,Walter Benjamin Studies Compilation,1211,Philosophy,12,Arts and Humanities,2,Social Sciences,21781,60844,48,10,2024-01-23T15:27:17,2026-09-22T03:01:44
T13132,"Hydropower, Displacement, Environmental Impact",3312,Sociology and Political Science,33,Social Sciences,2,Social Sciences,21776,101651,223,10,2024-01-23T15:27:17,2026-09-22T03:01:44
T13441,Ottoman Empire History and Society,3312,Sociology and Political Science,33,Social Sciences,2,Social Sciences,21768,18939,223,10,2024-01-23T15:27:18,2026-09-22T03:01:44
T13419,Ego Development and Educational Practices,3203,Clinical Psychology,32,Psychology,2,Social Sciences,21759,76150,37,10,2024-01-23T15:27:18,2026-09-22T03:01:44
T13991,Nuclear Receptors and Signaling,2804,Cellular and Molecular Neuroscience,28,Neuroscience,1,Life Sciences,21678,385699,12,10,2024-01-23T15:27:20,2026-09-22T03:01:44
T12943,COVID-19 Digital Contact Tracing,1710,Information Systems,17,Computer Science,3,Physical Sciences,21627,74344,77,10,2024-01-23T15:27:16,2026-09-22T03:01:44
T13563,Chemical Analysis and Environmental Impact,2307,"Health, Toxicology and Mutagenesis",23,Environmental Science,3,Physical Sciences,21604,187598,15,10,2024-01-23T15:27:19,2026-09-22T03:01:44
T12551,Forgiveness and Related Behaviors,3207,Social Psychology,32,Psychology,2,Social Sciences,21595,176435,51,10,2024-01-23T15:27:14,2026-09-22T03:01:44
T13898,Diverse Interdisciplinary Research Studies,1702,Artificial Intelligence,17,Computer Science,3,Physical Sciences,21584,19389,76,10,2024-01-23T15:27:20,2026-09-22T03:01:44
T12101,Advanced Bandit Algorithms Research,1803,Management Science and Operations Research,18,Decision Sciences,2,Social Sciences,21535,274480,33,10,2024-01-23T15:27:13,2026-09-22T03:01:44
T12371,Electrical Contact Performance and Analysis,2210,Mechanical Engineering,22,Engineering,3,Physical Sciences,21509,114285,78,10,2024-01-23T15:27:14,2026-09-22T03:01:44
T14405,Fisheries and Aquaculture Studies,1100,General Agricultural and Biological Sciences,11,Agricultural and Biological Sciences,1,Life Sciences,21506,50541,19,10,2024-01-23T15:27:22,2026-09-22T03:01:44
T14360,Psidium guajava Extracts and Applications,3004,Pharmacology,30,"Pharmacology, Toxicology and Pharmaceutics",1,Life Sciences,21484,88290,14,10,2024-01-23T15:27:22,2026-09-22T03:01:44
T13728,"Crime, Deviance, and Social Control",3312,Sociology and Political Science,33,Social Sciences,2,Social Sciences,21468,168096,223,10,2024-01-23T15:27:19,2026-09-22T03:01:44
T12809,Contact Mechanics and Variational Inequalities,1703,Computational Theory and Mathematics,17,Computer Science,3,Physical Sciences,21428,222261,23,10,2024-01-23T15:27:15,2026-09-22T03:01:44
T13219,Mind wandering and attention,2805,Cognitive Neuroscience,28,Neuroscience,1,Life Sciences,21396,256744,27,10,2024-01-23T15:27:17,2026-09-22T03:01:44
T13483,Herbal Medicine Research Studies,2707,Complementary and alternative medicine,27,Medicine,4,Health Sciences,21390,146782,19,10,2024-01-23T15:27:18,2026-09-22T03:01:44
T13651,Medicinal Plants and Bioactive Compounds,1312,Molecular Biology,13,"Biochemistry, Genetics and Molecular Biology",1,Life Sciences,21325,136987,134,10,2024-01-23T15:27:19,2026-09-22T03:01:44
T12247,Microbial Applications in Construction Materials,2305,Environmental Engineering,23,Environmental Science,3,Physical Sciences,21276,347096,18,10,2024-01-23T15:27:13,2026-09-22T03:01:44
T13767,Leech Biology and Applications,2736,Pharmacology,27,Medicine,4,Health Sciences,21275,77928,21,10,2024-01-23T15:27:19,2026-09-22T03:01:44
T13967,"Conservation, Ecology, Wildlife Education",2308,"Management, Monitoring, Policy and Law",23,Environmental Science,3,Physical Sciences,21246,72317,33,10,2024-01-23T15:27:20,2026-09-22T03:01:44
T13455,"Decadence, Literature, and Society",3312,Sociology and Political Science,33,Social Sciences,2,Social Sciences,21183,16454,223,10,2024-01-23T15:27:18,2026-09-22T03:01:44
T14043,Historical and modern epidemiology studies,3312,Sociology and Political Science,33,Social Sciences,2,Social Sciences,21174,82610,223,10,2024-01-23T15:27:21,2026-09-22T03:01:44
T14398,Agriculture and Social Issues,1110,Plant Science,11,Agricultural and Biological Sciences,1,Life Sciences,21163,3826,89,10,2024-01-23T15:27:22,2026-09-22T03:01:44
T13087,Simone de Beauvoir and Sartre,1211,Philosophy,12,Arts and Humanities,2,Social Sciences,21078,43594,48,10,2024-01-23T15:27:16,2026-09-22T03:01:44
T12933,Franchising Strategies and Performance,1408,Strategy and Management,14,"Business, Management and Accounting",2,Social Sciences,21056,107964,41,10,2024-01-23T15:27:16,2026-09-22T03:01:44
T12548,Hemostasis and retained surgical items,2720,Hematology,27,Medicine,4,Health Sciences,20992,215195,11,10,2024-01-23T15:27:14,2026-09-22T03:01:44
T12464,Neurological Complications and Syndromes,2738,Psychiatry and Mental health,27,Medicine,4,Health Sciences,20986,181098,15,10,2024-01-23T15:27:14,2026-09-22T03:01:44
T13461,Vladimir Nabokov Literary Studies,3316,Cultural Studies,33,Social Sciences,2,Social Sciences,20945,8598,37,10,2024-01-23T15:27:18,2026-09-22T03:01:44
T11931,Organoselenium and organotellurium chemistry,3005,Toxicology,30,"Pharmacology, Toxicology and Pharmaceutics",1,Life Sciences,20941,218975,3,10,2024-01-23T15:27:12,2026-09-22T03:01:44
T13615,Transportation Systems and Safety,1704,Computer Graphics and Computer-Aided Design,17,Computer Science,3,Physical Sciences,20885,24103,3,10,2024-01-23T15:27:19,2026-09-22T03:01:44
T13629,Text Readability and Simplification,1702,Artificial Intelligence,17,Computer Science,3,Physical Sciences,20883,140772,76,10,2024-01-23T15:27:19,2026-09-22T03:01:44
T11802,Chemical Looping and Thermochemical Processes,2204,Biomedical Engineering,22,Engineering,3,Physical Sciences,20882,453201,71,10,2024-01-23T15:27:11,2026-09-22T03:01:44
T14150,Biochemical and biochemical processes,1305,Biotechnology,13,"Biochemistry, Genetics and Molecular Biology",1,Life Sciences,20864,235756,7,10,2024-01-23T15:27:21,2026-09-22T03:01:44
T12761,Data Stream Mining Techniques,1702,Artificial Intelligence,17,Computer Science,3,Physical Sciences,20857,278802,76,10,2024-01-23T15:27:15,2026-09-22T03:01:44
T11525,Piezoelectric Actuators and Control,2207,Control and Systems Engineering,22,Engineering,3,Physical Sciences,20807,226164,43,10,2024-01-23T15:27:10,2026-09-22T03:01:44
T12483,Global Urban Networks and Dynamics,3322,Urban Studies,33,Social Sciences,2,Social Sciences,20806,96291,18,10,2024-01-23T15:27:14,2026-09-22T03:01:44
T13512,Spatial and Cultural Studies,3305,"Geography, Planning and Development",33,Social Sciences,2,Social Sciences,20797,47364,14,10,2024-01-23T15:27:18,2026-09-22T03:01:44
T12878,Pharmaceutical Quality and Counterfeiting,2739,"Public Health, Environmental and Occupational Health",27,Medicine,4,Health Sciences,20773,86755,53,10,2024-01-23T15:27:16,2026-09-22T03:01:44
T14466,"Migration, Health, Geopolitics, Historical Geography",3317,Demography,33,Social Sciences,2,Social Sciences,20750,21790,26,10,2024-01-23T15:27:22,2026-09-22T03:01:44
T14457,Intellectual Property Rights and Media,3320,Political Science and International Relations,33,Social Sciences,2,Social Sciences,20739,20613,117,10,2024-01-23T15:27:22,2026-09-22T03:01:44
T13761,HIV/AIDS oral health manifestations,2739,"Public Health, Environmental and Occupational Health",27,Medicine,4,Health Sciences,20725,112023,53,10,2024-01-23T15:27:19,2026-09-22T03:01:44
T14247,"Borges, Kipling, and Jewish Identity",1208,Literature and Literary Theory,12,Arts and Humanities,2,Social Sciences,20696,34008,52,10,2024-01-23T15:27:21,2026-09-22T03:01:44
T12092,Erosion and Abrasive Machining,2302,Ecological Modeling,23,Environmental Science,3,Physical Sciences,20632,218330,2,10,2024-01-23T15:27:13,2026-09-22T03:01:44
T14038,"Youth, Politics, and Society",3312,Sociology and Political Science,33,Social Sciences,2,Social Sciences,20613,22561,223,10,2024-01-23T15:27:21,2026-09-22T03:01:44
T12131,Wireless Signal Modulation Classification,1702,Artificial Intelligence,17,Computer Science,3,Physical Sciences,20535,180345,76,10,2024-01-23T15:27:13,2026-09-22T03:01:44
T12285,Surface Chemistry and Catalysis,2204,Biomedical Engineering,22,Engineering,3,Physical Sciences,20523,375765,71,10,2024-01-23T15:27:13,2026-09-22T03:01:44
T14350,"Innovation, Sustainability, Human-Machine Systems",3312,Sociology and Political Science,33,Social Sciences,2,Social Sciences,20476,90598,223,10,2024-01-23T15:27:22,2026-09-22T03:01:44
T13353,Flow Experience in Various Fields,3204,Developmental and Educational Psychology,32,Psychology,2,Social Sciences,20428,157626,19,10,2024-01-23T15:27:18,2026-09-22T03:01:44
T13431,Education Methods and Integration,1407,Organizational Behavior and Human Resource Management,14,"Business, Management and Accounting",2,Social Sciences,20319,1288,29,10,2024-01-23T15:27:18,2026-09-22T03:01:44
T14520,Sustainable Urban and Rural Development,3322,Urban Studies,33,Social Sciences,2,Social Sciences,20315,18880,18,10,2024-01-23T15:27:22,2026-09-22T03:01:44
T12978,Innovative Teaching Methodologies in Social Sciences,3304,Education,33,Social Sciences,2,Social Sciences,20285,66801,136,10,2024-01-23T15:27:16,2026-09-22T03:01:44
T13775,Hydrogen's biological and therapeutic effects,2746,Surgery,27,Medicine,4,Health Sciences,20264,142966,95,10,2024-01-23T15:27:19,2026-09-22T03:01:44
T12326,Network Packet Processing and Optimization,1708,Hardware and Architecture,17,Computer Science,3,Physical Sciences,20231,118426,7,10,2024-01-23T15:27:13,2026-09-22T03:01:44
T12567,Heat transfer and supercritical fluids,2206,Computational Mechanics,22,Engineering,3,Physical Sciences,20187,176527,29,10,2024-01-23T15:27:14,2026-09-22T03:01:44
T13707,"Literature, Language, and Rhetoric Studies",3312,Sociology and Political Science,33,Social Sciences,2,Social Sciences,20169,25788,223,10,2024-01-23T15:27:19,2026-09-22T03:01:44
T13258,Williams Syndrome Research,2806,Developmental Neuroscience,28,Neuroscience,1,Life Sciences,20150,149740,2,10,2024-01-23T15:27:17,2026-09-22T03:01:44
T14138,Life Cycle Costing Analysis,1402,Accounting,14,"Business, Management and Accounting",2,Social Sciences,20101,72603,21,10,2024-01-23T15:27:21,2026-09-22T03:01:44
T14031,Global and Cross-Cultural Management,3314,Anthropology,33,Social Sciences,2,Social Sciences,20084,194767,24,10,2024-01-23T15:27:20,2026-09-22T03:01:44
T13192,Forensic Fingerprint Detection Methods,3311,Safety Research,33,Social Sciences,2,Social Sciences,20055,117598,18,10,2024-01-23T15:27:17,2026-09-22T03:01:44
T12861,"Migration, Education, Indigenous Social Dynamics",3316,Cultural Studies,33,Social Sciences,2,Social Sciences,20009,26524,37,10,2024-01-23T15:27:16,2026-09-22T03:01:44
T13740,Soil Science and Environmental Management,1111,Soil Science,11,Agricultural and Biological Sciences,1,Life Sciences,19950,12215,11,10,2024-01-23T15:27:19,2026-09-22T03:01:44
T13810,Legal Systems and Institutions,1408,Strategy and Management,14,"Business, Management and Accounting",2,Social Sciences,19902,7841,41,10,2024-01-23T15:27:20,2026-09-22T03:01:44
T13748,Advanced Statistical Modeling Techniques,1705,Computer Networks and Communications,17,Computer Science,3,Physical Sciences,19891,473370,42,10,2024-01-23T15:27:19,2026-09-22T03:01:44
T13328,Osteomyelitis and Bone Disorders Research,2745,Rheumatology,27,Medicine,4,Health Sciences,19850,91340,23,10,2024-01-23T15:27:18,2026-09-22T03:01:44
T14152,Healthcare Facilities Design and Sustainability,3322,Urban Studies,33,Social Sciences,2,Social Sciences,19829,17568,18,10,2024-01-23T15:27:21,2026-09-22T03:01:44
T13826,"Bangladesh Politics, Society, and Development",3320,Political Science and International Relations,33,Social Sciences,2,Social Sciences,19771,32393,117,10,2024-01-23T15:27:20,2026-09-22T03:01:44
T12865,Tailings Management and Properties,2205,Civil and Structural Engineering,22,Engineering,3,Physical Sciences,19673,124625,41,10,2024-01-23T15:27:16,2026-09-22T03:01:44
T14188,Latin American Legal and Economic Studies,3320,Political Science and International Relations,33,Social Sciences,2,Social Sciences,19636,4795,117,10,2024-01-23T15:27:21,2026-09-22T03:01:44
T13309,Reliability and Agreement in Measurement,1804,"Statistics, Probability and Uncertainty",18,Decision Sciences,2,Social Sciences,19622,506239,8,10,2024-01-23T15:27:17,2026-09-22T03:01:44
T12643,Sustainability and Ecological Systems Analysis,2305,Environmental Engineering,23,Environmental Science,3,Physical Sciences,19617,348107,18,10,2024-01-23T15:27:15,2026-09-22T03:01:44
T12079,IoT Networks and Protocols,2208,Electrical and Electronic Engineering,22,Engineering,3,Physical Sciences,19611,190193,116,10,2024-01-23T15:27:13,2026-09-22T03:01:44
T14375,"Cultural, Linguistic, Economic Studies",3300,General Social Sciences,33,Social Sciences,2,Social Sciences,19598,23277,15,10,2024-01-23T15:27:22,2026-09-22T03:01:44
T12883,Sustainable Development and Environmental Management,2308,"Management, Monitoring, Policy and Law",23,Environmental Science,3,Physical Sciences,19546,20809,33,10,2024-01-23T15:27:16,2026-09-21T03:01:53
T13062,Cognitive Computing and Networks,1702,Artificial Intelligence,17,Computer Science,3,Physical Sciences,19544,129319,76,10,2024-01-23T15:27:16,2026-09-22T03:01:44
T14014,Transportation Systems and Infrastructure,1405,Management of Technology and Innovation,14,"Business, Management and Accounting",2,Social Sciences,19479,22542,15,10,2024-01-23T15:27:20,2026-09-22T03:01:44
T12820,Chromatin Remodeling and Cancer,1312,Molecular Biology,13,"Biochemistry, Genetics and Molecular Biology",1,Life Sciences,19456,339090,134,10,2024-01-23T15:27:15,2026-09-22T03:01:44
T13149,Organizational Change and Leadership,1407,Organizational Behavior and Human Resource Management,14,"Business, Management and Accounting",2,Social Sciences,19456,73190,29,10,2024-01-23T15:27:17,2026-09-22T03:01:44
T12368,Grey System Theory Applications,1803,Management Science and Operations Research,18,Decision Sciences,2,Social Sciences,19389,126303,33,10,2024-01-23T15:27:14,2026-09-22T03:01:44
T14019,Socioeconomic and Demographic Analysis,2308,"Management, Monitoring, Policy and Law",23,Environmental Science,3,Physical Sciences,19367,56522,33,10,2024-01-23T15:27:20,2026-09-22T03:01:44
T13678,Agricultural Research and Practices,1100,General Agricultural and Biological Sciences,11,Agricultural and Biological Sciences,1,Life Sciences,19340,24977,19,10,2024-01-23T15:27:19,2026-09-22T03:01:44
T13857,Mining and Industrial Processes,1106,Food Science,11,Agricultural and Biological Sciences,1,Life Sciences,19287,14113,31,10,2024-01-23T15:27:20,2026-09-22T03:01:44
T13985,Enterprise Management and Information Systems,1405,Management of Technology and Innovation,14,"Business, Management and Accounting",2,Social Sciences,19227,23321,15,10,2024-01-23T15:27:20,2026-09-22T03:01:44
T12345,Adult and Continuing Education Topics,3304,Education,33,Social Sciences,2,Social Sciences,19185,192020,136,10,2024-01-23T15:27:14,2026-09-22T03:01:44
T13495,Biographical and Historical Analysis,1202,History,12,Arts and Humanities,2,Social Sciences,19165,11167,43,10,2024-01-23T15:27:18,2026-09-22T03:01:44
T13399,Unemployment and Economic Growth,2002,Economics and Econometrics,20,"Economics, Econometrics and Finance",2,Social Sciences,19151,39278,78,10,2024-01-23T15:27:18,2026-09-22T03:01:44
T13254,Macrophage Migration Inhibitory Factor,2403,Immunology,24,Immunology and Microbiology,1,Life Sciences,19145,399134,25,10,2024-01-23T15:27:17,2026-09-22T03:01:44
T13232,Laser-Ablation Synthesis of Nanoparticles,2204,Biomedical Engineering,22,Engineering,3,Physical Sciences,19142,247648,71,10,2024-01-23T15:27:17,2026-09-22T03:01:44
T12491,Superconductivity in MgB2 and Alloys,3104,Condensed Matter Physics,31,Physics and Astronomy,3,Physical Sciences,19141,211982,7,10,2024-01-23T15:27:14,2026-09-22T03:01:44
T13608,Advanced Computational Techniques in Science and Engineering,1710,Information Systems,17,Computer Science,3,Physical Sciences,19116,82548,77,10,2024-01-23T15:27:19,2026-09-22T03:01:44
T14141,Colonial History and Postcolonial Studies,3312,Sociology and Political Science,33,Social Sciences,2,Social Sciences,19107,62640,223,10,2024-01-23T15:27:21,2026-09-22T03:01:44
T12523,Nasolacrimal Duct Obstruction Treatments,2731,Ophthalmology,27,Medicine,4,Health Sciences,19080,128966,11,10,2024-01-23T15:27:14,2026-09-22T03:01:44
T12740,Gait Recognition and Analysis,2204,Biomedical Engineering,22,Engineering,3,Physical Sciences,19065,195295,71,10,2024-01-23T15:27:15,2026-09-22T03:01:44
T13150,Study and Philosophy of Religion,1211,Philosophy,12,Arts and Humanities,2,Social Sciences,18993,30650,48,10,2024-01-23T15:27:17,2026-09-22T03:01:44
T14016,International Relations and Autism,3322,Urban Studies,33,Social Sciences,2,Social Sciences,18882,8288,18,10,2024-01-23T15:27:20,2026-09-22T03:01:44
T14326,Ear and Head Tumors,2730,Oncology,27,Medicine,4,Health Sciences,18838,137322,33,10,2024-01-23T15:27:22,2026-09-22T03:01:44
T13250,Semiotics and Representation Studies,1208,Literature and Literary Theory,12,Arts and Humanities,2,Social Sciences,18807,20622,52,10,2024-01-23T15:27:17,2026-09-22T03:01:44
T14492,"War, Law, and Justice",3320,Political Science and International Relations,33,Social Sciences,2,Social Sciences,18780,2554,117,10,2024-01-23T15:27:22,2026-09-22T03:01:44
T14240,E-Learning and COVID-19,3304,Education,33,Social Sciences,2,Social Sciences,18772,36731,136,10,2024-01-23T15:27:21,2026-09-22T03:01:44
T14140,Elite Sociology and Global Capitalism,3312,Sociology and Political Science,33,Social Sciences,2,Social Sciences,18695,169808,223,10,2024-01-23T15:27:21,2026-09-22T03:01:44
T12638,Pomegranate: compositions and health benefits,2916,Nutrition and Dietetics,29,Nursing,4,Health Sciences,18687,291183,16,10,2024-01-23T15:27:15,2026-09-22T03:01:44
T12880,Qualitative Research Methods and Applications,3304,Education,33,Social Sciences,2,Social Sciences,18679,1490801,136,10,2024-01-23T15:27:16,2026-09-22T03:01:44
T12818,"Pneumothorax, Barotrauma, Emphysema",2740,Pulmonary and Respiratory Medicine,27,Medicine,4,Health Sciences,18658,97718,51,10,2024-01-23T15:27:15,2026-09-22T03:01:44
T12024,Ultra-Wideband Communications Technology,2208,Electrical and Electronic Engineering,22,Engineering,3,Physical Sciences,18623,140074,116,10,2024-01-23T15:27:12,2026-09-22T03:01:44
T13976,Web visibility and informetrics,1710,Information Systems,17,Computer Science,3,Physical Sciences,18556,72207,77,10,2024-01-23T15:27:20,2026-09-22T03:01:44
T14050,Forest Ecology and Conservation,1107,Forestry,11,Agricultural and Biological Sciences,1,Life Sciences,18551,36362,6,10,2024-01-23T15:27:21,2026-09-22T03:01:44
T12416,Polymer Nanocomposite Synthesis and Irradiation,2507,Polymers and Plastics,25,Materials Science,3,Physical Sciences,18540,235367,13,10,2024-01-23T15:27:14,2026-09-22T03:01:44
T13054,Agricultural and Financial Auditing,1100,General Agricultural and Biological Sciences,11,Agricultural and Biological Sciences,1,Life Sciences,18524,10273,19,10,2024-01-23T15:27:16,2026-09-22T03:01:44
T13480,Innovations and Analysis in Business and Education,1803,Management Science and Operations Research,18,Decision Sciences,2,Social Sciences,18516,12958,33,10,2024-01-23T15:27:18,2026-09-22T03:01:44
T14228,Religion and Sociopolitical Dynamics in Nigeria,3300,General Social Sciences,33,Social Sciences,2,Social Sciences,18513,50956,15,10,2024-01-23T15:27:21,2026-09-22T03:01:44
T12601,Web Applications and Data Management,1710,Information Systems,17,Computer Science,3,Physical Sciences,18510,66374,77,10,2024-01-23T15:27:15,2026-09-22T03:01:44
T13052,Molecular Communication and Nanonetworks,2204,Biomedical Engineering,22,Engineering,3,Physical Sciences,18497,137726,71,10,2024-01-23T15:27:16,2026-09-22T03:01:44
T12662,Digitalization and Economic Development in Agriculture,1408,Strategy and Management,14,"Business, Management and Accounting",2,Social Sciences,18495,30468,41,10,2024-01-23T15:27:15,2026-09-22T03:01:44
T13906,Social Issues and Policies,3311,Safety Research,33,Social Sciences,2,Social Sciences,18458,50518,18,10,2024-01-23T15:27:20,2026-09-22T03:01:44
T12758,Saffron Plant Research Studies,2730,Oncology,27,Medicine,4,Health Sciences,18370,193987,33,10,2024-01-23T15:27:15,2026-09-22T03:01:44
T11790,N-Heterocyclic Carbenes in Organic and Inorganic Chemistry,1605,Organic Chemistry,16,Chemistry,3,Physical Sciences,18320,560931,60,10,2024-01-23T15:27:11,2026-09-22T03:01:44
T14114,Digital Media and Philosophy,1706,Computer Science Applications,17,Computer Science,3,Physical Sciences,18312,37203,9,10,2024-01-23T15:27:21,2026-09-22T03:01:44
T12440,Karl Barth and Christian Theology,1211,Philosophy,12,Arts and Humanities,2,Social Sciences,18289,10274,48,10,2024-01-23T15:27:14,2026-09-22T03:01:44
T13082,Water and Land Management,2308,"Management, Monitoring, Policy and Law",23,Environmental Science,3,Physical Sciences,18257,16757,33,10,2024-01-23T15:27:16,2026-09-22T03:01:44
T13833,Ferrocene Chemistry and Applications,1605,Organic Chemistry,16,Chemistry,3,Physical Sciences,18255,235304,60,10,2024-01-23T15:27:20,2026-09-22T03:01:44
T13197,Spreadsheets and End-User Computing,1712,Software,17,Computer Science,3,Physical Sciences,18253,68885,4,10,2024-01-23T15:27:17,2026-09-22T03:01:44
T13266,Indigenous Studies in Latin America,3316,Cultural Studies,33,Social Sciences,2,Social Sciences,18218,9754,37,10,2024-01-23T15:27:17,2026-09-22T03:01:44
T14082,"Modeling, Simulation, and Optimization",2607,Discrete Mathematics and Combinatorics,26,Mathematics,3,Physical Sciences,18193,51013,3,10,2024-01-23T15:27:21,2026-09-22T03:01:44
T12106,Surface Treatment and Residual Stress,2210,Mechanical Engineering,22,Engineering,3,Physical Sciences,18185,228641,78,10,2024-01-23T15:27:13,2026-09-22T03:01:44
T12476,Intraoperative Neuromonitoring and Anesthetic Effects,2746,Surgery,27,Medicine,4,Health Sciences,18136,199203,95,10,2024-01-23T15:27:14,2026-09-22T03:01:44
T13115,Axial and Atropisomeric Chirality Synthesis,1605,Organic Chemistry,16,Chemistry,3,Physical Sciences,18083,268138,60,10,2024-01-23T15:27:17,2026-09-22T03:01:44
T13934,Indigenous Knowledge Systems and Agriculture,1110,Plant Science,11,Agricultural and Biological Sciences,1,Life Sciences,18076,62455,89,10,2024-01-23T15:27:20,2026-09-22T03:01:44
T12426,Lymphatic Disorders and Treatments,2746,Surgery,27,Medicine,4,Health Sciences,18056,146511,95,10,2024-01-23T15:27:14,2026-09-22T03:01:44
T14314,"Violence, Religion, and Philosophy",1211,Philosophy,12,Arts and Humanities,2,Social Sciences,18007,47998,48,10,2024-01-23T15:27:22,2026-09-22T03:01:44
T14001,Evelyn Waugh and Hans Urs von Balthasar Studies,1208,Literature and Literary Theory,12,Arts and Humanities,2,Social Sciences,17950,6814,52,10,2024-01-23T15:27:20,2026-09-22T03:01:44
T14132,Medical Research and Islamic Perspectives,1212,Religious studies,12,Arts and Humanities,2,Social Sciences,17950,3652,14,10,2024-01-23T15:27:21,2026-09-22T03:01:44
T13789,Global Education Systems and Policies,3304,Education,33,Social Sciences,2,Social Sciences,17893,44478,136,10,2024-01-23T15:27:19,2026-09-22T03:01:44
T12901,Tattoo and Body Piercing Complications,3316,Cultural Studies,33,Social Sciences,2,Social Sciences,17877,82884,37,10,2024-01-23T15:27:16,2026-09-22T03:01:44
T13320,Ukrainian Cultural and Linguistic Studies,3312,Sociology and Political Science,33,Social Sciences,2,Social Sciences,17864,3265,223,10,2024-01-23T15:27:18,2026-09-22T03:01:44
T12944,Animal Nutrition and Health,1110,Plant Science,11,Agricultural and Biological Sciences,1,Life Sciences,17834,24159,89,10,2024-01-23T15:27:16,2026-09-22T03:01:44
T14074,Persona Design and Applications,1709,Human-Computer Interaction,17,Computer Science,3,Physical Sciences,17812,73394,7,10,2024-01-23T15:27:21,2026-09-22T03:01:44
T13974,"Health, Education, and Aging",3306,Health,33,Social Sciences,2,Social Sciences,17804,6815,13,10,2024-01-23T15:27:20,2026-09-22T03:01:44
T13137,Strategic Planning and Analysis,1408,Strategy and Management,14,"Business, Management and Accounting",2,Social Sciences,17791,48032,41,10,2024-01-23T15:27:17,2026-09-22T03:01:44
T13786,Diverse Academic Research Studies,3316,Cultural Studies,33,Social Sciences,2,Social Sciences,17771,4388,37,10,2024-01-23T15:27:19,2026-09-22T03:01:44
T13981,"Violence, Education, and Gender Studies",3304,Education,33,Social Sciences,2,Social Sciences,17695,6927,136,10,2024-01-23T15:27:20,2026-09-22T03:01:44
T14092,"Ethics, Aesthetics, and Art",1211,Philosophy,12,Arts and Humanities,2,Social Sciences,17678,57279,48,10,2024-01-23T15:27:21,2026-09-22T03:01:44
T12892,Social Power and Status Dynamics,3312,Sociology and Political Science,33,Social Sciences,2,Social Sciences,17654,139553,223,10,2024-01-23T15:27:16,2026-09-22T03:01:44
T14245,Biomarkers in Disease Mechanisms,2403,Immunology,24,Immunology and Microbiology,1,Life Sciences,17590,124772,25,10,2024-01-23T15:27:21,2026-09-22T03:01:44
T14286,Parkinson's Disease and Spinal Disorders,2728,Neurology,27,Medicine,4,Health Sciences,17587,71176,21,10,2024-01-23T15:27:22,2026-09-22T03:01:44
T13825,Economic Policies and Impacts,2002,Economics and Econometrics,20,"Economics, Econometrics and Finance",2,Social Sciences,17546,181903,78,10,2024-01-23T15:27:20,2026-09-22T03:01:44
T12453,Infectious Aortic and Vascular Conditions,2746,Surgery,27,Medicine,4,Health Sciences,17497,171054,95,10,2024-01-23T15:27:14,2026-09-22T03:01:44
T14338,"Leadership, Human Resources, Global Affairs",3320,Political Science and International Relations,33,Social Sciences,2,Social Sciences,17425,107262,117,10,2024-01-23T15:27:22,2026-09-22T03:01:44
T13536,Psychological and Temporal Perspectives Research,3205,Experimental and Cognitive Psychology,32,Psychology,2,Social Sciences,17341,245606,23,10,2024-01-23T15:27:18,2026-09-22T03:01:44
T12833,Bartonella species infections research,2405,Parasitology,24,Immunology and Microbiology,1,Life Sciences,17306,181559,6,10,2024-01-23T15:27:15,2026-09-22T03:01:44
T13218,Sesame and Sesamin Research,1110,Plant Science,11,Agricultural and Biological Sciences,1,Life Sciences,17303,101044,89,10,2024-01-23T15:27:17,2026-09-22T03:01:44
T13648,Cerebrovascular and genetic disorders,2728,Neurology,27,Medicine,4,Health Sciences,17290,168297,21,10,2024-01-23T15:27:19,2026-09-22T03:01:44
T12914,Infectious Disease Case Reports and Treatments,2725,Infectious Diseases,27,Medicine,4,Health Sciences,17260,107548,20,10,2024-01-23T15:27:16,2026-09-22T03:01:44
T13581,New Caledonia Indigenous Studies,3312,Sociology and Political Science,33,Social Sciences,2,Social Sciences,17250,7089,223,10,2024-01-23T15:27:19,2026-09-22T03:01:44
T13105,Synthesis and pharmacology of benzodiazepine derivatives,1605,Organic Chemistry,16,Chemistry,3,Physical Sciences,17230,100408,60,10,2024-01-23T15:27:17,2026-09-22T03:01:44
T13862,"Soil, Finite Element Methods",2211,Mechanics of Materials,22,Engineering,3,Physical Sciences,17221,75621,28,10,2024-01-23T15:27:20,2026-09-22T03:01:44
T12879,Distributed Sensor Networks and Detection Algorithms,1705,Computer Networks and Communications,17,Computer Science,3,Physical Sciences,17206,181296,42,10,2024-01-23T15:27:16,2026-09-22T03:01:44
T13859,Organic Chemistry Synthesis Methods,1605,Organic Chemistry,16,Chemistry,3,Physical Sciences,17168,65482,60,10,2024-01-23T15:27:20,2026-09-22T03:01:44
T13489,Synthesis of β-Lactam Compounds,1605,Organic Chemistry,16,Chemistry,3,Physical Sciences,17087,159011,60,10,2024-01-23T15:27:18,2026-09-22T03:01:44
T13426,Kruppel-like factors research,1312,Molecular Biology,13,"Biochemistry, Genetics and Molecular Biology",1,Life Sciences,17064,279396,134,10,2024-01-23T15:27:18,2026-09-22T03:01:44
T13777,Cognitive and psychological constructs research,3207,Social Psychology,32,Psychology,2,Social Sciences,17043,367434,51,10,2024-01-23T15:27:19,2026-09-22T03:01:44
T12479,Web Application Security Vulnerabilities,1710,Information Systems,17,Computer Science,3,Physical Sciences,17015,84842,77,10,2024-01-23T15:27:14,2026-09-22T03:01:44
T13791,Veterinary medicine and infectious diseases,3404,Small Animals,34,Veterinary,4,Health Sciences,16990,139401,9,10,2024-01-23T15:27:19,2026-09-22T03:01:44
T13798,Hops Chemistry and Applications,3004,Pharmacology,30,"Pharmacology, Toxicology and Pharmaceutics",1,Life Sciences,16971,114718,14,10,2024-01-23T15:27:19,2026-09-22T03:01:44
T14333,Dermatoglyphics and Human Traits,1311,Genetics,13,"Biochemistry, Genetics and Molecular Biology",1,Life Sciences,16928,64413,39,10,2024-01-23T15:27:22,2026-09-22T03:01:44
T12676,Machine Learning and ELM,1702,Artificial Intelligence,17,Computer Science,3,Physical Sciences,16925,270603,76,10,2024-01-23T15:27:15,2026-09-22T03:01:44
T12429,Chemotherapy-induced organ toxicity mitigation,2734,Pathology and Forensic Medicine,27,Medicine,4,Health Sciences,16861,291930,22,10,2024-01-23T15:27:14,2026-09-22T03:01:44
T14264,"Law, Ethics, and AI Impact",1407,Organizational Behavior and Human Resource Management,14,"Business, Management and Accounting",2,Social Sciences,16841,8139,29,10,2024-01-23T15:27:21,2026-09-22T03:01:44
T14336,Land Use and Management,3320,Political Science and International Relations,33,Social Sciences,2,Social Sciences,16833,10553,117,10,2024-01-23T15:27:22,2026-09-22T03:01:44
T13279,Safe Handling of Antineoplastic Drugs,3609,Occupational Therapy,36,Health Professions,4,Health Sciences,16815,79602,7,10,2024-01-23T15:27:17,2026-09-22T03:01:44
T14296,Climate Change and Sustainable Development,2306,Global and Planetary Change,23,Environmental Science,3,Physical Sciences,16764,59234,29,10,2024-01-23T15:27:22,2026-09-22T03:01:44
T13391,Innovations in Aquaponics and Hydroponics Systems,1104,Aquatic Science,11,Agricultural and Biological Sciences,1,Life Sciences,16724,75012,6,10,2024-01-23T15:27:18,2026-09-22T03:01:44
T13827,Mechatronics Education and Applications,2210,Mechanical Engineering,22,Engineering,3,Physical Sciences,16671,29344,78,10,2024-01-23T15:27:20,2026-09-22T03:01:44
T14501,Global Economic and Social Development,2002,Economics and Econometrics,20,"Economics, Econometrics and Finance",2,Social Sciences,16670,69409,78,10,2024-01-23T15:27:22,2026-09-22T03:01:44
T13732,"Aerospace, Electronics, Mathematical Modeling",2309,Nature and Landscape Conservation,23,Environmental Science,3,Physical Sciences,16668,17341,11,10,2024-01-23T15:27:19,2026-09-22T03:01:44
T13434,Cancer Research and Treatment,2730,Oncology,27,Medicine,4,Health Sciences,16663,81437,33,10,2024-01-23T15:27:18,2026-09-22T03:01:44
T12835,FOXO transcription factor regulation,1312,Molecular Biology,13,"Biochemistry, Genetics and Molecular Biology",1,Life Sciences,16658,389839,134,10,2024-01-23T15:27:15,2026-09-22T03:01:44
T13881,Sociology and Norbert Elias,3312,Sociology and Political Science,33,Social Sciences,2,Social Sciences,16643,48461,223,10,2024-01-23T15:27:20,2026-09-22T03:01:44
T13486,"Literature, Magical Realism, García Márquez",1208,Literature and Literary Theory,12,Arts and Humanities,2,Social Sciences,16624,25697,52,10,2024-01-23T15:27:18,2026-09-22T03:01:44
T13792,Morinda citrifolia extract uses,2707,Complementary and alternative medicine,27,Medicine,4,Health Sciences,16598,86669,19,10,2024-01-23T15:27:19,2026-09-22T03:01:44
T14419,Banking Systems and Strategies,1402,Accounting,14,"Business, Management and Accounting",2,Social Sciences,16555,15781,21,10,2024-01-23T15:27:22,2026-09-21T03:01:53
T14385,Franz Kafka Literary Studies,1208,Literature and Literary Theory,12,Arts and Humanities,2,Social Sciences,16520,16308,52,10,2024-01-23T15:27:22,2026-09-22T03:01:44
T13021,Geology and Environmental Impact Studies,3308,Law,33,Social Sciences,2,Social Sciences,16493,15379,39,10,2024-01-23T15:27:16,2026-09-22T03:01:44
T14269,Food Security and Socioeconomic Dynamics,1100,General Agricultural and Biological Sciences,11,Agricultural and Biological Sciences,1,Life Sciences,16464,19003,19,10,2024-01-23T15:27:21,2026-09-22T03:01:44
T14209,Public health and occupational medicine,3320,Political Science and International Relations,33,Social Sciences,2,Social Sciences,16457,24902,117,10,2024-01-23T15:27:21,2026-09-22T03:01:44
T13943,Beetle Biology and Toxicology Studies,1306,Cancer Research,13,"Biochemistry, Genetics and Molecular Biology",1,Life Sciences,16448,69416,12,10,2024-01-23T15:27:20,2026-09-22T03:01:44
T13771,Advanced Research in Science and Engineering,2611,Modeling and Simulation,26,Mathematics,3,Physical Sciences,16339,15757,5,10,2024-01-23T15:27:19,2026-09-22T03:01:44
T13708,History of Emotions Research,1202,History,12,Arts and Humanities,2,Social Sciences,16316,42025,43,10,2024-01-23T15:27:19,2026-09-22T03:01:44
T13949,Belt and Road Initiative,2002,Economics and Econometrics,20,"Economics, Econometrics and Finance",2,Social Sciences,16309,21782,78,10,2024-01-23T15:27:20,2026-09-22T03:01:44
T12734,Information Systems and Technology Applications,1404,Management Information Systems,14,"Business, Management and Accounting",2,Social Sciences,16307,26677,15,10,2024-01-23T15:27:15,2026-09-22T03:01:44
T14224,"Oil, Gas, and Environmental Issues",2105,"Renewable Energy, Sustainability and the Environment",21,Energy,3,Physical Sciences,16283,45142,21,10,2024-01-23T15:27:21,2026-09-22T03:01:44
T14100,Scientific Research and Technology,1706,Computer Science Applications,17,Computer Science,3,Physical Sciences,16256,10318,9,10,2024-01-23T15:27:21,2026-09-22T03:01:44
T13935,Mathematical Control Systems and Analysis,1702,Artificial Intelligence,17,Computer Science,3,Physical Sciences,16223,70351,76,10,2024-01-23T15:27:20,2026-09-22T03:01:44
T14413,Advanced Technologies in Various Fields,1702,Artificial Intelligence,17,Computer Science,3,Physical Sciences,16209,32077,76,10,2024-01-23T15:27:22,2026-09-22T03:01:44
T12569,Restless Legs Syndrome Research,2713,Epidemiology,27,Medicine,4,Health Sciences,16161,237393,41,10,2024-01-23T15:27:14,2026-09-22T03:01:44
T13030,Survey Sampling and Estimation Techniques,2613,Statistics and Probability,26,Mathematics,3,Physical Sciences,16153,164773,19,10,2024-01-23T15:27:16,2026-09-22T03:01:44
T14308,Psychological and Educational Research Studies,3205,Experimental and Cognitive Psychology,32,Psychology,2,Social Sciences,16096,217266,23,10,2024-01-23T15:27:22,2026-09-22T03:01:44
T12299,Radiation Shielding Materials Analysis,2505,Materials Chemistry,25,Materials Science,3,Physical Sciences,16044,249665,68,10,2024-01-23T15:27:13,2026-09-22T03:01:44
T13921,Biological Stains and Phytochemicals,2736,Pharmacology,27,Medicine,4,Health Sciences,16022,85617,21,10,2024-01-23T15:27:20,2026-09-22T03:01:44
T12905,Management Systems and Quality Improvement,1408,Strategy and Management,14,"Business, Management and Accounting",2,Social Sciences,16014,11656,41,10,2024-01-23T15:27:16,2026-09-22T03:01:44
T13012,Coenzyme Q10 studies and effects,1312,Molecular Biology,13,"Biochemistry, Genetics and Molecular Biology",1,Life Sciences,16000,302741,134,10,2024-01-23T15:27:16,2026-09-22T03:01:44
T14187,Varied Academic Research Topics,1404,Management Information Systems,14,"Business, Management and Accounting",2,Social Sciences,15990,24990,15,10,2024-01-23T15:27:21,2026-09-22T03:01:44
T13505,Apelin-related biomedical research,2736,Pharmacology,27,Medicine,4,Health Sciences,15965,180634,21,10,2024-01-23T15:27:18,2026-09-22T03:01:44
T14065,Biological Research and Disease Studies,1312,Molecular Biology,13,"Biochemistry, Genetics and Molecular Biology",1,Life Sciences,15954,53281,134,10,2024-01-23T15:27:21,2026-09-22T03:01:44
T12951,Burkholderia infections and melioidosis,2713,Epidemiology,27,Medicine,4,Health Sciences,15856,142516,41,10,2024-01-23T15:27:16,2026-09-22T03:01:44
T13715,Power Line Inspection Robots,2210,Mechanical Engineering,22,Engineering,3,Physical Sciences,15793,39561,78,10,2024-01-23T15:27:19,2026-09-22T03:01:44
T13452,GDF15 and Related Biomarkers,2745,Rheumatology,27,Medicine,4,Health Sciences,15785,155447,23,10,2024-01-23T15:27:18,2026-09-22T03:01:44
T14054,Humic Substances and Bio-Organic Studies,1111,Soil Science,11,Agricultural and Biological Sciences,1,Life Sciences,15742,31645,11,10,2024-01-23T15:27:21,2026-09-22T03:01:44
T13670,Ziziphus Jujuba Studies and Applications,1106,Food Science,11,Agricultural and Biological Sciences,1,Life Sciences,15731,77754,31,10,2024-01-23T15:27:19,2026-09-22T03:01:44
T12750,Nigella sativa pharmacological applications,2707,Complementary and alternative medicine,27,Medicine,4,Health Sciences,15675,185663,19,10,2024-01-23T15:27:15,2026-09-22T03:01:44
T14341,"Education, Technology, and Ethics",2308,"Management, Monitoring, Policy and Law",23,Environmental Science,3,Physical Sciences,15619,10137,33,10,2024-01-23T15:27:22,2026-09-22T03:01:44
T14068,Organic and Inorganic Chemical Reactions,1607,Spectroscopy,16,Chemistry,3,Physical Sciences,15604,94620,11,10,2024-01-23T15:27:21,2026-09-22T03:01:44
T13722,Ergonomics and Human Factors,2204,Biomedical Engineering,22,Engineering,3,Physical Sciences,15597,69789,71,10,2024-01-23T15:27:19,2026-09-22T03:01:44
T14450,Employee Welfare and Language Studies,1407,Organizational Behavior and Human Resource Management,14,"Business, Management and Accounting",2,Social Sciences,15588,11500,29,10,2024-01-23T15:27:22,2026-09-22T03:01:44
T13757,Graphic Design and Typography,1207,History and Philosophy of Science,12,Arts and Humanities,2,Social Sciences,15579,4328,18,10,2024-01-23T15:27:19,2026-09-22T03:01:44
T13858,Technical Engine Diagnostics and Monitoring,2203,Automotive Engineering,22,Engineering,3,Physical Sciences,15505,25738,11,10,2024-01-23T15:27:20,2026-09-22T03:01:44
T13470,Surface Treatment and Coatings,2210,Mechanical Engineering,22,Engineering,3,Physical Sciences,15491,36968,78,10,2024-01-23T15:27:18,2026-09-22T03:01:44
T13658,Education and Professional Development,3304,Education,33,Social Sciences,2,Social Sciences,15491,24542,136,10,2024-01-23T15:27:19,2026-09-22T03:01:44
T13731,Advanced Computing and Algorithms,3322,Urban Studies,33,Social Sciences,2,Social Sciences,15482,27389,18,10,2024-01-23T15:27:19,2026-09-22T03:01:44
T13288,"Banking, Crisis Management, COVID-19 Impact",1100,General Agricultural and Biological Sciences,11,Agricultural and Biological Sciences,1,Life Sciences,15461,15464,19,10,2024-01-23T15:27:17,2026-09-22T03:01:44
T13046,Electrokinetic Soil Remediation Techniques,2208,Electrical and Electronic Engineering,22,Engineering,3,Physical Sciences,15431,173889,116,10,2024-01-23T15:27:16,2026-09-22T03:01:44
T13942,International Human Rights and Reproductive Law,3320,Political Science and International Relations,33,Social Sciences,2,Social Sciences,15426,25751,117,10,2024-01-23T15:27:20,2026-09-22T03:01:44
T12177,Resource-Constrained Project Scheduling,1803,Management Science and Operations Research,18,Decision Sciences,2,Social Sciences,15352,163636,33,10,2024-01-23T15:27:13,2026-09-22T03:01:44
T13963,Organizational Management and Leadership,1405,Management of Technology and Innovation,14,"Business, Management and Accounting",2,Social Sciences,15312,70310,15,10,2024-01-23T15:27:20,2026-09-22T03:01:44
T13660,Philosophical and Historical Studies,3312,Sociology and Political Science,33,Social Sciences,2,Social Sciences,15284,14874,223,10,2024-01-23T15:27:19,2026-09-22T03:01:44
T13273,Knowledge Management in Higher Education,3304,Education,33,Social Sciences,2,Social Sciences,15211,5907,136,10,2024-01-23T15:27:17,2026-09-22T03:01:44
T13265,Synthesis of Tetrazole Derivatives,1605,Organic Chemistry,16,Chemistry,3,Physical Sciences,15205,123221,60,10,2024-01-23T15:27:17,2026-09-22T03:01:44
T12277,Frequency Control in Power Systems,2208,Electrical and Electronic Engineering,22,Engineering,3,Physical Sciences,15186,208114,116,10,2024-01-23T15:27:13,2026-09-22T03:01:44
T14032,History and International Relations,3320,Political Science and International Relations,33,Social Sciences,2,Social Sciences,15181,3630,117,10,2024-01-23T15:27:20,2026-09-22T03:01:44
T13043,Youth Culture and Social Dynamics,3312,Sociology and Political Science,33,Social Sciences,2,Social Sciences,15123,12966,223,10,2024-01-23T15:27:16,2026-09-22T03:01:44
T13719,Phytochemistry and Bioactivity Studies,3004,Pharmacology,30,"Pharmacology, Toxicology and Pharmaceutics",1,Life Sciences,15098,112499,14,10,2024-01-23T15:27:19,2026-09-22T03:01:44
T13077,Cancer-related cognitive impairment studies,2740,Pulmonary and Respiratory Medicine,27,Medicine,4,Health Sciences,15067,229667,51,10,2024-01-23T15:27:16,2026-09-22T03:01:44
T13247,Local Governance and Planning,3305,"Geography, Planning and Development",33,Social Sciences,2,Social Sciences,15037,8889,14,10,2024-01-23T15:27:17,2026-09-22T03:01:44
T12706,Subcritical and Supercritical Water Processes,2204,Biomedical Engineering,22,Engineering,3,Physical Sciences,15005,273229,71,10,2024-01-23T15:27:15,2026-09-22T03:01:44
T12945,Quality Function Deployment in Product Design,1405,Management of Technology and Innovation,14,"Business, Management and Accounting",2,Social Sciences,14983,144907,15,10,2024-01-23T15:27:16,2026-09-22T03:01:44
T13782,Transactional Analysis in Psychotherapy,3203,Clinical Psychology,32,Psychology,2,Social Sciences,14975,61497,37,10,2024-01-23T15:27:19,2026-09-22T03:01:44
T14189,Intravenous Infusion Technology and Safety,2204,Biomedical Engineering,22,Engineering,3,Physical Sciences,14944,37800,71,10,2024-01-23T15:27:21,2026-09-22T03:01:44
T13322,Hibiscus Plant Research Studies,3004,Pharmacology,30,"Pharmacology, Toxicology and Pharmaceutics",1,Life Sciences,14940,81735,14,10,2024-01-23T15:27:18,2026-09-22T03:01:44
T13866,Occupational health in dentistry,3607,Medical Laboratory Technology,36,Health Professions,4,Health Sciences,14933,55893,1,10,2024-01-23T15:27:20,2026-09-22T03:01:44
T13183,Islanding Detection in Power Systems,2208,Electrical and Electronic Engineering,22,Engineering,3,Physical Sciences,14881,115348,116,10,2024-01-23T15:27:17,2026-09-22T03:01:44
T13401,Social and Cultural Studies,3312,Sociology and Political Science,33,Social Sciences,2,Social Sciences,14863,32541,223,10,2024-01-23T15:27:18,2026-09-22T03:01:44
T14120,Thallium and Germanium Studies,2310,Pollution,23,Environmental Science,3,Physical Sciences,14863,87231,10,10,2024-01-23T15:27:21,2026-09-22T03:01:44
T13868,Afro-Latin American Studies,3316,Cultural Studies,33,Social Sciences,2,Social Sciences,14823,1476,37,10,2024-01-23T15:27:20,2026-09-22T03:01:44
T14278,Marxism and Critical Theory,1211,Philosophy,12,Arts and Humanities,2,Social Sciences,14806,44489,48,10,2024-01-23T15:27:22,2026-09-22T03:01:44
T13672,Thomas Hardy Literature Studies,1208,Literature and Literary Theory,12,Arts and Humanities,2,Social Sciences,14803,12996,52,10,2024-01-23T15:27:19,2026-09-22T03:01:44
T14219,Local Economic Development and Planning,3320,Political Science and International Relations,33,Social Sciences,2,Social Sciences,14757,46447,117,10,2024-01-23T15:27:21,2026-09-22T03:01:44
T12845,Methemoglobinemia and Tumor Lysis Syndrome,2740,Pulmonary and Respiratory Medicine,27,Medicine,4,Health Sciences,14714,104031,51,10,2024-01-23T15:27:15,2026-09-22T03:01:44
T13437,Mechanisms of cancer metastasis,1312,Molecular Biology,13,"Biochemistry, Genetics and Molecular Biology",1,Life Sciences,14710,141635,134,10,2024-01-23T15:27:18,2026-09-22T03:01:44
T13239,Phosphorus compounds and reactions,1605,Organic Chemistry,16,Chemistry,3,Physical Sciences,14640,152960,60,10,2024-01-23T15:27:17,2026-09-22T03:01:44
T13458,Astronomical and nuclear sciences,3106,Nuclear and High Energy Physics,31,Physics and Astronomy,3,Physical Sciences,14539,53999,12,10,2024-01-23T15:27:18,2026-09-22T03:01:44
T13406,Human Resources and Workforce,3311,Safety Research,33,Social Sciences,2,Social Sciences,14489,12767,18,10,2024-01-23T15:27:18,2026-09-22T03:01:44
T13927,Cyberloafing and Workplace Behavior,3317,Demography,33,Social Sciences,2,Social Sciences,14427,37963,26,10,2024-01-23T15:27:20,2026-09-22T03:01:44
T13097,Male Breast Health Studies,2739,"Public Health, Environmental and Occupational Health",27,Medicine,4,Health Sciences,14389,113347,53,10,2024-01-23T15:27:17,2026-09-22T03:01:44
T12731,Hidradenitis Suppurativa and Treatments,2708,Dermatology,27,Medicine,4,Health Sciences,14379,143802,12,10,2024-01-23T15:27:15,2026-09-22T03:01:44
T13657,Aortic Thrombus and Embolism,2740,Pulmonary and Respiratory Medicine,27,Medicine,4,Health Sciences,14349,82649,51,10,2024-01-23T15:27:19,2026-09-22T03:01:44
T13585,Technostress in Professional Settings,3207,Social Psychology,32,Psychology,2,Social Sciences,14336,74926,51,10,2024-01-23T15:27:19,2026-09-22T03:01:44
T13529,Education Systems and Policies,1405,Management of Technology and Innovation,14,"Business, Management and Accounting",2,Social Sciences,14328,10006,15,10,2024-01-23T15:27:18,2026-09-22T03:01:44
T14319,Currency Recognition and Detection,1707,Computer Vision and Pattern Recognition,17,Computer Science,3,Physical Sciences,14289,42537,34,10,2024-01-23T15:27:22,2026-09-22T03:01:44
T14414,Artificial Intelligence in Education,1710,Information Systems,17,Computer Science,3,Physical Sciences,14252,18577,77,10,2024-01-23T15:27:22,2026-09-22T03:01:44
T13262,Semiotics and Cultural Interpretation,3203,Clinical Psychology,32,Psychology,2,Social Sciences,14224,3489,37,10,2024-01-23T15:27:17,2026-09-22T03:01:44
T13679,Tardigrade Biology and Ecology,1105,"Ecology, Evolution, Behavior and Systematics",11,Agricultural and Biological Sciences,1,Life Sciences,14167,100957,32,10,2024-01-23T15:27:19,2026-09-22T03:01:44
T13471,Cognitive Functions and Memory,3205,Experimental and Cognitive Psychology,32,Psychology,2,Social Sciences,14158,167216,23,10,2024-01-23T15:27:18,2026-09-22T03:01:44
T13259,American Jewish Fiction Analysis,1208,Literature and Literary Theory,12,Arts and Humanities,2,Social Sciences,14157,18763,52,10,2024-01-23T15:27:17,2026-09-22T03:01:44
T14243,Creative Drama in Education,1213,Visual Arts and Performing Arts,12,Arts and Humanities,2,Social Sciences,14135,16289,16,10,2024-01-23T15:27:21,2026-09-22T03:01:44
T13469,"Environmental, Ecological, and Cultural Studies",3312,Sociology and Political Science,33,Social Sciences,2,Social Sciences,14064,98827,223,10,2024-01-23T15:27:18,2026-09-22T03:01:44
T14183,Banking Sector Performance and Management,1402,Accounting,14,"Business, Management and Accounting",2,Social Sciences,14054,5674,21,10,2024-01-23T15:27:21,2026-09-22T03:01:44
T13415,Calcium signaling and nucleotide metabolism,1314,Physiology,13,"Biochemistry, Genetics and Molecular Biology",1,Life Sciences,13872,324556,3,10,2024-01-23T15:27:18,2026-09-22T03:01:44
T14440,Quality of Life Measurement,3312,Sociology and Political Science,33,Social Sciences,2,Social Sciences,13841,12924,223,10,2024-01-23T15:27:22,2026-09-22T03:01:44
T14067,Cloud Computing and Remote Desktop Technologies,1708,Hardware and Architecture,17,Computer Science,3,Physical Sciences,13815,31953,7,10,2024-01-23T15:27:21,2026-09-22T03:01:44
T13716,Communication Studies and Media,3315,Communication,33,Social Sciences,2,Social Sciences,13814,41564,15,10,2024-01-23T15:27:19,2026-09-22T03:01:44
T14088,Generational Differences and Trends,3319,Life-span and Life-course Studies,33,Social Sciences,2,Social Sciences,13811,42082,1,10,2024-01-23T15:27:21,2026-09-22T03:01:44
T12747,Moyamoya disease diagnosis and treatment,2745,Rheumatology,27,Medicine,4,Health Sciences,13752,163007,23,10,2024-01-23T15:27:15,2026-09-22T03:01:44
T13436,Space Technology and Applications,2208,Electrical and Electronic Engineering,22,Engineering,3,Physical Sciences,13752,10544,116,10,2024-01-23T15:27:18,2026-09-22T03:01:44
T14274,Education and Vocational Training,3304,Education,33,Social Sciences,2,Social Sciences,13733,29307,136,10,2024-01-23T15:27:21,2026-09-22T03:01:44
T13753,Diverse multidisciplinary academic research,3316,Cultural Studies,33,Social Sciences,2,Social Sciences,13716,10944,37,10,2024-01-23T15:27:19,2026-09-22T03:01:44
T13644,Control Systems in Engineering,2210,Mechanical Engineering,22,Engineering,3,Physical Sciences,13706,60457,78,10,2024-01-23T15:27:19,2026-09-22T03:01:44
T14015,Otitis Media and Relapsing Polychondritis,2745,Rheumatology,27,Medicine,4,Health Sciences,13608,81345,23,10,2024-01-23T15:27:20,2026-09-22T03:01:44
T14461,Medicinal Plant Studies,2707,Complementary and alternative medicine,27,Medicine,4,Health Sciences,13600,16037,19,10,2024-01-23T15:27:22,2026-09-22T03:01:44
T13649,Advanced Synthetic Organic Chemistry,1605,Organic Chemistry,16,Chemistry,3,Physical Sciences,13590,143873,60,10,2024-01-23T15:27:19,2026-09-22T03:01:44
T13611,"Education, Management, Technology, Human Resources",1802,Information Systems and Management,18,Decision Sciences,2,Social Sciences,13574,22138,14,10,2024-01-23T15:27:19,2026-09-22T03:01:44
T12926,Business Strategies and Management Research,1803,Management Science and Operations Research,18,Decision Sciences,2,Social Sciences,13533,125660,33,10,2024-01-23T15:27:16,2026-09-22T03:01:44
T14123,Decolonial Thought and Epistemologies,3314,Anthropology,33,Social Sciences,2,Social Sciences,13527,30654,24,10,2024-01-23T15:27:21,2026-09-22T03:01:44
T13223,Connective Tissue Growth Factor Research,1312,Molecular Biology,13,"Biochemistry, Genetics and Molecular Biology",1,Life Sciences,13481,204529,134,10,2024-01-23T15:27:17,2026-09-22T03:01:44
T14307,Bioethics and Human Rights Issues,1710,Information Systems,17,Computer Science,3,Physical Sciences,13476,13961,77,10,2024-01-23T15:27:22,2026-09-22T03:01:44
T14453,Sustainability and Innovation in Business,1405,Management of Technology and Innovation,14,"Business, Management and Accounting",2,Social Sciences,13453,12525,15,10,2024-01-23T15:27:22,2026-09-22T03:01:44
T14504,Diverse Academic Research Analysis,3312,Sociology and Political Science,33,Social Sciences,2,Social Sciences,13420,8195,223,10,2024-01-23T15:27:22,2026-09-22T03:01:44
T13997,Scientific Research and Studies,2306,Global and Planetary Change,23,Environmental Science,3,Physical Sciences,13379,6591,29,10,2024-01-23T15:27:20,2026-09-22T03:01:44
T13424,"Ukraine: War, Education, Health",2306,Global and Planetary Change,23,Environmental Science,3,Physical Sciences,13376,3372,29,10,2024-01-23T15:27:18,2026-09-22T03:01:44
T13011,Latin American rural development,1100,General Agricultural and Biological Sciences,11,Agricultural and Biological Sciences,1,Life Sciences,13337,22070,19,10,2024-01-23T15:27:16,2026-09-22T03:01:44
T14259,Legal Rights and Human Rights,3308,Law,33,Social Sciences,2,Social Sciences,13335,5795,39,10,2024-01-23T15:27:21,2026-09-22T03:01:44
T13577,Sephardic Jews and Inquisition Studies,1202,History,12,Arts and Humanities,2,Social Sciences,13325,8621,43,10,2024-01-23T15:27:19,2026-09-22T03:01:44
T13926,"Feminism, Gender, and Sexuality Studies",3318,Gender Studies,33,Social Sciences,2,Social Sciences,13300,55077,20,10,2024-01-23T15:27:20,2026-09-22T03:01:44
T14361,Corporate Social Responsibility Disclosure,3318,Gender Studies,33,Social Sciences,2,Social Sciences,13284,5913,20,10,2024-01-23T15:27:22,2026-09-22T03:01:44
T12239,Construction Management and Sustainability,2215,Building and Construction,22,Engineering,3,Physical Sciences,13270,16787,21,10,2024-01-23T15:27:13,2026-09-21T03:01:53
T13637,Calpain Protease Function and Regulation,1307,Cell Biology,13,"Biochemistry, Genetics and Molecular Biology",1,Life Sciences,13245,259346,16,10,2024-01-23T15:27:19,2026-09-22T03:01:44
T13202,Pharmacology and Nanomedicine Research,3002,Drug Discovery,30,"Pharmacology, Toxicology and Pharmaceutics",1,Life Sciences,13224,15378,0,10,2024-01-23T15:27:17,2026-09-22T03:01:44
T13850,Night-time city culture,3322,Urban Studies,33,Social Sciences,2,Social Sciences,13197,30260,18,10,2024-01-23T15:27:20,2026-09-22T03:01:44
T13314,Lymphadenopathy Diagnosis and Analysis,2746,Surgery,27,Medicine,4,Health Sciences,13121,66237,95,10,2024-01-23T15:27:17,2026-09-22T03:01:44
T14013,Legal Language and Interpretation,3308,Law,33,Social Sciences,2,Social Sciences,13117,26008,39,10,2024-01-23T15:27:20,2026-09-22T03:01:44
T14476,Mental Health and Well-being,3312,Sociology and Political Science,33,Social Sciences,2,Social Sciences,13108,11374,223,10,2024-01-23T15:27:22,2026-09-22T03:01:44
T13543,Oropharyngeal Anatomy and Pathologies,2745,Rheumatology,27,Medicine,4,Health Sciences,13075,68791,23,10,2024-01-23T15:27:18,2026-09-22T03:01:44
T14131,Giambattista Vico and Joyce,1207,History and Philosophy of Science,12,Arts and Humanities,2,Social Sciences,13049,21276,18,10,2024-01-23T15:27:21,2026-09-22T03:01:44
T13420,Arduino and IoT Applications,2208,Electrical and Electronic Engineering,22,Engineering,3,Physical Sciences,13007,9276,116,10,2024-01-23T15:27:18,2026-09-22T03:01:44
T13738,Congenital Ear and Nasal Anomalies,2716,Genetics,27,Medicine,4,Health Sciences,12976,99765,8,10,2024-01-23T15:27:19,2026-09-22T03:01:44
T12679,Focus Groups and Qualitative Methods,3312,Sociology and Political Science,33,Social Sciences,2,Social Sciences,12975,262177,223,10,2024-01-23T15:27:15,2026-09-22T03:01:44
T13251,Electrical and Thermal Properties of Materials,2208,Electrical and Electronic Engineering,22,Engineering,3,Physical Sciences,12969,70527,116,10,2024-01-23T15:27:17,2026-09-22T03:01:44
T12960,Heterotopic Ossification and Related Conditions,2745,Rheumatology,27,Medicine,4,Health Sciences,12927,138002,23,10,2024-01-23T15:27:16,2026-09-22T03:01:44
T13323,Spinal Hematomas and Complications,2746,Surgery,27,Medicine,4,Health Sciences,12909,101047,95,10,2024-01-23T15:27:18,2026-09-22T03:01:44
T13350,Myxozoan Parasites in Aquatic Species,1306,Cancer Research,13,"Biochemistry, Genetics and Molecular Biology",1,Life Sciences,12867,87276,12,10,2024-01-23T15:27:18,2026-09-22T03:01:44
T13482,Engineering Education and Technology,1710,Information Systems,17,Computer Science,3,Physical Sciences,12861,36241,77,10,2024-01-23T15:27:18,2026-09-22T03:01:44
T13794,Financial Reporting and XBRL,1404,Management Information Systems,14,"Business, Management and Accounting",2,Social Sciences,12804,33717,15,10,2024-01-23T15:27:19,2026-09-22T03:01:44
T12911,Water Resources and Sustainability,2312,Water Science and Technology,23,Environmental Science,3,Physical Sciences,12731,61679,23,10,2024-01-23T15:27:16,2026-09-22T03:01:44
T13363,Soft tissue tumors and treatment,2734,Pathology and Forensic Medicine,27,Medicine,4,Health Sciences,12710,86342,22,10,2024-01-23T15:27:18,2026-09-22T03:01:44
T13502,Community and Sustainable Development,3304,Education,33,Social Sciences,2,Social Sciences,12670,13852,136,10,2024-01-23T15:27:18,2026-09-22T03:01:44
T13746,Mechanical Systems and Engineering,2105,"Renewable Energy, Sustainability and the Environment",21,Energy,3,Physical Sciences,12644,17387,21,10,2024-01-23T15:27:19,2026-09-22T03:01:44
T14248,Social impacts of COVID-19,3311,Safety Research,33,Social Sciences,2,Social Sciences,12598,2285,18,10,2024-01-23T15:27:21,2026-09-22T03:01:44
T12807,Consumer Behavior and Market Dynamics,3312,Sociology and Political Science,33,Social Sciences,2,Social Sciences,12581,13673,223,10,2024-01-23T15:27:15,2026-09-20T03:01:58
T13609,"Economic, Social, and Public Health Issues in Russia and Globally",1803,Management Science and Operations Research,18,Decision Sciences,2,Social Sciences,12526,6707,33,10,2024-01-23T15:27:19,2026-09-22T03:01:44
T13274,Expert finding and Q&A systems,1710,Information Systems,17,Computer Science,3,Physical Sciences,12513,85326,77,10,2024-01-23T15:27:17,2026-09-22T03:01:44
T13819,Collaborative and Sustainable Housing Initiatives,3322,Urban Studies,33,Social Sciences,2,Social Sciences,12484,15493,18,10,2024-01-23T15:27:20,2026-09-22T03:01:44
T13026,Natural Compounds in Disease Treatment,2707,Complementary and alternative medicine,27,Medicine,4,Health Sciences,12440,139669,19,10,2024-01-23T15:27:16,2026-09-22T03:01:44
T14121,Logistics and Transportation Systems,1404,Management Information Systems,14,"Business, Management and Accounting",2,Social Sciences,12396,2891,15,10,2024-01-23T15:27:21,2026-09-22T03:01:44
T13932,"Education, Technology, and Economics",1710,Information Systems,17,Computer Science,3,Physical Sciences,12389,2454,77,10,2024-01-23T15:27:20,2026-09-22T03:01:44
T13298,Solar Energy Systems and Technologies,2210,Mechanical Engineering,22,Engineering,3,Physical Sciences,12372,99611,78,10,2024-01-23T15:27:17,2026-09-22T03:01:44
T13817,"Tannin, Tannase and Anticancer Activities",2402,Applied Microbiology and Biotechnology,24,Immunology and Microbiology,1,Life Sciences,12367,112558,1,10,2024-01-23T15:27:20,2026-09-22T03:01:44
T13429,Electricity Theft Detection Techniques,2208,Electrical and Electronic Engineering,22,Engineering,3,Physical Sciences,12326,55100,116,10,2024-01-23T15:27:18,2026-09-22T03:01:44
T12791,Full-Duplex Wireless Communications,2208,Electrical and Electronic Engineering,22,Engineering,3,Physical Sciences,12291,140215,116,10,2024-01-23T15:27:15,2026-09-22T03:01:44
T13793,Environmental and Analytical Chemistry Studies,2312,Water Science and Technology,23,Environmental Science,3,Physical Sciences,12266,25586,23,10,2024-01-23T15:27:19,2026-09-22T03:01:44
T13237,Socio-economic Development and Sustainability,2002,Economics and Econometrics,20,"Economics, Econometrics and Finance",2,Social Sciences,12259,10567,78,10,2024-01-23T15:27:17,2026-09-22T03:01:44
T12562,Synthesis and Characterization of Pyrroles,1605,Organic Chemistry,16,Chemistry,3,Physical Sciences,12235,113821,60,10,2024-01-23T15:27:14,2026-09-22T03:01:44
T14465,"Leadership, Behavior, and Decision-Making Studies",1803,Management Science and Operations Research,18,Decision Sciences,2,Social Sciences,12200,95705,33,10,2024-01-23T15:27:22,2026-09-22T03:01:44
T14315,Feminist Theory and Gender Studies,3318,Gender Studies,33,Social Sciences,2,Social Sciences,12178,56230,20,10,2024-01-23T15:27:22,2026-09-22T03:01:44
T13998,"History, Medicine, and Leadership",3320,Political Science and International Relations,33,Social Sciences,2,Social Sciences,12093,13697,117,10,2024-01-23T15:27:20,2026-09-22T03:01:44
T13664,Genome Rearrangement Algorithms,1311,Genetics,13,"Biochemistry, Genetics and Molecular Biology",1,Life Sciences,12074,84246,39,10,2024-01-23T15:27:19,2026-09-22T03:01:44
T14024,"Education, Philosophy, and Society",1211,Philosophy,12,Arts and Humanities,2,Social Sciences,12020,19598,48,10,2024-01-23T15:27:20,2026-09-22T03:01:44
T13432,Environmental Sustainability and Technology,2308,"Management, Monitoring, Policy and Law",23,Environmental Science,3,Physical Sciences,12009,18013,33,10,2024-01-23T15:27:18,2026-09-22T03:01:44
T13282,Automated Road and Building Extraction,2212,Ocean Engineering,22,Engineering,3,Physical Sciences,11973,106991,22,10,2024-01-23T15:27:17,2026-09-22T03:01:44
T14359,Wetland Management and Conservation,2212,Ocean Engineering,22,Engineering,3,Physical Sciences,11965,10647,22,10,2024-01-23T15:27:22,2026-09-22T03:01:44
T14165,Inflammation biomarkers and pathways,2403,Immunology,24,Immunology and Microbiology,1,Life Sciences,11915,102880,25,10,2024-01-23T15:27:21,2026-09-22T03:01:44
T14327,Advanced Energy Technologies and Civil Engineering Innovations,2104,Nuclear Energy and Engineering,21,Energy,3,Physical Sciences,11910,28529,0,10,2024-01-23T15:27:22,2026-09-22T03:01:44
T14057,Hypertrophic osteoarthropathy and related conditions,2745,Rheumatology,27,Medicine,4,Health Sciences,11887,49567,23,10,2024-01-23T15:27:21,2026-09-22T03:01:44
T13687,Extractivism and Socioeconomic Issues,3312,Sociology and Political Science,33,Social Sciences,2,Social Sciences,11879,2548,223,10,2024-01-23T15:27:19,2026-09-22T03:01:44
T13188,Synthesis and bioactivity of alkaloids,1312,Molecular Biology,13,"Biochemistry, Genetics and Molecular Biology",1,Life Sciences,11872,124419,134,10,2024-01-23T15:27:17,2026-09-22T03:01:44
T12794,Adaptive Dynamic Programming Control,1703,Computational Theory and Mathematics,17,Computer Science,3,Physical Sciences,11863,199797,23,10,2024-01-23T15:27:15,2026-09-22T03:01:44
T13346,Digital Transformation in Financial Services,2000,"General Economics, Econometrics and Finance",20,"Economics, Econometrics and Finance",2,Social Sciences,11802,4953,11,10,2024-01-23T15:27:18,2026-09-21T03:01:53
T14439,"Feminism, Gender, and Social Issues",3318,Gender Studies,33,Social Sciences,2,Social Sciences,11794,8386,20,10,2024-01-23T15:27:22,2026-09-22T03:01:44
T14251,Multicultural Education and Local Wisdom,3316,Cultural Studies,33,Social Sciences,2,Social Sciences,11773,15634,37,10,2024-01-23T15:27:21,2026-09-22T03:01:44
T13182,Quantum-Dot Cellular Automata,1703,Computational Theory and Mathematics,17,Computer Science,3,Physical Sciences,11716,99714,23,10,2024-01-23T15:27:17,2026-09-22T03:01:44
T13211,"Memory, Trauma, and Testimony",3205,Experimental and Cognitive Psychology,32,Psychology,2,Social Sciences,11703,3360,23,10,2024-01-23T15:27:17,2026-09-22T03:01:44
T13390,Cultural and Social Dynamics,1110,Plant Science,11,Agricultural and Biological Sciences,1,Life Sciences,11627,2673,89,10,2024-01-23T15:27:18,2026-09-22T03:01:44
T14220,"Workaholism, burnout, and well-being",3207,Social Psychology,32,Psychology,2,Social Sciences,11571,88964,51,10,2024-01-23T15:27:21,2026-09-22T03:01:44
T13582,"Stalking, Cyberstalking, and Harassment",3312,Sociology and Political Science,33,Social Sciences,2,Social Sciences,11421,77478,223,10,2024-01-23T15:27:19,2026-09-22T03:01:44
T14222,Knowledge Management and Technology,1803,Management Science and Operations Research,18,Decision Sciences,2,Social Sciences,11280,26633,33,10,2024-01-23T15:27:21,2026-09-22T03:01:44
T14366,Schopenhauer and Stefan Zweig,1200,General Arts and Humanities,12,Arts and Humanities,2,Social Sciences,11277,4414,3,10,2024-01-23T15:27:22,2026-09-22T03:01:44
T14271,Educational Methods and Psychological Studies,3304,Education,33,Social Sciences,2,Social Sciences,11252,8386,136,10,2024-01-23T15:27:21,2026-09-22T03:01:44
T13762,Education and Labor Relations,3320,Political Science and International Relations,33,Social Sciences,2,Social Sciences,11161,7047,117,10,2024-01-23T15:27:19,2026-09-22T03:01:44
T12830,Pectus Deformity Diagnosis and Treatment,2746,Surgery,27,Medicine,4,Health Sciences,11101,89062,95,10,2024-01-23T15:27:15,2026-09-22T03:01:44
T14425,Educational Practices and Sociocultural Research,3304,Education,33,Social Sciences,2,Social Sciences,11075,5601,136,10,2024-01-23T15:27:22,2026-09-22T03:01:44
T12435,Bladed Disk Vibration Dynamics,2205,Civil and Structural Engineering,22,Engineering,3,Physical Sciences,11074,90815,41,10,2024-01-23T15:27:14,2026-09-22T03:01:44
T13973,"Catholicism, Bioethics, Media, Education",3311,Safety Research,33,Social Sciences,2,Social Sciences,10934,2464,18,10,2024-01-23T15:27:20,2026-09-22T03:01:44
T13617,"Gender, Violence, Rights in Latin America",3312,Sociology and Political Science,33,Social Sciences,2,Social Sciences,10874,10929,223,10,2024-01-23T15:27:19,2026-09-22T03:01:44
T13510,Nostalgia and Consumer Behavior,3207,Social Psychology,32,Psychology,2,Social Sciences,10850,59801,51,10,2024-01-23T15:27:18,2026-09-22T03:01:44
T14346,Scientific Innovation and Industrial Efficiency,1800,General Decision Sciences,18,Decision Sciences,2,Social Sciences,10828,6750,1,10,2024-01-23T15:27:22,2026-09-22T03:01:44
T14133,Border Security and International Relations,3320,Political Science and International Relations,33,Social Sciences,2,Social Sciences,10822,6742,117,10,2024-01-23T15:27:21,2026-09-22T03:01:44
T14478,Papaya Research and Applications,2707,Complementary and alternative medicine,27,Medicine,4,Health Sciences,10814,54986,19,10,2024-01-23T15:27:22,2026-09-22T03:01:44
T13907,Social Issues and Sustainability,3316,Cultural Studies,33,Social Sciences,2,Social Sciences,10813,9488,37,10,2024-01-23T15:27:20,2026-09-22T03:01:44
T13368,University Challenges and Reforms,3304,Education,33,Social Sciences,2,Social Sciences,10725,50207,136,10,2024-01-23T15:27:18,2026-09-22T03:01:44
T13287,Robotic Process Automation Applications,2209,Industrial and Manufacturing Engineering,22,Engineering,3,Physical Sciences,10679,25474,16,10,2024-01-23T15:27:17,2026-09-22T03:01:44
T13677,Magnolia and Illicium research,2742,Rehabilitation,27,Medicine,4,Health Sciences,10679,85950,6,10,2024-01-23T15:27:19,2026-09-22T03:01:44
T14318,Polydiacetylene-based materials and applications,1605,Organic Chemistry,16,Chemistry,3,Physical Sciences,10677,158631,60,10,2024-01-23T15:27:22,2026-09-22T03:01:44
T13806,Mathematical and Computational Methods,2611,Modeling and Simulation,26,Mathematics,3,Physical Sciences,10675,18916,5,10,2024-01-23T15:27:20,2026-09-22T03:01:44
T13737,Critical and Liberation Pedagogy,3304,Education,33,Social Sciences,2,Social Sciences,10672,96989,136,10,2024-01-23T15:27:19,2026-09-22T03:01:44
T13941,Geotechnical and Mining Engineering,2205,Civil and Structural Engineering,22,Engineering,3,Physical Sciences,10633,13519,41,10,2024-01-23T15:27:20,2026-09-21T03:01:53
T13463,Nanoporous metals and alloys,2505,Materials Chemistry,25,Materials Science,3,Physical Sciences,10607,160599,68,10,2024-01-23T15:27:18,2026-09-22T03:01:44
T14317,"Finance, Markets, and Regulation",2003,Finance,20,"Economics, Econometrics and Finance",2,Social Sciences,10521,9934,15,10,2024-01-23T15:27:22,2026-09-20T03:01:58
T13550,Diverse Applied Research Studies,3312,Sociology and Political Science,33,Social Sciences,2,Social Sciences,10514,13016,223,10,2024-01-23T15:27:18,2026-09-22T03:01:44
T14374,Statistical Methods in Epidemiology,2613,Statistics and Probability,26,Mathematics,3,Physical Sciences,10494,61141,19,10,2024-01-23T15:27:22,2026-09-22T03:01:44
T14154,"finance, banking, and market dynamics",2003,Finance,20,"Economics, Econometrics and Finance",2,Social Sciences,10467,5737,15,10,2024-01-23T15:27:21,2026-09-21T03:01:53
T14196,Multidisciplinary Warburg-centric Studies,3308,Law,33,Social Sciences,2,Social Sciences,10451,34987,39,10,2024-01-23T15:27:21,2026-09-22T03:01:44
T12958,Digital Economy and Transformation,1408,Strategy and Management,14,"Business, Management and Accounting",2,Social Sciences,10438,7922,41,10,2024-01-23T15:27:16,2026-09-22T03:01:44
T13381,Heart rate and cardiovascular health,2705,Cardiology and Cardiovascular Medicine,27,Medicine,4,Health Sciences,10399,101515,28,10,2024-01-23T15:27:18,2026-09-22T03:01:44
T13703,Attention Economy in Education and Business,1408,Strategy and Management,14,"Business, Management and Accounting",2,Social Sciences,10390,21162,41,10,2024-01-23T15:27:19,2026-09-21T03:01:53
T14382,Electrophoretic Deposition in Materials Science,2208,Electrical and Electronic Engineering,22,Engineering,3,Physical Sciences,10353,95270,116,10,2024-01-23T15:27:22,2026-09-22T03:01:44
T12320,Feminist Epistemology and Gender Studies,3312,Sociology and Political Science,33,Social Sciences,2,Social Sciences,10309,129113,223,10,2024-01-23T15:27:13,2026-09-22T03:01:44
T14058,Value Engineering and Management,1408,Strategy and Management,14,"Business, Management and Accounting",2,Social Sciences,10206,28837,41,10,2024-01-23T15:27:21,2026-09-22T03:01:44
T12975,Paraoxonase enzyme and polymorphisms,1308,Clinical Biochemistry,13,"Biochemistry, Genetics and Molecular Biology",1,Life Sciences,10168,198862,3,10,2024-01-23T15:27:16,2026-09-22T03:01:44
T14328,Diverse scientific research topics,1803,Management Science and Operations Research,18,Decision Sciences,2,Social Sciences,10136,7831,33,10,2024-01-23T15:27:22,2026-09-22T03:01:44
T13503,"Gender, Health, and Social Inequality",3312,Sociology and Political Science,33,Social Sciences,2,Social Sciences,10123,9031,223,10,2024-01-23T15:27:18,2026-09-22T03:01:44
T13995,Globalization and political ideologies,3320,Political Science and International Relations,33,Social Sciences,2,Social Sciences,10121,35529,117,10,2024-01-23T15:27:20,2026-09-22T03:01:44
T14175,Intuitionistic Fuzzy Systems Applications,1702,Artificial Intelligence,17,Computer Science,3,Physical Sciences,10078,38233,76,10,2024-01-23T15:27:21,2026-09-22T03:01:44
T13281,Andrographolide Research and Applications,2707,Complementary and alternative medicine,27,Medicine,4,Health Sciences,10054,84395,19,10,2024-01-23T15:27:17,2026-09-22T03:01:44
T13451,Mechanical Engineering Research and Applications,2210,Mechanical Engineering,22,Engineering,3,Physical Sciences,10046,13190,78,10,2024-01-23T15:27:18,2026-09-21T03:01:53
T13816,Advanced Signal Processing Techniques,2208,Electrical and Electronic Engineering,22,Engineering,3,Physical Sciences,10034,14347,116,10,2024-01-23T15:27:20,2026-09-22T03:01:44
T14511,"Medicine, History, and Philosophy",2738,Psychiatry and Mental health,27,Medicine,4,Health Sciences,10005,9079,15,10,2024-01-23T15:27:22,2026-09-22T03:01:44
T13879,Indigenous Peoples' Rights and Law,3308,Law,33,Social Sciences,2,Social Sciences,9991,18027,39,10,2024-01-23T15:27:20,2026-09-22T03:01:44
T13992,Cynara cardunculus studies,1110,Plant Science,11,Agricultural and Biological Sciences,1,Life Sciences,9977,70523,89,10,2024-01-23T15:27:20,2026-09-22T03:01:44
T14223,Ayn Rand and Brontë studies,2002,Economics and Econometrics,20,"Economics, Econometrics and Finance",2,Social Sciences,9943,10152,78,10,2024-01-23T15:27:21,2026-09-22T03:01:44
T13635,Philosophy and Education Pedagogy,3306,Health,33,Social Sciences,2,Social Sciences,9920,4985,13,10,2024-01-23T15:27:19,2026-09-22T03:01:44
T13499,Economic Systems and Logistics Management,2000,"General Economics, Econometrics and Finance",20,"Economics, Econometrics and Finance",2,Social Sciences,9889,6832,11,10,2024-01-23T15:27:18,2026-09-21T03:01:53
T13933,Whitehead's Philosophy and Applications,2308,"Management, Monitoring, Policy and Law",23,Environmental Science,3,Physical Sciences,9859,44051,33,10,2024-01-23T15:27:20,2026-09-22T03:01:44
T12653,Cyclization and Aryne Chemistry,1605,Organic Chemistry,16,Chemistry,3,Physical Sciences,9754,143204,60,10,2024-01-23T15:27:15,2026-09-22T03:01:44
T12757,Diverse Academia and Research Topics,3205,Experimental and Cognitive Psychology,32,Psychology,2,Social Sciences,9682,2032,23,10,2024-01-23T15:27:15,2026-09-22T03:01:44
T12973,Synthesis of Indole Derivatives,1605,Organic Chemistry,16,Chemistry,3,Physical Sciences,9671,164532,60,10,2024-01-23T15:27:16,2026-09-22T03:01:44
T14363,Optical properties and cooling technologies in crystalline materials,3107,"Atomic and Molecular Physics, and Optics",31,Physics and Astronomy,3,Physical Sciences,9631,60816,36,10,2024-01-23T15:27:22,2026-09-22T03:01:44
T14460,"Literary, Cultural, Historical Analysis",1211,Philosophy,12,Arts and Humanities,2,Social Sciences,9621,11137,48,10,2024-01-23T15:27:22,2026-09-22T03:01:44
T14369,Diverse Interdisciplinary Research Innovations,1803,Management Science and Operations Research,18,Decision Sciences,2,Social Sciences,9587,13319,33,10,2024-01-23T15:27:22,2026-09-22T03:01:44
T13809,"Philosophy, Health, and Society",2736,Pharmacology,27,Medicine,4,Health Sciences,9567,1839,21,10,2024-01-23T15:27:20,2026-09-22T03:01:44
T14108,Medical and Pharmaceutic Studies,3004,Pharmacology,30,"Pharmacology, Toxicology and Pharmaceutics",1,Life Sciences,9544,5068,14,10,2024-01-23T15:27:21,2026-09-22T03:01:44
T13639,Paraquat toxicity studies and treatments,2746,Surgery,27,Medicine,4,Health Sciences,9523,119408,95,10,2024-01-23T15:27:19,2026-09-22T03:01:44
T14204,Railway Systems and Materials Science,2211,Mechanics of Materials,22,Engineering,3,Physical Sciences,9508,14683,28,10,2024-01-23T15:27:21,2026-09-22T03:01:44
T13642,Organizational Downsizing and Restructuring,1407,Organizational Behavior and Human Resource Management,14,"Business, Management and Accounting",2,Social Sciences,9466,85128,29,10,2024-01-23T15:27:19,2026-09-22T03:01:44
T13701,Psycholinguistics and Behavioral Studies,3304,Education,33,Social Sciences,2,Social Sciences,9440,9126,136,10,2024-01-23T15:27:19,2026-09-22T03:01:44
T14299,Complex Systems and Dynamics,3109,Statistical and Nonlinear Physics,31,Physics and Astronomy,3,Physical Sciences,9426,21849,15,10,2024-01-23T15:27:22,2026-09-22T03:01:44
T14026,Flannery O'Connor and Thomas Merton,1407,Organizational Behavior and Human Resource Management,14,"Business, Management and Accounting",2,Social Sciences,9384,14594,29,10,2024-01-23T15:27:20,2026-09-22T03:01:44
T13962,Omental and Epiploic Conditions,2745,Rheumatology,27,Medicine,4,Health Sciences,9316,37252,23,10,2024-01-23T15:27:20,2026-09-22T03:01:44
T13040,"Gender, Education, and Development Issues",3304,Education,33,Social Sciences,2,Social Sciences,9243,26858,136,10,2024-01-23T15:27:16,2026-09-22T03:01:44
T13876,Chemical synthesis and pharmacological studies,1605,Organic Chemistry,16,Chemistry,3,Physical Sciences,9203,42152,60,10,2024-01-23T15:27:20,2026-09-22T03:01:44
T13440,Electromagnetic Effects on Materials,2208,Electrical and Electronic Engineering,22,Engineering,3,Physical Sciences,9175,79793,116,10,2024-01-23T15:27:18,2026-09-22T03:01:44
T14073,Diverse Global Research Studies,3312,Sociology and Political Science,33,Social Sciences,2,Social Sciences,9107,9999,223,10,2024-01-23T15:27:21,2026-09-22T03:01:44
T14283,Diverse Academic Research Areas,3304,Education,33,Social Sciences,2,Social Sciences,9055,90385,136,10,2024-01-23T15:27:22,2026-09-22T03:01:44
T13580,Management and Performance Evaluation,1407,Organizational Behavior and Human Resource Management,14,"Business, Management and Accounting",2,Social Sciences,9020,16083,29,10,2024-01-23T15:27:19,2026-09-22T03:01:44
T13724,Humanities and Social Sciences,3312,Sociology and Political Science,33,Social Sciences,2,Social Sciences,9019,15076,223,10,2024-01-23T15:27:19,2026-09-22T03:01:44
T13945,"Legal, Health, Environmental and COVID-19 Challenges",2739,"Public Health, Environmental and Occupational Health",27,Medicine,4,Health Sciences,8964,8908,53,10,2024-01-23T15:27:20,2026-09-22T03:01:44
T13834,Whipple's Disease and Interleukins,2734,Pathology and Forensic Medicine,27,Medicine,4,Health Sciences,8895,75541,22,10,2024-01-23T15:27:20,2026-09-22T03:01:44
T14194,Bioactive Compounds in Plants,1110,Plant Science,11,Agricultural and Biological Sciences,1,Life Sciences,8846,79383,89,10,2024-01-23T15:27:21,2026-09-22T03:01:44
T14205,Education and Art Integration,3304,Education,33,Social Sciences,2,Social Sciences,8779,2500,136,10,2024-01-23T15:27:21,2026-09-22T03:01:44
T13829,"Health, Work, and Social Studies in Poland",3207,Social Psychology,32,Psychology,2,Social Sciences,8777,4796,51,10,2024-01-23T15:27:20,2026-09-22T03:01:44
T14407,Athletic Training and Education,3612,"Physical Therapy, Sports Therapy and Rehabilitation",36,Health Professions,4,Health Sciences,8697,30877,6,10,2024-01-23T15:27:22,2026-09-22T03:01:44
T14519,Innovations in Education and Learning Technologies,1710,Information Systems,17,Computer Science,3,Physical Sciences,8667,8880,77,10,2024-01-23T15:27:22,2026-09-22T03:01:44
T13940,Philosophy and Literary Analysis,1211,Philosophy,12,Arts and Humanities,2,Social Sciences,8655,12882,48,10,2024-01-23T15:27:20,2026-09-22T03:01:44
T13507,"Literature, Politics, and Exile Studies",2306,Global and Planetary Change,23,Environmental Science,3,Physical Sciences,8638,4541,29,10,2024-01-23T15:27:18,2026-09-22T03:01:44
T14447,Trade Secret Protection Methods,3605,Health Information Management,36,Health Professions,4,Health Sciences,8618,7827,11,10,2024-01-23T15:27:22,2026-09-22T03:01:44
T14431,Diverse Research and Applications,1710,Information Systems,17,Computer Science,3,Physical Sciences,8498,10104,77,10,2024-01-23T15:27:22,2026-09-22T03:01:44
T13290,Diverse Industrial Engineering Technologies,2209,Industrial and Manufacturing Engineering,22,Engineering,3,Physical Sciences,8479,11187,16,10,2024-01-23T15:27:17,2026-09-22T03:01:44
T13783,"Feminism, Gender, and Intersectionality",3312,Sociology and Political Science,33,Social Sciences,2,Social Sciences,8475,7443,223,10,2024-01-23T15:27:19,2026-09-22T03:01:44
T14411,Undergraduate Neuroscience Education and Research,2805,Cognitive Neuroscience,28,Neuroscience,1,Life Sciences,8472,6342,27,10,2024-01-23T15:27:22,2026-09-21T03:01:53
T13257,Advanced Control and Stabilization in Aerospace Systems,2202,Aerospace Engineering,22,Engineering,3,Physical Sciences,8457,23465,43,10,2024-01-23T15:27:17,2026-09-22T03:01:44
T14364,Clusterin in disease pathology,2730,Oncology,27,Medicine,4,Health Sciences,8335,123046,33,10,2024-01-23T15:27:22,2026-09-22T03:01:44
T13579,Image and Video Stabilization,1707,Computer Vision and Pattern Recognition,17,Computer Science,3,Physical Sciences,8322,29822,34,10,2024-01-23T15:27:19,2026-09-22T03:01:44
T13788,Cultural Identity and Representation,1211,Philosophy,12,Arts and Humanities,2,Social Sciences,8243,15770,48,10,2024-01-23T15:27:19,2026-09-22T03:01:44
T13586,"HIV, TB, and STIs Epidemiology",3300,General Social Sciences,33,Social Sciences,2,Social Sciences,8233,12584,15,10,2024-01-23T15:27:19,2026-09-22T03:01:44
T14354,Emergency Medicine Education and Research,2711,Emergency Medicine,27,Medicine,4,Health Sciences,8207,5350,10,10,2024-01-23T15:27:22,2026-09-22T03:01:44
T14455,Technology and Education Systems,1705,Computer Networks and Communications,17,Computer Science,3,Physical Sciences,8083,7958,42,10,2024-01-23T15:27:22,2026-09-22T03:01:44
T14091,Industrial and Mining Safety,2213,"Safety, Risk, Reliability and Quality",22,Engineering,3,Physical Sciences,8055,7725,11,10,2024-01-23T15:27:21,2026-09-21T03:01:53
T14229,Physical education and sports games research,3207,Social Psychology,32,Psychology,2,Social Sciences,8037,6420,51,10,2024-01-23T15:27:21,2026-09-22T03:01:44
T14284,Social Sciences and Humanities,3320,Political Science and International Relations,33,Social Sciences,2,Social Sciences,8013,2943,117,10,2024-01-23T15:27:22,2026-09-22T03:01:44
T13688,Shallot Cultivation and Analysis,1110,Plant Science,11,Agricultural and Biological Sciences,1,Life Sciences,7989,8197,89,10,2024-01-23T15:27:19,2026-09-22T03:01:44
T14107,Appalachian Studies and Mathematics,3300,General Social Sciences,33,Social Sciences,2,Social Sciences,7960,8856,15,10,2024-01-23T15:27:21,2026-09-22T03:01:44
T13553,Age of Information Optimization,1705,Computer Networks and Communications,17,Computer Science,3,Physical Sciences,7918,74211,42,10,2024-01-23T15:27:18,2026-09-22T03:01:44
T13964,Educational Technology and Optimization,1710,Information Systems,17,Computer Science,3,Physical Sciences,7887,22816,77,10,2024-01-23T15:27:20,2026-09-22T03:01:44
T13977,Geography and Environmental Studies in Latin America,3305,"Geography, Planning and Development",33,Social Sciences,2,Social Sciences,7816,7792,14,10,2024-01-23T15:27:20,2026-09-22T03:01:44
T13528,Water Resources and Governance,3308,Law,33,Social Sciences,2,Social Sciences,7809,4205,39,10,2024-01-23T15:27:18,2026-09-22T03:01:44
T13893,Sustainable Development and Policies,2308,"Management, Monitoring, Policy and Law",23,Environmental Science,3,Physical Sciences,7753,9070,33,10,2024-01-23T15:27:20,2026-09-22T03:01:44
T14066,Economic Development and Regional Competitiveness,2002,Economics and Econometrics,20,"Economics, Econometrics and Finance",2,Social Sciences,7716,8640,78,10,2024-01-23T15:27:21,2026-09-21T03:01:53
T13598,Political Developments and Conflicts,3320,Political Science and International Relations,33,Social Sciences,2,Social Sciences,7686,3166,117,10,2024-01-23T15:27:19,2026-09-22T03:01:44
T13324,Scientific and Engineering Research Topics,3506,Periodontics,35,Dentistry,4,Health Sciences,7644,9310,3,10,2024-01-23T15:27:18,2026-09-22T03:01:44
T14029,Thoreau and American Literature,1710,Information Systems,17,Computer Science,3,Physical Sciences,7557,12125,77,10,2024-01-23T15:27:20,2026-09-22T03:01:44
T14023,Interdisciplinary Studies and Sociocultural Dynamics,3312,Sociology and Political Science,33,Social Sciences,2,Social Sciences,7495,7449,223,10,2024-01-23T15:27:20,2026-09-22T03:01:44
T13292,Embedded Systems and FPGA Applications,2208,Electrical and Electronic Engineering,22,Engineering,3,Physical Sciences,7422,5076,116,10,2024-01-23T15:27:17,2026-09-22T03:01:44
T14303,Polymer Synthesis and Characterization,2507,Polymers and Plastics,25,Materials Science,3,Physical Sciences,7421,31280,13,10,2024-01-23T15:27:22,2026-09-22T03:01:44
T14418,"Development, Ethics, and Society",3303,Development,33,Social Sciences,2,Social Sciences,7414,11715,7,10,2024-01-23T15:27:22,2026-09-22T03:01:44
T14467,"Public Administration, ICT, and Policy Development",2002,Economics and Econometrics,20,"Economics, Econometrics and Finance",2,Social Sciences,7404,10342,78,10,2024-01-23T15:27:22,2026-09-22T03:01:44
T14268,Evolving Legal Systems and Governance,3308,Law,33,Social Sciences,2,Social Sciences,7276,10337,39,10,2024-01-23T15:27:21,2026-09-22T03:01:44
T13871,Melamine detection and toxicity,1106,Food Science,11,Agricultural and Biological Sciences,1,Life Sciences,7191,74045,31,10,2024-01-23T15:27:20,2026-09-22T03:01:44
T13846,Mangiferin and Mango Extracts,2707,Complementary and alternative medicine,27,Medicine,4,Health Sciences,7182,63740,19,10,2024-01-23T15:27:20,2026-09-22T03:01:44
T14471,"Education, Literature, Philosophy Research",3304,Education,33,Social Sciences,2,Social Sciences,7177,4308,136,10,2024-01-23T15:27:22,2026-09-21T03:01:53
T14044,Medical and Agricultural Research Studies,3303,Development,33,Social Sciences,2,Social Sciences,7164,9196,7,10,2024-01-23T15:27:21,2026-09-22T03:01:44
T14083,Extremum Seeking Control Systems,2207,Control and Systems Engineering,22,Engineering,3,Physical Sciences,7144,75650,43,10,2024-01-23T15:27:21,2026-09-22T03:01:44
T13873,Educational Methods and Technology,1710,Information Systems,17,Computer Science,3,Physical Sciences,7121,6468,77,10,2024-01-23T15:27:20,2026-09-22T03:01:44
T14111,Diverse Research Studies Overview,3312,Sociology and Political Science,33,Social Sciences,2,Social Sciences,7015,30145,223,10,2024-01-23T15:27:21,2026-09-22T03:01:44
T13066,Information Society and Technology Trends,3300,General Social Sciences,33,Social Sciences,2,Social Sciences,6964,50666,15,10,2024-01-23T15:27:16,2026-09-22T03:01:44
T13020,Heat Transfer and Mathematical Modeling,2210,Mechanical Engineering,22,Engineering,3,Physical Sciences,6955,17719,78,10,2024-01-23T15:27:16,2026-09-22T03:01:44
T13954,Aerospace Engineering and Applications,2207,Control and Systems Engineering,22,Engineering,3,Physical Sciences,6953,9766,43,10,2024-01-23T15:27:20,2026-09-22T03:01:44
T13675,Diffusion Coefficients in Liquids,1607,Spectroscopy,16,Chemistry,3,Physical Sciences,6875,52985,11,10,2024-01-23T15:27:19,2026-09-22T03:01:44
T13698,"Education, Politics, and Culture Studies",3312,Sociology and Political Science,33,Social Sciences,2,Social Sciences,6849,1704,223,10,2024-01-23T15:27:19,2026-09-22T03:01:44
T14075,Psychodrama and Leishmaniasis Studies,3304,Education,33,Social Sciences,2,Social Sciences,6738,3499,136,10,2024-01-23T15:27:21,2026-09-22T03:01:44
T13587,Q Methodology Applications,1803,Management Science and Operations Research,18,Decision Sciences,2,Social Sciences,6728,60591,33,10,2024-01-23T15:27:19,2026-09-22T03:01:44
T13351,Critical Theory and Political Philosophy,3304,Education,33,Social Sciences,2,Social Sciences,6704,27067,136,10,2024-01-23T15:27:18,2026-09-22T03:01:44
T13837,Diverse Cultural and Social Studies,1208,Literature and Literary Theory,12,Arts and Humanities,2,Social Sciences,6610,5453,52,10,2024-01-23T15:27:20,2026-09-22T03:01:44
T14261,Herbal Medicine and Trade Cooperation,2002,Economics and Econometrics,20,"Economics, Econometrics and Finance",2,Social Sciences,6551,6486,78,10,2024-01-23T15:27:21,2026-09-22T03:01:44
T13961,Socioeconomics of Resources and Conservation,2002,Economics and Econometrics,20,"Economics, Econometrics and Finance",2,Social Sciences,6386,15653,78,10,2024-01-23T15:27:20,2026-09-22T03:01:44
T14305,Modern American Literature Studies,1208,Literature and Literary Theory,12,Arts and Humanities,2,Social Sciences,6386,14587,52,10,2024-01-23T15:27:22,2026-09-22T03:01:44
T13804,Physical Activity and Education Research,2312,Water Science and Technology,23,Environmental Science,3,Physical Sciences,6345,4695,23,10,2024-01-23T15:27:20,2026-09-21T03:01:53
T14482,Education Practices and Evaluation,3304,Education,33,Social Sciences,2,Social Sciences,6322,9943,136,10,2024-01-23T15:27:22,2026-09-22T03:01:44
T13573,"Government, Law, and Information Management",3308,Law,33,Social Sciences,2,Social Sciences,6304,3095,39,10,2024-01-23T15:27:19,2026-09-22T03:01:44
T13889,Advanced Materials and Semiconductor Technologies,2505,Materials Chemistry,25,Materials Science,3,Physical Sciences,6253,18206,68,10,2024-01-23T15:27:20,2026-09-22T03:01:44
T12787,Human Behavior and Motivation,3202,Applied Psychology,32,Psychology,2,Social Sciences,6249,112973,6,10,2024-01-23T15:27:15,2026-09-22T03:01:44
T14262,Extenics and Innovation Methods,2206,Computational Mechanics,22,Engineering,3,Physical Sciences,6227,4070,29,10,2024-01-23T15:27:21,2026-09-22T03:01:44
T13640,Ranque-Hilsch vortex tube,2210,Mechanical Engineering,22,Engineering,3,Physical Sciences,6163,29426,78,10,2024-01-23T15:27:19,2026-09-22T03:01:44
T13665,Legal and cultural studies analysis,3314,Anthropology,33,Social Sciences,2,Social Sciences,6149,5739,24,10,2024-01-23T15:27:19,2026-09-22T03:01:44
T14190,Military history and social perspectives,3316,Cultural Studies,33,Social Sciences,2,Social Sciences,6046,12635,37,10,2024-01-23T15:27:21,2026-09-22T03:01:44
T14116,Aviation History and Innovations,1207,History and Philosophy of Science,12,Arts and Humanities,2,Social Sciences,6044,3975,18,10,2024-01-23T15:27:21,2026-09-22T03:01:44
T14486,"Cardiovascular, Neuropeptides, and Oxidative Stress Research",2746,Surgery,27,Medicine,4,Health Sciences,5995,94464,95,10,2024-01-23T15:27:22,2026-09-22T03:01:44
T13041,Contemporary Social and Economic Issues,3300,General Social Sciences,33,Social Sciences,2,Social Sciences,5983,1373,15,10,2024-01-23T15:27:16,2026-09-21T03:01:53
T14122,Impact of Education Environments,3304,Education,33,Social Sciences,2,Social Sciences,5979,9163,136,10,2024-01-23T15:27:21,2026-09-22T03:01:44
T13662,Qualitative research in health,3304,Education,33,Social Sciences,2,Social Sciences,5854,3754,136,10,2024-01-23T15:27:19,2026-09-22T03:01:44
T13027,Applied Advanced Technologies,2209,Industrial and Manufacturing Engineering,22,Engineering,3,Physical Sciences,5809,5922,16,10,2024-01-23T15:27:16,2026-09-22T03:01:44
T13918,Advanced Data and IoT Technologies,2208,Electrical and Electronic Engineering,22,Engineering,3,Physical Sciences,5777,20635,116,10,2024-01-23T15:27:20,2026-09-22T03:01:44
T13307,Diverse Scientific and Engineering Research,2206,Computational Mechanics,22,Engineering,3,Physical Sciences,5772,68780,29,10,2024-01-23T15:27:17,2026-09-22T03:01:44
T13056,Various Academic Research Studies,3304,Education,33,Social Sciences,2,Social Sciences,5723,2766,136,10,2024-01-23T15:27:16,2026-09-22T03:01:44
T14103,Educational Management and Quality,1710,Information Systems,17,Computer Science,3,Physical Sciences,5718,78197,77,10,2024-01-23T15:27:21,2026-09-22T03:01:44
T13249,Dielectric properties of ceramics,2505,Materials Chemistry,25,Materials Science,3,Physical Sciences,5685,105621,68,10,2024-01-23T15:27:17,2026-09-22T03:01:44
T14279,Academic Research and Education Studies,2306,Global and Planetary Change,23,Environmental Science,3,Physical Sciences,5624,9998,29,10,2024-01-23T15:27:22,2026-09-22T03:01:44
T13758,Energy Law and Policy,1802,Information Systems and Management,18,Decision Sciences,2,Social Sciences,5512,1187,14,10,2024-01-23T15:27:19,2026-09-22T03:01:44
T13515,Cultural and Communication Design Research,1209,Museology,12,Arts and Humanities,2,Social Sciences,5500,8637,8,10,2024-01-23T15:27:18,2026-09-22T03:01:44
T13148,Environmental and Air Quality Management,2305,Environmental Engineering,23,Environmental Science,3,Physical Sciences,5489,9734,18,10,2024-01-23T15:27:17,2026-09-22T03:01:44
T14161,Health and Education Studies,3304,Education,33,Social Sciences,2,Social Sciences,5322,3391,136,10,2024-01-23T15:27:21,2026-09-22T03:01:44
T13244,Analysis of environmental and stochastic processes,2308,"Management, Monitoring, Policy and Law",23,Environmental Science,3,Physical Sciences,5050,25856,33,10,2024-01-23T15:27:17,2026-09-22T03:01:44
T13592,Advanced Scientific Techniques and Applications,2308,"Management, Monitoring, Policy and Law",23,Environmental Science,3,Physical Sciences,5036,7732,33,10,2024-01-23T15:27:19,2026-09-22T03:01:44
T13663,"Sustainability, Environment, and Optimization Algorithms",2312,Water Science and Technology,23,Environmental Science,3,Physical Sciences,5028,2970,23,10,2024-01-23T15:27:19,2026-09-21T03:01:53
T14221,activated carbon and charcoal,1803,Management Science and Operations Research,18,Decision Sciences,2,Social Sciences,5014,10808,33,10,2024-01-23T15:27:21,2026-09-22T03:01:44
T13567,AI and Multimedia in Education,1702,Artificial Intelligence,17,Computer Science,3,Physical Sciences,5005,7991,76,10,2024-01-23T15:27:19,2026-09-21T03:01:53
T13693,Smart Systems and Machine Learning,1705,Computer Networks and Communications,17,Computer Science,3,Physical Sciences,4980,16768,42,10,2024-01-23T15:27:19,2026-09-22T03:01:44
T13345,Advanced Technologies and Applied Computing,1705,Computer Networks and Communications,17,Computer Science,3,Physical Sciences,4952,4756,42,10,2024-01-23T15:27:18,2026-09-22T03:01:44
T14145,Diverse Cultural Media Analysis,2214,Media Technology,22,Engineering,3,Physical Sciences,4938,2614,11,10,2024-01-23T15:27:21,2026-09-22T03:01:44
T13680,"Education, Psychology, and Complexity Research",2613,Statistics and Probability,26,Mathematics,3,Physical Sciences,4877,6179,19,10,2024-01-23T15:27:19,2026-09-22T03:01:44
T13627,Cultural and Educational Studies,3304,Education,33,Social Sciences,2,Social Sciences,4661,3589,136,10,2024-01-23T15:27:19,2026-09-22T03:01:44
T13969,Flooding and Environmental Impact,3312,Sociology and Political Science,33,Social Sciences,2,Social Sciences,4592,3115,223,10,2024-01-23T15:27:20,2026-09-21T03:01:53
T14211,Diverse academic research themes,1802,Information Systems and Management,18,Decision Sciences,2,Social Sciences,4401,3802,14,10,2024-01-23T15:27:21,2026-09-22T03:01:44
T14155,Advanced Technology in Applications,1710,Information Systems,17,Computer Science,3,Physical Sciences,4369,6029,77,10,2024-01-23T15:27:21,2026-09-22T03:01:44
T13606,Umberto Eco and Semiotics,1203,Language and Linguistics,12,Arts and Humanities,2,Social Sciences,4352,2397,19,10,2024-01-23T15:27:19,2026-09-22T03:01:44
T12942,Cultural Studies and Postmodernism,3315,Communication,33,Social Sciences,2,Social Sciences,4334,10191,15,10,2024-01-23T15:27:16,2026-09-22T03:01:44
T14084,Methodology and Impact of Social Science Research,3312,Sociology and Political Science,33,Social Sciences,2,Social Sciences,4313,18640,223,10,2024-01-23T15:27:21,2026-09-22T03:01:44
T14422,"Sociology, Governance, and Technology",3312,Sociology and Political Science,33,Social Sciences,2,Social Sciences,4229,1577,223,10,2024-01-23T15:27:22,2026-09-22T03:01:44
T14218,Engineering Education and Global Impact,3303,Development,33,Social Sciences,2,Social Sciences,4211,1559,7,10,2024-01-23T15:27:21,2026-09-22T03:01:44
T14443,"COVID-19, Geopolitics, Technology, Migration",3320,Political Science and International Relations,33,Social Sciences,2,Social Sciences,4176,1256,117,10,2024-01-23T15:27:22,2026-09-22T03:01:44
T14202,"Sustainability, Governance, and Employment Studies",3312,Sociology and Political Science,33,Social Sciences,2,Social Sciences,4037,3645,223,10,2024-01-23T15:27:21,2026-09-20T03:01:58
T14130,"Healthcare, Law, Governance, and Management Studies",3600,General Health Professions,36,Health Professions,4,Health Sciences,3972,9211,49,10,2024-01-23T15:27:21,2026-09-22T03:01:44
T14383,Global Development and Urbanization,3312,Sociology and Political Science,33,Social Sciences,2,Social Sciences,3955,2085,223,10,2024-01-23T15:27:22,2026-09-22T03:01:44
T14340,Islamic Social Reporting,3300,General Social Sciences,33,Social Sciences,2,Social Sciences,3772,3456,15,10,2024-01-23T15:27:22,2026-09-22T03:01:44
T13666,Postmodernism in Literature and Education,1208,Literature and Literary Theory,12,Arts and Humanities,2,Social Sciences,3740,22994,52,10,2024-01-23T15:27:19,2026-09-22T03:01:44
T13647,AI and Big Data Applications,1710,Information Systems,17,Computer Science,3,Physical Sciences,3726,10858,77,10,2024-01-23T15:27:19,2026-09-20T03:01:58
T13853,Teacher Education and Assessments,3304,Education,33,Social Sciences,2,Social Sciences,3666,24366,136,10,2024-01-23T15:27:20,2026-09-22T03:01:44
T13631,"Global History, Politics, and Ideology",3312,Sociology and Political Science,33,Social Sciences,2,Social Sciences,3648,28279,223,10,2024-01-23T15:27:19,2026-09-22T03:01:44
T13300,Contemporary Social and Educational Issues,3312,Sociology and Political Science,33,Social Sciences,2,Social Sciences,3579,1031,223,10,2024-01-23T15:27:17,2026-09-20T03:01:58
T14168,Occupational Health and Global Justice,3306,Health,33,Social Sciences,2,Social Sciences,3569,862,13,10,2024-01-23T15:27:21,2026-09-22T03:01:44
T14456,Blasting Impact and Analysis,2215,Building and Construction,22,Engineering,3,Physical Sciences,3557,3426,21,10,2024-01-23T15:27:22,2026-09-21T03:01:53
T13616,"Governance, Compliance, and Sustainability",1408,Strategy and Management,14,"Business, Management and Accounting",2,Social Sciences,3536,626,41,10,2024-01-23T15:27:19,2026-09-22T03:01:44
T14077,Socio-political and Technological Issues,3312,Sociology and Political Science,33,Social Sciences,2,Social Sciences,3526,8084,223,10,2024-01-23T15:27:21,2026-09-22T03:01:44
T13610,"Society, Economy, and Ethics Research",3312,Sociology and Political Science,33,Social Sciences,2,Social Sciences,3394,1439,223,10,2024-01-23T15:27:19,2026-09-22T03:01:44
T14252,Water and Wastewater Treatment,2206,Computational Mechanics,22,Engineering,3,Physical Sciences,3348,4938,29,10,2024-01-23T15:27:21,2026-09-22T03:01:44
T13741,Cross-Cultural and Social Analysis,3314,Anthropology,33,Social Sciences,2,Social Sciences,3282,47500,24,10,2024-01-23T15:27:19,2026-09-22T03:01:44
T13818,Cultural Studies and Colonialism,1212,Religious studies,12,Arts and Humanities,2,Social Sciences,3249,1048,14,10,2024-01-23T15:27:20,2026-09-22T03:01:44
T13349,Educational Research and Analysis,3304,Education,33,Social Sciences,2,Social Sciences,3158,84706,136,10,2024-01-23T15:27:18,2026-09-22T03:01:44
T14000,"Cultural, Social, and Media Studies",3312,Sociology and Political Science,33,Social Sciences,2,Social Sciences,3151,2660,223,10,2024-01-23T15:27:20,2026-09-22T03:01:44
T14496,Educational Technology and E-Learning,1710,Information Systems,17,Computer Science,3,Physical Sciences,3130,4776,77,10,2024-01-23T15:27:22,2026-09-22T03:01:44
T14174,Artificial Intelligence and Decision Support Systems,1710,Information Systems,17,Computer Science,3,Physical Sciences,3049,6491,77,10,2024-01-23T15:27:21,2026-09-21T03:01:53
T14153,Social Development and Education Research,3304,Education,33,Social Sciences,2,Social Sciences,3018,23864,136,10,2024-01-23T15:27:21,2026-09-22T03:01:44
T13017,Zygmunt Bauman's Sociology,3312,Sociology and Political Science,33,Social Sciences,2,Social Sciences,2995,10461,223,10,2024-01-23T15:27:16,2026-09-22T03:01:44
T14263,Professional Masters Programs Analysis,1802,Information Systems and Management,18,Decision Sciences,2,Social Sciences,2980,4540,14,10,2024-01-23T15:27:21,2026-09-22T03:01:44
T13835,"Educational, Social, and Political Issues",3312,Sociology and Political Science,33,Social Sciences,2,Social Sciences,2958,5749,223,10,2024-01-23T15:27:20,2026-09-22T03:01:44
T13331,Energy and Environmental Sustainability,2105,"Renewable Energy, Sustainability and the Environment",21,Energy,3,Physical Sciences,2934,6204,21,10,2024-01-23T15:27:18,2026-09-22T03:01:44
T14069,Scientific Research Methodologies and Applications,2312,Water Science and Technology,23,Environmental Science,3,Physical Sciences,2924,10086,23,10,2024-01-23T15:27:21,2026-09-22T03:01:44
T14098,Energy Efficiency in Computing,1708,Hardware and Architecture,17,Computer Science,3,Physical Sciences,2905,5361,7,10,2024-01-23T15:27:21,2026-09-21T03:01:53
T13612,Advanced Scientific and Engineering Studies,1803,Management Science and Operations Research,18,Decision Sciences,2,Social Sciences,2902,17729,33,10,2024-01-23T15:27:19,2026-09-22T03:01:44
T13524,Venezuelan Migration and Society,3306,Health,33,Social Sciences,2,Social Sciences,2898,2285,13,10,2024-01-23T15:27:18,2026-09-22T03:01:44
T14266,"Interdisciplinary Studies: Technology, Society, and Humanities",1207,History and Philosophy of Science,12,Arts and Humanities,2,Social Sciences,2843,3077,18,10,2024-01-23T15:27:21,2026-09-22T03:01:44
T13387,"Politics, Economics, and Education Policy",2002,Economics and Econometrics,20,"Economics, Econometrics and Finance",2,Social Sciences,2835,4433,78,10,2024-01-23T15:27:18,2026-09-22T03:01:44
T13514,Experience-Based Knowledge Management,1702,Artificial Intelligence,17,Computer Science,3,Physical Sciences,2817,7012,76,10,2024-01-23T15:27:18,2026-09-22T03:01:44
T13311,Sociology and Cultural Identity Studies,3312,Sociology and Political Science,33,Social Sciences,2,Social Sciences,2792,18847,223,10,2024-01-23T15:27:17,2026-09-22T03:01:44
T13968,Contemporary Cultural and Social Studies,3207,Social Psychology,32,Psychology,2,Social Sciences,2747,10191,51,10,2024-01-23T15:27:20,2026-09-22T03:01:44
T14063,Diverse Philosophical and Cultural Studies,1212,Religious studies,12,Arts and Humanities,2,Social Sciences,2715,14076,14,10,2024-01-23T15:27:21,2026-09-22T03:01:44
T13774,Citizenship Education and Democracy,3304,Education,33,Social Sciences,2,Social Sciences,2686,1967,136,10,2024-01-23T15:27:19,2026-09-22T03:01:44
T14087,"Economic, Educational, Environmental and Organizational Development",3300,General Social Sciences,33,Social Sciences,2,Social Sciences,2542,155,15,10,2024-01-23T15:27:21,2026-09-21T03:01:53
T13982,Social Movements and Cultural Identity,3312,Sociology and Political Science,33,Social Sciences,2,Social Sciences,2494,5823,223,10,2024-01-23T15:27:20,2026-09-22T03:01:44
T13696,Technology's Impact on Media,1802,Information Systems and Management,18,Decision Sciences,2,Social Sciences,2453,9347,14,10,2024-01-23T15:27:19,2026-09-22T03:01:44
T13994,The Impact of Diversity and Innovation on Society,3312,Sociology and Political Science,33,Social Sciences,2,Social Sciences,2433,5719,223,10,2024-01-23T15:27:20,2026-09-22T03:01:44
T14273,"Cultural, Psychoanalytic, and Sociopolitical Reflections",3316,Cultural Studies,33,Social Sciences,2,Social Sciences,2334,12861,37,10,2024-01-23T15:27:21,2026-09-22T03:01:44
T13880,Innovative Education Methods and Tools,1804,"Statistics, Probability and Uncertainty",18,Decision Sciences,2,Social Sciences,2243,1030,8,10,2024-01-23T15:27:20,2026-09-22T03:01:44
T13755,Global socioeconomic and cultural dynamics,3305,"Geography, Planning and Development",33,Social Sciences,2,Social Sciences,2213,18856,14,10,2024-01-23T15:27:19,2026-09-22T03:01:44
T13797,Probabilistic Statistics in Medicine,2613,Statistics and Probability,26,Mathematics,3,Physical Sciences,2175,10974,19,10,2024-01-23T15:27:19,2026-09-22T03:01:44
T14298,Cultural and Social Studies,3316,Cultural Studies,33,Social Sciences,2,Social Sciences,2092,1336,37,10,2024-01-23T15:27:22,2026-09-22T03:01:44
T13975,"Energy, Economy, and Technology Trends",2105,"Renewable Energy, Sustainability and the Environment",21,Energy,3,Physical Sciences,1965,9918,21,10,2024-01-23T15:27:20,2026-09-22T03:01:44
T13694,Immigration Law and Human Rights,3322,Urban Studies,33,Social Sciences,2,Social Sciences,1435,3654,18,10,2024-01-23T15:27:19,2026-09-21T03:01:53
T14253,Latin American social science,3312,Sociology and Political Science,33,Social Sciences,2,Social Sciences,1379,1824,223,10,2024-01-23T15:27:21,2026-09-22T03:01:44
T13227,Diverse Global Economic and Educational Challenges,2002,Economics and Econometrics,20,"Economics, Econometrics and Finance",2,Social Sciences,1378,3852,78,10,2024-01-23T15:27:17,2026-09-21T03:01:53
T14027,21st Century Education and Governance,3303,Development,33,Social Sciences,2,Social Sciences,1260,2484,7,10,2024-01-23T15:27:20,2026-09-21T03:01:53
T13676,Educational and Technological Research,1710,Information Systems,17,Computer Science,3,Physical Sciences,1233,12164,77,10,2024-01-23T15:27:19,2026-09-19T03:02:02
T14352,Globalization and Economic Impact,3312,Sociology and Political Science,33,Social Sciences,2,Social Sciences,970,3314,223,10,2024-01-23T15:27:22,2026-09-22T03:01:44
